FUZZ,url,redirectlocation,position,status_code,content_length,content_words,content_lines,content_type,duration,resultfile,Ffufhash
.bash_history,https://api.querybuscas.com/pages/.bash_history,,1,404,9,2,1,text/html; charset=utf-8,962.367072ms,,f54fa1
.config,https://api.querybuscas.com/pages/.config,,4,404,9,2,1,text/html; charset=utf-8,992.253489ms,,f54fa4
.cache,https://api.querybuscas.com/pages/.cache,,3,404,9,2,1,text/html; charset=utf-8,1.015487514s,,f54fa3
.bashrc,https://api.querybuscas.com/pages/.bashrc,,2,404,9,2,1,text/html; charset=utf-8,994.337081ms,,f54fa2
.cvsignore,https://api.querybuscas.com/pages/.cvsignore,,6,404,9,2,1,text/html; charset=utf-8,594.349615ms,,f54fa6
.cvs,https://api.querybuscas.com/pages/.cvs,,5,404,9,2,1,text/html; charset=utf-8,662.222442ms,,f54fa5
.env,https://api.querybuscas.com/pages/.env,,7,404,9,2,1,text/html; charset=utf-8,624.050839ms,,f54fa7
.forward,https://api.querybuscas.com/pages/.forward,,8,404,9,2,1,text/html; charset=utf-8,656.181614ms,,f54fa8
.git-rewrite,https://api.querybuscas.com/pages/.git-rewrite,,10,404,9,2,1,text/html; charset=utf-8,590.542845ms,,f54faa
.git,https://api.querybuscas.com/pages/.git,,9,404,9,2,1,text/html; charset=utf-8,696.497527ms,,f54fa9
.git/HEAD,https://api.querybuscas.com/pages/.git/HEAD,,11,404,9,2,1,text/html; charset=utf-8,593.254355ms,,f54fab
.git/config,https://api.querybuscas.com/pages/.git/config,,12,404,9,2,1,text/html; charset=utf-8,642.072666ms,,f54fac
.git/index,https://api.querybuscas.com/pages/.git/index,,13,404,9,2,1,text/html; charset=utf-8,745.137762ms,,f54fad
.git/logs/,https://api.querybuscas.com/pages/.git/logs/,,14,404,9,2,1,text/html; charset=utf-8,686.760325ms,,f54fae
.git_release,https://api.querybuscas.com/pages/.git_release,,15,404,9,2,1,text/html; charset=utf-8,620.172241ms,,f54faf
.gitattributes,https://api.querybuscas.com/pages/.gitattributes,,16,404,9,2,1,text/html; charset=utf-8,867.897314ms,,f54fa10
.gitconfig,https://api.querybuscas.com/pages/.gitconfig,,17,404,9,2,1,text/html; charset=utf-8,622.275534ms,,f54fa11
.gitignore,https://api.querybuscas.com/pages/.gitignore,,18,404,9,2,1,text/html; charset=utf-8,593.773146ms,,f54fa12
.gitk,https://api.querybuscas.com/pages/.gitk,,19,404,9,2,1,text/html; charset=utf-8,671.328346ms,,f54fa13
.gitkeep,https://api.querybuscas.com/pages/.gitkeep,,20,404,9,2,1,text/html; charset=utf-8,685.828625ms,,f54fa14
.gitreview,https://api.querybuscas.com/pages/.gitreview,,22,404,9,2,1,text/html; charset=utf-8,644.77501ms,,f54fa16
.gitmodules,https://api.querybuscas.com/pages/.gitmodules,,21,404,9,2,1,text/html; charset=utf-8,733.097415ms,,f54fa15
.history,https://api.querybuscas.com/pages/.history,,23,404,9,2,1,text/html; charset=utf-8,695.957766ms,,f54fa17
.hta,https://api.querybuscas.com/pages/.hta,,24,404,9,2,1,text/html; charset=utf-8,695.39805ms,,f54fa18
.htaccess,https://api.querybuscas.com/pages/.htaccess,,25,404,9,2,1,text/html; charset=utf-8,649.546538ms,,f54fa19
.htpasswd,https://api.querybuscas.com/pages/.htpasswd,,26,404,9,2,1,text/html; charset=utf-8,588.703494ms,,f54fa1a
.listing,https://api.querybuscas.com/pages/.listing,,27,404,9,2,1,text/html; charset=utf-8,846.304427ms,,f54fa1b
.listings,https://api.querybuscas.com/pages/.listings,,28,404,9,2,1,text/html; charset=utf-8,560.774261ms,,f54fa1c
.passwd,https://api.querybuscas.com/pages/.passwd,,30,404,9,2,1,text/html; charset=utf-8,591.430752ms,,f54fa1e
.mysql_history,https://api.querybuscas.com/pages/.mysql_history,,29,404,9,2,1,text/html; charset=utf-8,630.739448ms,,f54fa1d
.perf,https://api.querybuscas.com/pages/.perf,,31,404,9,2,1,text/html; charset=utf-8,596.6947ms,,f54fa1f
.profile,https://api.querybuscas.com/pages/.profile,,32,404,9,2,1,text/html; charset=utf-8,720.470265ms,,f54fa20
.sh_history,https://api.querybuscas.com/pages/.sh_history,,34,404,9,2,1,text/html; charset=utf-8,740.028481ms,,f54fa22
.rhosts,https://api.querybuscas.com/pages/.rhosts,,33,404,9,2,1,text/html; charset=utf-8,761.215257ms,,f54fa21
.ssh,https://api.querybuscas.com/pages/.ssh,,35,404,9,2,1,text/html; charset=utf-8,656.566102ms,,f54fa23
.subversion,https://api.querybuscas.com/pages/.subversion,,36,404,9,2,1,text/html; charset=utf-8,655.141702ms,,f54fa24
.svn/entries,https://api.querybuscas.com/pages/.svn/entries,,38,404,9,2,1,text/html; charset=utf-8,642.045606ms,,f54fa26
.svn,https://api.querybuscas.com/pages/.svn,,37,404,9,2,1,text/html; charset=utf-8,685.596659ms,,f54fa25
.svnignore,https://api.querybuscas.com/pages/.svnignore,,39,404,9,2,1,text/html; charset=utf-8,567.147535ms,,f54fa27
.swf,https://api.querybuscas.com/pages/.swf,,40,404,9,2,1,text/html; charset=utf-8,960.161792ms,,f54fa28
.web,https://api.querybuscas.com/pages/.web,,41,404,9,2,1,text/html; charset=utf-8,779.162559ms,,f54fa29
.well-known/acme-challenge,https://api.querybuscas.com/pages/.well-known/acme-challenge,,42,404,9,2,1,text/html; charset=utf-8,736.325162ms,,f54fa2a
.well-known/apple-app-site-association,https://api.querybuscas.com/pages/.well-known/apple-app-site-association,,43,404,9,2,1,text/html; charset=utf-8,727.169339ms,,f54fa2b
.well-known/apple-developer-merchantid-domain-association,https://api.querybuscas.com/pages/.well-known/apple-developer-merchantid-domain-association,,44,404,9,2,1,text/html; charset=utf-8,708.271076ms,,f54fa2c
.well-known/ashrae,https://api.querybuscas.com/pages/.well-known/ashrae,,45,404,9,2,1,text/html; charset=utf-8,668.328263ms,,f54fa2d
.well-known/assetlinks.json,https://api.querybuscas.com/pages/.well-known/assetlinks.json,,46,404,9,2,1,text/html; charset=utf-8,720.170701ms,,f54fa2e
.well-known/autoconfig/mail,https://api.querybuscas.com/pages/.well-known/autoconfig/mail,,47,404,9,2,1,text/html; charset=utf-8,642.813623ms,,f54fa2f
.well-known/browserid,https://api.querybuscas.com/pages/.well-known/browserid,,48,404,9,2,1,text/html; charset=utf-8,575.380827ms,,f54fa30
.well-known/caldav,https://api.querybuscas.com/pages/.well-known/caldav,,49,404,9,2,1,text/html; charset=utf-8,565.818881ms,,f54fa31
.well-known/change-password,https://api.querybuscas.com/pages/.well-known/change-password,,51,404,9,2,1,text/html; charset=utf-8,673.043744ms,,f54fa33
.well-known/carddav,https://api.querybuscas.com/pages/.well-known/carddav,,50,404,9,2,1,text/html; charset=utf-8,722.497418ms,,f54fa32
.well-known/coap,https://api.querybuscas.com/pages/.well-known/coap,,52,404,9,2,1,text/html; charset=utf-8,629.323125ms,,f54fa34
.well-known/core,https://api.querybuscas.com/pages/.well-known/core,,53,404,9,2,1,text/html; charset=utf-8,715.691853ms,,f54fa35
.well-known/csvm,https://api.querybuscas.com/pages/.well-known/csvm,,54,404,9,2,1,text/html; charset=utf-8,597.063376ms,,f54fa36
.well-known/dnt,https://api.querybuscas.com/pages/.well-known/dnt,,55,404,9,2,1,text/html; charset=utf-8,679.848395ms,,f54fa37
.well-known/dnt-policy.txt,https://api.querybuscas.com/pages/.well-known/dnt-policy.txt,,56,404,9,2,1,text/html; charset=utf-8,682.007186ms,,f54fa38
.well-known/ecips,https://api.querybuscas.com/pages/.well-known/ecips,,58,404,9,2,1,text/html; charset=utf-8,595.591395ms,,f54fa3a
.well-known/dots,https://api.querybuscas.com/pages/.well-known/dots,,57,404,9,2,1,text/html; charset=utf-8,755.750284ms,,f54fa39
.well-known/enterprise-transport-security,https://api.querybuscas.com/pages/.well-known/enterprise-transport-security,,59,404,9,2,1,text/html; charset=utf-8,655.769428ms,,f54fa3b
.well-known/genid,https://api.querybuscas.com/pages/.well-known/genid,,61,404,9,2,1,text/html; charset=utf-8,692.318686ms,,f54fa3d
.well-known/est,https://api.querybuscas.com/pages/.well-known/est,,60,404,9,2,1,text/html; charset=utf-8,759.889815ms,,f54fa3c
.well-known/hoba,https://api.querybuscas.com/pages/.well-known/hoba,,62,404,9,2,1,text/html; charset=utf-8,715.579275ms,,f54fa3e
.well-known/host-meta,https://api.querybuscas.com/pages/.well-known/host-meta,,63,404,9,2,1,text/html; charset=utf-8,770.018941ms,,f54fa3f
.well-known/host-meta.json,https://api.querybuscas.com/pages/.well-known/host-meta.json,,64,404,9,2,1,text/html; charset=utf-8,613.817772ms,,f54fa40
.well-known/http-opportunistic,https://api.querybuscas.com/pages/.well-known/http-opportunistic,,65,404,9,2,1,text/html; charset=utf-8,618.661579ms,,f54fa41
.well-known/jmap,https://api.querybuscas.com/pages/.well-known/jmap,,67,404,9,2,1,text/html; charset=utf-8,615.201823ms,,f54fa43
.well-known/idp-proxy,https://api.querybuscas.com/pages/.well-known/idp-proxy,,66,404,9,2,1,text/html; charset=utf-8,741.467815ms,,f54fa42
.well-known/jwks.json,https://api.querybuscas.com/pages/.well-known/jwks.json,,68,404,9,2,1,text/html; charset=utf-8,549.383673ms,,f54fa44
.well-known/keybase.txt,https://api.querybuscas.com/pages/.well-known/keybase.txt,,69,404,9,2,1,text/html; charset=utf-8,549.790245ms,,f54fa45
.well-known/matrix,https://api.querybuscas.com/pages/.well-known/matrix,,71,404,9,2,1,text/html; charset=utf-8,697.259321ms,,f54fa47
.well-known/looking-glass,https://api.querybuscas.com/pages/.well-known/looking-glass,,70,404,9,2,1,text/html; charset=utf-8,840.021101ms,,f54fa46
.well-known/mta-sts.txt,https://api.querybuscas.com/pages/.well-known/mta-sts.txt,,73,404,9,2,1,text/html; charset=utf-8,641.905868ms,,f54fa49
.well-known/mercure,https://api.querybuscas.com/pages/.well-known/mercure,,72,404,9,2,1,text/html; charset=utf-8,647.16481ms,,f54fa48
.well-known/mud,https://api.querybuscas.com/pages/.well-known/mud,,74,404,9,2,1,text/html; charset=utf-8,672.571316ms,,f54fa4a
.well-known/nfv-oauth-server-configuration,https://api.querybuscas.com/pages/.well-known/nfv-oauth-server-configuration,,75,404,9,2,1,text/html; charset=utf-8,551.375551ms,,f54fa4b
.well-known/nodeinfo,https://api.querybuscas.com/pages/.well-known/nodeinfo,,77,404,9,2,1,text/html; charset=utf-8,589.354887ms,,f54fa4d
.well-known/ni,https://api.querybuscas.com/pages/.well-known/ni,,76,404,9,2,1,text/html; charset=utf-8,760.957663ms,,f54fa4c
.well-known/oauth-authorization-server,https://api.querybuscas.com/pages/.well-known/oauth-authorization-server,,78,404,9,2,1,text/html; charset=utf-8,731.87121ms,,f54fa4e
.well-known/openid-configuration,https://api.querybuscas.com/pages/.well-known/openid-configuration,,79,404,9,2,1,text/html; charset=utf-8,720.247278ms,,f54fa4f
.well-known/openid-federation,https://api.querybuscas.com/pages/.well-known/openid-federation,,80,404,9,2,1,text/html; charset=utf-8,856.955383ms,,f54fa50
.well-known/openorg,https://api.querybuscas.com/pages/.well-known/openorg,,81,404,9,2,1,text/html; charset=utf-8,742.60727ms,,f54fa51
.well-known/openpgpkey,https://api.querybuscas.com/pages/.well-known/openpgpkey,,82,404,9,2,1,text/html; charset=utf-8,547.485798ms,,f54fa52
.well-known/pki-validation,https://api.querybuscas.com/pages/.well-known/pki-validation,,83,404,9,2,1,text/html; charset=utf-8,573.163747ms,,f54fa53
.well-known/posh,https://api.querybuscas.com/pages/.well-known/posh,,84,404,9,2,1,text/html; charset=utf-8,581.800295ms,,f54fa54
.well-known/pvd,https://api.querybuscas.com/pages/.well-known/pvd,,85,404,9,2,1,text/html; charset=utf-8,629.085855ms,,f54fa55
.well-known/reload-config,https://api.querybuscas.com/pages/.well-known/reload-config,,86,404,9,2,1,text/html; charset=utf-8,606.179486ms,,f54fa56
.well-known/repute-template,https://api.querybuscas.com/pages/.well-known/repute-template,,87,404,9,2,1,text/html; charset=utf-8,673.855993ms,,f54fa57
.well-known/resourcesync,https://api.querybuscas.com/pages/.well-known/resourcesync,,88,404,9,2,1,text/html; charset=utf-8,613.942638ms,,f54fa58
.well-known/security.txt,https://api.querybuscas.com/pages/.well-known/security.txt,,89,404,9,2,1,text/html; charset=utf-8,578.109187ms,,f54fa59
.well-known/ssf-configuration,https://api.querybuscas.com/pages/.well-known/ssf-configuration,,90,404,9,2,1,text/html; charset=utf-8,605.921389ms,,f54fa5a
.well-known/humans.txt,https://api.querybuscas.com/pages/.well-known/humans.txt,,91,404,9,2,1,text/html; charset=utf-8,729.567657ms,,f54fa5b
.well-known/stun-key,https://api.querybuscas.com/pages/.well-known/stun-key,,92,404,9,2,1,text/html; charset=utf-8,637.957534ms,,f54fa5c
.well-known/thread,https://api.querybuscas.com/pages/.well-known/thread,,93,404,9,2,1,text/html; charset=utf-8,591.544847ms,,f54fa5d
.well-known/timezone,https://api.querybuscas.com/pages/.well-known/timezone,,95,429,17,3,2,text/plain; charset=UTF-8,322.601848ms,,f54fa5f
.well-known/time,https://api.querybuscas.com/pages/.well-known/time,,94,404,9,2,1,text/html; charset=utf-8,587.59585ms,,f54fa5e
.well-known/void,https://api.querybuscas.com/pages/.well-known/void,,97,429,17,3,2,text/plain; charset=UTF-8,370.73225ms,,f54fa61
.well-known/uma2-configuration,https://api.querybuscas.com/pages/.well-known/uma2-configuration,,96,429,17,3,2,text/plain; charset=UTF-8,395.593958ms,,f54fa60
.well-known/webfinger,https://api.querybuscas.com/pages/.well-known/webfinger,,98,429,17,3,2,text/plain; charset=UTF-8,322.773076ms,,f54fa62
00,https://api.querybuscas.com/pages/00,,100,429,17,3,2,text/plain; charset=UTF-8,342.786882ms,,f54fa64
0,https://api.querybuscas.com/pages/0,,99,429,17,3,2,text/plain; charset=UTF-8,523.076085ms,,f54fa63
01,https://api.querybuscas.com/pages/01,,101,429,17,3,2,text/plain; charset=UTF-8,379.514179ms,,f54fa65
02,https://api.querybuscas.com/pages/02,,102,429,17,3,2,text/plain; charset=UTF-8,447.487293ms,,f54fa66
03,https://api.querybuscas.com/pages/03,,103,429,17,3,2,text/plain; charset=UTF-8,345.62159ms,,f54fa67
04,https://api.querybuscas.com/pages/04,,104,429,17,3,2,text/plain; charset=UTF-8,345.685031ms,,f54fa68
05,https://api.querybuscas.com/pages/05,,105,429,17,3,2,text/plain; charset=UTF-8,462.897076ms,,f54fa69
06,https://api.querybuscas.com/pages/06,,106,429,17,3,2,text/plain; charset=UTF-8,395.459936ms,,f54fa6a
07,https://api.querybuscas.com/pages/07,,107,429,17,3,2,text/plain; charset=UTF-8,327.986649ms,,f54fa6b
08,https://api.querybuscas.com/pages/08,,108,429,17,3,2,text/plain; charset=UTF-8,368.636149ms,,f54fa6c
09,https://api.querybuscas.com/pages/09,,109,429,17,3,2,text/plain; charset=UTF-8,339.569309ms,,f54fa6d
1,https://api.querybuscas.com/pages/1,,110,429,17,3,2,text/plain; charset=UTF-8,383.993625ms,,f54fa6e
100,https://api.querybuscas.com/pages/100,,112,429,17,3,2,text/plain; charset=UTF-8,499.196778ms,,f54fa70
1000,https://api.querybuscas.com/pages/1000,,113,429,17,3,2,text/plain; charset=UTF-8,374.442767ms,,f54fa71
10,https://api.querybuscas.com/pages/10,,111,429,17,3,2,text/plain; charset=UTF-8,540.362938ms,,f54fa6f
1001,https://api.querybuscas.com/pages/1001,,114,429,17,3,2,text/plain; charset=UTF-8,341.320649ms,,f54fa72
101,https://api.querybuscas.com/pages/101,,115,429,17,3,2,text/plain; charset=UTF-8,313.443563ms,,f54fa73
102,https://api.querybuscas.com/pages/102,,116,429,17,3,2,text/plain; charset=UTF-8,337.581016ms,,f54fa74
103,https://api.querybuscas.com/pages/103,,117,429,17,3,2,text/plain; charset=UTF-8,337.876018ms,,f54fa75
11,https://api.querybuscas.com/pages/11,,118,429,17,3,2,text/plain; charset=UTF-8,353.771173ms,,f54fa76
12,https://api.querybuscas.com/pages/12,,119,429,17,3,2,text/plain; charset=UTF-8,394.178357ms,,f54fa77
123,https://api.querybuscas.com/pages/123,,120,429,17,3,2,text/plain; charset=UTF-8,430.215252ms,,f54fa78
13,https://api.querybuscas.com/pages/13,,121,429,17,3,2,text/plain; charset=UTF-8,430.581158ms,,f54fa79
14,https://api.querybuscas.com/pages/14,,122,429,17,3,2,text/plain; charset=UTF-8,461.730572ms,,f54fa7a
15,https://api.querybuscas.com/pages/15,,123,429,17,3,2,text/plain; charset=UTF-8,445.328833ms,,f54fa7b
1990,https://api.querybuscas.com/pages/1990,,124,429,17,3,2,text/plain; charset=UTF-8,385.003289ms,,f54fa7c
1991,https://api.querybuscas.com/pages/1991,,125,429,17,3,2,text/plain; charset=UTF-8,405.991514ms,,f54fa7d
1992,https://api.querybuscas.com/pages/1992,,126,429,17,3,2,text/plain; charset=UTF-8,349.451249ms,,f54fa7e
1993,https://api.querybuscas.com/pages/1993,,127,429,17,3,2,text/plain; charset=UTF-8,499.184328ms,,f54fa7f
1994,https://api.querybuscas.com/pages/1994,,128,429,17,3,2,text/plain; charset=UTF-8,655.531768ms,,f54fa80
1995,https://api.querybuscas.com/pages/1995,,129,429,17,3,2,text/plain; charset=UTF-8,643.305491ms,,f54fa81
1996,https://api.querybuscas.com/pages/1996,,130,429,17,3,2,text/plain; charset=UTF-8,818.338129ms,,f54fa82
1999,https://api.querybuscas.com/pages/1999,,133,429,17,3,2,text/plain; charset=UTF-8,399.503093ms,,f54fa85
1998,https://api.querybuscas.com/pages/1998,,132,429,17,3,2,text/plain; charset=UTF-8,408.94107ms,,f54fa84
1997,https://api.querybuscas.com/pages/1997,,131,429,17,3,2,text/plain; charset=UTF-8,565.558412ms,,f54fa83
1x1,https://api.querybuscas.com/pages/1x1,,134,429,17,3,2,text/plain; charset=UTF-8,350.316879ms,,f54fa86
20,https://api.querybuscas.com/pages/20,,136,429,17,3,2,text/plain; charset=UTF-8,351.266846ms,,f54fa88
200,https://api.querybuscas.com/pages/200,,137,429,17,3,2,text/plain; charset=UTF-8,351.600135ms,,f54fa89
2,https://api.querybuscas.com/pages/2,,135,429,17,3,2,text/plain; charset=UTF-8,352.162011ms,,f54fa87
2000,https://api.querybuscas.com/pages/2000,,138,429,17,3,2,text/plain; charset=UTF-8,558.561498ms,,f54fa8a
2001,https://api.querybuscas.com/pages/2001,,139,429,17,3,2,text/plain; charset=UTF-8,440.255987ms,,f54fa8b
2002,https://api.querybuscas.com/pages/2002,,140,429,17,3,2,text/plain; charset=UTF-8,444.499797ms,,f54fa8c
2003,https://api.querybuscas.com/pages/2003,,141,429,17,3,2,text/plain; charset=UTF-8,448.616511ms,,f54fa8d
2004,https://api.querybuscas.com/pages/2004,,142,429,17,3,2,text/plain; charset=UTF-8,328.736442ms,,f54fa8e
2005,https://api.querybuscas.com/pages/2005,,143,429,17,3,2,text/plain; charset=UTF-8,455.75563ms,,f54fa8f
2006,https://api.querybuscas.com/pages/2006,,144,429,17,3,2,text/plain; charset=UTF-8,482.026499ms,,f54fa90
2007,https://api.querybuscas.com/pages/2007,,145,429,17,3,2,text/plain; charset=UTF-8,478.137885ms,,f54fa91
2008,https://api.querybuscas.com/pages/2008,,146,429,17,3,2,text/plain; charset=UTF-8,400.202714ms,,f54fa92
2009,https://api.querybuscas.com/pages/2009,,147,429,17,3,2,text/plain; charset=UTF-8,484.918329ms,,f54fa93
2011,https://api.querybuscas.com/pages/2011,,149,429,17,3,2,text/plain; charset=UTF-8,462.052008ms,,f54fa95
2010,https://api.querybuscas.com/pages/2010,,148,429,17,3,2,text/plain; charset=UTF-8,462.506912ms,,f54fa94
2012,https://api.querybuscas.com/pages/2012,,150,429,17,3,2,text/plain; charset=UTF-8,500.291412ms,,f54fa96
2013,https://api.querybuscas.com/pages/2013,,151,429,17,3,2,text/plain; charset=UTF-8,320.655712ms,,f54fa97
2015,https://api.querybuscas.com/pages/2015,,153,429,17,3,2,text/plain; charset=UTF-8,662.643262ms,,f54fa99
2014,https://api.querybuscas.com/pages/2014,,152,429,17,3,2,text/plain; charset=UTF-8,658.827047ms,,f54fa98
2016,https://api.querybuscas.com/pages/2016,,154,429,17,3,2,text/plain; charset=UTF-8,505.553024ms,,f54fa9a
2017,https://api.querybuscas.com/pages/2017,,155,429,17,3,2,text/plain; charset=UTF-8,571.162262ms,,f54fa9b
2020,https://api.querybuscas.com/pages/2020,,158,429,17,3,2,text/plain; charset=UTF-8,371.611957ms,,f54fa9e
2019,https://api.querybuscas.com/pages/2019,,157,429,17,3,2,text/plain; charset=UTF-8,494.848248ms,,f54fa9d
2018,https://api.querybuscas.com/pages/2018,,156,429,17,3,2,text/plain; charset=UTF-8,537.276864ms,,f54fa9c
2021,https://api.querybuscas.com/pages/2021,,159,429,17,3,2,text/plain; charset=UTF-8,491.577214ms,,f54fa9f
21,https://api.querybuscas.com/pages/21,,161,429,17,3,2,text/plain; charset=UTF-8,321.186234ms,,f54faa1
2022,https://api.querybuscas.com/pages/2022,,160,429,17,3,2,text/plain; charset=UTF-8,342.707286ms,,f54faa0
2257,https://api.querybuscas.com/pages/2257,,163,429,17,3,2,text/plain; charset=UTF-8,342.679188ms,,f54faa3
22,https://api.querybuscas.com/pages/22,,162,429,17,3,2,text/plain; charset=UTF-8,689.420792ms,,f54faa2
23,https://api.querybuscas.com/pages/23,,164,429,17,3,2,text/plain; charset=UTF-8,410.846103ms,,f54faa4
24,https://api.querybuscas.com/pages/24,,165,429,17,3,2,text/plain; charset=UTF-8,434.407767ms,,f54faa5
25,https://api.querybuscas.com/pages/25,,166,429,17,3,2,text/plain; charset=UTF-8,483.583145ms,,f54faa6
3,https://api.querybuscas.com/pages/3,,168,429,17,3,2,text/plain; charset=UTF-8,445.095153ms,,f54faa8
2g,https://api.querybuscas.com/pages/2g,,167,429,17,3,2,text/plain; charset=UTF-8,445.262228ms,,f54faa7
30,https://api.querybuscas.com/pages/30,,169,429,17,3,2,text/plain; charset=UTF-8,538.105376ms,,f54faa9
300,https://api.querybuscas.com/pages/300,,170,429,17,3,2,text/plain; charset=UTF-8,510.607887ms,,f54faaa
32,https://api.querybuscas.com/pages/32,,171,429,17,3,2,text/plain; charset=UTF-8,378.33015ms,,f54faab
3g,https://api.querybuscas.com/pages/3g,,172,429,17,3,2,text/plain; charset=UTF-8,381.545327ms,,f54faac
3rdparty,https://api.querybuscas.com/pages/3rdparty,,173,429,17,3,2,text/plain; charset=UTF-8,513.72561ms,,f54faad
4,https://api.querybuscas.com/pages/4,,174,429,17,3,2,text/plain; charset=UTF-8,325.702435ms,,f54faae
401,https://api.querybuscas.com/pages/401,,176,429,17,3,2,text/plain; charset=UTF-8,467.618813ms,,f54fab0
400,https://api.querybuscas.com/pages/400,,175,429,17,3,2,text/plain; charset=UTF-8,471.429339ms,,f54faaf
404,https://api.querybuscas.com/pages/404,,178,429,17,3,2,text/plain; charset=UTF-8,420.538855ms,,f54fab2
403,https://api.querybuscas.com/pages/403,,177,429,17,3,2,text/plain; charset=UTF-8,571.089581ms,,f54fab1
42,https://api.querybuscas.com/pages/42,,179,429,17,3,2,text/plain; charset=UTF-8,695.210051ms,,f54fab3
4DWEBTEST,https://api.querybuscas.com/pages/4DWEBTEST,,180,429,17,3,2,text/plain; charset=UTF-8,695.509914ms,,f54fab4
4DSTATS,https://api.querybuscas.com/pages/4DSTATS,,181,429,17,3,2,text/plain; charset=UTF-8,601.964296ms,,f54fab5
4DHTMLSTATS,https://api.querybuscas.com/pages/4DHTMLSTATS,,182,429,17,3,2,text/plain; charset=UTF-8,705.254602ms,,f54fab6
5,https://api.querybuscas.com/pages/5,,183,429,17,3,2,text/plain; charset=UTF-8,471.793839ms,,f54fab7
50,https://api.querybuscas.com/pages/50,,184,429,17,3,2,text/plain; charset=UTF-8,471.592768ms,,f54fab8
500,https://api.querybuscas.com/pages/500,,185,404,2254,107,20,text/html; charset=UTF-8,788.908779ms,,f54fab9
51,https://api.querybuscas.com/pages/51,,186,404,2254,107,20,text/html; charset=UTF-8,674.872287ms,,f54faba
6,https://api.querybuscas.com/pages/6,,187,404,2254,107,20,text/html; charset=UTF-8,720.045563ms,,f54fabb
64,https://api.querybuscas.com/pages/64,,188,404,2254,107,20,text/html; charset=UTF-8,726.887897ms,,f54fabc
7,https://api.querybuscas.com/pages/7,,189,404,2254,107,20,text/html; charset=UTF-8,681.713816ms,,f54fabd
7z,https://api.querybuscas.com/pages/7z,,190,404,2254,107,20,text/html; charset=UTF-8,628.195158ms,,f54fabe
8,https://api.querybuscas.com/pages/8,,191,404,2254,107,20,text/html; charset=UTF-8,591.661955ms,,f54fabf
9,https://api.querybuscas.com/pages/9,,192,404,2254,107,20,text/html; charset=UTF-8,691.680778ms,,f54fac0
96,https://api.querybuscas.com/pages/96,,193,404,2254,107,20,text/html; charset=UTF-8,627.428437ms,,f54fac1
@,https://api.querybuscas.com/pages/@,,194,404,2254,107,20,text/html; charset=UTF-8,680.303749ms,,f54fac2
A,https://api.querybuscas.com/pages/A,,195,404,2254,107,20,text/html; charset=UTF-8,724.179303ms,,f54fac3
ADM,https://api.querybuscas.com/pages/ADM,,196,404,2254,107,20,text/html; charset=UTF-8,641.491455ms,,f54fac4
ADMIN,https://api.querybuscas.com/pages/ADMIN,/,197,302,23,4,1,text/plain; charset=utf-8,585.360673ms,,f54fac5
ADMON,https://api.querybuscas.com/pages/ADMON,,198,404,2254,107,20,text/html; charset=UTF-8,685.503581ms,,f54fac6
AT-admin.cgi,https://api.querybuscas.com/pages/AT-admin.cgi,,199,404,2254,107,20,text/html; charset=UTF-8,715.76842ms,,f54fac7
About,https://api.querybuscas.com/pages/About,,200,404,2254,107,20,text/html; charset=UTF-8,820.13288ms,,f54fac8
AboutUs,https://api.querybuscas.com/pages/AboutUs,,201,404,2254,107,20,text/html; charset=UTF-8,1.09630207s,,f54fac9
Admin,https://api.querybuscas.com/pages/Admin,/,202,302,23,4,1,text/plain; charset=utf-8,1.440805065s,,f54faca
AdminTools,https://api.querybuscas.com/pages/AdminTools,,204,404,2254,107,20,text/html; charset=UTF-8,1.148175345s,,f54facc
AdminService,https://api.querybuscas.com/pages/AdminService,,203,404,2254,107,20,text/html; charset=UTF-8,1.309965988s,,f54facb
Administration,https://api.querybuscas.com/pages/Administration,,205,404,2254,107,20,text/html; charset=UTF-8,599.615827ms,,f54facd
AggreSpy,https://api.querybuscas.com/pages/AggreSpy,,206,404,2254,107,20,text/html; charset=UTF-8,665.016633ms,,f54face
AppsLogin,https://api.querybuscas.com/pages/AppsLogin,,208,404,2254,107,20,text/html; charset=UTF-8,819.984213ms,,f54fad0
AppsLocalLogin,https://api.querybuscas.com/pages/AppsLocalLogin,,207,404,2254,107,20,text/html; charset=UTF-8,867.878176ms,,f54facf
Archive,https://api.querybuscas.com/pages/Archive,,209,404,2254,107,20,text/html; charset=UTF-8,937.858376ms,,f54fad1
Articles,https://api.querybuscas.com/pages/Articles,,210,404,2254,107,20,text/html; charset=UTF-8,724.844986ms,,f54fad2
B,https://api.querybuscas.com/pages/B,,211,404,2254,107,20,text/html; charset=UTF-8,715.312697ms,,f54fad3
BUILD,https://api.querybuscas.com/pages/BUILD,,212,404,2254,107,20,text/html; charset=UTF-8,816.920864ms,,f54fad4
BackOffice,https://api.querybuscas.com/pages/BackOffice,,213,404,2254,107,20,text/html; charset=UTF-8,895.648768ms,,f54fad5
Base,https://api.querybuscas.com/pages/Base,,214,404,2254,107,20,text/html; charset=UTF-8,637.984277ms,,f54fad6
Blog,https://api.querybuscas.com/pages/Blog,,215,404,2254,107,20,text/html; charset=UTF-8,622.770176ms,,f54fad7
Books,https://api.querybuscas.com/pages/Books,,216,404,2254,107,20,text/html; charset=UTF-8,734.435444ms,,f54fad8
Browser,https://api.querybuscas.com/pages/Browser,,217,404,2254,107,20,text/html; charset=UTF-8,694.738595ms,,f54fad9
Business,https://api.querybuscas.com/pages/Business,,218,404,2254,107,20,text/html; charset=UTF-8,693.686125ms,,f54fada
C,https://api.querybuscas.com/pages/C,,219,404,2254,107,20,text/html; charset=UTF-8,601.194321ms,,f54fadb
CMS,https://api.querybuscas.com/pages/CMS,,220,404,2254,107,20,text/html; charset=UTF-8,613.698849ms,,f54fadc
CPAN,https://api.querybuscas.com/pages/CPAN,,221,404,2254,107,20,text/html; charset=UTF-8,598.532898ms,,f54fadd
CVS,https://api.querybuscas.com/pages/CVS,,222,404,2254,107,20,text/html; charset=UTF-8,687.665667ms,,f54fade
CVS/Entries,https://api.querybuscas.com/pages/CVS/Entries,,223,404,2254,107,20,text/html; charset=UTF-8,707.88606ms,,f54fadf
CVS/Root,https://api.querybuscas.com/pages/CVS/Root,,225,404,2254,107,20,text/html; charset=UTF-8,682.149481ms,,f54fae1
CVS/Repository,https://api.querybuscas.com/pages/CVS/Repository,,224,404,2254,107,20,text/html; charset=UTF-8,837.459767ms,,f54fae0
CYBERDOCS25,https://api.querybuscas.com/pages/CYBERDOCS25,,227,404,2254,107,20,text/html; charset=UTF-8,627.039153ms,,f54fae3
CYBERDOCS,https://api.querybuscas.com/pages/CYBERDOCS,,226,404,2254,107,20,text/html; charset=UTF-8,869.68899ms,,f54fae2
ChangeLog,https://api.querybuscas.com/pages/ChangeLog,,229,404,2254,107,20,text/html; charset=UTF-8,713.204553ms,,f54fae5
CYBERDOCS31,https://api.querybuscas.com/pages/CYBERDOCS31,,228,404,2254,107,20,text/html; charset=UTF-8,720.18549ms,,f54fae4
Computers,https://api.querybuscas.com/pages/Computers,,230,404,2254,107,20,text/html; charset=UTF-8,638.09869ms,,f54fae6
Contact,https://api.querybuscas.com/pages/Contact,,231,404,2254,107,20,text/html; charset=UTF-8,689.399939ms,,f54fae7
Content,https://api.querybuscas.com/pages/Content,,233,404,2254,107,20,text/html; charset=UTF-8,671.752919ms,,f54fae9
ContactUs,https://api.querybuscas.com/pages/ContactUs,,232,404,2254,107,20,text/html; charset=UTF-8,683.453445ms,,f54fae8
Creatives,https://api.querybuscas.com/pages/Creatives,,234,404,2254,107,20,text/html; charset=UTF-8,694.511521ms,,f54faea
D,https://api.querybuscas.com/pages/D,,235,404,2254,107,20,text/html; charset=UTF-8,703.243134ms,,f54faeb
DB,https://api.querybuscas.com/pages/DB,,236,404,2254,107,20,text/html; charset=UTF-8,680.449411ms,,f54faec
DMSDump,https://api.querybuscas.com/pages/DMSDump,,237,404,2254,107,20,text/html; charset=UTF-8,715.746424ms,,f54faed
Database_Administration,https://api.querybuscas.com/pages/Database_Administration,,238,404,2254,107,20,text/html; charset=UTF-8,636.535753ms,,f54faee
Default,https://api.querybuscas.com/pages/Default,,239,404,2254,107,20,text/html; charset=UTF-8,748.898669ms,,f54faef
Documents and Settings,https://api.querybuscas.com/pages/Documents and Settings,,240,404,2254,107,20,text/html; charset=UTF-8,732.730307ms,,f54faf0
Download,https://api.querybuscas.com/pages/Download,,241,404,2254,107,20,text/html; charset=UTF-8,724.33165ms,,f54faf1
Downloads,https://api.querybuscas.com/pages/Downloads,,242,404,2254,107,20,text/html; charset=UTF-8,618.3156ms,,f54faf2
E,https://api.querybuscas.com/pages/E,,243,404,2254,107,20,text/html; charset=UTF-8,732.565859ms,,f54faf3
Education,https://api.querybuscas.com/pages/Education,,244,404,2254,107,20,text/html; charset=UTF-8,641.906142ms,,f54faf4
Entertainment,https://api.querybuscas.com/pages/Entertainment,,246,404,2254,107,20,text/html; charset=UTF-8,678.557501ms,,f54faf6
English,https://api.querybuscas.com/pages/English,,245,404,2254,107,20,text/html; charset=UTF-8,687.176095ms,,f54faf5
Entries,https://api.querybuscas.com/pages/Entries,,247,404,2254,107,20,text/html; charset=UTF-8,778.558586ms,,f54faf7
Events,https://api.querybuscas.com/pages/Events,,248,404,2254,107,20,text/html; charset=UTF-8,810.058448ms,,f54faf8
Extranet,https://api.querybuscas.com/pages/Extranet,,249,404,2254,107,20,text/html; charset=UTF-8,1.055853698s,,f54faf9
F,https://api.querybuscas.com/pages/F,,250,404,2254,107,20,text/html; charset=UTF-8,1.153663805s,,f54fafa
FAQ,https://api.querybuscas.com/pages/FAQ,,251,404,2254,107,20,text/html; charset=UTF-8,1.235700547s,,f54fafb
FCKeditor,https://api.querybuscas.com/pages/FCKeditor,,252,404,2254,107,20,text/html; charset=UTF-8,1.036063442s,,f54fafc
G,https://api.querybuscas.com/pages/G,,253,404,2254,107,20,text/html; charset=UTF-8,918.995201ms,,f54fafd
Games,https://api.querybuscas.com/pages/Games,,254,404,2254,107,20,text/html; charset=UTF-8,992.877454ms,,f54fafe
Global,https://api.querybuscas.com/pages/Global,,255,404,2254,107,20,text/html; charset=UTF-8,640.74519ms,,f54faff
Graphics,https://api.querybuscas.com/pages/Graphics,,256,404,2254,107,20,text/html; charset=UTF-8,756.169758ms,,f54fa100
H,https://api.querybuscas.com/pages/H,,257,404,2254,107,20,text/html; charset=UTF-8,860.144749ms,,f54fa101
HTML,https://api.querybuscas.com/pages/HTML,,258,404,2254,107,20,text/html; charset=UTF-8,860.447743ms,,f54fa102
Health,https://api.querybuscas.com/pages/Health,,259,404,2254,107,20,text/html; charset=UTF-8,778.422352ms,,f54fa103
Help,https://api.querybuscas.com/pages/Help,,260,404,2254,107,20,text/html; charset=UTF-8,703.969017ms,,f54fa104
Home,https://api.querybuscas.com/pages/Home,,261,404,2254,107,20,text/html; charset=UTF-8,860.254258ms,,f54fa105
I,https://api.querybuscas.com/pages/I,,262,404,2254,107,20,text/html; charset=UTF-8,755.69766ms,,f54fa106
INSTALL_admin,https://api.querybuscas.com/pages/INSTALL_admin,,263,404,2254,107,20,text/html; charset=UTF-8,731.804748ms,,f54fa107
Image,https://api.querybuscas.com/pages/Image,,264,404,2254,107,20,text/html; charset=UTF-8,849.767635ms,,f54fa108
Images,https://api.querybuscas.com/pages/Images,,265,404,2254,107,20,text/html; charset=UTF-8,1.015031202s,,f54fa109
Index,https://api.querybuscas.com/pages/Index,,266,404,2254,107,20,text/html; charset=UTF-8,961.442979ms,,f54fa10a
Internet,https://api.querybuscas.com/pages/Internet,,268,404,2254,107,20,text/html; charset=UTF-8,793.596934ms,,f54fa10c
Indy_admin,https://api.querybuscas.com/pages/Indy_admin,,267,404,2254,107,20,text/html; charset=UTF-8,985.705297ms,,f54fa10b
J,https://api.querybuscas.com/pages/J,,269,404,2254,107,20,text/html; charset=UTF-8,700.285587ms,,f54fa10d
JMXSoapAdapter,https://api.querybuscas.com/pages/JMXSoapAdapter,,270,404,2254,107,20,text/html; charset=UTF-8,740.342464ms,,f54fa10e
Java,https://api.querybuscas.com/pages/Java,,271,404,2254,107,20,text/html; charset=UTF-8,706.326412ms,,f54fa10f
L,https://api.querybuscas.com/pages/L,,272,404,2254,107,20,text/html; charset=UTF-8,737.659237ms,,f54fa110
LICENSE,https://api.querybuscas.com/pages/LICENSE,,273,404,2254,107,20,text/html; charset=UTF-8,722.86852ms,,f54fa111
Legal,https://api.querybuscas.com/pages/Legal,,274,404,2254,107,20,text/html; charset=UTF-8,681.651582ms,,f54fa112
Links,https://api.querybuscas.com/pages/Links,,275,404,2254,107,20,text/html; charset=UTF-8,615.103125ms,,f54fa113
Linux,https://api.querybuscas.com/pages/Linux,,276,404,2254,107,20,text/html; charset=UTF-8,644.681587ms,,f54fa114
Login,https://api.querybuscas.com/pages/Login,,279,404,2254,107,20,text/html; charset=UTF-8,750.708688ms,,f54fa117
LogFiles,https://api.querybuscas.com/pages/LogFiles,,278,404,2254,107,20,text/html; charset=UTF-8,799.393136ms,,f54fa116
Log,https://api.querybuscas.com/pages/Log,,277,404,2254,107,20,text/html; charset=UTF-8,811.297193ms,,f54fa115
Logs,https://api.querybuscas.com/pages/Logs,,280,404,2254,107,20,text/html; charset=UTF-8,789.70622ms,,f54fa118
Lotus_Domino_Admin,https://api.querybuscas.com/pages/Lotus_Domino_Admin,,281,404,2254,107,20,text/html; charset=UTF-8,705.623246ms,,f54fa119
MANIFEST.MF,https://api.querybuscas.com/pages/MANIFEST.MF,,283,404,2254,107,20,text/html; charset=UTF-8,713.470925ms,,f54fa11b
M,https://api.querybuscas.com/pages/M,,282,404,2254,107,20,text/html; charset=UTF-8,746.353697ms,,f54fa11a
META-INF,https://api.querybuscas.com/pages/META-INF,,284,404,2254,107,20,text/html; charset=UTF-8,868.41322ms,,f54fa11c
Makefile,https://api.querybuscas.com/pages/Makefile,,287,404,2254,107,20,text/html; charset=UTF-8,651.190524ms,,f54fa11f
Main_Page,https://api.querybuscas.com/pages/Main_Page,,286,404,2254,107,20,text/html; charset=UTF-8,700.435401ms,,f54fa11e
Main,https://api.querybuscas.com/pages/Main,,285,404,2254,107,20,text/html; charset=UTF-8,715.668669ms,,f54fa11d
Media,https://api.querybuscas.com/pages/Media,,288,404,2254,107,20,text/html; charset=UTF-8,691.867265ms,,f54fa120
Misc,https://api.querybuscas.com/pages/Misc,,291,404,2254,107,20,text/html; charset=UTF-8,716.122587ms,,f54fa123
Members,https://api.querybuscas.com/pages/Members,,289,404,2254,107,20,text/html; charset=UTF-8,754.822481ms,,f54fa121
Menus,https://api.querybuscas.com/pages/Menus,,290,404,2254,107,20,text/html; charset=UTF-8,891.935491ms,,f54fa122
Music,https://api.querybuscas.com/pages/Music,,292,404,2254,107,20,text/html; charset=UTF-8,701.789959ms,,f54fa124
N,https://api.querybuscas.com/pages/N,,293,404,2254,107,20,text/html; charset=UTF-8,886.299883ms,,f54fa125
News,https://api.querybuscas.com/pages/News,,294,404,2254,107,20,text/html; charset=UTF-8,1.208983146s,,f54fa126
O,https://api.querybuscas.com/pages/O,,295,404,2254,107,20,text/html; charset=UTF-8,1.071367325s,,f54fa127
OA,https://api.querybuscas.com/pages/OA,,296,404,2254,107,20,text/html; charset=UTF-8,1.090657653s,,f54fa128
OAErrorDetailPage,https://api.querybuscas.com/pages/OAErrorDetailPage,,297,404,2254,107,20,text/html; charset=UTF-8,536.828079ms,,f54fa129
OA_HTML,https://api.querybuscas.com/pages/OA_HTML,,298,404,2254,107,20,text/html; charset=UTF-8,645.79495ms,,f54fa12a
OasDefault,https://api.querybuscas.com/pages/OasDefault,,299,404,2254,107,20,text/html; charset=UTF-8,664.72014ms,,f54fa12b
Office,https://api.querybuscas.com/pages/Office,,300,404,2254,107,20,text/html; charset=UTF-8,627.801719ms,,f54fa12c
P,https://api.querybuscas.com/pages/P,,301,404,2254,107,20,text/html; charset=UTF-8,590.518009ms,,f54fa12d
PHP,https://api.querybuscas.com/pages/PHP,,303,404,2254,107,20,text/html; charset=UTF-8,659.894463ms,,f54fa12f
PDF,https://api.querybuscas.com/pages/PDF,,302,404,2254,107,20,text/html; charset=UTF-8,723.645456ms,,f54fa12e
Pipfile.lock,https://api.querybuscas.com/pages/Pipfile.lock,,305,404,2254,107,20,text/html; charset=UTF-8,590.652025ms,,f54fa131
Pipfile,https://api.querybuscas.com/pages/Pipfile,,304,404,2254,107,20,text/html; charset=UTF-8,634.06428ms,,f54fa130
People,https://api.querybuscas.com/pages/People,,308,404,2254,107,20,text/html; charset=UTF-8,563.094076ms,,f54fa134
PMA,https://api.querybuscas.com/pages/PMA,,306,404,2254,107,20,text/html; charset=UTF-8,644.390721ms,,f54fa132
Press,https://api.querybuscas.com/pages/Press,,309,404,2254,107,20,text/html; charset=UTF-8,620.346367ms,,f54fa135
Pages,https://api.querybuscas.com/pages/Pages,,307,404,2254,107,20,text/html; charset=UTF-8,713.159922ms,,f54fa133
Products,https://api.querybuscas.com/pages/Products,,311,404,2254,107,20,text/html; charset=UTF-8,532.382595ms,,f54fa137
Privacy,https://api.querybuscas.com/pages/Privacy,,310,404,2254,107,20,text/html; charset=UTF-8,593.38248ms,,f54fa136
Projects,https://api.querybuscas.com/pages/Projects,,313,404,2254,107,20,text/html; charset=UTF-8,725.531409ms,,f54fa139
Program Files,https://api.querybuscas.com/pages/Program Files,,312,404,2254,107,20,text/html; charset=UTF-8,831.609202ms,,f54fa138
Publications,https://api.querybuscas.com/pages/Publications,,314,404,2254,107,20,text/html; charset=UTF-8,528.014278ms,,f54fa13a
R,https://api.querybuscas.com/pages/R,,315,404,2254,107,20,text/html; charset=UTF-8,651.207218ms,,f54fa13b
RCS,https://api.querybuscas.com/pages/RCS,,316,404,2254,107,20,text/html; charset=UTF-8,645.43412ms,,f54fa13c
README,https://api.querybuscas.com/pages/README,,317,404,2254,107,20,text/html; charset=UTF-8,683.495342ms,,f54fa13d
RSS,https://api.querybuscas.com/pages/RSS,,318,404,2254,107,20,text/html; charset=UTF-8,596.380903ms,,f54fa13e
Rakefile,https://api.querybuscas.com/pages/Rakefile,,319,404,2254,107,20,text/html; charset=UTF-8,719.612809ms,,f54fa13f
Readme,https://api.querybuscas.com/pages/Readme,,320,404,2254,107,20,text/html; charset=UTF-8,644.810149ms,,f54fa140
RealMedia,https://api.querybuscas.com/pages/RealMedia,,321,404,2254,107,20,text/html; charset=UTF-8,705.81271ms,,f54fa141
Recycled,https://api.querybuscas.com/pages/Recycled,,322,404,2254,107,20,text/html; charset=UTF-8,779.437655ms,,f54fa142
Research,https://api.querybuscas.com/pages/Research,,323,404,2254,107,20,text/html; charset=UTF-8,702.11733ms,,f54fa143
Resources,https://api.querybuscas.com/pages/Resources,,324,404,2254,107,20,text/html; charset=UTF-8,647.663945ms,,f54fa144
Root,https://api.querybuscas.com/pages/Root,,325,404,2254,107,20,text/html; charset=UTF-8,817.67243ms,,f54fa145
S,https://api.querybuscas.com/pages/S,,326,404,2254,107,20,text/html; charset=UTF-8,662.202865ms,,f54fa146
SERVER-INF,https://api.querybuscas.com/pages/SERVER-INF,,327,404,2254,107,20,text/html; charset=UTF-8,612.515846ms,,f54fa147
SOAPMonitor,https://api.querybuscas.com/pages/SOAPMonitor,,328,404,2254,107,20,text/html; charset=UTF-8,618.827467ms,,f54fa148
SUNWmc,https://api.querybuscas.com/pages/SUNWmc,,330,404,2254,107,20,text/html; charset=UTF-8,559.182196ms,,f54fa14a
SQL,https://api.querybuscas.com/pages/SQL,,329,404,2254,107,20,text/html; charset=UTF-8,663.141911ms,,f54fa149
Scripts,https://api.querybuscas.com/pages/Scripts,,331,404,2254,107,20,text/html; charset=UTF-8,651.139138ms,,f54fa14b
Search,https://api.querybuscas.com/pages/Search,,332,404,2254,107,20,text/html; charset=UTF-8,621.714532ms,,f54fa14c
Security,https://api.querybuscas.com/pages/Security,,333,404,2254,107,20,text/html; charset=UTF-8,656.433857ms,,f54fa14d
Server,https://api.querybuscas.com/pages/Server,,334,404,2254,107,20,text/html; charset=UTF-8,671.665457ms,,f54fa14e
ServerAdministrator,https://api.querybuscas.com/pages/ServerAdministrator,,335,404,2254,107,20,text/html; charset=UTF-8,631.368832ms,,f54fa14f
Services,https://api.querybuscas.com/pages/Services,,336,404,2254,107,20,text/html; charset=UTF-8,756.839923ms,,f54fa150
Servlet,https://api.querybuscas.com/pages/Servlet,,337,404,2254,107,20,text/html; charset=UTF-8,651.766754ms,,f54fa151
Servlets,https://api.querybuscas.com/pages/Servlets,,338,404,2254,107,20,text/html; charset=UTF-8,645.083808ms,,f54fa152
Shibboleth.sso/Metadata,https://api.querybuscas.com/pages/Shibboleth.sso/Metadata,,339,404,2254,107,20,text/html; charset=UTF-8,606.052123ms,,f54fa153
SiteMap,https://api.querybuscas.com/pages/SiteMap,,340,404,2254,107,20,text/html; charset=UTF-8,719.013151ms,,f54fa154
SiteScope,https://api.querybuscas.com/pages/SiteScope,,341,404,2254,107,20,text/html; charset=UTF-8,621.793479ms,,f54fa155
Sites,https://api.querybuscas.com/pages/Sites,,343,404,2254,107,20,text/html; charset=UTF-8,639.962368ms,,f54fa157
SiteServer,https://api.querybuscas.com/pages/SiteServer,,342,404,2254,107,20,text/html; charset=UTF-8,731.604165ms,,f54fa156
Software,https://api.querybuscas.com/pages/Software,,344,404,2254,107,20,text/html; charset=UTF-8,702.601802ms,,f54fa158
Sources,https://api.querybuscas.com/pages/Sources,,345,404,2254,107,20,text/html; charset=UTF-8,638.097685ms,,f54fa159
Sports,https://api.querybuscas.com/pages/Sports,,346,404,2254,107,20,text/html; charset=UTF-8,596.56248ms,,f54fa15a
Spy,https://api.querybuscas.com/pages/Spy,,347,404,2254,107,20,text/html; charset=UTF-8,651.479981ms,,f54fa15b
Statistics,https://api.querybuscas.com/pages/Statistics,,348,404,2254,107,20,text/html; charset=UTF-8,601.284097ms,,f54fa15c
Stats,https://api.querybuscas.com/pages/Stats,,349,404,2254,107,20,text/html; charset=UTF-8,693.880642ms,,f54fa15d
Super-Admin,https://api.querybuscas.com/pages/Super-Admin,,350,404,2254,107,20,text/html; charset=UTF-8,557.971036ms,,f54fa15e
Support,https://api.querybuscas.com/pages/Support,,351,429,17,3,2,text/plain; charset=UTF-8,546.642231ms,,f54fa15f
SysAdmin,https://api.querybuscas.com/pages/SysAdmin,,352,429,17,3,2,text/plain; charset=UTF-8,398.662338ms,,f54fa160
SysAdmin2,https://api.querybuscas.com/pages/SysAdmin2,,353,429,17,3,2,text/plain; charset=UTF-8,357.023006ms,,f54fa161
T,https://api.querybuscas.com/pages/T,,354,429,17,3,2,text/plain; charset=UTF-8,356.872905ms,,f54fa162
TEMP,https://api.querybuscas.com/pages/TEMP,,355,429,17,3,2,text/plain; charset=UTF-8,481.482939ms,,f54fa163
TMP,https://api.querybuscas.com/pages/TMP,,356,429,17,3,2,text/plain; charset=UTF-8,343.402573ms,,f54fa164
TODO,https://api.querybuscas.com/pages/TODO,,357,429,17,3,2,text/plain; charset=UTF-8,271.572557ms,,f54fa165
Technology,https://api.querybuscas.com/pages/Technology,,358,429,17,3,2,text/plain; charset=UTF-8,373.166188ms,,f54fa166
Thumbs.db,https://api.querybuscas.com/pages/Thumbs.db,,360,429,17,3,2,text/plain; charset=UTF-8,267.818624ms,,f54fa168
Themes,https://api.querybuscas.com/pages/Themes,,359,429,17,3,2,text/plain; charset=UTF-8,369.247206ms,,f54fa167
Travel,https://api.querybuscas.com/pages/Travel,,361,429,17,3,2,text/plain; charset=UTF-8,424.93386ms,,f54fa169
U,https://api.querybuscas.com/pages/U,,362,429,17,3,2,text/plain; charset=UTF-8,530.473607ms,,f54fa16a
US,https://api.querybuscas.com/pages/US,,363,429,17,3,2,text/plain; charset=UTF-8,436.199888ms,,f54fa16b
UserFiles,https://api.querybuscas.com/pages/UserFiles,,364,429,17,3,2,text/plain; charset=UTF-8,411.770791ms,,f54fa16c
Utilities,https://api.querybuscas.com/pages/Utilities,,365,429,17,3,2,text/plain; charset=UTF-8,269.355211ms,,f54fa16d
V,https://api.querybuscas.com/pages/V,,366,429,17,3,2,text/plain; charset=UTF-8,301.234607ms,,f54fa16e
W,https://api.querybuscas.com/pages/W,,368,429,17,3,2,text/plain; charset=UTF-8,294.955735ms,,f54fa170
Video,https://api.querybuscas.com/pages/Video,,367,429,17,3,2,text/plain; charset=UTF-8,295.584686ms,,f54fa16f
W3SVC,https://api.querybuscas.com/pages/W3SVC,,369,429,17,3,2,text/plain; charset=UTF-8,452.027956ms,,f54fa171
W3SVC3,https://api.querybuscas.com/pages/W3SVC3,,372,429,17,3,2,text/plain; charset=UTF-8,341.621637ms,,f54fa174
W3SVC2,https://api.querybuscas.com/pages/W3SVC2,,371,429,17,3,2,text/plain; charset=UTF-8,342.336034ms,,f54fa173
W3SVC1,https://api.querybuscas.com/pages/W3SVC1,,370,429,17,3,2,text/plain; charset=UTF-8,384.672968ms,,f54fa172
WEB-INF,https://api.querybuscas.com/pages/WEB-INF,,373,429,17,3,2,text/plain; charset=UTF-8,356.444663ms,,f54fa175
WS_FTP,https://api.querybuscas.com/pages/WS_FTP,,374,429,17,3,2,text/plain; charset=UTF-8,289.171107ms,,f54fa176
WebAdmin,https://api.querybuscas.com/pages/WebAdmin,,376,429,17,3,2,text/plain; charset=UTF-8,408.668164ms,,f54fa178
WS_FTP.LOG,https://api.querybuscas.com/pages/WS_FTP.LOG,,375,429,17,3,2,text/plain; charset=UTF-8,481.494439ms,,f54fa177
Windows,https://api.querybuscas.com/pages/Windows,,377,429,17,3,2,text/plain; charset=UTF-8,330.927498ms,,f54fa179
X,https://api.querybuscas.com/pages/X,,378,429,17,3,2,text/plain; charset=UTF-8,351.167539ms,,f54fa17a
XML,https://api.querybuscas.com/pages/XML,,379,429,17,3,2,text/plain; charset=UTF-8,330.049731ms,,f54fa17b
_,https://api.querybuscas.com/pages/_,,381,429,17,3,2,text/plain; charset=UTF-8,256.199985ms,,f54fa17d
XXX,https://api.querybuscas.com/pages/XXX,,380,429,17,3,2,text/plain; charset=UTF-8,357.886319ms,,f54fa17c
_adm,https://api.querybuscas.com/pages/_adm,,382,429,17,3,2,text/plain; charset=UTF-8,347.384299ms,,f54fa17e
_admin,https://api.querybuscas.com/pages/_admin,,383,429,17,3,2,text/plain; charset=UTF-8,364.169626ms,,f54fa17f
_ajax,https://api.querybuscas.com/pages/_ajax,,384,429,17,3,2,text/plain; charset=UTF-8,415.620581ms,,f54fa180
_archive,https://api.querybuscas.com/pages/_archive,,385,429,17,3,2,text/plain; charset=UTF-8,366.593464ms,,f54fa181
_assets,https://api.querybuscas.com/pages/_assets,,386,429,17,3,2,text/plain; charset=UTF-8,503.707286ms,,f54fa182
_backup,https://api.querybuscas.com/pages/_backup,,387,429,17,3,2,text/plain; charset=UTF-8,388.571149ms,,f54fa183
_baks,https://api.querybuscas.com/pages/_baks,,388,429,17,3,2,text/plain; charset=UTF-8,380.020556ms,,f54fa184
_borders,https://api.querybuscas.com/pages/_borders,,389,429,17,3,2,text/plain; charset=UTF-8,364.339994ms,,f54fa185
_cache,https://api.querybuscas.com/pages/_cache,,390,429,17,3,2,text/plain; charset=UTF-8,354.768129ms,,f54fa186
_catalogs,https://api.querybuscas.com/pages/_catalogs,,391,429,17,3,2,text/plain; charset=UTF-8,367.938731ms,,f54fa187
_common,https://api.querybuscas.com/pages/_common,,392,429,17,3,2,text/plain; charset=UTF-8,297.303346ms,,f54fa188
_conf,https://api.querybuscas.com/pages/_conf,,393,429,17,3,2,text/plain; charset=UTF-8,527.908646ms,,f54fa189
_css,https://api.querybuscas.com/pages/_css,,395,429,17,3,2,text/plain; charset=UTF-8,295.93849ms,,f54fa18b
_config,https://api.querybuscas.com/pages/_config,,394,429,17,3,2,text/plain; charset=UTF-8,326.828753ms,,f54fa18a
_data,https://api.querybuscas.com/pages/_data,,396,429,17,3,2,text/plain; charset=UTF-8,379.156481ms,,f54fa18c
_database,https://api.querybuscas.com/pages/_database,,397,429,17,3,2,text/plain; charset=UTF-8,411.16803ms,,f54fa18d
_db_backups,https://api.querybuscas.com/pages/_db_backups,,398,429,17,3,2,text/plain; charset=UTF-8,354.174783ms,,f54fa18e
_derived,https://api.querybuscas.com/pages/_derived,,399,429,17,3,2,text/plain; charset=UTF-8,481.406061ms,,f54fa18f
_dev,https://api.querybuscas.com/pages/_dev,,400,429,17,3,2,text/plain; charset=UTF-8,419.805123ms,,f54fa190
_dummy,https://api.querybuscas.com/pages/_dummy,,401,429,17,3,2,text/plain; charset=UTF-8,423.646468ms,,f54fa191
_files,https://api.querybuscas.com/pages/_files,,402,429,17,3,2,text/plain; charset=UTF-8,423.942326ms,,f54fa192
_fpclass,https://api.querybuscas.com/pages/_fpclass,,404,429,17,3,2,text/plain; charset=UTF-8,403.836365ms,,f54fa194
_flash,https://api.querybuscas.com/pages/_flash,,403,429,17,3,2,text/plain; charset=UTF-8,413.502973ms,,f54fa193
_framework/blazor.webassembly.js,https://api.querybuscas.com/pages/_framework/blazor.webassembly.js,,406,429,17,3,2,text/plain; charset=UTF-8,493.964837ms,,f54fa196
_framework/_bin/WebAssembly.Bindings.dll,https://api.querybuscas.com/pages/_framework/_bin/WebAssembly.Bindings.dll,,408,429,17,3,2,text/plain; charset=UTF-8,423.825522ms,,f54fa198
_framework/wasm/dotnet.wasm,https://api.querybuscas.com/pages/_framework/wasm/dotnet.wasm,,407,429,17,3,2,text/plain; charset=UTF-8,424.639868ms,,f54fa197
_framework/blazor.boot.json,https://api.querybuscas.com/pages/_framework/blazor.boot.json,,405,429,17,3,2,text/plain; charset=UTF-8,559.482762ms,,f54fa195
_inc,https://api.querybuscas.com/pages/_inc,,411,429,17,3,2,text/plain; charset=UTF-8,397.020522ms,,f54fa19b
_img,https://api.querybuscas.com/pages/_img,,410,429,17,3,2,text/plain; charset=UTF-8,397.540269ms,,f54fa19a
_include,https://api.querybuscas.com/pages/_include,,412,429,17,3,2,text/plain; charset=UTF-8,399.43635ms,,f54fa19c
_images,https://api.querybuscas.com/pages/_images,,409,429,17,3,2,text/plain; charset=UTF-8,493.656084ms,,f54fa199
_includes,https://api.querybuscas.com/pages/_includes,,413,429,17,3,2,text/plain; charset=UTF-8,297.14118ms,,f54fa19d
_install,https://api.querybuscas.com/pages/_install,,414,429,17,3,2,text/plain; charset=UTF-8,297.179559ms,,f54fa19e
_js,https://api.querybuscas.com/pages/_js,,415,429,17,3,2,text/plain; charset=UTF-8,503.093799ms,,f54fa19f
_layouts,https://api.querybuscas.com/pages/_layouts,,416,429,17,3,2,text/plain; charset=UTF-8,556.196511ms,,f54fa1a0
_lib,https://api.querybuscas.com/pages/_lib,,417,429,17,3,2,text/plain; charset=UTF-8,434.628356ms,,f54fa1a1
_media,https://api.querybuscas.com/pages/_media,,418,429,17,3,2,text/plain; charset=UTF-8,490.905526ms,,f54fa1a2
_mem_bin,https://api.querybuscas.com/pages/_mem_bin,,419,429,17,3,2,text/plain; charset=UTF-8,329.513454ms,,f54fa1a3
_mm,https://api.querybuscas.com/pages/_mm,,420,429,17,3,2,text/plain; charset=UTF-8,486.433691ms,,f54fa1a4
_mygallery,https://api.querybuscas.com/pages/_mygallery,,422,429,17,3,2,text/plain; charset=UTF-8,325.278155ms,,f54fa1a6
_mmserverscripts,https://api.querybuscas.com/pages/_mmserverscripts,,421,429,17,3,2,text/plain; charset=UTF-8,381.955613ms,,f54fa1a5
_notes,https://api.querybuscas.com/pages/_notes,,423,429,17,3,2,text/plain; charset=UTF-8,442.016474ms,,f54fa1a7
_old,https://api.querybuscas.com/pages/_old,,424,429,17,3,2,text/plain; charset=UTF-8,366.732017ms,,f54fa1a8
_overlay,https://api.querybuscas.com/pages/_overlay,,425,429,17,3,2,text/plain; charset=UTF-8,410.197193ms,,f54fa1a9
_pages,https://api.querybuscas.com/pages/_pages,,426,429,17,3,2,text/plain; charset=UTF-8,410.200369ms,,f54fa1aa
_private,https://api.querybuscas.com/pages/_private,,427,429,17,3,2,text/plain; charset=UTF-8,331.856112ms,,f54fa1ab
_reports,https://api.querybuscas.com/pages/_reports,,428,429,17,3,2,text/plain; charset=UTF-8,401.562556ms,,f54fa1ac
_resources,https://api.querybuscas.com/pages/_resources,,430,429,17,3,2,text/plain; charset=UTF-8,326.506098ms,,f54fa1ae
_res,https://api.querybuscas.com/pages/_res,,429,429,17,3,2,text/plain; charset=UTF-8,332.184997ms,,f54fa1ad
_scriptlibrary,https://api.querybuscas.com/pages/_scriptlibrary,,431,429,17,3,2,text/plain; charset=UTF-8,332.25929ms,,f54fa1af
_scripts,https://api.querybuscas.com/pages/_scripts,,432,429,17,3,2,text/plain; charset=UTF-8,290.297001ms,,f54fa1b0
_stats,https://api.querybuscas.com/pages/_stats,,435,429,17,3,2,text/plain; charset=UTF-8,463.080394ms,,f54fa1b3
_src,https://api.querybuscas.com/pages/_src,,434,429,17,3,2,text/plain; charset=UTF-8,549.109258ms,,f54fa1b2
_source,https://api.querybuscas.com/pages/_source,,433,429,17,3,2,text/plain; charset=UTF-8,554.655506ms,,f54fa1b1
_styles,https://api.querybuscas.com/pages/_styles,,436,429,17,3,2,text/plain; charset=UTF-8,350.094687ms,,f54fa1b4
_swf,https://api.querybuscas.com/pages/_swf,,437,429,17,3,2,text/plain; charset=UTF-8,308.461257ms,,f54fa1b5
_template,https://api.querybuscas.com/pages/_template,,440,429,17,3,2,text/plain; charset=UTF-8,289.132092ms,,f54fa1b8
_tempalbums,https://api.querybuscas.com/pages/_tempalbums,,439,429,17,3,2,text/plain; charset=UTF-8,467.062243ms,,f54fa1b7
_temp,https://api.querybuscas.com/pages/_temp,,438,429,17,3,2,text/plain; charset=UTF-8,473.612041ms,,f54fa1b6
_templates,https://api.querybuscas.com/pages/_templates,,441,429,17,3,2,text/plain; charset=UTF-8,336.030303ms,,f54fa1b9
_test,https://api.querybuscas.com/pages/_test,,442,429,17,3,2,text/plain; charset=UTF-8,486.278523ms,,f54fa1ba
_themes,https://api.querybuscas.com/pages/_themes,,443,429,17,3,2,text/plain; charset=UTF-8,397.36209ms,,f54fa1bb
_tmp,https://api.querybuscas.com/pages/_tmp,,444,429,17,3,2,text/plain; charset=UTF-8,391.300165ms,,f54fa1bc
_tmpfileop,https://api.querybuscas.com/pages/_tmpfileop,,445,429,17,3,2,text/plain; charset=UTF-8,423.758802ms,,f54fa1bd
_vti_aut,https://api.querybuscas.com/pages/_vti_aut,,446,429,17,3,2,text/plain; charset=UTF-8,405.141945ms,,f54fa1be
_vti_bin,https://api.querybuscas.com/pages/_vti_bin,,447,429,17,3,2,text/plain; charset=UTF-8,429.132828ms,,f54fa1bf
_vti_bin/_vti_adm/admin.dll,https://api.querybuscas.com/pages/_vti_bin/_vti_adm/admin.dll,,448,429,17,3,2,text/plain; charset=UTF-8,429.009727ms,,f54fa1c0
_vti_bin/_vti_aut/author.dll,https://api.querybuscas.com/pages/_vti_bin/_vti_aut/author.dll,,449,429,17,3,2,text/plain; charset=UTF-8,378.127802ms,,f54fa1c1
_vti_bin/shtml.dll,https://api.querybuscas.com/pages/_vti_bin/shtml.dll,,450,429,17,3,2,text/plain; charset=UTF-8,299.702055ms,,f54fa1c2
_vti_cnf,https://api.querybuscas.com/pages/_vti_cnf,,451,429,17,3,2,text/plain; charset=UTF-8,379.699072ms,,f54fa1c3
_vti_inf,https://api.querybuscas.com/pages/_vti_inf,,452,429,17,3,2,text/plain; charset=UTF-8,380.199066ms,,f54fa1c4
_vti_log,https://api.querybuscas.com/pages/_vti_log,,453,429,17,3,2,text/plain; charset=UTF-8,320.196176ms,,f54fa1c5
_vti_map,https://api.querybuscas.com/pages/_vti_map,,454,429,17,3,2,text/plain; charset=UTF-8,441.965689ms,,f54fa1c6
_vti_rpc,https://api.querybuscas.com/pages/_vti_rpc,,456,429,17,3,2,text/plain; charset=UTF-8,380.439359ms,,f54fa1c8
_vti_pvt,https://api.querybuscas.com/pages/_vti_pvt,,455,429,17,3,2,text/plain; charset=UTF-8,379.476569ms,,f54fa1c7
_vti_script,https://api.querybuscas.com/pages/_vti_script,,457,404,2254,107,20,text/html; charset=UTF-8,673.048669ms,,f54fa1c9
_www,https://api.querybuscas.com/pages/_www,,459,404,2254,107,20,text/html; charset=UTF-8,574.479263ms,,f54fa1cb
_vti_txt,https://api.querybuscas.com/pages/_vti_txt,,458,404,2254,107,20,text/html; charset=UTF-8,676.290175ms,,f54fa1ca
a,https://api.querybuscas.com/pages/a,,460,404,2254,107,20,text/html; charset=UTF-8,676.70244ms,,f54fa1cc
aa,https://api.querybuscas.com/pages/aa,,461,404,2254,107,20,text/html; charset=UTF-8,723.548515ms,,f54fa1cd
aaa,https://api.querybuscas.com/pages/aaa,,462,404,2254,107,20,text/html; charset=UTF-8,632.196937ms,,f54fa1ce
abc,https://api.querybuscas.com/pages/abc,,463,404,2254,107,20,text/html; charset=UTF-8,683.442114ms,,f54fa1cf
abc123,https://api.querybuscas.com/pages/abc123,,464,404,2254,107,20,text/html; charset=UTF-8,655.49076ms,,f54fa1d0
abcd,https://api.querybuscas.com/pages/abcd,,465,404,2254,107,20,text/html; charset=UTF-8,652.615175ms,,f54fa1d1
abcd1234,https://api.querybuscas.com/pages/abcd1234,,466,404,2254,107,20,text/html; charset=UTF-8,599.742982ms,,f54fa1d2
about,https://api.querybuscas.com/pages/about,,467,404,2254,107,20,text/html; charset=UTF-8,611.035994ms,,f54fa1d3
about-us,https://api.querybuscas.com/pages/about-us,,468,404,2254,107,20,text/html; charset=UTF-8,743.164367ms,,f54fa1d4
about_us,https://api.querybuscas.com/pages/about_us,,469,404,2254,107,20,text/html; charset=UTF-8,738.742051ms,,f54fa1d5
aboutus,https://api.querybuscas.com/pages/aboutus,,470,404,2254,107,20,text/html; charset=UTF-8,732.186965ms,,f54fa1d6
abstract,https://api.querybuscas.com/pages/abstract,,471,404,2254,107,20,text/html; charset=UTF-8,708.964794ms,,f54fa1d7
abuse,https://api.querybuscas.com/pages/abuse,,472,404,2254,107,20,text/html; charset=UTF-8,732.174227ms,,f54fa1d8
ac,https://api.querybuscas.com/pages/ac,,473,404,2254,107,20,text/html; charset=UTF-8,666.826493ms,,f54fa1d9
academic,https://api.querybuscas.com/pages/academic,,474,404,2254,107,20,text/html; charset=UTF-8,654.139654ms,,f54fa1da
academics,https://api.querybuscas.com/pages/academics,,475,404,2254,107,20,text/html; charset=UTF-8,576.723522ms,,f54fa1db
acatalog,https://api.querybuscas.com/pages/acatalog,,476,404,2254,107,20,text/html; charset=UTF-8,656.821698ms,,f54fa1dc
access-log,https://api.querybuscas.com/pages/access-log,,479,404,2254,107,20,text/html; charset=UTF-8,546.771335ms,,f54fa1df
access,https://api.querybuscas.com/pages/access,,478,404,2254,107,20,text/html; charset=UTF-8,586.237397ms,,f54fa1de
acc,https://api.querybuscas.com/pages/acc,,477,404,2254,107,20,text/html; charset=UTF-8,636.551631ms,,f54fa1dd
access-log.1,https://api.querybuscas.com/pages/access-log.1,,480,404,2254,107,20,text/html; charset=UTF-8,649.7407ms,,f54fa1e0
access_db,https://api.querybuscas.com/pages/access_db,,482,404,2254,107,20,text/html; charset=UTF-8,579.481127ms,,f54fa1e2
access.1,https://api.querybuscas.com/pages/access.1,,481,404,2254,107,20,text/html; charset=UTF-8,606.512288ms,,f54fa1e1
access_log,https://api.querybuscas.com/pages/access_log,,483,404,2254,107,20,text/html; charset=UTF-8,682.200161ms,,f54fa1e3
access_log.1,https://api.querybuscas.com/pages/access_log.1,,484,404,2254,107,20,text/html; charset=UTF-8,573.316671ms,,f54fa1e4
accessgranted,https://api.querybuscas.com/pages/accessgranted,,485,404,2254,107,20,text/html; charset=UTF-8,607.977461ms,,f54fa1e5
accessibility,https://api.querybuscas.com/pages/accessibility,,486,404,2254,107,20,text/html; charset=UTF-8,752.02579ms,,f54fa1e6
accessories,https://api.querybuscas.com/pages/accessories,,487,404,2254,107,20,text/html; charset=UTF-8,712.38925ms,,f54fa1e7
accommodation,https://api.querybuscas.com/pages/accommodation,,488,404,2254,107,20,text/html; charset=UTF-8,659.070002ms,,f54fa1e8
account,https://api.querybuscas.com/pages/account,,489,404,2254,107,20,text/html; charset=UTF-8,745.860506ms,,f54fa1e9
account_edit,https://api.querybuscas.com/pages/account_edit,,490,404,2254,107,20,text/html; charset=UTF-8,692.014695ms,,f54fa1ea
account_history,https://api.querybuscas.com/pages/account_history,,491,404,2254,107,20,text/html; charset=UTF-8,663.174997ms,,f54fa1eb
accountants,https://api.querybuscas.com/pages/accountants,,492,404,2254,107,20,text/html; charset=UTF-8,763.472979ms,,f54fa1ec
accounting,https://api.querybuscas.com/pages/accounting,,493,404,2254,107,20,text/html; charset=UTF-8,702.53515ms,,f54fa1ed
accountsettings,https://api.querybuscas.com/pages/accountsettings,,495,404,2254,107,20,text/html; charset=UTF-8,689.456076ms,,f54fa1ef
accounts,https://api.querybuscas.com/pages/accounts,,494,404,2254,107,20,text/html; charset=UTF-8,724.980939ms,,f54fa1ee
acct_login,https://api.querybuscas.com/pages/acct_login,,496,404,2254,107,20,text/html; charset=UTF-8,691.049493ms,,f54fa1f0
achitecture,https://api.querybuscas.com/pages/achitecture,,497,404,2254,107,20,text/html; charset=UTF-8,688.489464ms,,f54fa1f1
act,https://api.querybuscas.com/pages/act,,499,404,2254,107,20,text/html; charset=UTF-8,597.182122ms,,f54fa1f3
acp,https://api.querybuscas.com/pages/acp,,498,404,2254,107,20,text/html; charset=UTF-8,672.070549ms,,f54fa1f2
action,https://api.querybuscas.com/pages/action,,500,404,2254,107,20,text/html; charset=UTF-8,784.36399ms,,f54fa1f4
activate,https://api.querybuscas.com/pages/activate,,502,404,2254,107,20,text/html; charset=UTF-8,613.127974ms,,f54fa1f6
actions,https://api.querybuscas.com/pages/actions,,501,404,2254,107,20,text/html; charset=UTF-8,695.9741ms,,f54fa1f5
activation,https://api.querybuscas.com/pages/activation,,503,404,2254,107,20,text/html; charset=UTF-8,639.693276ms,,f54fa1f7
active,https://api.querybuscas.com/pages/active,,504,404,2254,107,20,text/html; charset=UTF-8,794.099262ms,,f54fa1f8
activeCollab,https://api.querybuscas.com/pages/activeCollab,,505,404,2254,107,20,text/html; charset=UTF-8,642.821496ms,,f54fa1f9
activex,https://api.querybuscas.com/pages/activex,,506,404,2254,107,20,text/html; charset=UTF-8,703.904018ms,,f54fa1fa
activities,https://api.querybuscas.com/pages/activities,,507,404,2254,107,20,text/html; charset=UTF-8,713.746719ms,,f54fa1fb
activity,https://api.querybuscas.com/pages/activity,,508,404,2254,107,20,text/html; charset=UTF-8,550.306694ms,,f54fa1fc
ad,https://api.querybuscas.com/pages/ad,,509,404,2254,107,20,text/html; charset=UTF-8,673.24029ms,,f54fa1fd
ad_js,https://api.querybuscas.com/pages/ad_js,,510,404,2254,107,20,text/html; charset=UTF-8,684.116211ms,,f54fa1fe
adaptive,https://api.querybuscas.com/pages/adaptive,,511,404,2254,107,20,text/html; charset=UTF-8,631.274226ms,,f54fa1ff
adclick,https://api.querybuscas.com/pages/adclick,,512,404,2254,107,20,text/html; charset=UTF-8,640.402053ms,,f54fa200
add,https://api.querybuscas.com/pages/add,,513,404,2254,107,20,text/html; charset=UTF-8,658.457141ms,,f54fa201
add_cart,https://api.querybuscas.com/pages/add_cart,,514,404,2254,107,20,text/html; charset=UTF-8,703.109832ms,,f54fa202
addfav,https://api.querybuscas.com/pages/addfav,,515,404,2254,107,20,text/html; charset=UTF-8,710.097288ms,,f54fa203
addnews,https://api.querybuscas.com/pages/addnews,,516,404,2254,107,20,text/html; charset=UTF-8,720.630183ms,,f54fa204
addons,https://api.querybuscas.com/pages/addons,,517,404,2254,107,20,text/html; charset=UTF-8,673.848466ms,,f54fa205
addreply,https://api.querybuscas.com/pages/addreply,,519,404,2254,107,20,text/html; charset=UTF-8,586.509713ms,,f54fa207
addpost,https://api.querybuscas.com/pages/addpost,,518,404,2254,107,20,text/html; charset=UTF-8,613.637428ms,,f54fa206
address,https://api.querybuscas.com/pages/address,,520,404,2254,107,20,text/html; charset=UTF-8,664.302614ms,,f54fa208
address_book,https://api.querybuscas.com/pages/address_book,,521,404,2254,107,20,text/html; charset=UTF-8,622.112125ms,,f54fa209
addressbook,https://api.querybuscas.com/pages/addressbook,,522,404,2254,107,20,text/html; charset=UTF-8,557.189666ms,,f54fa20a
addresses,https://api.querybuscas.com/pages/addresses,,523,404,2254,107,20,text/html; charset=UTF-8,734.565409ms,,f54fa20b
adlog,https://api.querybuscas.com/pages/adlog,,525,404,2254,107,20,text/html; charset=UTF-8,559.824521ms,,f54fa20d
adlogger,https://api.querybuscas.com/pages/adlogger,,526,404,2254,107,20,text/html; charset=UTF-8,546.565594ms,,f54fa20e
addtocart,https://api.querybuscas.com/pages/addtocart,,524,404,2254,107,20,text/html; charset=UTF-8,652.27555ms,,f54fa20c
adm,https://api.querybuscas.com/pages/adm,,527,404,2254,107,20,text/html; charset=UTF-8,566.402583ms,,f54fa20f
admin-admin,https://api.querybuscas.com/pages/admin-admin,,529,404,2254,107,20,text/html; charset=UTF-8,714.123168ms,,f54fa211
admin-console,https://api.querybuscas.com/pages/admin-console,,530,404,2254,107,20,text/html; charset=UTF-8,717.171397ms,,f54fa212
admin,https://api.querybuscas.com/pages/admin,/,528,302,23,4,1,text/plain; charset=utf-8,759.170409ms,,f54fa210
admin-interface,https://api.querybuscas.com/pages/admin-interface,,531,404,2254,107,20,text/html; charset=UTF-8,672.559942ms,,f54fa213
administrator-panel,https://api.querybuscas.com/pages/administrator-panel,,532,429,17,3,2,text/plain; charset=UTF-8,351.389179ms,,f54fa214
admin.cgi,https://api.querybuscas.com/pages/admin.cgi,,533,429,17,3,2,text/plain; charset=UTF-8,371.454577ms,,f54fa215
admin.php,https://api.querybuscas.com/pages/admin.php,,534,429,17,3,2,text/plain; charset=UTF-8,458.818317ms,,f54fa216
admin.pl,https://api.querybuscas.com/pages/admin.pl,,535,429,17,3,2,text/plain; charset=UTF-8,382.384731ms,,f54fa217
admin1,https://api.querybuscas.com/pages/admin1,,536,429,17,3,2,text/plain; charset=UTF-8,277.780541ms,,f54fa218
admin2,https://api.querybuscas.com/pages/admin2,,537,429,17,3,2,text/plain; charset=UTF-8,312.496213ms,,f54fa219
admin3,https://api.querybuscas.com/pages/admin3,,538,429,17,3,2,text/plain; charset=UTF-8,382.474085ms,,f54fa21a
admin4_colon,https://api.querybuscas.com/pages/admin4_colon,,540,429,17,3,2,text/plain; charset=UTF-8,285.884882ms,,f54fa21c
admin4_account,https://api.querybuscas.com/pages/admin4_account,,539,429,17,3,2,text/plain; charset=UTF-8,366.536997ms,,f54fa21b
admin_,https://api.querybuscas.com/pages/admin_,,541,429,17,3,2,text/plain; charset=UTF-8,377.519516ms,,f54fa21d
admin_banner,https://api.querybuscas.com/pages/admin_banner,,543,429,17,3,2,text/plain; charset=UTF-8,245.624043ms,,f54fa21f
admin_area,https://api.querybuscas.com/pages/admin_area,,542,429,17,3,2,text/plain; charset=UTF-8,298.591611ms,,f54fa21e
admin_c,https://api.querybuscas.com/pages/admin_c,,544,429,17,3,2,text/plain; charset=UTF-8,382.957952ms,,f54fa220
admin_index,https://api.querybuscas.com/pages/admin_index,,545,429,17,3,2,text/plain; charset=UTF-8,336.395165ms,,f54fa221
admin_interface,https://api.querybuscas.com/pages/admin_interface,,546,429,17,3,2,text/plain; charset=UTF-8,382.615483ms,,f54fa222
admin_login,https://api.querybuscas.com/pages/admin_login,,547,429,17,3,2,text/plain; charset=UTF-8,453.52709ms,,f54fa223
admin_logon,https://api.querybuscas.com/pages/admin_logon,,548,429,17,3,2,text/plain; charset=UTF-8,341.806488ms,,f54fa224
admincontrol,https://api.querybuscas.com/pages/admincontrol,,549,429,17,3,2,text/plain; charset=UTF-8,366.310568ms,,f54fa225
admincp,https://api.querybuscas.com/pages/admincp,,550,429,17,3,2,text/plain; charset=UTF-8,385.760198ms,,f54fa226
administer,https://api.querybuscas.com/pages/administer,,552,429,17,3,2,text/plain; charset=UTF-8,351.266011ms,,f54fa228
adminhelp,https://api.querybuscas.com/pages/adminhelp,,551,429,17,3,2,text/plain; charset=UTF-8,385.116527ms,,f54fa227
administr8,https://api.querybuscas.com/pages/administr8,,553,429,17,3,2,text/plain; charset=UTF-8,408.569303ms,,f54fa229
administracion,https://api.querybuscas.com/pages/administracion,,554,429,17,3,2,text/plain; charset=UTF-8,427.181069ms,,f54fa22a
administrat,https://api.querybuscas.com/pages/administrat,,556,429,17,3,2,text/plain; charset=UTF-8,411.185587ms,,f54fa22c
administratie,https://api.querybuscas.com/pages/administratie,,557,429,17,3,2,text/plain; charset=UTF-8,291.831669ms,,f54fa22d
administrador,https://api.querybuscas.com/pages/administrador,,555,429,17,3,2,text/plain; charset=UTF-8,480.035528ms,,f54fa22b
administration,https://api.querybuscas.com/pages/administration,,558,429,17,3,2,text/plain; charset=UTF-8,310.24962ms,,f54fa22e
administrator,https://api.querybuscas.com/pages/administrator,,559,429,17,3,2,text/plain; charset=UTF-8,293.602605ms,,f54fa22f
administratoraccounts,https://api.querybuscas.com/pages/administratoraccounts,,560,429,17,3,2,text/plain; charset=UTF-8,262.605717ms,,f54fa230
administrators,https://api.querybuscas.com/pages/administrators,,561,429,17,3,2,text/plain; charset=UTF-8,393.487332ms,,f54fa231
administrivia,https://api.querybuscas.com/pages/administrivia,,562,429,17,3,2,text/plain; charset=UTF-8,372.006728ms,,f54fa232
adminlogin,https://api.querybuscas.com/pages/adminlogin,,563,429,17,3,2,text/plain; charset=UTF-8,311.86362ms,,f54fa233
adminlogon,https://api.querybuscas.com/pages/adminlogon,,564,429,17,3,2,text/plain; charset=UTF-8,311.941375ms,,f54fa234
adminpanel,https://api.querybuscas.com/pages/adminpanel,,565,429,17,3,2,text/plain; charset=UTF-8,342.629973ms,,f54fa235
adminpro,https://api.querybuscas.com/pages/adminpro,,566,429,17,3,2,text/plain; charset=UTF-8,277.59293ms,,f54fa236
adminsessions,https://api.querybuscas.com/pages/adminsessions,,568,429,17,3,2,text/plain; charset=UTF-8,326.795541ms,,f54fa238
admins,https://api.querybuscas.com/pages/admins,,567,429,17,3,2,text/plain; charset=UTF-8,344.556885ms,,f54fa237
admintools,https://api.querybuscas.com/pages/admintools,,570,429,17,3,2,text/plain; charset=UTF-8,435.39837ms,,f54fa23a
admissions,https://api.querybuscas.com/pages/admissions,,571,429,17,3,2,text/plain; charset=UTF-8,389.497138ms,,f54fa23b
adminsql,https://api.querybuscas.com/pages/adminsql,,569,429,17,3,2,text/plain; charset=UTF-8,554.895607ms,,f54fa239
adobe,https://api.querybuscas.com/pages/adobe,,573,429,17,3,2,text/plain; charset=UTF-8,288.71911ms,,f54fa23d
adserver,https://api.querybuscas.com/pages/adserver,,576,429,17,3,2,text/plain; charset=UTF-8,417.338022ms,,f54fa240
adodb,https://api.querybuscas.com/pages/adodb,,574,429,17,3,2,text/plain; charset=UTF-8,427.625613ms,,f54fa23e
ads,https://api.querybuscas.com/pages/ads,,575,429,17,3,2,text/plain; charset=UTF-8,427.717999ms,,f54fa23f
adsl,https://api.querybuscas.com/pages/adsl,,577,429,17,3,2,text/plain; charset=UTF-8,373.348996ms,,f54fa241
adv,https://api.querybuscas.com/pages/adv,,578,429,17,3,2,text/plain; charset=UTF-8,312.692939ms,,f54fa242
advanced,https://api.querybuscas.com/pages/advanced,,580,429,17,3,2,text/plain; charset=UTF-8,483.976201ms,,f54fa244
adv_counter,https://api.querybuscas.com/pages/adv_counter,,579,429,17,3,2,text/plain; charset=UTF-8,484.369668ms,,f54fa243
advanced_search,https://api.querybuscas.com/pages/advanced_search,,581,429,17,3,2,text/plain; charset=UTF-8,343.080134ms,,f54fa245
advancedsearch,https://api.querybuscas.com/pages/advancedsearch,,582,429,17,3,2,text/plain; charset=UTF-8,428.678793ms,,f54fa246
advert,https://api.querybuscas.com/pages/advert,,583,429,17,3,2,text/plain; charset=UTF-8,281.781146ms,,f54fa247
advertise,https://api.querybuscas.com/pages/advertise,,584,429,17,3,2,text/plain; charset=UTF-8,281.90352ms,,f54fa248
advertisement,https://api.querybuscas.com/pages/advertisement,,585,429,17,3,2,text/plain; charset=UTF-8,425.650018ms,,f54fa249
advertisers,https://api.querybuscas.com/pages/advertisers,,586,429,17,3,2,text/plain; charset=UTF-8,287.532709ms,,f54fa24a
adverts,https://api.querybuscas.com/pages/adverts,,588,429,17,3,2,text/plain; charset=UTF-8,443.570001ms,,f54fa24c
advertising,https://api.querybuscas.com/pages/advertising,,587,429,17,3,2,text/plain; charset=UTF-8,447.844059ms,,f54fa24b
advice,https://api.querybuscas.com/pages/advice,,589,429,17,3,2,text/plain; charset=UTF-8,430.277632ms,,f54fa24d
adview,https://api.querybuscas.com/pages/adview,,590,429,17,3,2,text/plain; charset=UTF-8,398.131968ms,,f54fa24e
advisories,https://api.querybuscas.com/pages/advisories,,591,429,17,3,2,text/plain; charset=UTF-8,276.087063ms,,f54fa24f
af,https://api.querybuscas.com/pages/af,,592,429,17,3,2,text/plain; charset=UTF-8,556.732809ms,,f54fa250
aff,https://api.querybuscas.com/pages/aff,,593,429,17,3,2,text/plain; charset=UTF-8,495.793856ms,,f54fa251
affiliate,https://api.querybuscas.com/pages/affiliate,,595,429,17,3,2,text/plain; charset=UTF-8,665.601572ms,,f54fa253
affiche,https://api.querybuscas.com/pages/affiche,,594,429,17,3,2,text/plain; charset=UTF-8,765.174672ms,,f54fa252
affiliate_info,https://api.querybuscas.com/pages/affiliate_info,,596,429,17,3,2,text/plain; charset=UTF-8,586.53161ms,,f54fa254
affiliates,https://api.querybuscas.com/pages/affiliates,,598,429,17,3,2,text/plain; charset=UTF-8,334.810113ms,,f54fa256
affiliate_terms,https://api.querybuscas.com/pages/affiliate_terms,,597,429,17,3,2,text/plain; charset=UTF-8,563.682904ms,,f54fa255
affiliatewiz,https://api.querybuscas.com/pages/affiliatewiz,,599,429,17,3,2,text/plain; charset=UTF-8,494.085148ms,,f54fa257
africa,https://api.querybuscas.com/pages/africa,,600,429,17,3,2,text/plain; charset=UTF-8,381.284081ms,,f54fa258
agency,https://api.querybuscas.com/pages/agency,,602,429,17,3,2,text/plain; charset=UTF-8,483.896167ms,,f54fa25a
agb,https://api.querybuscas.com/pages/agb,,601,429,17,3,2,text/plain; charset=UTF-8,484.410974ms,,f54fa259
agenda,https://api.querybuscas.com/pages/agenda,,603,429,17,3,2,text/plain; charset=UTF-8,427.281538ms,,f54fa25b
agent,https://api.querybuscas.com/pages/agent,,604,429,17,3,2,text/plain; charset=UTF-8,435.613662ms,,f54fa25c
agents,https://api.querybuscas.com/pages/agents,,605,429,17,3,2,text/plain; charset=UTF-8,252.471731ms,,f54fa25d
aggregator,https://api.querybuscas.com/pages/aggregator,,606,429,17,3,2,text/plain; charset=UTF-8,406.307982ms,,f54fa25e
ajax,https://api.querybuscas.com/pages/ajax,,607,429,17,3,2,text/plain; charset=UTF-8,365.450579ms,,f54fa25f
akamai,https://api.querybuscas.com/pages/akamai,,609,429,17,3,2,text/plain; charset=UTF-8,321.238227ms,,f54fa261
ajax_cron,https://api.querybuscas.com/pages/ajax_cron,,608,429,17,3,2,text/plain; charset=UTF-8,370.533318ms,,f54fa260
akeeba.backend.log,https://api.querybuscas.com/pages/akeeba.backend.log,,610,429,17,3,2,text/plain; charset=UTF-8,359.970285ms,,f54fa262
alarm,https://api.querybuscas.com/pages/alarm,,611,429,17,3,2,text/plain; charset=UTF-8,326.1374ms,,f54fa263
album,https://api.querybuscas.com/pages/album,,613,429,17,3,2,text/plain; charset=UTF-8,429.495375ms,,f54fa265
alarms,https://api.querybuscas.com/pages/alarms,,612,429,17,3,2,text/plain; charset=UTF-8,435.790565ms,,f54fa264
albums,https://api.querybuscas.com/pages/albums,,614,429,17,3,2,text/plain; charset=UTF-8,338.87309ms,,f54fa266
alcatel,https://api.querybuscas.com/pages/alcatel,,615,429,17,3,2,text/plain; charset=UTF-8,503.054653ms,,f54fa267
alert,https://api.querybuscas.com/pages/alert,,616,429,17,3,2,text/plain; charset=UTF-8,344.68285ms,,f54fa268
alerts,https://api.querybuscas.com/pages/alerts,,617,429,17,3,2,text/plain; charset=UTF-8,446.568745ms,,f54fa269
alias,https://api.querybuscas.com/pages/alias,,618,429,17,3,2,text/plain; charset=UTF-8,419.76685ms,,f54fa26a
aliases,https://api.querybuscas.com/pages/aliases,,619,429,17,3,2,text/plain; charset=UTF-8,369.410923ms,,f54fa26b
alive,https://api.querybuscas.com/pages/alive,,620,429,17,3,2,text/plain; charset=UTF-8,361.855542ms,,f54fa26c
all,https://api.querybuscas.com/pages/all,,621,429,17,3,2,text/plain; charset=UTF-8,390.541165ms,,f54fa26d
all-wcprops,https://api.querybuscas.com/pages/all-wcprops,,622,429,17,3,2,text/plain; charset=UTF-8,358.21916ms,,f54fa26e
alltime,https://api.querybuscas.com/pages/alltime,,623,429,17,3,2,text/plain; charset=UTF-8,338.958566ms,,f54fa26f
alpha,https://api.querybuscas.com/pages/alpha,,624,429,17,3,2,text/plain; charset=UTF-8,346.62636ms,,f54fa270
alumni,https://api.querybuscas.com/pages/alumni,,626,429,17,3,2,text/plain; charset=UTF-8,360.006901ms,,f54fa272
alt,https://api.querybuscas.com/pages/alt,,625,429,17,3,2,text/plain; charset=UTF-8,397.042823ms,,f54fa271
alumni_add,https://api.querybuscas.com/pages/alumni_add,,627,429,17,3,2,text/plain; charset=UTF-8,501.696119ms,,f54fa273
alumni_reunions,https://api.querybuscas.com/pages/alumni_reunions,,630,429,17,3,2,text/plain; charset=UTF-8,378.283497ms,,f54fa276
alumni_info,https://api.querybuscas.com/pages/alumni_info,,629,429,17,3,2,text/plain; charset=UTF-8,379.352848ms,,f54fa275
alumni_details,https://api.querybuscas.com/pages/alumni_details,,628,429,17,3,2,text/plain; charset=UTF-8,566.577455ms,,f54fa274
alumni_update,https://api.querybuscas.com/pages/alumni_update,,631,429,17,3,2,text/plain; charset=UTF-8,415.479467ms,,f54fa277
amazon,https://api.querybuscas.com/pages/amazon,,634,429,17,3,2,text/plain; charset=UTF-8,349.711224ms,,f54fa27a
am,https://api.querybuscas.com/pages/am,,632,429,17,3,2,text/plain; charset=UTF-8,351.016678ms,,f54fa278
amanda,https://api.querybuscas.com/pages/amanda,,633,429,17,3,2,text/plain; charset=UTF-8,350.440816ms,,f54fa279
analog,https://api.querybuscas.com/pages/analog,,636,429,17,3,2,text/plain; charset=UTF-8,466.396352ms,,f54fa27c
analyse,https://api.querybuscas.com/pages/analyse,,638,429,17,3,2,text/plain; charset=UTF-8,466.371085ms,,f54fa27e
amember,https://api.querybuscas.com/pages/amember,,635,429,17,3,2,text/plain; charset=UTF-8,475.656054ms,,f54fa27b
analog.html,https://api.querybuscas.com/pages/analog.html,,637,429,17,3,2,text/plain; charset=UTF-8,466.862278ms,,f54fa27d
analysis,https://api.querybuscas.com/pages/analysis,,639,404,2254,107,20,text/html; charset=UTF-8,548.555058ms,,f54fa27f
and,https://api.querybuscas.com/pages/and,,641,404,2254,107,20,text/html; charset=UTF-8,615.803146ms,,f54fa281
analytics,https://api.querybuscas.com/pages/analytics,,640,404,2254,107,20,text/html; charset=UTF-8,630.266965ms,,f54fa280
android,https://api.querybuscas.com/pages/android,,642,404,2254,107,20,text/html; charset=UTF-8,799.937017ms,,f54fa282
android/config,https://api.querybuscas.com/pages/android/config,,643,404,2254,107,20,text/html; charset=UTF-8,622.753455ms,,f54fa283
announce,https://api.querybuscas.com/pages/announce,,644,404,2254,107,20,text/html; charset=UTF-8,723.00368ms,,f54fa284
announcement,https://api.querybuscas.com/pages/announcement,,645,404,2254,107,20,text/html; charset=UTF-8,711.672575ms,,f54fa285
announcements,https://api.querybuscas.com/pages/announcements,,646,404,2254,107,20,text/html; charset=UTF-8,673.236065ms,,f54fa286
annuaire,https://api.querybuscas.com/pages/annuaire,,647,404,2254,107,20,text/html; charset=UTF-8,621.144959ms,,f54fa287
annual,https://api.querybuscas.com/pages/annual,,648,404,2254,107,20,text/html; charset=UTF-8,641.401137ms,,f54fa288
anon,https://api.querybuscas.com/pages/anon,,649,404,2254,107,20,text/html; charset=UTF-8,647.980778ms,,f54fa289
anon_ftp,https://api.querybuscas.com/pages/anon_ftp,,650,404,2254,107,20,text/html; charset=UTF-8,680.83272ms,,f54fa28a
anonymous,https://api.querybuscas.com/pages/anonymous,,651,404,2254,107,20,text/html; charset=UTF-8,598.099867ms,,f54fa28b
ansi,https://api.querybuscas.com/pages/ansi,,652,404,2254,107,20,text/html; charset=UTF-8,629.957548ms,,f54fa28c
answer,https://api.querybuscas.com/pages/answer,,653,404,2254,107,20,text/html; charset=UTF-8,683.305172ms,,f54fa28d
answers,https://api.querybuscas.com/pages/answers,,654,404,2254,107,20,text/html; charset=UTF-8,631.083815ms,,f54fa28e
antibot_image,https://api.querybuscas.com/pages/antibot_image,,655,404,2254,107,20,text/html; charset=UTF-8,643.468794ms,,f54fa28f
antispam,https://api.querybuscas.com/pages/antispam,,656,404,2254,107,20,text/html; charset=UTF-8,1.003646274s,,f54fa290
antivirus,https://api.querybuscas.com/pages/antivirus,,657,404,2254,107,20,text/html; charset=UTF-8,943.459132ms,,f54fa291
anuncios,https://api.querybuscas.com/pages/anuncios,,658,404,2254,107,20,text/html; charset=UTF-8,953.653061ms,,f54fa292
any,https://api.querybuscas.com/pages/any,,659,404,2254,107,20,text/html; charset=UTF-8,811.645821ms,,f54fa293
aol,https://api.querybuscas.com/pages/aol,,660,404,2254,107,20,text/html; charset=UTF-8,583.841217ms,,f54fa294
apac,https://api.querybuscas.com/pages/apac,,662,404,2254,107,20,text/html; charset=UTF-8,606.347609ms,,f54fa296
ap,https://api.querybuscas.com/pages/ap,,661,404,2254,107,20,text/html; charset=UTF-8,768.830939ms,,f54fa295
apache,https://api.querybuscas.com/pages/apache,,663,404,2254,107,20,text/html; charset=UTF-8,730.986022ms,,f54fa297
apanel,https://api.querybuscas.com/pages/apanel,,664,404,2254,107,20,text/html; charset=UTF-8,716.044156ms,,f54fa298
apc,https://api.querybuscas.com/pages/apc,,665,404,2254,107,20,text/html; charset=UTF-8,611.027285ms,,f54fa299
apexec,https://api.querybuscas.com/pages/apexec,,666,404,2254,107,20,text/html; charset=UTF-8,766.365606ms,,f54fa29a
api,https://api.querybuscas.com/pages/api,,667,404,2254,107,20,text/html; charset=UTF-8,708.572238ms,,f54fa29b
api/experiments,https://api.querybuscas.com/pages/api/experiments,,668,404,2254,107,20,text/html; charset=UTF-8,737.275875ms,,f54fa29c
api/experiments/configurations,https://api.querybuscas.com/pages/api/experiments/configurations,,669,404,2254,107,20,text/html; charset=UTF-8,888.738982ms,,f54fa29d
apis,https://api.querybuscas.com/pages/apis,,670,404,2254,107,20,text/html; charset=UTF-8,942.466592ms,,f54fa29e
apl,https://api.querybuscas.com/pages/apl,,671,404,2254,107,20,text/html; charset=UTF-8,955.55717ms,,f54fa29f
apm,https://api.querybuscas.com/pages/apm,,672,404,2254,107,20,text/html; charset=UTF-8,771.956964ms,,f54fa2a0
app,https://api.querybuscas.com/pages/app,,673,404,2254,107,20,text/html; charset=UTF-8,738.819946ms,,f54fa2a1
app_browser,https://api.querybuscas.com/pages/app_browser,,674,404,2254,107,20,text/html; charset=UTF-8,638.444728ms,,f54fa2a2
app_browsers,https://api.querybuscas.com/pages/app_browsers,,675,404,2254,107,20,text/html; charset=UTF-8,655.713809ms,,f54fa2a3
app_code,https://api.querybuscas.com/pages/app_code,,676,404,2254,107,20,text/html; charset=UTF-8,622.461253ms,,f54fa2a4
app_data,https://api.querybuscas.com/pages/app_data,,677,404,2254,107,20,text/html; charset=UTF-8,720.433984ms,,f54fa2a5
app_themes,https://api.querybuscas.com/pages/app_themes,,678,404,2254,107,20,text/html; charset=UTF-8,747.56517ms,,f54fa2a6
appeal,https://api.querybuscas.com/pages/appeal,,679,404,2254,107,20,text/html; charset=UTF-8,680.688064ms,,f54fa2a7
appeals,https://api.querybuscas.com/pages/appeals,,680,404,2254,107,20,text/html; charset=UTF-8,539.92168ms,,f54fa2a8
append,https://api.querybuscas.com/pages/append,,681,404,2254,107,20,text/html; charset=UTF-8,714.616955ms,,f54fa2a9
appl,https://api.querybuscas.com/pages/appl,,682,404,2254,107,20,text/html; charset=UTF-8,638.726745ms,,f54fa2aa
apple,https://api.querybuscas.com/pages/apple,,683,404,2254,107,20,text/html; charset=UTF-8,598.465755ms,,f54fa2ab
apple-app-site-association,https://api.querybuscas.com/pages/apple-app-site-association,,684,404,2254,107,20,text/html; charset=UTF-8,639.48518ms,,f54fa2ac
applet,https://api.querybuscas.com/pages/applet,,685,404,2254,107,20,text/html; charset=UTF-8,599.623269ms,,f54fa2ad
applets,https://api.querybuscas.com/pages/applets,,686,404,2254,107,20,text/html; charset=UTF-8,634.252721ms,,f54fa2ae
appliation,https://api.querybuscas.com/pages/appliation,,688,404,2254,107,20,text/html; charset=UTF-8,552.054193ms,,f54fa2b0
appliance,https://api.querybuscas.com/pages/appliance,,687,404,2254,107,20,text/html; charset=UTF-8,632.001127ms,,f54fa2af
application,https://api.querybuscas.com/pages/application,,689,404,2254,107,20,text/html; charset=UTF-8,646.877816ms,,f54fa2b1
application.wadl,https://api.querybuscas.com/pages/application.wadl,,690,404,2254,107,20,text/html; charset=UTF-8,661.588363ms,,f54fa2b2
applications,https://api.querybuscas.com/pages/applications,,691,404,2254,107,20,text/html; charset=UTF-8,665.253964ms,,f54fa2b3
apply,https://api.querybuscas.com/pages/apply,,692,404,2254,107,20,text/html; charset=UTF-8,640.419847ms,,f54fa2b4
apps,https://api.querybuscas.com/pages/apps,,693,404,2254,107,20,text/html; charset=UTF-8,711.704905ms,,f54fa2b5
apr,https://api.querybuscas.com/pages/apr,,694,404,2254,107,20,text/html; charset=UTF-8,607.468604ms,,f54fa2b6
ar,https://api.querybuscas.com/pages/ar,,695,404,2254,107,20,text/html; charset=UTF-8,685.775213ms,,f54fa2b7
arbeit,https://api.querybuscas.com/pages/arbeit,,696,404,2254,107,20,text/html; charset=UTF-8,814.863275ms,,f54fa2b8
arcade,https://api.querybuscas.com/pages/arcade,,697,404,2254,107,20,text/html; charset=UTF-8,601.736093ms,,f54fa2b9
architect,https://api.querybuscas.com/pages/architect,,699,404,2254,107,20,text/html; charset=UTF-8,591.093558ms,,f54fa2bb
arch,https://api.querybuscas.com/pages/arch,,698,404,2254,107,20,text/html; charset=UTF-8,696.959783ms,,f54fa2ba
architecture,https://api.querybuscas.com/pages/architecture,,700,404,2254,107,20,text/html; charset=UTF-8,779.590619ms,,f54fa2bc
archiv,https://api.querybuscas.com/pages/archiv,,701,404,2254,107,20,text/html; charset=UTF-8,608.430682ms,,f54fa2bd
archive,https://api.querybuscas.com/pages/archive,,702,404,2254,107,20,text/html; charset=UTF-8,687.295402ms,,f54fa2be
archives,https://api.querybuscas.com/pages/archives,,703,404,2254,107,20,text/html; charset=UTF-8,688.744375ms,,f54fa2bf
archivos,https://api.querybuscas.com/pages/archivos,,704,404,2254,107,20,text/html; charset=UTF-8,675.975631ms,,f54fa2c0
arquivos,https://api.querybuscas.com/pages/arquivos,,705,404,2254,107,20,text/html; charset=UTF-8,621.805574ms,,f54fa2c1
array,https://api.querybuscas.com/pages/array,,706,404,2254,107,20,text/html; charset=UTF-8,572.695372ms,,f54fa2c2
arrow,https://api.querybuscas.com/pages/arrow,,707,404,2254,107,20,text/html; charset=UTF-8,630.683051ms,,f54fa2c3
ars,https://api.querybuscas.com/pages/ars,,708,404,2254,107,20,text/html; charset=UTF-8,609.661826ms,,f54fa2c4
art,https://api.querybuscas.com/pages/art,,709,404,2254,107,20,text/html; charset=UTF-8,580.570467ms,,f54fa2c5
article,https://api.querybuscas.com/pages/article,,710,404,2254,107,20,text/html; charset=UTF-8,681.637121ms,,f54fa2c6
articles,https://api.querybuscas.com/pages/articles,,711,404,2254,107,20,text/html; charset=UTF-8,733.505432ms,,f54fa2c7
artikel,https://api.querybuscas.com/pages/artikel,,712,404,2254,107,20,text/html; charset=UTF-8,676.270291ms,,f54fa2c8
artists,https://api.querybuscas.com/pages/artists,,713,404,2254,107,20,text/html; charset=UTF-8,733.822589ms,,f54fa2c9
arts,https://api.querybuscas.com/pages/arts,,714,404,2254,107,20,text/html; charset=UTF-8,656.815058ms,,f54fa2ca
artwork,https://api.querybuscas.com/pages/artwork,,715,404,2254,107,20,text/html; charset=UTF-8,724.834276ms,,f54fa2cb
as,https://api.querybuscas.com/pages/as,,716,404,2254,107,20,text/html; charset=UTF-8,687.118203ms,,f54fa2cc
ascii,https://api.querybuscas.com/pages/ascii,,717,404,2254,107,20,text/html; charset=UTF-8,606.756288ms,,f54fa2cd
asdf,https://api.querybuscas.com/pages/asdf,,718,404,2254,107,20,text/html; charset=UTF-8,615.216228ms,,f54fa2ce
ashley,https://api.querybuscas.com/pages/ashley,,719,404,2254,107,20,text/html; charset=UTF-8,718.16899ms,,f54fa2cf
ask,https://api.querybuscas.com/pages/ask,,721,404,2254,107,20,text/html; charset=UTF-8,842.162521ms,,f54fa2d1
asia,https://api.querybuscas.com/pages/asia,,720,404,2254,107,20,text/html; charset=UTF-8,983.159025ms,,f54fa2d0
ask_a_question,https://api.querybuscas.com/pages/ask_a_question,,722,404,2254,107,20,text/html; charset=UTF-8,1.055632201s,,f54fa2d2
askapache,https://api.querybuscas.com/pages/askapache,,723,404,2254,107,20,text/html; charset=UTF-8,1.357190498s,,f54fa2d3
asp,https://api.querybuscas.com/pages/asp,,725,404,2254,107,20,text/html; charset=UTF-8,1.094696255s,,f54fa2d5
aspadmin,https://api.querybuscas.com/pages/aspadmin,,726,404,2254,107,20,text/html; charset=UTF-8,954.521517ms,,f54fa2d6
asmx,https://api.querybuscas.com/pages/asmx,,724,404,2254,107,20,text/html; charset=UTF-8,1.371431821s,,f54fa2d4
aspdnsfcommon,https://api.querybuscas.com/pages/aspdnsfcommon,,727,404,2254,107,20,text/html; charset=UTF-8,624.523422ms,,f54fa2d7
aspdnsfencrypt,https://api.querybuscas.com/pages/aspdnsfencrypt,,728,404,2254,107,20,text/html; charset=UTF-8,589.655994ms,,f54fa2d8
aspdnsfgateways,https://api.querybuscas.com/pages/aspdnsfgateways,,729,404,2254,107,20,text/html; charset=UTF-8,642.753929ms,,f54fa2d9
aspdnsfpatterns,https://api.querybuscas.com/pages/aspdnsfpatterns,,730,404,2254,107,20,text/html; charset=UTF-8,668.573212ms,,f54fa2da
aspnet_client,https://api.querybuscas.com/pages/aspnet_client,,731,404,2254,107,20,text/html; charset=UTF-8,698.217874ms,,f54fa2db
asps,https://api.querybuscas.com/pages/asps,,732,404,2254,107,20,text/html; charset=UTF-8,692.717065ms,,f54fa2dc
aspx,https://api.querybuscas.com/pages/aspx,,733,404,2254,107,20,text/html; charset=UTF-8,607.555172ms,,f54fa2dd
asset,https://api.querybuscas.com/pages/asset,,734,404,2254,107,20,text/html; charset=UTF-8,725.74998ms,,f54fa2de
assetmanage,https://api.querybuscas.com/pages/assetmanage,,735,404,2254,107,20,text/html; charset=UTF-8,644.493428ms,,f54fa2df
assets,https://api.querybuscas.com/pages/assets,,737,404,2254,107,20,text/html; charset=UTF-8,654.627102ms,,f54fa2e1
assetmanagement,https://api.querybuscas.com/pages/assetmanagement,,736,404,2254,107,20,text/html; charset=UTF-8,1.232356062s,,f54fa2e0
at,https://api.querybuscas.com/pages/at,,738,404,2254,107,20,text/html; charset=UTF-8,1.042712231s,,f54fa2e2
atom,https://api.querybuscas.com/pages/atom,,739,404,2254,107,20,text/html; charset=UTF-8,1.059677719s,,f54fa2e3
attach,https://api.querybuscas.com/pages/attach,,740,404,2254,107,20,text/html; charset=UTF-8,891.920007ms,,f54fa2e4
attachment,https://api.querybuscas.com/pages/attachment,,742,404,2254,107,20,text/html; charset=UTF-8,601.851971ms,,f54fa2e6
attach_mod,https://api.querybuscas.com/pages/attach_mod,,741,404,2254,107,20,text/html; charset=UTF-8,749.501953ms,,f54fa2e5
attachments,https://api.querybuscas.com/pages/attachments,,743,404,2254,107,20,text/html; charset=UTF-8,630.797355ms,,f54fa2e7
attachs,https://api.querybuscas.com/pages/attachs,,744,404,2254,107,20,text/html; charset=UTF-8,620.245502ms,,f54fa2e8
attic,https://api.querybuscas.com/pages/attic,,745,404,2254,107,20,text/html; charset=UTF-8,608.308905ms,,f54fa2e9
au,https://api.querybuscas.com/pages/au,,746,404,2254,107,20,text/html; charset=UTF-8,717.985053ms,,f54fa2ea
auctions,https://api.querybuscas.com/pages/auctions,,748,404,2254,107,20,text/html; charset=UTF-8,666.439958ms,,f54fa2ec
auction,https://api.querybuscas.com/pages/auction,,747,404,2254,107,20,text/html; charset=UTF-8,801.535437ms,,f54fa2eb
audio,https://api.querybuscas.com/pages/audio,,749,404,2254,107,20,text/html; charset=UTF-8,566.924829ms,,f54fa2ed
audit,https://api.querybuscas.com/pages/audit,,750,404,2254,107,20,text/html; charset=UTF-8,730.661732ms,,f54fa2ee
audits,https://api.querybuscas.com/pages/audits,,751,404,2254,107,20,text/html; charset=UTF-8,551.429267ms,,f54fa2ef
auth,https://api.querybuscas.com/pages/auth,,752,404,2254,107,20,text/html; charset=UTF-8,652.022356ms,,f54fa2f0
authentication,https://api.querybuscas.com/pages/authentication,,753,404,2254,107,20,text/html; charset=UTF-8,675.653029ms,,f54fa2f1
author,https://api.querybuscas.com/pages/author,,754,404,2254,107,20,text/html; charset=UTF-8,696.233113ms,,f54fa2f2
authoring,https://api.querybuscas.com/pages/authoring,,755,404,2254,107,20,text/html; charset=UTF-8,649.579173ms,,f54fa2f3
authorization,https://api.querybuscas.com/pages/authorization,,756,404,2254,107,20,text/html; charset=UTF-8,656.000443ms,,f54fa2f4
authorize,https://api.querybuscas.com/pages/authorize,,757,404,2254,107,20,text/html; charset=UTF-8,757.665214ms,,f54fa2f5
authorized_keys,https://api.querybuscas.com/pages/authorized_keys,,758,404,2254,107,20,text/html; charset=UTF-8,852.477925ms,,f54fa2f6
authuser,https://api.querybuscas.com/pages/authuser,,760,404,2254,107,20,text/html; charset=UTF-8,750.490566ms,,f54fa2f8
authors,https://api.querybuscas.com/pages/authors,,759,404,2254,107,20,text/html; charset=UTF-8,897.888892ms,,f54fa2f7
authusers,https://api.querybuscas.com/pages/authusers,,761,404,2254,107,20,text/html; charset=UTF-8,739.773078ms,,f54fa2f9
auto,https://api.querybuscas.com/pages/auto,,762,404,2254,107,20,text/html; charset=UTF-8,701.80898ms,,f54fa2fa
autocheck,https://api.querybuscas.com/pages/autocheck,,764,404,2254,107,20,text/html; charset=UTF-8,608.000643ms,,f54fa2fc
autobackup,https://api.querybuscas.com/pages/autobackup,,763,404,2254,107,20,text/html; charset=UTF-8,682.23928ms,,f54fa2fb
autodeploy,https://api.querybuscas.com/pages/autodeploy,,765,404,2254,107,20,text/html; charset=UTF-8,696.815823ms,,f54fa2fd
autodiscover,https://api.querybuscas.com/pages/autodiscover,,766,404,2254,107,20,text/html; charset=UTF-8,756.690886ms,,f54fa2fe
autologin,https://api.querybuscas.com/pages/autologin,,767,404,2254,107,20,text/html; charset=UTF-8,806.942334ms,,f54fa2ff
automatic,https://api.querybuscas.com/pages/automatic,,768,404,2254,107,20,text/html; charset=UTF-8,804.555702ms,,f54fa300
automation,https://api.querybuscas.com/pages/automation,,769,404,2254,107,20,text/html; charset=UTF-8,767.661617ms,,f54fa301
automotive,https://api.querybuscas.com/pages/automotive,,770,404,2254,107,20,text/html; charset=UTF-8,657.293584ms,,f54fa302
aux,https://api.querybuscas.com/pages/aux,,771,404,2254,107,20,text/html; charset=UTF-8,607.238004ms,,f54fa303
av,https://api.querybuscas.com/pages/av,,772,404,2254,107,20,text/html; charset=UTF-8,648.992573ms,,f54fa304
avatar,https://api.querybuscas.com/pages/avatar,,773,404,2254,107,20,text/html; charset=UTF-8,639.944225ms,,f54fa305
avatars,https://api.querybuscas.com/pages/avatars,,774,404,2254,107,20,text/html; charset=UTF-8,621.059329ms,,f54fa306
aw,https://api.querybuscas.com/pages/aw,,775,404,2254,107,20,text/html; charset=UTF-8,653.006446ms,,f54fa307
award,https://api.querybuscas.com/pages/award,,776,404,2254,107,20,text/html; charset=UTF-8,730.121105ms,,f54fa308
awardingbodies,https://api.querybuscas.com/pages/awardingbodies,,777,404,2254,107,20,text/html; charset=UTF-8,732.914434ms,,f54fa309
awards,https://api.querybuscas.com/pages/awards,,778,404,2254,107,20,text/html; charset=UTF-8,618.623347ms,,f54fa30a
awl,https://api.querybuscas.com/pages/awl,,779,404,2254,107,20,text/html; charset=UTF-8,637.494902ms,,f54fa30b
awmdata,https://api.querybuscas.com/pages/awmdata,,780,404,2254,107,20,text/html; charset=UTF-8,670.947253ms,,f54fa30c
awstats,https://api.querybuscas.com/pages/awstats,,781,404,2254,107,20,text/html; charset=UTF-8,657.21006ms,,f54fa30d
awstats.conf,https://api.querybuscas.com/pages/awstats.conf,,782,404,2254,107,20,text/html; charset=UTF-8,639.117673ms,,f54fa30e
axis,https://api.querybuscas.com/pages/axis,,783,404,2254,107,20,text/html; charset=UTF-8,699.292581ms,,f54fa30f
axis-admin,https://api.querybuscas.com/pages/axis-admin,,784,404,2254,107,20,text/html; charset=UTF-8,745.877946ms,,f54fa310
axis2,https://api.querybuscas.com/pages/axis2,,785,404,2254,107,20,text/html; charset=UTF-8,703.85448ms,,f54fa311
axis2-admin,https://api.querybuscas.com/pages/axis2-admin,,786,404,2254,107,20,text/html; charset=UTF-8,677.777818ms,,f54fa312
axs,https://api.querybuscas.com/pages/axs,,787,404,2254,107,20,text/html; charset=UTF-8,605.226769ms,,f54fa313
b1,https://api.querybuscas.com/pages/b1,,790,429,17,3,2,text/plain; charset=UTF-8,367.688269ms,,f54fa316
az,https://api.querybuscas.com/pages/az,,788,404,2254,107,20,text/html; charset=UTF-8,699.930249ms,,f54fa314
b2b,https://api.querybuscas.com/pages/b2b,,791,429,17,3,2,text/plain; charset=UTF-8,332.270923ms,,f54fa317
b,https://api.querybuscas.com/pages/b,,789,404,2254,107,20,text/html; charset=UTF-8,705.715684ms,,f54fa315
back-up,https://api.querybuscas.com/pages/back-up,,794,429,17,3,2,text/plain; charset=UTF-8,322.225798ms,,f54fa31a
back,https://api.querybuscas.com/pages/back,,793,429,17,3,2,text/plain; charset=UTF-8,326.163904ms,,f54fa319
b2c,https://api.querybuscas.com/pages/b2c,,792,429,17,3,2,text/plain; charset=UTF-8,351.896699ms,,f54fa318
backdoor,https://api.querybuscas.com/pages/backdoor,,795,429,17,3,2,text/plain; charset=UTF-8,417.520743ms,,f54fa31b
backend,https://api.querybuscas.com/pages/backend,,796,429,17,3,2,text/plain; charset=UTF-8,382.72805ms,,f54fa31c
backgrounds,https://api.querybuscas.com/pages/backgrounds,,798,429,17,3,2,text/plain; charset=UTF-8,401.805849ms,,f54fa31e
background,https://api.querybuscas.com/pages/background,,797,429,17,3,2,text/plain; charset=UTF-8,427.589414ms,,f54fa31d
backup,https://api.querybuscas.com/pages/backup,,800,429,17,3,2,text/plain; charset=UTF-8,510.197489ms,,f54fa320
backoffice,https://api.querybuscas.com/pages/backoffice,,799,429,17,3,2,text/plain; charset=UTF-8,637.647949ms,,f54fa31f
backup-db,https://api.querybuscas.com/pages/backup-db,,801,429,17,3,2,text/plain; charset=UTF-8,506.991277ms,,f54fa321
backup2,https://api.querybuscas.com/pages/backup2,,802,429,17,3,2,text/plain; charset=UTF-8,507.05766ms,,f54fa322
backup_migrate,https://api.querybuscas.com/pages/backup_migrate,,803,429,17,3,2,text/plain; charset=UTF-8,305.384659ms,,f54fa323
backups,https://api.querybuscas.com/pages/backups,,804,429,17,3,2,text/plain; charset=UTF-8,367.337373ms,,f54fa324
bad_link,https://api.querybuscas.com/pages/bad_link,,805,429,17,3,2,text/plain; charset=UTF-8,434.211811ms,,f54fa325
bak,https://api.querybuscas.com/pages/bak,,806,429,17,3,2,text/plain; charset=UTF-8,434.3832ms,,f54fa326
bak-up,https://api.querybuscas.com/pages/bak-up,,807,429,17,3,2,text/plain; charset=UTF-8,359.742152ms,,f54fa327
bakup,https://api.querybuscas.com/pages/bakup,,808,429,17,3,2,text/plain; charset=UTF-8,378.492835ms,,f54fa328
balances,https://api.querybuscas.com/pages/balances,,810,429,17,3,2,text/plain; charset=UTF-8,360.530579ms,,f54fa32a
balance,https://api.querybuscas.com/pages/balance,,809,429,17,3,2,text/plain; charset=UTF-8,360.98103ms,,f54fa329
ban,https://api.querybuscas.com/pages/ban,,811,429,17,3,2,text/plain; charset=UTF-8,375.980733ms,,f54fa32b
bandwidth,https://api.querybuscas.com/pages/bandwidth,,812,429,17,3,2,text/plain; charset=UTF-8,335.574594ms,,f54fa32c
banking,https://api.querybuscas.com/pages/banking,,814,429,17,3,2,text/plain; charset=UTF-8,324.4956ms,,f54fa32e
bank,https://api.querybuscas.com/pages/bank,,813,429,17,3,2,text/plain; charset=UTF-8,345.681327ms,,f54fa32d
banks,https://api.querybuscas.com/pages/banks,,815,429,17,3,2,text/plain; charset=UTF-8,309.230347ms,,f54fa32f
banned,https://api.querybuscas.com/pages/banned,,816,429,17,3,2,text/plain; charset=UTF-8,357.39738ms,,f54fa330
banner,https://api.querybuscas.com/pages/banner,,817,429,17,3,2,text/plain; charset=UTF-8,301.465128ms,,f54fa331
banner2,https://api.querybuscas.com/pages/banner2,,818,429,17,3,2,text/plain; charset=UTF-8,457.965272ms,,f54fa332
banner_element,https://api.querybuscas.com/pages/banner_element,,819,429,17,3,2,text/plain; charset=UTF-8,491.857651ms,,f54fa333
bannerads,https://api.querybuscas.com/pages/bannerads,,821,429,17,3,2,text/plain; charset=UTF-8,469.624597ms,,f54fa335
banneradmin,https://api.querybuscas.com/pages/banneradmin,,820,429,17,3,2,text/plain; charset=UTF-8,494.953043ms,,f54fa334
banners,https://api.querybuscas.com/pages/banners,,822,429,17,3,2,text/plain; charset=UTF-8,313.417161ms,,f54fa336
bar,https://api.querybuscas.com/pages/bar,,823,429,17,3,2,text/plain; charset=UTF-8,352.672793ms,,f54fa337
base,https://api.querybuscas.com/pages/base,,824,429,17,3,2,text/plain; charset=UTF-8,399.903419ms,,f54fa338
baseball,https://api.querybuscas.com/pages/baseball,,825,429,17,3,2,text/plain; charset=UTF-8,400.12361ms,,f54fa339
bash,https://api.querybuscas.com/pages/bash,,826,429,17,3,2,text/plain; charset=UTF-8,422.519663ms,,f54fa33a
basic,https://api.querybuscas.com/pages/basic,,827,429,17,3,2,text/plain; charset=UTF-8,350.567231ms,,f54fa33b
basket,https://api.querybuscas.com/pages/basket,,828,429,17,3,2,text/plain; charset=UTF-8,305.098105ms,,f54fa33c
basketball,https://api.querybuscas.com/pages/basketball,,829,429,17,3,2,text/plain; charset=UTF-8,445.227217ms,,f54fa33d
baskets,https://api.querybuscas.com/pages/baskets,,830,429,17,3,2,text/plain; charset=UTF-8,456.81834ms,,f54fa33e
bass,https://api.querybuscas.com/pages/bass,,831,429,17,3,2,text/plain; charset=UTF-8,393.417464ms,,f54fa33f
bat,https://api.querybuscas.com/pages/bat,,832,429,17,3,2,text/plain; charset=UTF-8,393.860469ms,,f54fa340
baz,https://api.querybuscas.com/pages/baz,,834,429,17,3,2,text/plain; charset=UTF-8,300.377833ms,,f54fa342
batch,https://api.querybuscas.com/pages/batch,,833,429,17,3,2,text/plain; charset=UTF-8,355.687793ms,,f54fa341
bb,https://api.querybuscas.com/pages/bb,,835,429,17,3,2,text/plain; charset=UTF-8,406.347045ms,,f54fa343
bb-hist,https://api.querybuscas.com/pages/bb-hist,,836,429,17,3,2,text/plain; charset=UTF-8,412.577981ms,,f54fa344
bb-histlog,https://api.querybuscas.com/pages/bb-histlog,,837,429,17,3,2,text/plain; charset=UTF-8,363.151913ms,,f54fa345
bbadmin,https://api.querybuscas.com/pages/bbadmin,,838,429,17,3,2,text/plain; charset=UTF-8,369.640688ms,,f54fa346
bbclone,https://api.querybuscas.com/pages/bbclone,,839,429,17,3,2,text/plain; charset=UTF-8,487.092142ms,,f54fa347
bboard,https://api.querybuscas.com/pages/bboard,,840,429,17,3,2,text/plain; charset=UTF-8,393.481536ms,,f54fa348
bc,https://api.querybuscas.com/pages/bc,,842,429,17,3,2,text/plain; charset=UTF-8,430.403727ms,,f54fa34a
bbs,https://api.querybuscas.com/pages/bbs,,841,429,17,3,2,text/plain; charset=UTF-8,534.718099ms,,f54fa349
bd,https://api.querybuscas.com/pages/bd,,843,429,17,3,2,text/plain; charset=UTF-8,770.079906ms,,f54fa34b
be,https://api.querybuscas.com/pages/be,,845,429,17,3,2,text/plain; charset=UTF-8,836.45119ms,,f54fa34d
bdata,https://api.querybuscas.com/pages/bdata,,844,429,17,3,2,text/plain; charset=UTF-8,974.71706ms,,f54fa34c
bea,https://api.querybuscas.com/pages/bea,,846,429,17,3,2,text/plain; charset=UTF-8,817.648422ms,,f54fa34e
bean,https://api.querybuscas.com/pages/bean,,847,429,17,3,2,text/plain; charset=UTF-8,428.192473ms,,f54fa34f
beans,https://api.querybuscas.com/pages/beans,,848,429,17,3,2,text/plain; charset=UTF-8,370.476633ms,,f54fa350
beehive,https://api.querybuscas.com/pages/beehive,,849,429,17,3,2,text/plain; charset=UTF-8,360.545395ms,,f54fa351
beheer,https://api.querybuscas.com/pages/beheer,,850,429,17,3,2,text/plain; charset=UTF-8,329.614646ms,,f54fa352
benutzer,https://api.querybuscas.com/pages/benutzer,,852,429,17,3,2,text/plain; charset=UTF-8,341.296477ms,,f54fa354
benefits,https://api.querybuscas.com/pages/benefits,,851,429,17,3,2,text/plain; charset=UTF-8,452.626383ms,,f54fa353
beta,https://api.querybuscas.com/pages/beta,,854,429,17,3,2,text/plain; charset=UTF-8,450.947467ms,,f54fa356
best,https://api.querybuscas.com/pages/best,,853,429,17,3,2,text/plain; charset=UTF-8,457.243028ms,,f54fa355
big,https://api.querybuscas.com/pages/big,,857,429,17,3,2,text/plain; charset=UTF-8,573.899716ms,,f54fa359
bfc,https://api.querybuscas.com/pages/bfc,,855,429,17,3,2,text/plain; charset=UTF-8,721.852046ms,,f54fa357
bg,https://api.querybuscas.com/pages/bg,,856,429,17,3,2,text/plain; charset=UTF-8,721.844959ms,,f54fa358
bigadmin,https://api.querybuscas.com/pages/bigadmin,,858,429,17,3,2,text/plain; charset=UTF-8,813.35677ms,,f54fa35a
bill,https://api.querybuscas.com/pages/bill,,861,429,17,3,2,text/plain; charset=UTF-8,356.623613ms,,f54fa35d
bilder,https://api.querybuscas.com/pages/bilder,,860,429,17,3,2,text/plain; charset=UTF-8,381.418145ms,,f54fa35c
bigip,https://api.querybuscas.com/pages/bigip,,859,429,17,3,2,text/plain; charset=UTF-8,381.903392ms,,f54fa35b
billing,https://api.querybuscas.com/pages/billing,,862,429,17,3,2,text/plain; charset=UTF-8,443.643851ms,,f54fa35e
bin,https://api.querybuscas.com/pages/bin,,863,429,17,3,2,text/plain; charset=UTF-8,375.965204ms,,f54fa35f
binaries,https://api.querybuscas.com/pages/binaries,,864,429,17,3,2,text/plain; charset=UTF-8,394.644347ms,,f54fa360
binary,https://api.querybuscas.com/pages/binary,,865,429,17,3,2,text/plain; charset=UTF-8,394.86368ms,,f54fa361
bins,https://api.querybuscas.com/pages/bins,,866,429,17,3,2,text/plain; charset=UTF-8,398.682995ms,,f54fa362
bios,https://api.querybuscas.com/pages/bios,,868,429,17,3,2,text/plain; charset=UTF-8,365.383059ms,,f54fa364
bitrix,https://api.querybuscas.com/pages/bitrix,,869,429,17,3,2,text/plain; charset=UTF-8,365.461822ms,,f54fa365
bio,https://api.querybuscas.com/pages/bio,,867,429,17,3,2,text/plain; charset=UTF-8,409.110188ms,,f54fa363
biz,https://api.querybuscas.com/pages/biz,,870,429,17,3,2,text/plain; charset=UTF-8,366.277596ms,,f54fa366
bl,https://api.querybuscas.com/pages/bl,,873,429,17,3,2,text/plain; charset=UTF-8,332.680633ms,,f54fa369
bk,https://api.querybuscas.com/pages/bk,,871,429,17,3,2,text/plain; charset=UTF-8,427.607206ms,,f54fa367
bkup,https://api.querybuscas.com/pages/bkup,,872,429,17,3,2,text/plain; charset=UTF-8,427.715772ms,,f54fa368
blah,https://api.querybuscas.com/pages/blah,,875,429,17,3,2,text/plain; charset=UTF-8,564.38616ms,,f54fa36b
black,https://api.querybuscas.com/pages/black,,874,429,17,3,2,text/plain; charset=UTF-8,591.150426ms,,f54fa36a
blb,https://api.querybuscas.com/pages/blb,,877,429,17,3,2,text/plain; charset=UTF-8,517.416124ms,,f54fa36d
blank,https://api.querybuscas.com/pages/blank,,876,429,17,3,2,text/plain; charset=UTF-8,523.315106ms,,f54fa36c
block,https://api.querybuscas.com/pages/block,,878,429,17,3,2,text/plain; charset=UTF-8,352.869839ms,,f54fa36e
blocked,https://api.querybuscas.com/pages/blocked,,879,429,17,3,2,text/plain; charset=UTF-8,353.014397ms,,f54fa36f
blocks,https://api.querybuscas.com/pages/blocks,,880,429,17,3,2,text/plain; charset=UTF-8,353.584375ms,,f54fa370
blog,https://api.querybuscas.com/pages/blog,,881,429,17,3,2,text/plain; charset=UTF-8,380.063794ms,,f54fa371
blog_ajax,https://api.querybuscas.com/pages/blog_ajax,,882,404,2254,107,20,text/html; charset=UTF-8,662.791607ms,,f54fa372
blog_inlinemod,https://api.querybuscas.com/pages/blog_inlinemod,,883,404,2254,107,20,text/html; charset=UTF-8,694.43037ms,,f54fa373
blog_report,https://api.querybuscas.com/pages/blog_report,,884,404,2254,107,20,text/html; charset=UTF-8,685.73712ms,,f54fa374
blog_search,https://api.querybuscas.com/pages/blog_search,,885,404,2254,107,20,text/html; charset=UTF-8,660.630237ms,,f54fa375
blogger,https://api.querybuscas.com/pages/blogger,,887,404,2254,107,20,text/html; charset=UTF-8,1.502679874s,,f54fa377
blog_usercp,https://api.querybuscas.com/pages/blog_usercp,,886,404,2254,107,20,text/html; charset=UTF-8,1.566530268s,,f54fa376
bloggers,https://api.querybuscas.com/pages/bloggers,,888,404,2254,107,20,text/html; charset=UTF-8,1.50293633s,,f54fa378
blogindex,https://api.querybuscas.com/pages/blogindex,,889,404,2254,107,20,text/html; charset=UTF-8,1.500842971s,,f54fa379
blogs,https://api.querybuscas.com/pages/blogs,,890,404,2254,107,20,text/html; charset=UTF-8,612.442755ms,,f54fa37a
blogspot,https://api.querybuscas.com/pages/blogspot,,891,404,2254,107,20,text/html; charset=UTF-8,589.645545ms,,f54fa37b
blue,https://api.querybuscas.com/pages/blue,,893,404,2254,107,20,text/html; charset=UTF-8,642.717458ms,,f54fa37d
blow,https://api.querybuscas.com/pages/blow,,892,404,2254,107,20,text/html; charset=UTF-8,688.753383ms,,f54fa37c
bm,https://api.querybuscas.com/pages/bm,,894,404,2254,107,20,text/html; charset=UTF-8,596.626231ms,,f54fa37e
bo,https://api.querybuscas.com/pages/bo,,897,404,2254,107,20,text/html; charset=UTF-8,558.546543ms,,f54fa381
bnnr,https://api.querybuscas.com/pages/bnnr,,896,404,2254,107,20,text/html; charset=UTF-8,630.640785ms,,f54fa380
bmz_cache,https://api.querybuscas.com/pages/bmz_cache,,895,404,2254,107,20,text/html; charset=UTF-8,696.86636ms,,f54fa37f
board,https://api.querybuscas.com/pages/board,,898,404,2254,107,20,text/html; charset=UTF-8,654.099613ms,,f54fa382
boards,https://api.querybuscas.com/pages/boards,,899,404,2254,107,20,text/html; charset=UTF-8,675.920749ms,,f54fa383
body,https://api.querybuscas.com/pages/body,,901,404,2254,107,20,text/html; charset=UTF-8,698.720569ms,,f54fa385
bob,https://api.querybuscas.com/pages/bob,,900,404,2254,107,20,text/html; charset=UTF-8,704.893933ms,,f54fa384
boiler,https://api.querybuscas.com/pages/boiler,,903,404,2254,107,20,text/html; charset=UTF-8,587.019981ms,,f54fa387
bofh,https://api.querybuscas.com/pages/bofh,,902,404,2254,107,20,text/html; charset=UTF-8,742.428533ms,,f54fa386
boilerplate,https://api.querybuscas.com/pages/boilerplate,,904,404,2254,107,20,text/html; charset=UTF-8,645.725206ms,,f54fa388
bonus,https://api.querybuscas.com/pages/bonus,,905,404,2254,107,20,text/html; charset=UTF-8,681.793663ms,,f54fa389
bonuses,https://api.querybuscas.com/pages/bonuses,,906,404,2254,107,20,text/html; charset=UTF-8,685.032429ms,,f54fa38a
book,https://api.querybuscas.com/pages/book,,907,404,2254,107,20,text/html; charset=UTF-8,674.85971ms,,f54fa38b
booker,https://api.querybuscas.com/pages/booker,,908,404,2254,107,20,text/html; charset=UTF-8,629.255041ms,,f54fa38c
booking,https://api.querybuscas.com/pages/booking,,909,404,2254,107,20,text/html; charset=UTF-8,645.253951ms,,f54fa38d
bookmark,https://api.querybuscas.com/pages/bookmark,,910,404,2254,107,20,text/html; charset=UTF-8,631.650871ms,,f54fa38e
books,https://api.querybuscas.com/pages/books,,912,404,2254,107,20,text/html; charset=UTF-8,687.532673ms,,f54fa390
bookstore,https://api.querybuscas.com/pages/bookstore,,913,404,2254,107,20,text/html; charset=UTF-8,647.758878ms,,f54fa391
bookmarks,https://api.querybuscas.com/pages/bookmarks,,911,404,2254,107,20,text/html; charset=UTF-8,740.366544ms,,f54fa38f
boost_stats,https://api.querybuscas.com/pages/boost_stats,,914,404,2254,107,20,text/html; charset=UTF-8,674.938911ms,,f54fa392
bot,https://api.querybuscas.com/pages/bot,,916,404,2254,107,20,text/html; charset=UTF-8,611.209057ms,,f54fa394
boot,https://api.querybuscas.com/pages/boot,,915,404,2254,107,20,text/html; charset=UTF-8,640.145975ms,,f54fa393
bot-trap,https://api.querybuscas.com/pages/bot-trap,,917,404,2254,107,20,text/html; charset=UTF-8,761.223565ms,,f54fa395
bots,https://api.querybuscas.com/pages/bots,,918,404,2254,107,20,text/html; charset=UTF-8,705.17905ms,,f54fa396
bottom,https://api.querybuscas.com/pages/bottom,,919,404,2254,107,20,text/html; charset=UTF-8,786.219649ms,,f54fa397
boutique,https://api.querybuscas.com/pages/boutique,,920,404,2254,107,20,text/html; charset=UTF-8,656.035483ms,,f54fa398
box,https://api.querybuscas.com/pages/box,,921,404,2254,107,20,text/html; charset=UTF-8,691.494895ms,,f54fa399
boxes,https://api.querybuscas.com/pages/boxes,,922,404,2254,107,20,text/html; charset=UTF-8,626.721601ms,,f54fa39a
brand,https://api.querybuscas.com/pages/brand,,924,404,2254,107,20,text/html; charset=UTF-8,648.350443ms,,f54fa39c
br,https://api.querybuscas.com/pages/br,,923,404,2254,107,20,text/html; charset=UTF-8,794.914132ms,,f54fa39b
brands,https://api.querybuscas.com/pages/brands,,925,404,2254,107,20,text/html; charset=UTF-8,937.541845ms,,f54fa39d
broadband,https://api.querybuscas.com/pages/broadband,,926,404,2254,107,20,text/html; charset=UTF-8,605.583714ms,,f54fa39e
brochure,https://api.querybuscas.com/pages/brochure,,927,404,2254,107,20,text/html; charset=UTF-8,719.742851ms,,f54fa39f
brochures,https://api.querybuscas.com/pages/brochures,,928,404,2254,107,20,text/html; charset=UTF-8,737.177234ms,,f54fa3a0
broken,https://api.querybuscas.com/pages/broken,,929,404,2254,107,20,text/html; charset=UTF-8,611.858225ms,,f54fa3a1
broken_link,https://api.querybuscas.com/pages/broken_link,,930,404,2254,107,20,text/html; charset=UTF-8,660.257693ms,,f54fa3a2
broker,https://api.querybuscas.com/pages/broker,,931,404,2254,107,20,text/html; charset=UTF-8,679.908813ms,,f54fa3a3
browse,https://api.querybuscas.com/pages/browse,,932,404,2254,107,20,text/html; charset=UTF-8,625.321837ms,,f54fa3a4
browser,https://api.querybuscas.com/pages/browser,,933,404,2254,107,20,text/html; charset=UTF-8,705.209641ms,,f54fa3a5
bs,https://api.querybuscas.com/pages/bs,,934,404,2254,107,20,text/html; charset=UTF-8,604.402784ms,,f54fa3a6
bsd,https://api.querybuscas.com/pages/bsd,,935,404,2254,107,20,text/html; charset=UTF-8,657.543964ms,,f54fa3a7
bt,https://api.querybuscas.com/pages/bt,,936,404,2254,107,20,text/html; charset=UTF-8,671.932382ms,,f54fa3a8
bug,https://api.querybuscas.com/pages/bug,,937,404,2254,107,20,text/html; charset=UTF-8,634.212169ms,,f54fa3a9
bugs,https://api.querybuscas.com/pages/bugs,,938,404,2254,107,20,text/html; charset=UTF-8,679.9015ms,,f54fa3aa
build,https://api.querybuscas.com/pages/build,,939,404,2254,107,20,text/html; charset=UTF-8,656.594329ms,,f54fa3ab
builder,https://api.querybuscas.com/pages/builder,,940,404,2254,107,20,text/html; charset=UTF-8,599.914773ms,,f54fa3ac
buildr,https://api.querybuscas.com/pages/buildr,,941,404,2254,107,20,text/html; charset=UTF-8,654.299137ms,,f54fa3ad
bulk,https://api.querybuscas.com/pages/bulk,,942,404,2254,107,20,text/html; charset=UTF-8,753.508475ms,,f54fa3ae
bulksms,https://api.querybuscas.com/pages/bulksms,,943,404,2254,107,20,text/html; charset=UTF-8,609.481906ms,,f54fa3af
bullet,https://api.querybuscas.com/pages/bullet,,944,404,2254,107,20,text/html; charset=UTF-8,599.578571ms,,f54fa3b0
busca,https://api.querybuscas.com/pages/busca,,945,404,2254,107,20,text/html; charset=UTF-8,636.668048ms,,f54fa3b1
buscador,https://api.querybuscas.com/pages/buscador,,946,404,2254,107,20,text/html; charset=UTF-8,735.655924ms,,f54fa3b2
buscar,https://api.querybuscas.com/pages/buscar,,947,404,2254,107,20,text/html; charset=UTF-8,645.743509ms,,f54fa3b3
business,https://api.querybuscas.com/pages/business,,948,404,2254,107,20,text/html; charset=UTF-8,644.204513ms,,f54fa3b4
button,https://api.querybuscas.com/pages/button,,949,404,2254,107,20,text/html; charset=UTF-8,669.197019ms,,f54fa3b5
buttons,https://api.querybuscas.com/pages/buttons,,950,404,2254,107,20,text/html; charset=UTF-8,670.087597ms,,f54fa3b6
buynow,https://api.querybuscas.com/pages/buynow,,952,404,2254,107,20,text/html; charset=UTF-8,591.508023ms,,f54fa3b8
buy,https://api.querybuscas.com/pages/buy,,951,404,2254,107,20,text/html; charset=UTF-8,680.704119ms,,f54fa3b7
buyproduct,https://api.querybuscas.com/pages/buyproduct,,953,404,2254,107,20,text/html; charset=UTF-8,718.336641ms,,f54fa3b9
bypass,https://api.querybuscas.com/pages/bypass,,954,404,2254,107,20,text/html; charset=UTF-8,594.368655ms,,f54fa3ba
bz2,https://api.querybuscas.com/pages/bz2,,955,404,2254,107,20,text/html; charset=UTF-8,600.508888ms,,f54fa3bb
c,https://api.querybuscas.com/pages/c,,956,404,2254,107,20,text/html; charset=UTF-8,671.015682ms,,f54fa3bc
cPanel,https://api.querybuscas.com/pages/cPanel,,957,404,2254,107,20,text/html; charset=UTF-8,747.634873ms,,f54fa3bd
ca,https://api.querybuscas.com/pages/ca,,958,404,2254,107,20,text/html; charset=UTF-8,701.12591ms,,f54fa3be
cabinet,https://api.querybuscas.com/pages/cabinet,,959,404,2254,107,20,text/html; charset=UTF-8,726.307365ms,,f54fa3bf
cache,https://api.querybuscas.com/pages/cache,,960,404,2254,107,20,text/html; charset=UTF-8,728.420739ms,,f54fa3c0
cachemgr,https://api.querybuscas.com/pages/cachemgr,,961,404,2254,107,20,text/html; charset=UTF-8,660.642245ms,,f54fa3c1
cachemgr.cgi,https://api.querybuscas.com/pages/cachemgr.cgi,,962,404,2254,107,20,text/html; charset=UTF-8,740.419991ms,,f54fa3c2
caching,https://api.querybuscas.com/pages/caching,,963,404,2254,107,20,text/html; charset=UTF-8,626.969293ms,,f54fa3c3
cad,https://api.querybuscas.com/pages/cad,,964,404,2254,107,20,text/html; charset=UTF-8,729.447669ms,,f54fa3c4
cadmins,https://api.querybuscas.com/pages/cadmins,,965,404,2254,107,20,text/html; charset=UTF-8,554.01085ms,,f54fa3c5
cal,https://api.querybuscas.com/pages/cal,,966,404,2254,107,20,text/html; charset=UTF-8,592.865342ms,,f54fa3c6
calc,https://api.querybuscas.com/pages/calc,,967,404,2254,107,20,text/html; charset=UTF-8,696.379567ms,,f54fa3c7
calendar,https://api.querybuscas.com/pages/calendar,,968,404,2254,107,20,text/html; charset=UTF-8,699.989463ms,,f54fa3c8
calendar_events,https://api.querybuscas.com/pages/calendar_events,,969,404,2254,107,20,text/html; charset=UTF-8,627.714935ms,,f54fa3c9
calendar_sports,https://api.querybuscas.com/pages/calendar_sports,,970,404,2254,107,20,text/html; charset=UTF-8,664.702502ms,,f54fa3ca
calendarevents,https://api.querybuscas.com/pages/calendarevents,,971,404,2254,107,20,text/html; charset=UTF-8,694.453461ms,,f54fa3cb
calendars,https://api.querybuscas.com/pages/calendars,,972,404,2254,107,20,text/html; charset=UTF-8,634.827174ms,,f54fa3cc
call,https://api.querybuscas.com/pages/call,,973,404,2254,107,20,text/html; charset=UTF-8,747.260719ms,,f54fa3cd
callback,https://api.querybuscas.com/pages/callback,,974,404,2254,107,20,text/html; charset=UTF-8,626.680598ms,,f54fa3ce
callee,https://api.querybuscas.com/pages/callee,,975,404,2254,107,20,text/html; charset=UTF-8,703.780862ms,,f54fa3cf
calling,https://api.querybuscas.com/pages/calling,,978,429,17,3,2,text/plain; charset=UTF-8,304.011186ms,,f54fa3d2
caller,https://api.querybuscas.com/pages/caller,,976,404,2254,107,20,text/html; charset=UTF-8,619.81961ms,,f54fa3d0
callout,https://api.querybuscas.com/pages/callout,,979,429,17,3,2,text/plain; charset=UTF-8,316.621676ms,,f54fa3d3
callin,https://api.querybuscas.com/pages/callin,,977,404,2254,107,20,text/html; charset=UTF-8,689.668196ms,,f54fa3d1
cam,https://api.querybuscas.com/pages/cam,,980,429,17,3,2,text/plain; charset=UTF-8,331.595562ms,,f54fa3d4
camel,https://api.querybuscas.com/pages/camel,,981,429,17,3,2,text/plain; charset=UTF-8,324.7369ms,,f54fa3d5
campaigns,https://api.querybuscas.com/pages/campaigns,,983,429,17,3,2,text/plain; charset=UTF-8,1.085570979s,,f54fa3d7
campaign,https://api.querybuscas.com/pages/campaign,,982,429,17,3,2,text/plain; charset=UTF-8,1.122535779s,,f54fa3d6
canada,https://api.querybuscas.com/pages/canada,,985,429,17,3,2,text/plain; charset=UTF-8,1.075692584s,,f54fa3d9
can,https://api.querybuscas.com/pages/can,,984,429,17,3,2,text/plain; charset=UTF-8,1.076070502s,,f54fa3d8
captcha,https://api.querybuscas.com/pages/captcha,,986,429,17,3,2,text/plain; charset=UTF-8,370.384752ms,,f54fa3da
car,https://api.querybuscas.com/pages/car,,987,429,17,3,2,text/plain; charset=UTF-8,402.774264ms,,f54fa3db
card,https://api.querybuscas.com/pages/card,,989,429,17,3,2,text/plain; charset=UTF-8,508.685503ms,,f54fa3dd
carbuyaction,https://api.querybuscas.com/pages/carbuyaction,,988,429,17,3,2,text/plain; charset=UTF-8,509.079609ms,,f54fa3dc
cardinal,https://api.querybuscas.com/pages/cardinal,,990,429,17,3,2,text/plain; charset=UTF-8,341.810307ms,,f54fa3de
cardinalauth,https://api.querybuscas.com/pages/cardinalauth,,991,429,17,3,2,text/plain; charset=UTF-8,273.101573ms,,f54fa3df
cardinalform,https://api.querybuscas.com/pages/cardinalform,,992,429,17,3,2,text/plain; charset=UTF-8,430.772782ms,,f54fa3e0
cards,https://api.querybuscas.com/pages/cards,,993,429,17,3,2,text/plain; charset=UTF-8,430.971296ms,,f54fa3e1
career,https://api.querybuscas.com/pages/career,,994,429,17,3,2,text/plain; charset=UTF-8,367.08778ms,,f54fa3e2
careers,https://api.querybuscas.com/pages/careers,,995,429,17,3,2,text/plain; charset=UTF-8,367.007212ms,,f54fa3e3
carp,https://api.querybuscas.com/pages/carp,,996,429,17,3,2,text/plain; charset=UTF-8,367.659847ms,,f54fa3e4
carpet,https://api.querybuscas.com/pages/carpet,,997,429,17,3,2,text/plain; charset=UTF-8,473.882534ms,,f54fa3e5
cars,https://api.querybuscas.com/pages/cars,,998,429,17,3,2,text/plain; charset=UTF-8,422.170595ms,,f54fa3e6
cart,https://api.querybuscas.com/pages/cart,,999,429,17,3,2,text/plain; charset=UTF-8,421.984501ms,,f54fa3e7
carthandler,https://api.querybuscas.com/pages/carthandler,,1000,429,17,3,2,text/plain; charset=UTF-8,409.28251ms,,f54fa3e8
carts,https://api.querybuscas.com/pages/carts,,1001,429,17,3,2,text/plain; charset=UTF-8,302.630019ms,,f54fa3e9
cas,https://api.querybuscas.com/pages/cas,,1002,429,17,3,2,text/plain; charset=UTF-8,487.25705ms,,f54fa3ea
cases,https://api.querybuscas.com/pages/cases,,1003,429,17,3,2,text/plain; charset=UTF-8,487.334153ms,,f54fa3eb
cash,https://api.querybuscas.com/pages/cash,,1005,429,17,3,2,text/plain; charset=UTF-8,391.133656ms,,f54fa3ed
casestudies,https://api.querybuscas.com/pages/casestudies,,1004,429,17,3,2,text/plain; charset=UTF-8,391.51201ms,,f54fa3ec
cat,https://api.querybuscas.com/pages/cat,,1006,429,17,3,2,text/plain; charset=UTF-8,385.245474ms,,f54fa3ee
catalog,https://api.querybuscas.com/pages/catalog,,1007,429,17,3,2,text/plain; charset=UTF-8,579.239475ms,,f54fa3ef
catalog.wci,https://api.querybuscas.com/pages/catalog.wci,,1008,429,17,3,2,text/plain; charset=UTF-8,398.46189ms,,f54fa3f0
catalogs,https://api.querybuscas.com/pages/catalogs,,1009,429,17,3,2,text/plain; charset=UTF-8,446.808998ms,,f54fa3f1
catalogsearch,https://api.querybuscas.com/pages/catalogsearch,,1010,429,17,3,2,text/plain; charset=UTF-8,345.868168ms,,f54fa3f2
catalyst,https://api.querybuscas.com/pages/catalyst,,1012,429,17,3,2,text/plain; charset=UTF-8,537.873262ms,,f54fa3f4
catalogue,https://api.querybuscas.com/pages/catalogue,,1011,429,17,3,2,text/plain; charset=UTF-8,538.304747ms,,f54fa3f3
catch,https://api.querybuscas.com/pages/catch,,1013,429,17,3,2,text/plain; charset=UTF-8,498.429873ms,,f54fa3f5
categoria,https://api.querybuscas.com/pages/categoria,,1014,429,17,3,2,text/plain; charset=UTF-8,480.876276ms,,f54fa3f6
categories,https://api.querybuscas.com/pages/categories,,1015,429,17,3,2,text/plain; charset=UTF-8,534.530132ms,,f54fa3f7
catinfo,https://api.querybuscas.com/pages/catinfo,,1017,429,17,3,2,text/plain; charset=UTF-8,525.665186ms,,f54fa3f9
category,https://api.querybuscas.com/pages/category,,1016,429,17,3,2,text/plain; charset=UTF-8,534.711189ms,,f54fa3f8
cats,https://api.querybuscas.com/pages/cats,,1018,429,17,3,2,text/plain; charset=UTF-8,443.512896ms,,f54fa3fa
cb,https://api.querybuscas.com/pages/cb,,1019,429,17,3,2,text/plain; charset=UTF-8,335.48203ms,,f54fa3fb
ccbill,https://api.querybuscas.com/pages/ccbill,,1021,429,17,3,2,text/plain; charset=UTF-8,338.176285ms,,f54fa3fd
cc,https://api.querybuscas.com/pages/cc,,1020,429,17,3,2,text/plain; charset=UTF-8,338.179687ms,,f54fa3fc
ccount,https://api.querybuscas.com/pages/ccount,,1022,429,17,3,2,text/plain; charset=UTF-8,334.877615ms,,f54fa3fe
ccp14admin,https://api.querybuscas.com/pages/ccp14admin,,1023,429,17,3,2,text/plain; charset=UTF-8,298.622782ms,,f54fa3ff
cd,https://api.querybuscas.com/pages/cd,,1025,429,17,3,2,text/plain; charset=UTF-8,307.929255ms,,f54fa401
ccs,https://api.querybuscas.com/pages/ccs,,1024,429,17,3,2,text/plain; charset=UTF-8,324.340508ms,,f54fa400
cdrom,https://api.querybuscas.com/pages/cdrom,,1026,429,17,3,2,text/plain; charset=UTF-8,341.534219ms,,f54fa402
centres,https://api.querybuscas.com/pages/centres,,1027,429,17,3,2,text/plain; charset=UTF-8,720.866196ms,,f54fa403
certenroll,https://api.querybuscas.com/pages/certenroll,,1029,429,17,3,2,text/plain; charset=UTF-8,720.596997ms,,f54fa405
cert,https://api.querybuscas.com/pages/cert,,1028,429,17,3,2,text/plain; charset=UTF-8,737.321398ms,,f54fa404
certificate,https://api.querybuscas.com/pages/certificate,,1030,429,17,3,2,text/plain; charset=UTF-8,724.208493ms,,f54fa406
certificates,https://api.querybuscas.com/pages/certificates,,1031,429,17,3,2,text/plain; charset=UTF-8,390.658845ms,,f54fa407
certified,https://api.querybuscas.com/pages/certified,,1033,429,17,3,2,text/plain; charset=UTF-8,376.462172ms,,f54fa409
certification,https://api.querybuscas.com/pages/certification,,1032,429,17,3,2,text/plain; charset=UTF-8,402.500414ms,,f54fa408
certs,https://api.querybuscas.com/pages/certs,,1034,429,17,3,2,text/plain; charset=UTF-8,526.60292ms,,f54fa40a
certserver,https://api.querybuscas.com/pages/certserver,,1035,429,17,3,2,text/plain; charset=UTF-8,414.786106ms,,f54fa40b
certsrv,https://api.querybuscas.com/pages/certsrv,,1036,429,17,3,2,text/plain; charset=UTF-8,406.966512ms,,f54fa40c
cf,https://api.querybuscas.com/pages/cf,,1037,429,17,3,2,text/plain; charset=UTF-8,406.761016ms,,f54fa40d
cfc,https://api.querybuscas.com/pages/cfc,,1038,429,17,3,2,text/plain; charset=UTF-8,546.028134ms,,f54fa40e
cfcache,https://api.querybuscas.com/pages/cfcache,,1039,429,17,3,2,text/plain; charset=UTF-8,331.806015ms,,f54fa40f
cfdocs,https://api.querybuscas.com/pages/cfdocs,,1040,429,17,3,2,text/plain; charset=UTF-8,325.573531ms,,f54fa410
cfg,https://api.querybuscas.com/pages/cfg,,1041,429,17,3,2,text/plain; charset=UTF-8,535.304528ms,,f54fa411
cfide,https://api.querybuscas.com/pages/cfide,,1042,429,17,3,2,text/plain; charset=UTF-8,382.440091ms,,f54fa412
cfm,https://api.querybuscas.com/pages/cfm,,1043,429,17,3,2,text/plain; charset=UTF-8,384.269683ms,,f54fa413
cfusion,https://api.querybuscas.com/pages/cfusion,,1044,429,17,3,2,text/plain; charset=UTF-8,384.34475ms,,f54fa414
cgi-bin,https://api.querybuscas.com/pages/cgi-bin,,1046,429,17,3,2,text/plain; charset=UTF-8,322.119417ms,,f54fa416
cgi,https://api.querybuscas.com/pages/cgi,,1045,429,17,3,2,text/plain; charset=UTF-8,453.90019ms,,f54fa415
cgi-bin/,https://api.querybuscas.com/pages/cgi-bin/,,1047,429,17,3,2,text/plain; charset=UTF-8,380.234963ms,,f54fa417
cgi-bin2,https://api.querybuscas.com/pages/cgi-bin2,,1048,429,17,3,2,text/plain; charset=UTF-8,413.518599ms,,f54fa418
cgi-exe,https://api.querybuscas.com/pages/cgi-exe,,1050,429,17,3,2,text/plain; charset=UTF-8,376.425309ms,,f54fa41a
cgi-data,https://api.querybuscas.com/pages/cgi-data,,1049,429,17,3,2,text/plain; charset=UTF-8,405.961482ms,,f54fa419
cgi-home,https://api.querybuscas.com/pages/cgi-home,,1051,429,17,3,2,text/plain; charset=UTF-8,340.334671ms,,f54fa41b
cgi-image,https://api.querybuscas.com/pages/cgi-image,,1052,429,17,3,2,text/plain; charset=UTF-8,345.834705ms,,f54fa41c
cgi-local,https://api.querybuscas.com/pages/cgi-local,,1053,429,17,3,2,text/plain; charset=UTF-8,532.596928ms,,f54fa41d
cgi-pub,https://api.querybuscas.com/pages/cgi-pub,,1055,429,17,3,2,text/plain; charset=UTF-8,506.801909ms,,f54fa41f
cgi-perl,https://api.querybuscas.com/pages/cgi-perl,,1054,429,17,3,2,text/plain; charset=UTF-8,520.734211ms,,f54fa41e
cgi-script,https://api.querybuscas.com/pages/cgi-script,,1056,429,17,3,2,text/plain; charset=UTF-8,490.456488ms,,f54fa420
cgi-win,https://api.querybuscas.com/pages/cgi-win,,1060,429,17,3,2,text/plain; charset=UTF-8,356.68403ms,,f54fa424
cgi-shl,https://api.querybuscas.com/pages/cgi-shl,,1057,429,17,3,2,text/plain; charset=UTF-8,393.10109ms,,f54fa421
cgi-sys,https://api.querybuscas.com/pages/cgi-sys,,1058,429,17,3,2,text/plain; charset=UTF-8,379.703238ms,,f54fa422
cgi-web,https://api.querybuscas.com/pages/cgi-web,,1059,429,17,3,2,text/plain; charset=UTF-8,431.43348ms,,f54fa423
cgi_bin,https://api.querybuscas.com/pages/cgi_bin,,1061,429,17,3,2,text/plain; charset=UTF-8,294.468005ms,,f54fa425
cgibin,https://api.querybuscas.com/pages/cgibin,,1062,429,17,3,2,text/plain; charset=UTF-8,356.512175ms,,f54fa426
cgis,https://api.querybuscas.com/pages/cgis,,1063,429,17,3,2,text/plain; charset=UTF-8,364.640757ms,,f54fa427
cgiwrap,https://api.querybuscas.com/pages/cgiwrap,,1064,429,17,3,2,text/plain; charset=UTF-8,525.937597ms,,f54fa428
cgm-web,https://api.querybuscas.com/pages/cgm-web,,1065,429,17,3,2,text/plain; charset=UTF-8,400.331162ms,,f54fa429
ch,https://api.querybuscas.com/pages/ch,,1066,429,17,3,2,text/plain; charset=UTF-8,347.796377ms,,f54fa42a
chan,https://api.querybuscas.com/pages/chan,,1067,404,2254,107,20,text/html; charset=UTF-8,694.602594ms,,f54fa42b
change,https://api.querybuscas.com/pages/change,,1068,404,2254,107,20,text/html; charset=UTF-8,691.009014ms,,f54fa42c
change-password,https://api.querybuscas.com/pages/change-password,,1070,404,2254,107,20,text/html; charset=UTF-8,710.249987ms,,f54fa42e
change_password,https://api.querybuscas.com/pages/change_password,,1069,404,2254,107,20,text/html; charset=UTF-8,758.064525ms,,f54fa42d
changed,https://api.querybuscas.com/pages/changed,,1071,404,2254,107,20,text/html; charset=UTF-8,616.818077ms,,f54fa42f
changelog,https://api.querybuscas.com/pages/changelog,,1072,404,2254,107,20,text/html; charset=UTF-8,718.054944ms,,f54fa430
changepw,https://api.querybuscas.com/pages/changepw,,1073,404,2254,107,20,text/html; charset=UTF-8,601.380301ms,,f54fa431
changes,https://api.querybuscas.com/pages/changes,,1074,404,2254,107,20,text/html; charset=UTF-8,829.826262ms,,f54fa432
channel,https://api.querybuscas.com/pages/channel,,1075,404,2254,107,20,text/html; charset=UTF-8,868.036348ms,,f54fa433
charge,https://api.querybuscas.com/pages/charge,,1076,404,2254,107,20,text/html; charset=UTF-8,801.824739ms,,f54fa434
charges,https://api.querybuscas.com/pages/charges,,1077,404,2254,107,20,text/html; charset=UTF-8,887.949104ms,,f54fa435
chart,https://api.querybuscas.com/pages/chart,,1078,404,2254,107,20,text/html; charset=UTF-8,824.102982ms,,f54fa436
charts,https://api.querybuscas.com/pages/charts,,1079,404,2254,107,20,text/html; charset=UTF-8,829.642482ms,,f54fa437
chat,https://api.querybuscas.com/pages/chat,,1080,404,2254,107,20,text/html; charset=UTF-8,759.755565ms,,f54fa438
chats,https://api.querybuscas.com/pages/chats,,1081,404,2254,107,20,text/html; charset=UTF-8,701.722237ms,,f54fa439
check,https://api.querybuscas.com/pages/check,,1082,404,2254,107,20,text/html; charset=UTF-8,827.671304ms,,f54fa43a
checking,https://api.querybuscas.com/pages/checking,,1083,404,2254,107,20,text/html; charset=UTF-8,681.104233ms,,f54fa43b
checkout,https://api.querybuscas.com/pages/checkout,,1084,404,2254,107,20,text/html; charset=UTF-8,887.963223ms,,f54fa43c
checkout_iclear,https://api.querybuscas.com/pages/checkout_iclear,,1085,404,2254,107,20,text/html; charset=UTF-8,705.314785ms,,f54fa43d
checkoutanon,https://api.querybuscas.com/pages/checkoutanon,,1086,404,2254,107,20,text/html; charset=UTF-8,652.108107ms,,f54fa43e
checkoutreview,https://api.querybuscas.com/pages/checkoutreview,,1087,404,2254,107,20,text/html; charset=UTF-8,784.021992ms,,f54fa43f
checkpoint,https://api.querybuscas.com/pages/checkpoint,,1088,404,2254,107,20,text/html; charset=UTF-8,1.127432255s,,f54fa440
checks,https://api.querybuscas.com/pages/checks,,1089,404,2254,107,20,text/html; charset=UTF-8,1.104159984s,,f54fa441
check-email,https://api.querybuscas.com/pages/check-email,,1090,404,2254,107,20,text/html; charset=UTF-8,1.059813525s,,f54fa442
child,https://api.querybuscas.com/pages/child,,1091,404,2254,107,20,text/html; charset=UTF-8,907.375996ms,,f54fa443
children,https://api.querybuscas.com/pages/children,,1092,404,2254,107,20,text/html; charset=UTF-8,776.780614ms,,f54fa444
china,https://api.querybuscas.com/pages/china,,1093,404,2254,107,20,text/html; charset=UTF-8,759.330404ms,,f54fa445
choosing,https://api.querybuscas.com/pages/choosing,,1095,404,2254,107,20,text/html; charset=UTF-8,647.538681ms,,f54fa447
chk,https://api.querybuscas.com/pages/chk,,1094,404,2254,107,20,text/html; charset=UTF-8,753.572512ms,,f54fa446
chris,https://api.querybuscas.com/pages/chris,,1096,404,2254,107,20,text/html; charset=UTF-8,721.698667ms,,f54fa448
chrome,https://api.querybuscas.com/pages/chrome,,1097,404,2254,107,20,text/html; charset=UTF-8,743.257214ms,,f54fa449
cinema,https://api.querybuscas.com/pages/cinema,,1098,404,2254,107,20,text/html; charset=UTF-8,815.896667ms,,f54fa44a
cisco,https://api.querybuscas.com/pages/cisco,,1099,404,2254,107,20,text/html; charset=UTF-8,801.380626ms,,f54fa44b
cities,https://api.querybuscas.com/pages/cities,,1101,404,2254,107,20,text/html; charset=UTF-8,670.438618ms,,f54fa44d
cisweb,https://api.querybuscas.com/pages/cisweb,,1100,404,2254,107,20,text/html; charset=UTF-8,733.229586ms,,f54fa44c
citrix,https://api.querybuscas.com/pages/citrix,,1102,404,2254,107,20,text/html; charset=UTF-8,728.180813ms,,f54fa44e
city,https://api.querybuscas.com/pages/city,,1103,404,2254,107,20,text/html; charset=UTF-8,797.351435ms,,f54fa44f
ck,https://api.querybuscas.com/pages/ck,,1104,404,2254,107,20,text/html; charset=UTF-8,697.297804ms,,f54fa450
ckeditor,https://api.querybuscas.com/pages/ckeditor,,1105,404,2254,107,20,text/html; charset=UTF-8,673.228863ms,,f54fa451
ckfinder,https://api.querybuscas.com/pages/ckfinder,,1106,404,2254,107,20,text/html; charset=UTF-8,728.708327ms,,f54fa452
cl,https://api.querybuscas.com/pages/cl,,1107,404,2254,107,20,text/html; charset=UTF-8,862.068181ms,,f54fa453
claim,https://api.querybuscas.com/pages/claim,,1108,404,2254,107,20,text/html; charset=UTF-8,752.35196ms,,f54fa454
claims,https://api.querybuscas.com/pages/claims,,1109,404,2254,107,20,text/html; charset=UTF-8,739.402108ms,,f54fa455
class,https://api.querybuscas.com/pages/class,,1110,404,2254,107,20,text/html; charset=UTF-8,775.564956ms,,f54fa456
classes,https://api.querybuscas.com/pages/classes,,1111,404,2254,107,20,text/html; charset=UTF-8,736.275223ms,,f54fa457
classified,https://api.querybuscas.com/pages/classified,,1113,404,2254,107,20,text/html; charset=UTF-8,677.496845ms,,f54fa459
classic,https://api.querybuscas.com/pages/classic,,1112,404,2254,107,20,text/html; charset=UTF-8,681.867437ms,,f54fa458
classifieds,https://api.querybuscas.com/pages/classifieds,,1114,404,2254,107,20,text/html; charset=UTF-8,841.601381ms,,f54fa45a
classroompages,https://api.querybuscas.com/pages/classroompages,,1115,404,2254,107,20,text/html; charset=UTF-8,668.704474ms,,f54fa45b
clear,https://api.querybuscas.com/pages/clear,,1117,404,2254,107,20,text/html; charset=UTF-8,651.185601ms,,f54fa45d
cleanup,https://api.querybuscas.com/pages/cleanup,,1116,404,2254,107,20,text/html; charset=UTF-8,672.541377ms,,f54fa45c
clearpixel,https://api.querybuscas.com/pages/clearpixel,,1119,404,2254,107,20,text/html; charset=UTF-8,783.074914ms,,f54fa45f
clearcookies,https://api.querybuscas.com/pages/clearcookies,,1118,404,2254,107,20,text/html; charset=UTF-8,858.875923ms,,f54fa45e
click,https://api.querybuscas.com/pages/click,,1120,404,2254,107,20,text/html; charset=UTF-8,731.681009ms,,f54fa460
clickheat,https://api.querybuscas.com/pages/clickheat,,1121,404,2254,107,20,text/html; charset=UTF-8,873.700129ms,,f54fa461
clickout,https://api.querybuscas.com/pages/clickout,,1122,404,2254,107,20,text/html; charset=UTF-8,656.48637ms,,f54fa462
clicks,https://api.querybuscas.com/pages/clicks,,1123,404,2254,107,20,text/html; charset=UTF-8,692.204648ms,,f54fa463
client_configs,https://api.querybuscas.com/pages/client_configs,,1125,404,2254,107,20,text/html; charset=UTF-8,605.856807ms,,f54fa465
client,https://api.querybuscas.com/pages/client,,1124,404,2254,107,20,text/html; charset=UTF-8,778.878591ms,,f54fa464
clientaccesspolicy,https://api.querybuscas.com/pages/clientaccesspolicy,,1126,404,2254,107,20,text/html; charset=UTF-8,627.340248ms,,f54fa466
clientapi,https://api.querybuscas.com/pages/clientapi,,1127,404,2254,107,20,text/html; charset=UTF-8,800.587738ms,,f54fa467
clientes,https://api.querybuscas.com/pages/clientes,,1128,404,2254,107,20,text/html; charset=UTF-8,611.268259ms,,f54fa468
clients,https://api.querybuscas.com/pages/clients,,1129,404,2254,107,20,text/html; charset=UTF-8,718.075583ms,,f54fa469
clientscript,https://api.querybuscas.com/pages/clientscript,,1130,404,2254,107,20,text/html; charset=UTF-8,710.206761ms,,f54fa46a
clipart,https://api.querybuscas.com/pages/clipart,,1131,404,2254,107,20,text/html; charset=UTF-8,666.038279ms,,f54fa46b
clips,https://api.querybuscas.com/pages/clips,,1132,404,2254,107,20,text/html; charset=UTF-8,754.175468ms,,f54fa46c
clk,https://api.querybuscas.com/pages/clk,,1133,404,2254,107,20,text/html; charset=UTF-8,710.781067ms,,f54fa46d
clock,https://api.querybuscas.com/pages/clock,,1134,404,2254,107,20,text/html; charset=UTF-8,589.128851ms,,f54fa46e
close,https://api.querybuscas.com/pages/close,,1135,404,2254,107,20,text/html; charset=UTF-8,734.441848ms,,f54fa46f
closed,https://api.querybuscas.com/pages/closed,,1136,404,2254,107,20,text/html; charset=UTF-8,711.748867ms,,f54fa470
closing,https://api.querybuscas.com/pages/closing,,1137,404,2254,107,20,text/html; charset=UTF-8,756.747381ms,,f54fa471
club,https://api.querybuscas.com/pages/club,,1138,404,2254,107,20,text/html; charset=UTF-8,819.862642ms,,f54fa472
cluster,https://api.querybuscas.com/pages/cluster,,1139,404,2254,107,20,text/html; charset=UTF-8,725.379627ms,,f54fa473
clusters,https://api.querybuscas.com/pages/clusters,,1140,404,2254,107,20,text/html; charset=UTF-8,690.640794ms,,f54fa474
cm,https://api.querybuscas.com/pages/cm,,1141,404,2254,107,20,text/html; charset=UTF-8,706.607499ms,,f54fa475
cmd,https://api.querybuscas.com/pages/cmd,,1142,404,2254,107,20,text/html; charset=UTF-8,682.480813ms,,f54fa476
cmpi_popup,https://api.querybuscas.com/pages/cmpi_popup,,1143,404,2254,107,20,text/html; charset=UTF-8,673.830752ms,,f54fa477
cms,https://api.querybuscas.com/pages/cms,,1144,404,2254,107,20,text/html; charset=UTF-8,827.226648ms,,f54fa478
cmsadmin,https://api.querybuscas.com/pages/cmsadmin,,1145,404,2254,107,20,text/html; charset=UTF-8,695.830108ms,,f54fa479
cn,https://api.querybuscas.com/pages/cn,,1146,404,2254,107,20,text/html; charset=UTF-8,728.435402ms,,f54fa47a
cnf,https://api.querybuscas.com/pages/cnf,,1147,404,2254,107,20,text/html; charset=UTF-8,797.06465ms,,f54fa47b
cnstats,https://api.querybuscas.com/pages/cnstats,,1148,404,2254,107,20,text/html; charset=UTF-8,762.500649ms,,f54fa47c
cnt,https://api.querybuscas.com/pages/cnt,,1149,404,2254,107,20,text/html; charset=UTF-8,942.549347ms,,f54fa47d
co,https://api.querybuscas.com/pages/co,,1150,404,2254,107,20,text/html; charset=UTF-8,875.756904ms,,f54fa47e
cocoon,https://api.querybuscas.com/pages/cocoon,,1151,404,2254,107,20,text/html; charset=UTF-8,762.854496ms,,f54fa47f
code,https://api.querybuscas.com/pages/code,,1152,404,2254,107,20,text/html; charset=UTF-8,636.756617ms,,f54fa480
codec,https://api.querybuscas.com/pages/codec,,1153,404,2254,107,20,text/html; charset=UTF-8,659.162775ms,,f54fa481
codecs,https://api.querybuscas.com/pages/codecs,,1154,404,2254,107,20,text/html; charset=UTF-8,666.869371ms,,f54fa482
codepages,https://api.querybuscas.com/pages/codepages,,1155,404,2254,107,20,text/html; charset=UTF-8,640.914961ms,,f54fa483
codes,https://api.querybuscas.com/pages/codes,,1156,404,2254,107,20,text/html; charset=UTF-8,799.27576ms,,f54fa484
coffee,https://api.querybuscas.com/pages/coffee,,1157,404,2254,107,20,text/html; charset=UTF-8,696.99479ms,,f54fa485
cognos,https://api.querybuscas.com/pages/cognos,,1158,404,2254,107,20,text/html; charset=UTF-8,691.117711ms,,f54fa486
coke,https://api.querybuscas.com/pages/coke,,1159,404,2254,107,20,text/html; charset=UTF-8,864.016316ms,,f54fa487
coldfusion,https://api.querybuscas.com/pages/coldfusion,,1160,404,2254,107,20,text/html; charset=UTF-8,740.28474ms,,f54fa488
collapse,https://api.querybuscas.com/pages/collapse,,1161,404,2254,107,20,text/html; charset=UTF-8,697.38014ms,,f54fa489
collection,https://api.querybuscas.com/pages/collection,,1162,404,2254,107,20,text/html; charset=UTF-8,646.296398ms,,f54fa48a
college,https://api.querybuscas.com/pages/college,,1163,404,2254,107,20,text/html; charset=UTF-8,764.177472ms,,f54fa48b
columnists,https://api.querybuscas.com/pages/columnists,,1164,404,2254,107,20,text/html; charset=UTF-8,730.447572ms,,f54fa48c
columns,https://api.querybuscas.com/pages/columns,,1165,404,2254,107,20,text/html; charset=UTF-8,706.80146ms,,f54fa48d
com,https://api.querybuscas.com/pages/com,,1166,404,2254,107,20,text/html; charset=UTF-8,662.736718ms,,f54fa48e
com1,https://api.querybuscas.com/pages/com1,,1167,404,2254,107,20,text/html; charset=UTF-8,672.506821ms,,f54fa48f
com3,https://api.querybuscas.com/pages/com3,,1169,404,2254,107,20,text/html; charset=UTF-8,624.172616ms,,f54fa491
com2,https://api.querybuscas.com/pages/com2,,1168,404,2254,107,20,text/html; charset=UTF-8,693.117582ms,,f54fa490
com4,https://api.querybuscas.com/pages/com4,,1170,404,2254,107,20,text/html; charset=UTF-8,796.745213ms,,f54fa492
com_sun_web_ui,https://api.querybuscas.com/pages/com_sun_web_ui,,1171,404,2254,107,20,text/html; charset=UTF-8,846.727327ms,,f54fa493
comics,https://api.querybuscas.com/pages/comics,,1172,404,2254,107,20,text/html; charset=UTF-8,984.221234ms,,f54fa494
comm,https://api.querybuscas.com/pages/comm,,1173,404,2254,107,20,text/html; charset=UTF-8,951.016133ms,,f54fa495
command,https://api.querybuscas.com/pages/command,,1174,404,2254,107,20,text/html; charset=UTF-8,785.761668ms,,f54fa496
comment,https://api.querybuscas.com/pages/comment,,1175,404,2254,107,20,text/html; charset=UTF-8,655.643369ms,,f54fa497
comment-page,https://api.querybuscas.com/pages/comment-page,,1176,404,2254,107,20,text/html; charset=UTF-8,637.187028ms,,f54fa498
comment-page-1,https://api.querybuscas.com/pages/comment-page-1,,1177,404,2254,107,20,text/html; charset=UTF-8,654.928655ms,,f54fa499
commentary,https://api.querybuscas.com/pages/commentary,,1178,404,2254,107,20,text/html; charset=UTF-8,646.236592ms,,f54fa49a
commented,https://api.querybuscas.com/pages/commented,,1179,404,2254,107,20,text/html; charset=UTF-8,701.125691ms,,f54fa49b
comments,https://api.querybuscas.com/pages/comments,,1180,404,2254,107,20,text/html; charset=UTF-8,561.366162ms,,f54fa49c
commerce,https://api.querybuscas.com/pages/commerce,,1181,404,2254,107,20,text/html; charset=UTF-8,679.866304ms,,f54fa49d
commercial,https://api.querybuscas.com/pages/commercial,,1182,404,2254,107,20,text/html; charset=UTF-8,703.383191ms,,f54fa49e
common,https://api.querybuscas.com/pages/common,,1183,404,2254,107,20,text/html; charset=UTF-8,601.830476ms,,f54fa49f
commoncontrols,https://api.querybuscas.com/pages/commoncontrols,,1184,404,2254,107,20,text/html; charset=UTF-8,621.358927ms,,f54fa4a0
commun,https://api.querybuscas.com/pages/commun,,1185,404,2254,107,20,text/html; charset=UTF-8,701.385409ms,,f54fa4a1
communication,https://api.querybuscas.com/pages/communication,,1186,404,2254,107,20,text/html; charset=UTF-8,615.639193ms,,f54fa4a2
communicator,https://api.querybuscas.com/pages/communicator,,1188,404,2254,107,20,text/html; charset=UTF-8,574.771398ms,,f54fa4a4
communications,https://api.querybuscas.com/pages/communications,,1187,404,2254,107,20,text/html; charset=UTF-8,658.091919ms,,f54fa4a3
community,https://api.querybuscas.com/pages/community,,1190,404,2254,107,20,text/html; charset=UTF-8,639.203996ms,,f54fa4a6
communities,https://api.querybuscas.com/pages/communities,,1189,404,2254,107,20,text/html; charset=UTF-8,721.427293ms,,f54fa4a5
comp,https://api.querybuscas.com/pages/comp,,1191,404,2254,107,20,text/html; charset=UTF-8,749.52998ms,,f54fa4a7
compact,https://api.querybuscas.com/pages/compact,,1192,404,2254,107,20,text/html; charset=UTF-8,735.727551ms,,f54fa4a8
companies,https://api.querybuscas.com/pages/companies,,1193,404,2254,107,20,text/html; charset=UTF-8,767.917115ms,,f54fa4a9
company,https://api.querybuscas.com/pages/company,,1194,404,2254,107,20,text/html; charset=UTF-8,724.363689ms,,f54fa4aa
compare,https://api.querybuscas.com/pages/compare,,1195,404,2254,107,20,text/html; charset=UTF-8,716.607374ms,,f54fa4ab
compare_product,https://api.querybuscas.com/pages/compare_product,,1196,404,2254,107,20,text/html; charset=UTF-8,712.795323ms,,f54fa4ac
comparison,https://api.querybuscas.com/pages/comparison,,1197,404,2254,107,20,text/html; charset=UTF-8,701.347795ms,,f54fa4ad
comparison_list,https://api.querybuscas.com/pages/comparison_list,,1198,404,2254,107,20,text/html; charset=UTF-8,872.61872ms,,f54fa4ae
compat,https://api.querybuscas.com/pages/compat,,1199,404,2254,107,20,text/html; charset=UTF-8,560.732996ms,,f54fa4af
compiled,https://api.querybuscas.com/pages/compiled,,1200,404,2254,107,20,text/html; charset=UTF-8,683.202221ms,,f54fa4b0
complaint,https://api.querybuscas.com/pages/complaint,,1201,404,2254,107,20,text/html; charset=UTF-8,729.837129ms,,f54fa4b1
complaints,https://api.querybuscas.com/pages/complaints,,1202,404,2254,107,20,text/html; charset=UTF-8,651.978957ms,,f54fa4b2
compliance,https://api.querybuscas.com/pages/compliance,,1203,404,2254,107,20,text/html; charset=UTF-8,633.590107ms,,f54fa4b3
component,https://api.querybuscas.com/pages/component,,1204,404,2254,107,20,text/html; charset=UTF-8,598.24075ms,,f54fa4b4
components,https://api.querybuscas.com/pages/components,,1205,404,2254,107,20,text/html; charset=UTF-8,711.003564ms,,f54fa4b5
composer,https://api.querybuscas.com/pages/composer,,1207,404,2254,107,20,text/html; charset=UTF-8,594.807181ms,,f54fa4b7
compose,https://api.querybuscas.com/pages/compose,,1206,404,2254,107,20,text/html; charset=UTF-8,659.132052ms,,f54fa4b6
compress,https://api.querybuscas.com/pages/compress,,1208,404,2254,107,20,text/html; charset=UTF-8,698.212277ms,,f54fa4b8
compressed,https://api.querybuscas.com/pages/compressed,,1209,404,2254,107,20,text/html; charset=UTF-8,541.573914ms,,f54fa4b9
computer,https://api.querybuscas.com/pages/computer,,1210,404,2254,107,20,text/html; charset=UTF-8,668.70508ms,,f54fa4ba
computers,https://api.querybuscas.com/pages/computers,,1211,404,2254,107,20,text/html; charset=UTF-8,719.236962ms,,f54fa4bb
computing,https://api.querybuscas.com/pages/computing,,1212,404,2254,107,20,text/html; charset=UTF-8,742.271451ms,,f54fa4bc
con,https://api.querybuscas.com/pages/con,,1214,429,17,3,2,text/plain; charset=UTF-8,368.371451ms,,f54fa4be
concrete,https://api.querybuscas.com/pages/concrete,,1215,429,17,3,2,text/plain; charset=UTF-8,403.695462ms,,f54fa4bf
comunicator,https://api.querybuscas.com/pages/comunicator,,1213,404,2254,107,20,text/html; charset=UTF-8,811.328672ms,,f54fa4bd
conditions,https://api.querybuscas.com/pages/conditions,,1216,429,17,3,2,text/plain; charset=UTF-8,407.488473ms,,f54fa4c0
conf,https://api.querybuscas.com/pages/conf,,1217,429,17,3,2,text/plain; charset=UTF-8,494.813458ms,,f54fa4c1
conference,https://api.querybuscas.com/pages/conference,,1218,429,17,3,2,text/plain; charset=UTF-8,402.880909ms,,f54fa4c2
conferences,https://api.querybuscas.com/pages/conferences,,1219,429,17,3,2,text/plain; charset=UTF-8,415.296236ms,,f54fa4c3
config,https://api.querybuscas.com/pages/config,,1220,429,17,3,2,text/plain; charset=UTF-8,400.748983ms,,f54fa4c4
config.properties,https://api.querybuscas.com/pages/config.properties,,1222,429,17,3,2,text/plain; charset=UTF-8,519.367206ms,,f54fa4c6
config.local,https://api.querybuscas.com/pages/config.local,,1221,429,17,3,2,text/plain; charset=UTF-8,560.995448ms,,f54fa4c5
configuration,https://api.querybuscas.com/pages/configuration,,1224,429,17,3,2,text/plain; charset=UTF-8,402.248353ms,,f54fa4c8
configs,https://api.querybuscas.com/pages/configs,,1223,429,17,3,2,text/plain; charset=UTF-8,464.733327ms,,f54fa4c7
configure,https://api.querybuscas.com/pages/configure,,1225,429,17,3,2,text/plain; charset=UTF-8,406.067277ms,,f54fa4c9
confirm,https://api.querybuscas.com/pages/confirm,,1226,429,17,3,2,text/plain; charset=UTF-8,392.881648ms,,f54fa4ca
conlib,https://api.querybuscas.com/pages/conlib,,1228,429,17,3,2,text/plain; charset=UTF-8,446.326064ms,,f54fa4cc
confirmed,https://api.querybuscas.com/pages/confirmed,,1227,429,17,3,2,text/plain; charset=UTF-8,447.098686ms,,f54fa4cb
connect,https://api.querybuscas.com/pages/connect,,1230,429,17,3,2,text/plain; charset=UTF-8,445.542412ms,,f54fa4ce
connections,https://api.querybuscas.com/pages/connections,,1231,429,17,3,2,text/plain; charset=UTF-8,300.501737ms,,f54fa4cf
conn,https://api.querybuscas.com/pages/conn,,1229,429,17,3,2,text/plain; charset=UTF-8,470.144777ms,,f54fa4cd
connector,https://api.querybuscas.com/pages/connector,,1232,429,17,3,2,text/plain; charset=UTF-8,340.109995ms,,f54fa4d0
connectors,https://api.querybuscas.com/pages/connectors,,1233,429,17,3,2,text/plain; charset=UTF-8,297.901917ms,,f54fa4d1
console,https://api.querybuscas.com/pages/console,,1234,429,17,3,2,text/plain; charset=UTF-8,306.241353ms,,f54fa4d2
constant,https://api.querybuscas.com/pages/constant,,1235,429,17,3,2,text/plain; charset=UTF-8,474.042859ms,,f54fa4d3
constants,https://api.querybuscas.com/pages/constants,,1236,429,17,3,2,text/plain; charset=UTF-8,440.220457ms,,f54fa4d4
consulting,https://api.querybuscas.com/pages/consulting,,1237,429,17,3,2,text/plain; charset=UTF-8,358.158501ms,,f54fa4d5
consumer,https://api.querybuscas.com/pages/consumer,,1238,429,17,3,2,text/plain; charset=UTF-8,427.428836ms,,f54fa4d6
cont,https://api.querybuscas.com/pages/cont,,1239,429,17,3,2,text/plain; charset=UTF-8,379.156152ms,,f54fa4d7
contact,https://api.querybuscas.com/pages/contact,,1240,429,17,3,2,text/plain; charset=UTF-8,379.374399ms,,f54fa4d8
contact-form,https://api.querybuscas.com/pages/contact-form,,1241,429,17,3,2,text/plain; charset=UTF-8,383.091592ms,,f54fa4d9
contact-us,https://api.querybuscas.com/pages/contact-us,,1242,429,17,3,2,text/plain; charset=UTF-8,401.503549ms,,f54fa4da
contact_bean,https://api.querybuscas.com/pages/contact_bean,,1243,429,17,3,2,text/plain; charset=UTF-8,398.591637ms,,f54fa4db
contact_us,https://api.querybuscas.com/pages/contact_us,,1244,429,17,3,2,text/plain; charset=UTF-8,398.311185ms,,f54fa4dc
contactinfo,https://api.querybuscas.com/pages/contactinfo,,1245,429,17,3,2,text/plain; charset=UTF-8,436.796507ms,,f54fa4dd
contacto,https://api.querybuscas.com/pages/contacto,,1246,429,17,3,2,text/plain; charset=UTF-8,494.18428ms,,f54fa4de
contacts,https://api.querybuscas.com/pages/contacts,,1247,429,17,3,2,text/plain; charset=UTF-8,400.62284ms,,f54fa4df
contacts.txt,https://api.querybuscas.com/pages/contacts.txt,,1248,429,17,3,2,text/plain; charset=UTF-8,440.673559ms,,f54fa4e0
contactus,https://api.querybuscas.com/pages/contactus,,1249,429,17,3,2,text/plain; charset=UTF-8,411.607414ms,,f54fa4e1
contato,https://api.querybuscas.com/pages/contato,,1251,429,17,3,2,text/plain; charset=UTF-8,393.870799ms,,f54fa4e3
contao,https://api.querybuscas.com/pages/contao,,1250,429,17,3,2,text/plain; charset=UTF-8,422.322655ms,,f54fa4e2
contenido,https://api.querybuscas.com/pages/contenido,,1252,429,17,3,2,text/plain; charset=UTF-8,397.846166ms,,f54fa4e4
content,https://api.querybuscas.com/pages/content,,1253,429,17,3,2,text/plain; charset=UTF-8,371.610104ms,,f54fa4e5
contents,https://api.querybuscas.com/pages/contents,,1254,429,17,3,2,text/plain; charset=UTF-8,459.238359ms,,f54fa4e6
contest,https://api.querybuscas.com/pages/contest,,1255,429,17,3,2,text/plain; charset=UTF-8,459.320083ms,,f54fa4e7
contract,https://api.querybuscas.com/pages/contract,,1257,429,17,3,2,text/plain; charset=UTF-8,371.135069ms,,f54fa4e9
contests,https://api.querybuscas.com/pages/contests,,1256,429,17,3,2,text/plain; charset=UTF-8,535.028467ms,,f54fa4e8
contracts,https://api.querybuscas.com/pages/contracts,,1258,429,17,3,2,text/plain; charset=UTF-8,384.283963ms,,f54fa4ea
contrib,https://api.querybuscas.com/pages/contrib,,1259,429,17,3,2,text/plain; charset=UTF-8,388.380942ms,,f54fa4eb
contribute.json,https://api.querybuscas.com/pages/contribute.json,,1261,429,17,3,2,text/plain; charset=UTF-8,466.597362ms,,f54fa4ed
contribute,https://api.querybuscas.com/pages/contribute,,1260,429,17,3,2,text/plain; charset=UTF-8,467.09241ms,,f54fa4ec
control,https://api.querybuscas.com/pages/control,,1263,429,17,3,2,text/plain; charset=UTF-8,321.12348ms,,f54fa4ef
contributor,https://api.querybuscas.com/pages/contributor,,1262,429,17,3,2,text/plain; charset=UTF-8,325.601942ms,,f54fa4ee
controllers,https://api.querybuscas.com/pages/controllers,,1265,429,17,3,2,text/plain; charset=UTF-8,397.027148ms,,f54fa4f1
controller,https://api.querybuscas.com/pages/controller,,1264,429,17,3,2,text/plain; charset=UTF-8,412.36666ms,,f54fa4f0
controls,https://api.querybuscas.com/pages/controls,,1267,429,17,3,2,text/plain; charset=UTF-8,474.584095ms,,f54fa4f3
controlpanel,https://api.querybuscas.com/pages/controlpanel,,1266,429,17,3,2,text/plain; charset=UTF-8,475.137207ms,,f54fa4f2
converge_local,https://api.querybuscas.com/pages/converge_local,,1268,429,17,3,2,text/plain; charset=UTF-8,622.031363ms,,f54fa4f4
converse,https://api.querybuscas.com/pages/converse,,1269,429,17,3,2,text/plain; charset=UTF-8,614.444641ms,,f54fa4f5
cookie_usage,https://api.querybuscas.com/pages/cookie_usage,,1271,429,17,3,2,text/plain; charset=UTF-8,845.990223ms,,f54fa4f7
cookie,https://api.querybuscas.com/pages/cookie,,1270,429,17,3,2,text/plain; charset=UTF-8,846.604724ms,,f54fa4f6
cookies,https://api.querybuscas.com/pages/cookies,,1272,429,17,3,2,text/plain; charset=UTF-8,576.903615ms,,f54fa4f8
cool,https://api.querybuscas.com/pages/cool,,1273,429,17,3,2,text/plain; charset=UTF-8,623.918753ms,,f54fa4f9
copies,https://api.querybuscas.com/pages/copies,,1274,429,17,3,2,text/plain; charset=UTF-8,420.652594ms,,f54fa4fa
copy,https://api.querybuscas.com/pages/copy,,1275,429,17,3,2,text/plain; charset=UTF-8,470.560056ms,,f54fa4fb
copyright,https://api.querybuscas.com/pages/copyright,,1276,429,17,3,2,text/plain; charset=UTF-8,436.659939ms,,f54fa4fc
copyright-policy,https://api.querybuscas.com/pages/copyright-policy,,1277,429,17,3,2,text/plain; charset=UTF-8,510.702803ms,,f54fa4fd
corba,https://api.querybuscas.com/pages/corba,,1278,429,17,3,2,text/plain; charset=UTF-8,561.881857ms,,f54fa4fe
core,https://api.querybuscas.com/pages/core,,1279,429,17,3,2,text/plain; charset=UTF-8,512.109193ms,,f54fa4ff
coreg,https://api.querybuscas.com/pages/coreg,,1280,429,17,3,2,text/plain; charset=UTF-8,520.148211ms,,f54fa500
corp,https://api.querybuscas.com/pages/corp,,1281,429,17,3,2,text/plain; charset=UTF-8,439.980326ms,,f54fa501
corporate,https://api.querybuscas.com/pages/corporate,,1283,429,17,3,2,text/plain; charset=UTF-8,481.233125ms,,f54fa503
corpo,https://api.querybuscas.com/pages/corpo,,1282,429,17,3,2,text/plain; charset=UTF-8,527.816231ms,,f54fa502
corporation,https://api.querybuscas.com/pages/corporation,,1284,429,17,3,2,text/plain; charset=UTF-8,442.940772ms,,f54fa504
corrections,https://api.querybuscas.com/pages/corrections,,1285,429,17,3,2,text/plain; charset=UTF-8,430.000749ms,,f54fa505
cosign.key,https://api.querybuscas.com/pages/cosign.key,,1286,429,17,3,2,text/plain; charset=UTF-8,522.985842ms,,f54fa506
counter,https://api.querybuscas.com/pages/counter,,1289,429,17,3,2,text/plain; charset=UTF-8,399.685498ms,,f54fa509
count,https://api.querybuscas.com/pages/count,,1288,429,17,3,2,text/plain; charset=UTF-8,434.369203ms,,f54fa508
cosign.pub,https://api.querybuscas.com/pages/cosign.pub,,1287,429,17,3,2,text/plain; charset=UTF-8,476.808021ms,,f54fa507
coupon,https://api.querybuscas.com/pages/coupon,,1293,429,17,3,2,text/plain; charset=UTF-8,468.514138ms,,f54fa50d
counts,https://api.querybuscas.com/pages/counts,,1292,429,17,3,2,text/plain; charset=UTF-8,468.792267ms,,f54fa50c
country,https://api.querybuscas.com/pages/country,,1291,429,17,3,2,text/plain; charset=UTF-8,468.754818ms,,f54fa50b
counters,https://api.querybuscas.com/pages/counters,,1290,429,17,3,2,text/plain; charset=UTF-8,494.393245ms,,f54fa50a
coupons1,https://api.querybuscas.com/pages/coupons1,,1295,429,17,3,2,text/plain; charset=UTF-8,510.79416ms,,f54fa50f
coupons,https://api.querybuscas.com/pages/coupons,,1294,429,17,3,2,text/plain; charset=UTF-8,511.061548ms,,f54fa50e
course,https://api.querybuscas.com/pages/course,,1296,429,17,3,2,text/plain; charset=UTF-8,510.834424ms,,f54fa510
courses,https://api.querybuscas.com/pages/courses,,1297,429,17,3,2,text/plain; charset=UTF-8,525.100136ms,,f54fa511
covers,https://api.querybuscas.com/pages/covers,,1299,429,17,3,2,text/plain; charset=UTF-8,397.108172ms,,f54fa513
cp,https://api.querybuscas.com/pages/cp,,1300,429,17,3,2,text/plain; charset=UTF-8,397.34201ms,,f54fa514
cover,https://api.querybuscas.com/pages/cover,,1298,429,17,3,2,text/plain; charset=UTF-8,397.386897ms,,f54fa512
cpadmin,https://api.querybuscas.com/pages/cpadmin,,1301,429,17,3,2,text/plain; charset=UTF-8,466.248117ms,,f54fa515
cpath,https://api.querybuscas.com/pages/cpath,,1304,404,2254,107,20,text/html; charset=UTF-8,694.339165ms,,f54fa518
cpanel_file,https://api.querybuscas.com/pages/cpanel_file,,1303,404,2254,107,20,text/html; charset=UTF-8,695.102655ms,,f54fa517
cpanel,https://api.querybuscas.com/pages/cpanel,,1302,404,2254,107,20,text/html; charset=UTF-8,695.493226ms,,f54fa516
cpp,https://api.querybuscas.com/pages/cpp,,1305,404,2254,107,20,text/html; charset=UTF-8,678.974792ms,,f54fa519
cpstyles,https://api.querybuscas.com/pages/cpstyles,,1307,404,2254,107,20,text/html; charset=UTF-8,621.343208ms,,f54fa51b
cr,https://api.querybuscas.com/pages/cr,,1308,404,2254,107,20,text/html; charset=UTF-8,641.531999ms,,f54fa51c
cps,https://api.querybuscas.com/pages/cps,,1306,404,2254,107,20,text/html; charset=UTF-8,691.698916ms,,f54fa51a
crack,https://api.querybuscas.com/pages/crack,,1309,404,2254,107,20,text/html; charset=UTF-8,799.075866ms,,f54fa51d
crash,https://api.querybuscas.com/pages/crash,,1310,404,2254,107,20,text/html; charset=UTF-8,578.062014ms,,f54fa51e
create,https://api.querybuscas.com/pages/create,,1312,404,2254,107,20,text/html; charset=UTF-8,605.481098ms,,f54fa520
crashes,https://api.querybuscas.com/pages/crashes,,1311,404,2254,107,20,text/html; charset=UTF-8,695.725599ms,,f54fa51f
create_account,https://api.querybuscas.com/pages/create_account,,1313,404,2254,107,20,text/html; charset=UTF-8,718.503915ms,,f54fa521
createaccount,https://api.querybuscas.com/pages/createaccount,,1314,404,2254,107,20,text/html; charset=UTF-8,850.838477ms,,f54fa522
createbutton,https://api.querybuscas.com/pages/createbutton,,1315,404,2254,107,20,text/html; charset=UTF-8,1.025396311s,,f54fa523
creation,https://api.querybuscas.com/pages/creation,,1316,404,2254,107,20,text/html; charset=UTF-8,995.18165ms,,f54fa524
creator,https://api.querybuscas.com/pages/creator,,1317,404,2254,107,20,text/html; charset=UTF-8,829.645074ms,,f54fa525
credentials,https://api.querybuscas.com/pages/credentials,,1318,404,2254,107,20,text/html; charset=UTF-8,841.467126ms,,f54fa526
credentials.txt,https://api.querybuscas.com/pages/credentials.txt,,1319,404,1316,100,20,text/html; charset=UTF-8,684.52119ms,,f54fa527
credit,https://api.querybuscas.com/pages/credit,,1320,404,2254,107,20,text/html; charset=UTF-8,673.868633ms,,f54fa528
creditcards,https://api.querybuscas.com/pages/creditcards,,1321,404,2254,107,20,text/html; charset=UTF-8,619.771162ms,,f54fa529
credits,https://api.querybuscas.com/pages/credits,,1322,404,2254,107,20,text/html; charset=UTF-8,800.104028ms,,f54fa52a
crm,https://api.querybuscas.com/pages/crm,,1324,404,2254,107,20,text/html; charset=UTF-8,703.464579ms,,f54fa52c
crime,https://api.querybuscas.com/pages/crime,,1323,404,2254,107,20,text/html; charset=UTF-8,736.479225ms,,f54fa52b
crms,https://api.querybuscas.com/pages/crms,,1325,404,2254,107,20,text/html; charset=UTF-8,714.736463ms,,f54fa52d
cron,https://api.querybuscas.com/pages/cron,,1326,404,2254,107,20,text/html; charset=UTF-8,608.491005ms,,f54fa52e
cronjobs,https://api.querybuscas.com/pages/cronjobs,,1327,404,2254,107,20,text/html; charset=UTF-8,637.321864ms,,f54fa52f
crontab,https://api.querybuscas.com/pages/crontab,,1329,404,2254,107,20,text/html; charset=UTF-8,629.694603ms,,f54fa531
crons,https://api.querybuscas.com/pages/crons,,1328,404,2254,107,20,text/html; charset=UTF-8,662.010267ms,,f54fa530
crontabs,https://api.querybuscas.com/pages/crontabs,,1330,404,2254,107,20,text/html; charset=UTF-8,654.398779ms,,f54fa532
crossdomain,https://api.querybuscas.com/pages/crossdomain,,1331,404,2254,107,20,text/html; charset=UTF-8,648.646995ms,,f54fa533
crossdomain.xml,https://api.querybuscas.com/pages/crossdomain.xml,,1332,404,2254,107,20,text/html; charset=UTF-8,709.890456ms,,f54fa534
crs,https://api.querybuscas.com/pages/crs,,1333,404,2254,107,20,text/html; charset=UTF-8,716.663446ms,,f54fa535
crtr,https://api.querybuscas.com/pages/crtr,,1334,404,2254,107,20,text/html; charset=UTF-8,688.942989ms,,f54fa536
crypt,https://api.querybuscas.com/pages/crypt,,1335,404,2254,107,20,text/html; charset=UTF-8,662.250177ms,,f54fa537
cs,https://api.querybuscas.com/pages/cs,,1337,404,2254,107,20,text/html; charset=UTF-8,720.578197ms,,f54fa539
crypto,https://api.querybuscas.com/pages/crypto,,1336,404,2254,107,20,text/html; charset=UTF-8,777.006562ms,,f54fa538
csproj,https://api.querybuscas.com/pages/csproj,,1339,404,2254,107,20,text/html; charset=UTF-8,671.043042ms,,f54fa53b
cse,https://api.querybuscas.com/pages/cse,,1338,404,2254,107,20,text/html; charset=UTF-8,685.596825ms,,f54fa53a
css,https://api.querybuscas.com/pages/css,,1340,404,2254,107,20,text/html; charset=UTF-8,656.793255ms,,f54fa53c
csv,https://api.querybuscas.com/pages/csv,,1341,404,2254,107,20,text/html; charset=UTF-8,704.235376ms,,f54fa53d
ctl,https://api.querybuscas.com/pages/ctl,,1343,404,2254,107,20,text/html; charset=UTF-8,670.094178ms,,f54fa53f
ct,https://api.querybuscas.com/pages/ct,,1342,404,2254,107,20,text/html; charset=UTF-8,680.633079ms,,f54fa53e
culture,https://api.querybuscas.com/pages/culture,,1344,404,2254,107,20,text/html; charset=UTF-8,832.5365ms,,f54fa540
currency,https://api.querybuscas.com/pages/currency,,1345,404,2254,107,20,text/html; charset=UTF-8,798.327486ms,,f54fa541
current,https://api.querybuscas.com/pages/current,,1346,404,2254,107,20,text/html; charset=UTF-8,596.619687ms,,f54fa542
custom,https://api.querybuscas.com/pages/custom,,1347,404,2254,107,20,text/html; charset=UTF-8,729.294442ms,,f54fa543
custom-log,https://api.querybuscas.com/pages/custom-log,,1348,404,2254,107,20,text/html; charset=UTF-8,668.796043ms,,f54fa544
custom_log,https://api.querybuscas.com/pages/custom_log,,1349,404,2254,107,20,text/html; charset=UTF-8,674.586417ms,,f54fa545
customavatars,https://api.querybuscas.com/pages/customavatars,,1350,404,2254,107,20,text/html; charset=UTF-8,700.911386ms,,f54fa546
customcode,https://api.querybuscas.com/pages/customcode,,1351,404,2254,107,20,text/html; charset=UTF-8,753.77494ms,,f54fa547
customer,https://api.querybuscas.com/pages/customer,,1352,404,2254,107,20,text/html; charset=UTF-8,663.747731ms,,f54fa548
customer_login,https://api.querybuscas.com/pages/customer_login,,1353,404,2254,107,20,text/html; charset=UTF-8,674.246096ms,,f54fa549
customers,https://api.querybuscas.com/pages/customers,,1354,404,2254,107,20,text/html; charset=UTF-8,559.557353ms,,f54fa54a
customgroupicons,https://api.querybuscas.com/pages/customgroupicons,,1355,404,2254,107,20,text/html; charset=UTF-8,601.654012ms,,f54fa54b
customize,https://api.querybuscas.com/pages/customize,,1356,404,2254,107,20,text/html; charset=UTF-8,631.01081ms,,f54fa54c
cute,https://api.querybuscas.com/pages/cute,,1357,404,2254,107,20,text/html; charset=UTF-8,691.407457ms,,f54fa54d
cutesoft_client,https://api.querybuscas.com/pages/cutesoft_client,,1358,404,2254,107,20,text/html; charset=UTF-8,602.143617ms,,f54fa54e
cv,https://api.querybuscas.com/pages/cv,,1359,404,2254,107,20,text/html; charset=UTF-8,783.853377ms,,f54fa54f
cxf,https://api.querybuscas.com/pages/cxf,,1361,404,2254,107,20,text/html; charset=UTF-8,572.672916ms,,f54fa551
cvs,https://api.querybuscas.com/pages/cvs,,1360,404,2254,107,20,text/html; charset=UTF-8,712.984505ms,,f54fa550
cy,https://api.querybuscas.com/pages/cy,,1362,404,2254,107,20,text/html; charset=UTF-8,757.341801ms,,f54fa552
cyberworld,https://api.querybuscas.com/pages/cyberworld,,1363,404,2254,107,20,text/html; charset=UTF-8,973.737698ms,,f54fa553
czcmdcvt,https://api.querybuscas.com/pages/czcmdcvt,,1366,404,2254,107,20,text/html; charset=UTF-8,730.635978ms,,f54fa556
cz,https://api.querybuscas.com/pages/cz,,1365,404,2254,107,20,text/html; charset=UTF-8,939.957332ms,,f54fa555
cycle_image,https://api.querybuscas.com/pages/cycle_image,,1364,404,2254,107,20,text/html; charset=UTF-8,940.670896ms,,f54fa554
d,https://api.querybuscas.com/pages/d,,1367,404,2254,107,20,text/html; charset=UTF-8,554.753544ms,,f54fa557
daemon,https://api.querybuscas.com/pages/daemon,,1369,404,2254,107,20,text/html; charset=UTF-8,559.776637ms,,f54fa559
da,https://api.querybuscas.com/pages/da,,1368,404,2254,107,20,text/html; charset=UTF-8,562.433095ms,,f54fa558
daily,https://api.querybuscas.com/pages/daily,,1370,404,2254,107,20,text/html; charset=UTF-8,595.070712ms,,f54fa55a
daloradius,https://api.querybuscas.com/pages/daloradius,,1371,404,2254,107,20,text/html; charset=UTF-8,636.009431ms,,f54fa55b
dan,https://api.querybuscas.com/pages/dan,,1372,404,2254,107,20,text/html; charset=UTF-8,689.623394ms,,f54fa55c
dana-na,https://api.querybuscas.com/pages/dana-na,,1373,404,2254,107,20,text/html; charset=UTF-8,691.224752ms,,f54fa55d
dark,https://api.querybuscas.com/pages/dark,,1374,404,2254,107,20,text/html; charset=UTF-8,694.423257ms,,f54fa55e
dashboard,https://api.querybuscas.com/pages/dashboard,,1375,404,2254,107,20,text/html; charset=UTF-8,646.758571ms,,f54fa55f
database,https://api.querybuscas.com/pages/database,,1378,404,2254,107,20,text/html; charset=UTF-8,627.714778ms,,f54fa562
data,https://api.querybuscas.com/pages/data,,1377,404,2254,107,20,text/html; charset=UTF-8,686.798737ms,,f54fa561
dat,https://api.querybuscas.com/pages/dat,,1376,404,2254,107,20,text/html; charset=UTF-8,702.9322ms,,f54fa560
database_administration,https://api.querybuscas.com/pages/database_administration,,1379,404,2254,107,20,text/html; charset=UTF-8,725.605675ms,,f54fa563
datafiles,https://api.querybuscas.com/pages/datafiles,,1381,404,2254,107,20,text/html; charset=UTF-8,561.211554ms,,f54fa565
databases,https://api.querybuscas.com/pages/databases,,1380,404,2254,107,20,text/html; charset=UTF-8,628.691594ms,,f54fa564
datas,https://api.querybuscas.com/pages/datas,,1382,404,2254,107,20,text/html; charset=UTF-8,692.510104ms,,f54fa566
date,https://api.querybuscas.com/pages/date,,1383,404,2254,107,20,text/html; charset=UTF-8,831.395602ms,,f54fa567
daten,https://api.querybuscas.com/pages/daten,,1384,404,2254,107,20,text/html; charset=UTF-8,882.243417ms,,f54fa568
dating,https://api.querybuscas.com/pages/dating,,1386,404,2254,107,20,text/html; charset=UTF-8,826.132213ms,,f54fa56a
datenschutz,https://api.querybuscas.com/pages/datenschutz,,1385,404,2254,107,20,text/html; charset=UTF-8,979.766537ms,,f54fa569
dav,https://api.querybuscas.com/pages/dav,,1387,404,2254,107,20,text/html; charset=UTF-8,738.056159ms,,f54fa56b
day,https://api.querybuscas.com/pages/day,,1388,404,2254,107,20,text/html; charset=UTF-8,655.094373ms,,f54fa56c
db,https://api.querybuscas.com/pages/db,,1389,404,2254,107,20,text/html; charset=UTF-8,667.84695ms,,f54fa56d
db_connect,https://api.querybuscas.com/pages/db_connect,,1390,404,2254,107,20,text/html; charset=UTF-8,667.153047ms,,f54fa56e
dba,https://api.querybuscas.com/pages/dba,,1391,404,2254,107,20,text/html; charset=UTF-8,703.485172ms,,f54fa56f
dbadmin,https://api.querybuscas.com/pages/dbadmin,,1392,404,2254,107,20,text/html; charset=UTF-8,772.606967ms,,f54fa570
dbase,https://api.querybuscas.com/pages/dbase,,1393,404,2254,107,20,text/html; charset=UTF-8,813.479022ms,,f54fa571
dbboon,https://api.querybuscas.com/pages/dbboon,,1394,404,2254,107,20,text/html; charset=UTF-8,759.847151ms,,f54fa572
dbg,https://api.querybuscas.com/pages/dbg,,1395,404,2254,107,20,text/html; charset=UTF-8,798.988066ms,,f54fa573
dbi,https://api.querybuscas.com/pages/dbi,,1396,404,2254,107,20,text/html; charset=UTF-8,793.649392ms,,f54fa574
dblclk,https://api.querybuscas.com/pages/dblclk,,1397,404,2254,107,20,text/html; charset=UTF-8,798.435837ms,,f54fa575
dbm,https://api.querybuscas.com/pages/dbm,,1398,404,2254,107,20,text/html; charset=UTF-8,827.238567ms,,f54fa576
dbman,https://api.querybuscas.com/pages/dbman,,1399,404,2254,107,20,text/html; charset=UTF-8,850.315386ms,,f54fa577
dbmodules,https://api.querybuscas.com/pages/dbmodules,,1400,404,2254,107,20,text/html; charset=UTF-8,786.058049ms,,f54fa578
dbms,https://api.querybuscas.com/pages/dbms,,1401,404,2254,107,20,text/html; charset=UTF-8,797.554876ms,,f54fa579
dbutil,https://api.querybuscas.com/pages/dbutil,,1402,404,2254,107,20,text/html; charset=UTF-8,810.769797ms,,f54fa57a
de,https://api.querybuscas.com/pages/de,,1406,404,2254,107,20,text/html; charset=UTF-8,655.551275ms,,f54fa57e
dc,https://api.querybuscas.com/pages/dc,,1403,404,2254,107,20,text/html; charset=UTF-8,855.850017ms,,f54fa57b
dcforum,https://api.querybuscas.com/pages/dcforum,,1404,404,2254,107,20,text/html; charset=UTF-8,855.769312ms,,f54fa57c
dclk,https://api.querybuscas.com/pages/dclk,,1405,404,2254,107,20,text/html; charset=UTF-8,698.01498ms,,f54fa57d
deal,https://api.querybuscas.com/pages/deal,,1408,404,2254,107,20,text/html; charset=UTF-8,600.593166ms,,f54fa580
dealers,https://api.querybuscas.com/pages/dealers,,1410,404,2254,107,20,text/html; charset=UTF-8,606.008816ms,,f54fa582
dealer,https://api.querybuscas.com/pages/dealer,,1409,404,2254,107,20,text/html; charset=UTF-8,639.624855ms,,f54fa581
de_DE,https://api.querybuscas.com/pages/de_DE,,1407,404,2254,107,20,text/html; charset=UTF-8,699.875859ms,,f54fa57f
deals,https://api.querybuscas.com/pages/deals,,1411,404,2254,107,20,text/html; charset=UTF-8,601.724821ms,,f54fa583
debug,https://api.querybuscas.com/pages/debug,,1413,404,2254,107,20,text/html; charset=UTF-8,605.432165ms,,f54fa585
debian,https://api.querybuscas.com/pages/debian,,1412,404,2254,107,20,text/html; charset=UTF-8,737.853957ms,,f54fa584
dec,https://api.querybuscas.com/pages/dec,,1414,404,2254,107,20,text/html; charset=UTF-8,706.65579ms,,f54fa586
decl,https://api.querybuscas.com/pages/decl,,1415,404,2254,107,20,text/html; charset=UTF-8,660.670519ms,,f54fa587
declaration,https://api.querybuscas.com/pages/declaration,,1416,404,2254,107,20,text/html; charset=UTF-8,652.789378ms,,f54fa588
declarations,https://api.querybuscas.com/pages/declarations,,1417,404,2254,107,20,text/html; charset=UTF-8,646.750247ms,,f54fa589
decode,https://api.querybuscas.com/pages/decode,,1418,404,2254,107,20,text/html; charset=UTF-8,744.610986ms,,f54fa58a
decoder,https://api.querybuscas.com/pages/decoder,,1419,404,2254,107,20,text/html; charset=UTF-8,644.591888ms,,f54fa58b
decrypt,https://api.querybuscas.com/pages/decrypt,,1420,404,2254,107,20,text/html; charset=UTF-8,660.737315ms,,f54fa58c
decrypted,https://api.querybuscas.com/pages/decrypted,,1421,404,2254,107,20,text/html; charset=UTF-8,867.641315ms,,f54fa58d
decryption,https://api.querybuscas.com/pages/decryption,,1422,404,2254,107,20,text/html; charset=UTF-8,766.060836ms,,f54fa58e
def,https://api.querybuscas.com/pages/def,,1423,404,2254,107,20,text/html; charset=UTF-8,626.027774ms,,f54fa58f
default,https://api.querybuscas.com/pages/default,,1424,404,2254,107,20,text/html; charset=UTF-8,639.072539ms,,f54fa590
default_icon,https://api.querybuscas.com/pages/default_icon,,1425,429,17,3,2,text/plain; charset=UTF-8,439.692096ms,,f54fa591
default_image,https://api.querybuscas.com/pages/default_image,,1426,429,17,3,2,text/plain; charset=UTF-8,386.151956ms,,f54fa592
default_logo,https://api.querybuscas.com/pages/default_logo,,1427,429,17,3,2,text/plain; charset=UTF-8,362.449382ms,,f54fa593
default_page,https://api.querybuscas.com/pages/default_page,,1428,429,17,3,2,text/plain; charset=UTF-8,425.148308ms,,f54fa594
defaults,https://api.querybuscas.com/pages/defaults,,1430,429,17,3,2,text/plain; charset=UTF-8,397.842225ms,,f54fa596
default_pages,https://api.querybuscas.com/pages/default_pages,,1429,429,17,3,2,text/plain; charset=UTF-8,402.490015ms,,f54fa595
definition,https://api.querybuscas.com/pages/definition,,1431,429,17,3,2,text/plain; charset=UTF-8,493.543928ms,,f54fa597
definitions,https://api.querybuscas.com/pages/definitions,,1432,429,17,3,2,text/plain; charset=UTF-8,390.335567ms,,f54fa598
delete,https://api.querybuscas.com/pages/delete,,1434,429,17,3,2,text/plain; charset=UTF-8,399.389098ms,,f54fa59a
del,https://api.querybuscas.com/pages/del,,1433,429,17,3,2,text/plain; charset=UTF-8,399.694596ms,,f54fa599
deleted,https://api.querybuscas.com/pages/deleted,,1435,429,17,3,2,text/plain; charset=UTF-8,306.902709ms,,f54fa59b
deleteme,https://api.querybuscas.com/pages/deleteme,,1436,429,17,3,2,text/plain; charset=UTF-8,334.751429ms,,f54fa59c
delicious,https://api.querybuscas.com/pages/delicious,,1438,429,17,3,2,text/plain; charset=UTF-8,450.427766ms,,f54fa59e
deletion,https://api.querybuscas.com/pages/deletion,,1437,429,17,3,2,text/plain; charset=UTF-8,450.853756ms,,f54fa59d
demo,https://api.querybuscas.com/pages/demo,,1439,429,17,3,2,text/plain; charset=UTF-8,443.017944ms,,f54fa59f
demo2,https://api.querybuscas.com/pages/demo2,,1440,429,17,3,2,text/plain; charset=UTF-8,392.56519ms,,f54fa5a0
demos,https://api.querybuscas.com/pages/demos,,1441,429,17,3,2,text/plain; charset=UTF-8,297.984655ms,,f54fa5a1
denied,https://api.querybuscas.com/pages/denied,,1442,429,17,3,2,text/plain; charset=UTF-8,352.909786ms,,f54fa5a2
deny,https://api.querybuscas.com/pages/deny,,1443,429,17,3,2,text/plain; charset=UTF-8,359.47901ms,,f54fa5a3
departments,https://api.querybuscas.com/pages/departments,,1444,429,17,3,2,text/plain; charset=UTF-8,356.804607ms,,f54fa5a4
deploy,https://api.querybuscas.com/pages/deploy,,1445,429,17,3,2,text/plain; charset=UTF-8,340.249126ms,,f54fa5a5
deployment,https://api.querybuscas.com/pages/deployment,,1446,429,17,3,2,text/plain; charset=UTF-8,338.808914ms,,f54fa5a6
design,https://api.querybuscas.com/pages/design,,1448,429,17,3,2,text/plain; charset=UTF-8,302.239541ms,,f54fa5a8
descargas,https://api.querybuscas.com/pages/descargas,,1447,429,17,3,2,text/plain; charset=UTF-8,302.592132ms,,f54fa5a7
designs,https://api.querybuscas.com/pages/designs,,1449,429,17,3,2,text/plain; charset=UTF-8,371.476508ms,,f54fa5a9
desktop,https://api.querybuscas.com/pages/desktop,,1450,429,17,3,2,text/plain; charset=UTF-8,453.136697ms,,f54fa5aa
desktops,https://api.querybuscas.com/pages/desktops,,1452,429,17,3,2,text/plain; charset=UTF-8,387.727916ms,,f54fa5ac
desktopmodules,https://api.querybuscas.com/pages/desktopmodules,,1451,429,17,3,2,text/plain; charset=UTF-8,435.202219ms,,f54fa5ab
destinations,https://api.querybuscas.com/pages/destinations,,1453,429,17,3,2,text/plain; charset=UTF-8,398.08122ms,,f54fa5ad
detail,https://api.querybuscas.com/pages/detail,,1454,429,17,3,2,text/plain; charset=UTF-8,413.345802ms,,f54fa5ae
details,https://api.querybuscas.com/pages/details,,1455,429,17,3,2,text/plain; charset=UTF-8,372.077124ms,,f54fa5af
deutsch,https://api.querybuscas.com/pages/deutsch,,1456,429,17,3,2,text/plain; charset=UTF-8,487.927962ms,,f54fa5b0
dev,https://api.querybuscas.com/pages/dev,,1457,429,17,3,2,text/plain; charset=UTF-8,431.176529ms,,f54fa5b1
dev2,https://api.querybuscas.com/pages/dev2,,1458,429,17,3,2,text/plain; charset=UTF-8,388.416125ms,,f54fa5b2
dev60cgi,https://api.querybuscas.com/pages/dev60cgi,,1459,429,17,3,2,text/plain; charset=UTF-8,354.71405ms,,f54fa5b3
devel,https://api.querybuscas.com/pages/devel,,1460,429,17,3,2,text/plain; charset=UTF-8,402.139755ms,,f54fa5b4
develop,https://api.querybuscas.com/pages/develop,,1461,429,17,3,2,text/plain; charset=UTF-8,447.010749ms,,f54fa5b5
developement,https://api.querybuscas.com/pages/developement,,1462,429,17,3,2,text/plain; charset=UTF-8,559.210111ms,,f54fa5b6
developers,https://api.querybuscas.com/pages/developers,,1464,429,17,3,2,text/plain; charset=UTF-8,395.410961ms,,f54fa5b8
development,https://api.querybuscas.com/pages/development,,1465,429,17,3,2,text/plain; charset=UTF-8,476.027794ms,,f54fa5b9
device,https://api.querybuscas.com/pages/device,,1467,429,17,3,2,text/plain; charset=UTF-8,783.071849ms,,f54fa5bb
development.log,https://api.querybuscas.com/pages/development.log,,1466,429,17,3,2,text/plain; charset=UTF-8,783.140552ms,,f54fa5ba
devices,https://api.querybuscas.com/pages/devices,,1468,429,17,3,2,text/plain; charset=UTF-8,717.244068ms,,f54fa5bc
devs,https://api.querybuscas.com/pages/devs,,1469,429,17,3,2,text/plain; charset=UTF-8,687.598953ms,,f54fa5bd
devtools,https://api.querybuscas.com/pages/devtools,,1470,429,17,3,2,text/plain; charset=UTF-8,548.32207ms,,f54fa5be
dh_,https://api.querybuscas.com/pages/dh_,,1472,429,17,3,2,text/plain; charset=UTF-8,548.497913ms,,f54fa5c0
df,https://api.querybuscas.com/pages/df,,1471,429,17,3,2,text/plain; charset=UTF-8,548.559784ms,,f54fa5bf
dh_phpmyadmin,https://api.querybuscas.com/pages/dh_phpmyadmin,,1473,429,17,3,2,text/plain; charset=UTF-8,590.141679ms,,f54fa5c1
diagnostics,https://api.querybuscas.com/pages/diagnostics,,1476,429,17,3,2,text/plain; charset=UTF-8,562.861908ms,,f54fa5c4
diag,https://api.querybuscas.com/pages/diag,,1475,429,17,3,2,text/plain; charset=UTF-8,562.914843ms,,f54fa5c3
di,https://api.querybuscas.com/pages/di,,1474,429,17,3,2,text/plain; charset=UTF-8,562.918137ms,,f54fa5c2
dial,https://api.querybuscas.com/pages/dial,,1477,429,17,3,2,text/plain; charset=UTF-8,436.010969ms,,f54fa5c5
dialogs,https://api.querybuscas.com/pages/dialogs,,1479,429,17,3,2,text/plain; charset=UTF-8,377.837473ms,,f54fa5c7
dialog,https://api.querybuscas.com/pages/dialog,,1478,429,17,3,2,text/plain; charset=UTF-8,407.001791ms,,f54fa5c6
diary,https://api.querybuscas.com/pages/diary,,1480,429,17,3,2,text/plain; charset=UTF-8,418.587647ms,,f54fa5c8
dictionary,https://api.querybuscas.com/pages/dictionary,,1481,429,17,3,2,text/plain; charset=UTF-8,559.090155ms,,f54fa5c9
diffs,https://api.querybuscas.com/pages/diffs,,1483,429,17,3,2,text/plain; charset=UTF-8,429.853493ms,,f54fa5cb
diff,https://api.querybuscas.com/pages/diff,,1482,429,17,3,2,text/plain; charset=UTF-8,459.02254ms,,f54fa5ca
dig,https://api.querybuscas.com/pages/dig,,1484,429,17,3,2,text/plain; charset=UTF-8,418.161063ms,,f54fa5cc
digest,https://api.querybuscas.com/pages/digest,,1485,429,17,3,2,text/plain; charset=UTF-8,419.144005ms,,f54fa5cd
digg,https://api.querybuscas.com/pages/digg,,1486,429,17,3,2,text/plain; charset=UTF-8,568.660494ms,,f54fa5ce
digital,https://api.querybuscas.com/pages/digital,,1487,429,17,3,2,text/plain; charset=UTF-8,568.753297ms,,f54fa5cf
dir,https://api.querybuscas.com/pages/dir,,1488,429,17,3,2,text/plain; charset=UTF-8,568.649524ms,,f54fa5d0
dir-login,https://api.querybuscas.com/pages/dir-login,,1489,429,17,3,2,text/plain; charset=UTF-8,500.348628ms,,f54fa5d1
dir-prop-base,https://api.querybuscas.com/pages/dir-prop-base,,1490,429,17,3,2,text/plain; charset=UTF-8,408.359372ms,,f54fa5d2
dirbmark,https://api.querybuscas.com/pages/dirbmark,,1491,429,17,3,2,text/plain; charset=UTF-8,408.493097ms,,f54fa5d3
direct,https://api.querybuscas.com/pages/direct,,1492,429,17,3,2,text/plain; charset=UTF-8,408.445139ms,,f54fa5d4
directadmin,https://api.querybuscas.com/pages/directadmin,,1493,429,17,3,2,text/plain; charset=UTF-8,481.681171ms,,f54fa5d5
directories,https://api.querybuscas.com/pages/directories,,1495,429,17,3,2,text/plain; charset=UTF-8,350.195918ms,,f54fa5d7
directorio,https://api.querybuscas.com/pages/directorio,,1496,429,17,3,2,text/plain; charset=UTF-8,422.397569ms,,f54fa5d8
directions,https://api.querybuscas.com/pages/directions,,1494,429,17,3,2,text/plain; charset=UTF-8,422.868721ms,,f54fa5d6
directory,https://api.querybuscas.com/pages/directory,,1497,429,17,3,2,text/plain; charset=UTF-8,443.606405ms,,f54fa5d9
disabled,https://api.querybuscas.com/pages/disabled,,1499,429,17,3,2,text/plain; charset=UTF-8,398.075196ms,,f54fa5db
disallow,https://api.querybuscas.com/pages/disallow,,1500,429,17,3,2,text/plain; charset=UTF-8,612.539794ms,,f54fa5dc
disclaimer,https://api.querybuscas.com/pages/disclaimer,,1501,429,17,3,2,text/plain; charset=UTF-8,529.233552ms,,f54fa5dd
disclosure,https://api.querybuscas.com/pages/disclosure,,1502,429,17,3,2,text/plain; charset=UTF-8,399.703843ms,,f54fa5de
discootra,https://api.querybuscas.com/pages/discootra,,1503,429,17,3,2,text/plain; charset=UTF-8,436.732393ms,,f54fa5df
discount,https://api.querybuscas.com/pages/discount,,1504,429,17,3,2,text/plain; charset=UTF-8,384.618393ms,,f54fa5e0
discovery,https://api.querybuscas.com/pages/discovery,,1505,429,17,3,2,text/plain; charset=UTF-8,387.436723ms,,f54fa5e1
discuss,https://api.querybuscas.com/pages/discuss,,1507,429,17,3,2,text/plain; charset=UTF-8,336.550175ms,,f54fa5e3
discus,https://api.querybuscas.com/pages/discus,,1506,429,17,3,2,text/plain; charset=UTF-8,402.908359ms,,f54fa5e2
discussion,https://api.querybuscas.com/pages/discussion,,1508,429,17,3,2,text/plain; charset=UTF-8,342.630637ms,,f54fa5e4
disdls,https://api.querybuscas.com/pages/disdls,,1509,429,17,3,2,text/plain; charset=UTF-8,404.563465ms,,f54fa5e5
disk,https://api.querybuscas.com/pages/disk,,1510,429,17,3,2,text/plain; charset=UTF-8,427.865309ms,,f54fa5e6
dispatch,https://api.querybuscas.com/pages/dispatch,,1511,429,17,3,2,text/plain; charset=UTF-8,515.619354ms,,f54fa5e7
dispatcher,https://api.querybuscas.com/pages/dispatcher,,1512,429,17,3,2,text/plain; charset=UTF-8,681.833568ms,,f54fa5e8
display,https://api.querybuscas.com/pages/display,,1513,429,17,3,2,text/plain; charset=UTF-8,571.590438ms,,f54fa5e9
display_vvcodes,https://api.querybuscas.com/pages/display_vvcodes,,1514,429,17,3,2,text/plain; charset=UTF-8,559.377746ms,,f54fa5ea
dist,https://api.querybuscas.com/pages/dist,,1515,429,17,3,2,text/plain; charset=UTF-8,453.105765ms,,f54fa5eb
divider,https://api.querybuscas.com/pages/divider,,1516,404,2254,107,20,text/html; charset=UTF-8,696.339613ms,,f54fa5ec
django,https://api.querybuscas.com/pages/django,,1517,404,2254,107,20,text/html; charset=UTF-8,649.069017ms,,f54fa5ed
dl,https://api.querybuscas.com/pages/dl,,1519,404,2254,107,20,text/html; charset=UTF-8,636.190254ms,,f54fa5ef
dk,https://api.querybuscas.com/pages/dk,,1518,404,2254,107,20,text/html; charset=UTF-8,673.579752ms,,f54fa5ee
dll,https://api.querybuscas.com/pages/dll,,1520,404,2254,107,20,text/html; charset=UTF-8,680.913337ms,,f54fa5f0
dm,https://api.querybuscas.com/pages/dm,,1521,404,2254,107,20,text/html; charset=UTF-8,654.651793ms,,f54fa5f1
dm-config,https://api.querybuscas.com/pages/dm-config,,1522,404,2254,107,20,text/html; charset=UTF-8,658.704436ms,,f54fa5f2
dmdocuments,https://api.querybuscas.com/pages/dmdocuments,,1523,404,2254,107,20,text/html; charset=UTF-8,800.117507ms,,f54fa5f3
dms,https://api.querybuscas.com/pages/dms,,1524,404,2254,107,20,text/html; charset=UTF-8,743.442425ms,,f54fa5f4
dns,https://api.querybuscas.com/pages/dns,,1526,404,2254,107,20,text/html; charset=UTF-8,759.164057ms,,f54fa5f6
dms0,https://api.querybuscas.com/pages/dms0,,1525,404,2254,107,20,text/html; charset=UTF-8,766.307746ms,,f54fa5f5
do,https://api.querybuscas.com/pages/do,,1527,404,2254,107,20,text/html; charset=UTF-8,792.115997ms,,f54fa5f7
doc,https://api.querybuscas.com/pages/doc,,1528,404,2254,107,20,text/html; charset=UTF-8,660.925733ms,,f54fa5f8
docedit,https://api.querybuscas.com/pages/docedit,,1530,404,2254,107,20,text/html; charset=UTF-8,713.960735ms,,f54fa5fa
docebo,https://api.querybuscas.com/pages/docebo,,1529,404,2254,107,20,text/html; charset=UTF-8,779.211398ms,,f54fa5f9
dock,https://api.querybuscas.com/pages/dock,,1531,404,2254,107,20,text/html; charset=UTF-8,838.585748ms,,f54fa5fb
docroot,https://api.querybuscas.com/pages/docroot,,1532,404,2254,107,20,text/html; charset=UTF-8,701.965385ms,,f54fa5fc
docs41,https://api.querybuscas.com/pages/docs41,,1534,404,2254,107,20,text/html; charset=UTF-8,765.950443ms,,f54fa5fe
docs,https://api.querybuscas.com/pages/docs,,1533,404,2254,107,20,text/html; charset=UTF-8,952.35165ms,,f54fa5fd
docs51,https://api.querybuscas.com/pages/docs51,,1535,404,2254,107,20,text/html; charset=UTF-8,736.008187ms,,f54fa5ff
document,https://api.querybuscas.com/pages/document,,1536,404,2254,107,20,text/html; charset=UTF-8,759.853488ms,,f54fa600
document_library,https://api.querybuscas.com/pages/document_library,,1537,404,2254,107,20,text/html; charset=UTF-8,834.711015ms,,f54fa601
documentation,https://api.querybuscas.com/pages/documentation,,1538,404,2254,107,20,text/html; charset=UTF-8,798.599522ms,,f54fa602
documents,https://api.querybuscas.com/pages/documents,,1539,404,2254,107,20,text/html; charset=UTF-8,804.151053ms,,f54fa603
doinfo,https://api.querybuscas.com/pages/doinfo,,1540,404,2254,107,20,text/html; charset=UTF-8,776.151953ms,,f54fa604
dokuwiki,https://api.querybuscas.com/pages/dokuwiki,,1541,404,2254,107,20,text/html; charset=UTF-8,693.898356ms,,f54fa605
domain,https://api.querybuscas.com/pages/domain,,1542,404,2254,107,20,text/html; charset=UTF-8,705.626757ms,,f54fa606
domains,https://api.querybuscas.com/pages/domains,,1543,404,2254,107,20,text/html; charset=UTF-8,651.369385ms,,f54fa607
donate,https://api.querybuscas.com/pages/donate,,1544,404,2254,107,20,text/html; charset=UTF-8,799.993241ms,,f54fa608
donations,https://api.querybuscas.com/pages/donations,,1545,404,2254,107,20,text/html; charset=UTF-8,706.088122ms,,f54fa609
done,https://api.querybuscas.com/pages/done,,1546,404,2254,107,20,text/html; charset=UTF-8,649.238497ms,,f54fa60a
dot,https://api.querybuscas.com/pages/dot,,1547,404,2254,107,20,text/html; charset=UTF-8,699.58733ms,,f54fa60b
doubleclick,https://api.querybuscas.com/pages/doubleclick,,1548,404,2254,107,20,text/html; charset=UTF-8,763.574162ms,,f54fa60c
down,https://api.querybuscas.com/pages/down,,1549,404,2254,107,20,text/html; charset=UTF-8,628.662337ms,,f54fa60d
download,https://api.querybuscas.com/pages/download,,1550,404,2254,107,20,text/html; charset=UTF-8,750.482037ms,,f54fa60e
download_private,https://api.querybuscas.com/pages/download_private,,1551,404,2254,107,20,text/html; charset=UTF-8,687.617217ms,,f54fa60f
downloader,https://api.querybuscas.com/pages/downloader,,1552,404,2254,107,20,text/html; charset=UTF-8,643.630326ms,,f54fa610
downloads,https://api.querybuscas.com/pages/downloads,,1553,404,2254,107,20,text/html; charset=UTF-8,805.653623ms,,f54fa611
downsys,https://api.querybuscas.com/pages/downsys,,1554,404,2254,107,20,text/html; charset=UTF-8,1.136802294s,,f54fa612
draft,https://api.querybuscas.com/pages/draft,,1555,404,2254,107,20,text/html; charset=UTF-8,1.204644462s,,f54fa613
dragon,https://api.querybuscas.com/pages/dragon,,1557,404,2254,107,20,text/html; charset=UTF-8,857.676336ms,,f54fa615
drafts,https://api.querybuscas.com/pages/drafts,,1556,404,2254,107,20,text/html; charset=UTF-8,1.052926435s,,f54fa614
draver,https://api.querybuscas.com/pages/draver,,1558,404,2254,107,20,text/html; charset=UTF-8,758.870832ms,,f54fa616
driver,https://api.querybuscas.com/pages/driver,,1559,404,2254,107,20,text/html; charset=UTF-8,756.626533ms,,f54fa617
drop,https://api.querybuscas.com/pages/drop,,1561,404,2254,107,20,text/html; charset=UTF-8,651.278044ms,,f54fa619
drivers,https://api.querybuscas.com/pages/drivers,,1560,404,2254,107,20,text/html; charset=UTF-8,681.864967ms,,f54fa618
dropped,https://api.querybuscas.com/pages/dropped,,1562,404,2254,107,20,text/html; charset=UTF-8,755.652677ms,,f54fa61a
drupal,https://api.querybuscas.com/pages/drupal,,1563,404,2254,107,20,text/html; charset=UTF-8,691.675068ms,,f54fa61b
ds,https://api.querybuscas.com/pages/ds,,1564,404,2254,107,20,text/html; charset=UTF-8,673.981704ms,,f54fa61c
dummy,https://api.querybuscas.com/pages/dummy,,1565,404,2254,107,20,text/html; charset=UTF-8,718.085987ms,,f54fa61d
dump,https://api.querybuscas.com/pages/dump,,1566,404,2254,107,20,text/html; charset=UTF-8,695.638274ms,,f54fa61e
dumpenv,https://api.querybuscas.com/pages/dumpenv,,1567,404,2254,107,20,text/html; charset=UTF-8,672.528438ms,,f54fa61f
dumps,https://api.querybuscas.com/pages/dumps,,1568,404,2254,107,20,text/html; charset=UTF-8,671.914188ms,,f54fa620
dumpuser,https://api.querybuscas.com/pages/dumpuser,,1569,404,2254,107,20,text/html; charset=UTF-8,611.404711ms,,f54fa621
dwr,https://api.querybuscas.com/pages/dwr,,1571,404,2254,107,20,text/html; charset=UTF-8,669.988298ms,,f54fa623
dvd,https://api.querybuscas.com/pages/dvd,,1570,404,2254,107,20,text/html; charset=UTF-8,716.74339ms,,f54fa622
dyn,https://api.querybuscas.com/pages/dyn,,1572,404,2254,107,20,text/html; charset=UTF-8,598.700446ms,,f54fa624
dynamic,https://api.querybuscas.com/pages/dynamic,,1573,404,2254,107,20,text/html; charset=UTF-8,786.673458ms,,f54fa625
dyop_addtocart,https://api.querybuscas.com/pages/dyop_addtocart,,1574,404,2254,107,20,text/html; charset=UTF-8,604.685866ms,,f54fa626
dyop_quan,https://api.querybuscas.com/pages/dyop_quan,,1576,404,2254,107,20,text/html; charset=UTF-8,605.677098ms,,f54fa628
dyop_delete,https://api.querybuscas.com/pages/dyop_delete,,1575,404,2254,107,20,text/html; charset=UTF-8,737.217372ms,,f54fa627
e,https://api.querybuscas.com/pages/e,,1577,404,2254,107,20,text/html; charset=UTF-8,604.86319ms,,f54fa629
e-mail,https://api.querybuscas.com/pages/e-mail,,1578,404,2254,107,20,text/html; charset=UTF-8,693.635645ms,,f54fa62a
e-store,https://api.querybuscas.com/pages/e-store,,1579,404,2254,107,20,text/html; charset=UTF-8,749.894814ms,,f54fa62b
e107_admin,https://api.querybuscas.com/pages/e107_admin,,1580,404,2254,107,20,text/html; charset=UTF-8,691.760836ms,,f54fa62c
e107_files,https://api.querybuscas.com/pages/e107_files,,1581,404,2254,107,20,text/html; charset=UTF-8,707.594915ms,,f54fa62d
e107_handlers,https://api.querybuscas.com/pages/e107_handlers,,1582,404,2254,107,20,text/html; charset=UTF-8,657.521981ms,,f54fa62e
e2fs,https://api.querybuscas.com/pages/e2fs,,1583,404,2254,107,20,text/html; charset=UTF-8,697.293162ms,,f54fa62f
ear,https://api.querybuscas.com/pages/ear,,1584,404,2254,107,20,text/html; charset=UTF-8,746.210183ms,,f54fa630
easy,https://api.querybuscas.com/pages/easy,,1585,404,2254,107,20,text/html; charset=UTF-8,686.289657ms,,f54fa631
ebay,https://api.querybuscas.com/pages/ebay,,1586,404,2254,107,20,text/html; charset=UTF-8,557.995773ms,,f54fa632
eblast,https://api.querybuscas.com/pages/eblast,,1587,404,2254,107,20,text/html; charset=UTF-8,719.670936ms,,f54fa633
ebook,https://api.querybuscas.com/pages/ebook,,1588,404,2254,107,20,text/html; charset=UTF-8,658.321019ms,,f54fa634
ebooks,https://api.querybuscas.com/pages/ebooks,,1589,404,2254,107,20,text/html; charset=UTF-8,798.711844ms,,f54fa635
ebriefs,https://api.querybuscas.com/pages/ebriefs,,1590,404,2254,107,20,text/html; charset=UTF-8,656.851692ms,,f54fa636
ec,https://api.querybuscas.com/pages/ec,,1591,404,2254,107,20,text/html; charset=UTF-8,632.311129ms,,f54fa637
ecard,https://api.querybuscas.com/pages/ecard,,1592,404,2254,107,20,text/html; charset=UTF-8,807.722615ms,,f54fa638
ecards,https://api.querybuscas.com/pages/ecards,,1593,404,2254,107,20,text/html; charset=UTF-8,801.938371ms,,f54fa639
echannel,https://api.querybuscas.com/pages/echannel,,1594,404,2254,107,20,text/html; charset=UTF-8,757.642731ms,,f54fa63a
ecommerce,https://api.querybuscas.com/pages/ecommerce,,1595,404,2254,107,20,text/html; charset=UTF-8,738.186831ms,,f54fa63b
ecrire,https://api.querybuscas.com/pages/ecrire,,1596,404,2254,107,20,text/html; charset=UTF-8,1.146774685s,,f54fa63c
edge,https://api.querybuscas.com/pages/edge,,1597,404,2254,107,20,text/html; charset=UTF-8,1.016827727s,,f54fa63d
edgy,https://api.querybuscas.com/pages/edgy,,1598,404,2254,107,20,text/html; charset=UTF-8,966.639808ms,,f54fa63e
edit,https://api.querybuscas.com/pages/edit,,1599,404,2254,107,20,text/html; charset=UTF-8,978.118371ms,,f54fa63f
edit_link,https://api.querybuscas.com/pages/edit_link,,1600,404,2254,107,20,text/html; charset=UTF-8,650.292209ms,,f54fa640
edit_profile,https://api.querybuscas.com/pages/edit_profile,,1601,404,2254,107,20,text/html; charset=UTF-8,600.78628ms,,f54fa641
editaddress,https://api.querybuscas.com/pages/editaddress,,1602,404,2254,107,20,text/html; charset=UTF-8,810.750425ms,,f54fa642
editor,https://api.querybuscas.com/pages/editor,,1603,404,2254,107,20,text/html; charset=UTF-8,678.166194ms,,f54fa643
editorials,https://api.querybuscas.com/pages/editorials,,1605,404,2254,107,20,text/html; charset=UTF-8,683.746311ms,,f54fa645
editorial,https://api.querybuscas.com/pages/editorial,,1604,404,2254,107,20,text/html; charset=UTF-8,757.211544ms,,f54fa644
editors,https://api.querybuscas.com/pages/editors,,1606,404,2254,107,20,text/html; charset=UTF-8,718.569647ms,,f54fa646
editpost,https://api.querybuscas.com/pages/editpost,,1607,404,2254,107,20,text/html; charset=UTF-8,729.979722ms,,f54fa647
edits,https://api.querybuscas.com/pages/edits,,1608,404,2254,107,20,text/html; charset=UTF-8,707.529041ms,,f54fa648
edp,https://api.querybuscas.com/pages/edp,,1609,404,2254,107,20,text/html; charset=UTF-8,695.667827ms,,f54fa649
edu,https://api.querybuscas.com/pages/edu,,1610,404,2254,107,20,text/html; charset=UTF-8,737.244676ms,,f54fa64a
education,https://api.querybuscas.com/pages/education,,1611,404,2254,107,20,text/html; charset=UTF-8,694.475921ms,,f54fa64b
ee,https://api.querybuscas.com/pages/ee,,1612,404,2254,107,20,text/html; charset=UTF-8,650.905631ms,,f54fa64c
effort,https://api.querybuscas.com/pages/effort,,1613,404,2254,107,20,text/html; charset=UTF-8,644.879982ms,,f54fa64d
efforts,https://api.querybuscas.com/pages/efforts,,1614,404,2254,107,20,text/html; charset=UTF-8,849.050644ms,,f54fa64e
egress,https://api.querybuscas.com/pages/egress,,1615,404,2254,107,20,text/html; charset=UTF-8,768.583349ms,,f54fa64f
ehdaa,https://api.querybuscas.com/pages/ehdaa,,1616,404,2254,107,20,text/html; charset=UTF-8,711.61815ms,,f54fa650
ejb,https://api.querybuscas.com/pages/ejb,,1617,404,2254,107,20,text/html; charset=UTF-8,704.569081ms,,f54fa651
el,https://api.querybuscas.com/pages/el,,1618,404,2254,107,20,text/html; charset=UTF-8,840.686518ms,,f54fa652
element,https://api.querybuscas.com/pages/element,,1620,404,2254,107,20,text/html; charset=UTF-8,661.052757ms,,f54fa654
electronics,https://api.querybuscas.com/pages/electronics,,1619,404,2254,107,20,text/html; charset=UTF-8,847.579328ms,,f54fa653
elements,https://api.querybuscas.com/pages/elements,,1621,404,2254,107,20,text/html; charset=UTF-8,765.690724ms,,f54fa655
elmar,https://api.querybuscas.com/pages/elmar,,1622,404,2254,107,20,text/html; charset=UTF-8,770.983565ms,,f54fa656
em,https://api.querybuscas.com/pages/em,,1623,404,2254,107,20,text/html; charset=UTF-8,785.778175ms,,f54fa657
email,https://api.querybuscas.com/pages/email,,1624,404,2254,107,20,text/html; charset=UTF-8,782.40403ms,,f54fa658
email-a-friend,https://api.querybuscas.com/pages/email-a-friend,,1625,404,2254,107,20,text/html; charset=UTF-8,820.230079ms,,f54fa659
email-addresses,https://api.querybuscas.com/pages/email-addresses,,1626,404,2254,107,20,text/html; charset=UTF-8,704.671202ms,,f54fa65a
emailer,https://api.querybuscas.com/pages/emailer,,1628,404,2254,107,20,text/html; charset=UTF-8,811.873201ms,,f54fa65c
emailafriend,https://api.querybuscas.com/pages/emailafriend,,1627,404,2254,107,20,text/html; charset=UTF-8,861.307561ms,,f54fa65b
emailhandler,https://api.querybuscas.com/pages/emailhandler,,1629,404,2254,107,20,text/html; charset=UTF-8,739.274542ms,,f54fa65d
emailing,https://api.querybuscas.com/pages/emailing,,1630,404,2254,107,20,text/html; charset=UTF-8,686.731782ms,,f54fa65e
emailproduct,https://api.querybuscas.com/pages/emailproduct,,1631,404,2254,107,20,text/html; charset=UTF-8,663.728423ms,,f54fa65f
emails,https://api.querybuscas.com/pages/emails,,1632,404,2254,107,20,text/html; charset=UTF-8,745.331438ms,,f54fa660
emailsignup,https://api.querybuscas.com/pages/emailsignup,,1633,404,2254,107,20,text/html; charset=UTF-8,860.803855ms,,f54fa661
emailtemplates,https://api.querybuscas.com/pages/emailtemplates,,1634,404,2254,107,20,text/html; charset=UTF-8,856.925812ms,,f54fa662
embed,https://api.querybuscas.com/pages/embed,,1635,404,2254,107,20,text/html; charset=UTF-8,933.918754ms,,f54fa663
embedd,https://api.querybuscas.com/pages/embedd,,1636,404,2254,107,20,text/html; charset=UTF-8,969.30893ms,,f54fa664
embedded,https://api.querybuscas.com/pages/embedded,,1637,404,2254,107,20,text/html; charset=UTF-8,837.53142ms,,f54fa665
emea,https://api.querybuscas.com/pages/emea,,1638,404,2254,107,20,text/html; charset=UTF-8,623.459046ms,,f54fa666
emergency,https://api.querybuscas.com/pages/emergency,,1639,404,2254,107,20,text/html; charset=UTF-8,722.301845ms,,f54fa667
emoticons,https://api.querybuscas.com/pages/emoticons,,1640,404,2254,107,20,text/html; charset=UTF-8,601.704546ms,,f54fa668
employee,https://api.querybuscas.com/pages/employee,,1641,404,2254,107,20,text/html; charset=UTF-8,759.14066ms,,f54fa669
employees,https://api.querybuscas.com/pages/employees,,1642,404,2254,107,20,text/html; charset=UTF-8,619.1603ms,,f54fa66a
employers,https://api.querybuscas.com/pages/employers,,1643,404,2254,107,20,text/html; charset=UTF-8,635.439808ms,,f54fa66b
employment,https://api.querybuscas.com/pages/employment,,1644,404,2254,107,20,text/html; charset=UTF-8,667.489177ms,,f54fa66c
empty,https://api.querybuscas.com/pages/empty,,1645,404,2254,107,20,text/html; charset=UTF-8,624.32207ms,,f54fa66d
emu,https://api.querybuscas.com/pages/emu,,1646,404,2254,107,20,text/html; charset=UTF-8,685.304327ms,,f54fa66e
emulator,https://api.querybuscas.com/pages/emulator,,1647,404,2254,107,20,text/html; charset=UTF-8,798.161507ms,,f54fa66f
en,https://api.querybuscas.com/pages/en,,1648,404,2254,107,20,text/html; charset=UTF-8,745.826425ms,,f54fa670
en_US,https://api.querybuscas.com/pages/en_US,,1649,404,2254,107,20,text/html; charset=UTF-8,661.113322ms,,f54fa671
en_us,https://api.querybuscas.com/pages/en_us,,1650,404,2254,107,20,text/html; charset=UTF-8,681.724843ms,,f54fa672
enc,https://api.querybuscas.com/pages/enc,,1652,404,2254,107,20,text/html; charset=UTF-8,612.127948ms,,f54fa674
enable-cookies,https://api.querybuscas.com/pages/enable-cookies,,1651,404,2254,107,20,text/html; charset=UTF-8,668.005517ms,,f54fa673
encode,https://api.querybuscas.com/pages/encode,,1653,404,2254,107,20,text/html; charset=UTF-8,689.494949ms,,f54fa675
encoder,https://api.querybuscas.com/pages/encoder,,1654,404,2254,107,20,text/html; charset=UTF-8,721.828143ms,,f54fa676
encrypt,https://api.querybuscas.com/pages/encrypt,,1655,404,2254,107,20,text/html; charset=UTF-8,680.520169ms,,f54fa677
encrypted,https://api.querybuscas.com/pages/encrypted,,1656,404,2254,107,20,text/html; charset=UTF-8,661.236186ms,,f54fa678
encyption,https://api.querybuscas.com/pages/encyption,,1658,404,2254,107,20,text/html; charset=UTF-8,562.729946ms,,f54fa67a
encryption,https://api.querybuscas.com/pages/encryption,,1657,404,2254,107,20,text/html; charset=UTF-8,697.793632ms,,f54fa679
end,https://api.querybuscas.com/pages/end,,1659,404,2254,107,20,text/html; charset=UTF-8,646.408198ms,,f54fa67b
enduser,https://api.querybuscas.com/pages/enduser,,1660,404,2254,107,20,text/html; charset=UTF-8,831.523409ms,,f54fa67c
endusers,https://api.querybuscas.com/pages/endusers,,1661,404,2254,107,20,text/html; charset=UTF-8,1.10431662s,,f54fa67d
energy,https://api.querybuscas.com/pages/energy,,1662,404,2254,107,20,text/html; charset=UTF-8,1.112651408s,,f54fa67e
enews,https://api.querybuscas.com/pages/enews,,1663,404,2254,107,20,text/html; charset=UTF-8,1.22068412s,,f54fa67f
eng,https://api.querybuscas.com/pages/eng,,1664,404,2254,107,20,text/html; charset=UTF-8,1.05052677s,,f54fa680
engine,https://api.querybuscas.com/pages/engine,,1665,404,2254,107,20,text/html; charset=UTF-8,596.091564ms,,f54fa681
engines,https://api.querybuscas.com/pages/engines,,1666,404,2254,107,20,text/html; charset=UTF-8,694.382849ms,,f54fa682
enterprise,https://api.querybuscas.com/pages/enterprise,,1668,404,2254,107,20,text/html; charset=UTF-8,595.10808ms,,f54fa684
english,https://api.querybuscas.com/pages/english,,1667,404,2254,107,20,text/html; charset=UTF-8,642.088402ms,,f54fa683
entertainment,https://api.querybuscas.com/pages/entertainment,,1669,404,2254,107,20,text/html; charset=UTF-8,640.578803ms,,f54fa685
entries,https://api.querybuscas.com/pages/entries,,1670,404,2254,107,20,text/html; charset=UTF-8,699.04489ms,,f54fa686
entropybanner,https://api.querybuscas.com/pages/entropybanner,,1671,404,2254,107,20,text/html; charset=UTF-8,547.546368ms,,f54fa687
entry,https://api.querybuscas.com/pages/entry,,1672,404,2254,107,20,text/html; charset=UTF-8,596.595787ms,,f54fa688
env,https://api.querybuscas.com/pages/env,,1673,404,2254,107,20,text/html; charset=UTF-8,664.078035ms,,f54fa689
environ,https://api.querybuscas.com/pages/environ,,1674,404,2254,107,20,text/html; charset=UTF-8,796.927668ms,,f54fa68a
environment,https://api.querybuscas.com/pages/environment,,1675,404,2254,107,20,text/html; charset=UTF-8,678.31833ms,,f54fa68b
ep,https://api.querybuscas.com/pages/ep,,1676,404,2254,107,20,text/html; charset=UTF-8,657.606543ms,,f54fa68c
eproducts,https://api.querybuscas.com/pages/eproducts,,1677,404,2254,107,20,text/html; charset=UTF-8,729.623995ms,,f54fa68d
equipment,https://api.querybuscas.com/pages/equipment,,1678,404,2254,107,20,text/html; charset=UTF-8,814.250484ms,,f54fa68e
eric,https://api.querybuscas.com/pages/eric,,1679,404,2254,107,20,text/html; charset=UTF-8,684.985747ms,,f54fa68f
err,https://api.querybuscas.com/pages/err,,1680,404,2254,107,20,text/html; charset=UTF-8,700.226207ms,,f54fa690
erraddsave,https://api.querybuscas.com/pages/erraddsave,,1681,404,2254,107,20,text/html; charset=UTF-8,765.046938ms,,f54fa691
errata,https://api.querybuscas.com/pages/errata,,1682,404,2254,107,20,text/html; charset=UTF-8,771.153321ms,,f54fa692
error,https://api.querybuscas.com/pages/error,,1683,404,2254,107,20,text/html; charset=UTF-8,685.847364ms,,f54fa693
error-espanol,https://api.querybuscas.com/pages/error-espanol,,1684,404,2254,107,20,text/html; charset=UTF-8,640.545793ms,,f54fa694
error-log,https://api.querybuscas.com/pages/error-log,,1685,404,2254,107,20,text/html; charset=UTF-8,686.22969ms,,f54fa695
error_docs,https://api.querybuscas.com/pages/error_docs,,1687,404,2254,107,20,text/html; charset=UTF-8,744.599826ms,,f54fa697
error404,https://api.querybuscas.com/pages/error404,,1686,404,2254,107,20,text/html; charset=UTF-8,762.777169ms,,f54fa696
error_log,https://api.querybuscas.com/pages/error_log,,1688,404,2254,107,20,text/html; charset=UTF-8,796.291306ms,,f54fa698
error_message,https://api.querybuscas.com/pages/error_message,,1689,404,2254,107,20,text/html; charset=UTF-8,841.790282ms,,f54fa699
errorpage,https://api.querybuscas.com/pages/errorpage,,1692,404,2254,107,20,text/html; charset=UTF-8,817.699375ms,,f54fa69c
error_pages,https://api.querybuscas.com/pages/error_pages,,1690,404,2254,107,20,text/html; charset=UTF-8,894.104512ms,,f54fa69a
errordocs,https://api.querybuscas.com/pages/errordocs,,1691,404,2254,107,20,text/html; charset=UTF-8,901.74466ms,,f54fa69b
errorpages,https://api.querybuscas.com/pages/errorpages,,1693,404,2254,107,20,text/html; charset=UTF-8,707.715215ms,,f54fa69d
erros,https://api.querybuscas.com/pages/erros,,1695,404,2254,107,20,text/html; charset=UTF-8,799.480604ms,,f54fa69f
errors,https://api.querybuscas.com/pages/errors,,1694,404,2254,107,20,text/html; charset=UTF-8,815.017443ms,,f54fa69e
es,https://api.querybuscas.com/pages/es,,1696,404,2254,107,20,text/html; charset=UTF-8,815.710442ms,,f54fa6a0
es_ES,https://api.querybuscas.com/pages/es_ES,,1697,404,2254,107,20,text/html; charset=UTF-8,776.897099ms,,f54fa6a1
esales,https://api.querybuscas.com/pages/esales,,1699,404,2254,107,20,text/html; charset=UTF-8,609.412925ms,,f54fa6a3
esale,https://api.querybuscas.com/pages/esale,,1698,404,2254,107,20,text/html; charset=UTF-8,629.297933ms,,f54fa6a2
eshop,https://api.querybuscas.com/pages/eshop,,1700,404,2254,107,20,text/html; charset=UTF-8,725.6628ms,,f54fa6a4
esp,https://api.querybuscas.com/pages/esp,,1701,404,2254,107,20,text/html; charset=UTF-8,618.592179ms,,f54fa6a5
espanol,https://api.querybuscas.com/pages/espanol,,1702,404,2254,107,20,text/html; charset=UTF-8,647.452765ms,,f54fa6a6
established,https://api.querybuscas.com/pages/established,,1703,404,2254,107,20,text/html; charset=UTF-8,737.789529ms,,f54fa6a7
estilos,https://api.querybuscas.com/pages/estilos,,1704,404,2254,107,20,text/html; charset=UTF-8,649.621759ms,,f54fa6a8
estore,https://api.querybuscas.com/pages/estore,,1705,404,2254,107,20,text/html; charset=UTF-8,721.197745ms,,f54fa6a9
esupport,https://api.querybuscas.com/pages/esupport,,1706,404,2254,107,20,text/html; charset=UTF-8,697.140418ms,,f54fa6aa
et,https://api.querybuscas.com/pages/et,,1707,404,2254,107,20,text/html; charset=UTF-8,721.046052ms,,f54fa6ab
ethics,https://api.querybuscas.com/pages/ethics,,1709,404,2254,107,20,text/html; charset=UTF-8,649.599411ms,,f54fa6ad
etc,https://api.querybuscas.com/pages/etc,,1708,404,2254,107,20,text/html; charset=UTF-8,787.772034ms,,f54fa6ac
eu,https://api.querybuscas.com/pages/eu,,1710,404,2254,107,20,text/html; charset=UTF-8,662.489745ms,,f54fa6ae
europe,https://api.querybuscas.com/pages/europe,,1711,404,2254,107,20,text/html; charset=UTF-8,667.12014ms,,f54fa6af
evb,https://api.querybuscas.com/pages/evb,,1712,404,2254,107,20,text/html; charset=UTF-8,652.502664ms,,f54fa6b0
event,https://api.querybuscas.com/pages/event,,1713,404,2254,107,20,text/html; charset=UTF-8,676.67957ms,,f54fa6b1
events,https://api.querybuscas.com/pages/events,,1714,404,2254,107,20,text/html; charset=UTF-8,784.531771ms,,f54fa6b2
evil,https://api.querybuscas.com/pages/evil,,1715,404,2254,107,20,text/html; charset=UTF-8,669.31808ms,,f54fa6b3
ewebeditor,https://api.querybuscas.com/pages/ewebeditor,,1717,404,2254,107,20,text/html; charset=UTF-8,620.67128ms,,f54fa6b5
evt,https://api.querybuscas.com/pages/evt,,1716,404,2254,107,20,text/html; charset=UTF-8,677.46011ms,,f54fa6b4
ews,https://api.querybuscas.com/pages/ews,,1718,404,2254,107,20,text/html; charset=UTF-8,671.292865ms,,f54fa6b6
ex,https://api.querybuscas.com/pages/ex,,1719,404,2254,107,20,text/html; charset=UTF-8,664.349509ms,,f54fa6b7
examples,https://api.querybuscas.com/pages/examples,,1721,404,2254,107,20,text/html; charset=UTF-8,664.760385ms,,f54fa6b9
example,https://api.querybuscas.com/pages/example,,1720,404,2254,107,20,text/html; charset=UTF-8,694.911202ms,,f54fa6b8
excalibur,https://api.querybuscas.com/pages/excalibur,,1722,404,2254,107,20,text/html; charset=UTF-8,1.081052494s,,f54fa6ba
excel,https://api.querybuscas.com/pages/excel,,1723,404,2254,107,20,text/html; charset=UTF-8,1.284792944s,,f54fa6bb
exception_log,https://api.querybuscas.com/pages/exception_log,,1724,404,2254,107,20,text/html; charset=UTF-8,1.2547458s,,f54fa6bc
exch,https://api.querybuscas.com/pages/exch,,1725,404,2254,107,20,text/html; charset=UTF-8,1.275329651s,,f54fa6bd
exchange,https://api.querybuscas.com/pages/exchange,,1726,404,2254,107,20,text/html; charset=UTF-8,674.769285ms,,f54fa6be
exclude,https://api.querybuscas.com/pages/exclude,,1728,404,2254,107,20,text/html; charset=UTF-8,669.21269ms,,f54fa6c0
exchweb,https://api.querybuscas.com/pages/exchweb,,1727,404,2254,107,20,text/html; charset=UTF-8,696.847264ms,,f54fa6bf
exe,https://api.querybuscas.com/pages/exe,,1729,404,2254,107,20,text/html; charset=UTF-8,784.295253ms,,f54fa6c1
exec,https://api.querybuscas.com/pages/exec,,1730,404,2254,107,20,text/html; charset=UTF-8,836.166572ms,,f54fa6c2
executable,https://api.querybuscas.com/pages/executable,,1731,404,2254,107,20,text/html; charset=UTF-8,789.51382ms,,f54fa6c3
executables,https://api.querybuscas.com/pages/executables,,1732,404,2254,107,20,text/html; charset=UTF-8,841.950181ms,,f54fa6c4
exiar,https://api.querybuscas.com/pages/exiar,,1733,404,2254,107,20,text/html; charset=UTF-8,747.679211ms,,f54fa6c5
exit,https://api.querybuscas.com/pages/exit,,1734,404,2254,107,20,text/html; charset=UTF-8,743.80078ms,,f54fa6c6
expert,https://api.querybuscas.com/pages/expert,,1735,404,2254,107,20,text/html; charset=UTF-8,732.580304ms,,f54fa6c7
experts,https://api.querybuscas.com/pages/experts,,1736,404,2254,107,20,text/html; charset=UTF-8,671.307324ms,,f54fa6c8
exploits,https://api.querybuscas.com/pages/exploits,,1737,404,2254,107,20,text/html; charset=UTF-8,750.739613ms,,f54fa6c9
explore,https://api.querybuscas.com/pages/explore,,1738,404,2254,107,20,text/html; charset=UTF-8,745.936283ms,,f54fa6ca
explorer,https://api.querybuscas.com/pages/explorer,,1739,404,2254,107,20,text/html; charset=UTF-8,600.863855ms,,f54fa6cb
export,https://api.querybuscas.com/pages/export,,1740,404,2254,107,20,text/html; charset=UTF-8,633.341507ms,,f54fa6cc
exports,https://api.querybuscas.com/pages/exports,,1741,404,2254,107,20,text/html; charset=UTF-8,722.122075ms,,f54fa6cd
ext,https://api.querybuscas.com/pages/ext,,1742,404,2254,107,20,text/html; charset=UTF-8,644.406463ms,,f54fa6ce
ext2,https://api.querybuscas.com/pages/ext2,,1743,404,2254,107,20,text/html; charset=UTF-8,601.430458ms,,f54fa6cf
extension,https://api.querybuscas.com/pages/extension,,1744,404,2254,107,20,text/html; charset=UTF-8,645.338674ms,,f54fa6d0
extensions,https://api.querybuscas.com/pages/extensions,,1745,404,2254,107,20,text/html; charset=UTF-8,606.200243ms,,f54fa6d1
extern,https://api.querybuscas.com/pages/extern,,1746,404,2254,107,20,text/html; charset=UTF-8,665.215168ms,,f54fa6d2
external,https://api.querybuscas.com/pages/external,,1747,404,2254,107,20,text/html; charset=UTF-8,645.862929ms,,f54fa6d3
externalid,https://api.querybuscas.com/pages/externalid,,1748,404,2254,107,20,text/html; charset=UTF-8,650.26092ms,,f54fa6d4
externalisation,https://api.querybuscas.com/pages/externalisation,,1749,404,2254,107,20,text/html; charset=UTF-8,708.665168ms,,f54fa6d5
externalization,https://api.querybuscas.com/pages/externalization,,1750,404,2254,107,20,text/html; charset=UTF-8,693.202027ms,,f54fa6d6
extra,https://api.querybuscas.com/pages/extra,,1751,404,2254,107,20,text/html; charset=UTF-8,722.913299ms,,f54fa6d7
extranet,https://api.querybuscas.com/pages/extranet,,1752,404,2254,107,20,text/html; charset=UTF-8,848.363322ms,,f54fa6d8
extras,https://api.querybuscas.com/pages/extras,,1753,404,2254,107,20,text/html; charset=UTF-8,704.956581ms,,f54fa6d9
ezshopper,https://api.querybuscas.com/pages/ezshopper,,1754,404,2254,107,20,text/html; charset=UTF-8,695.409584ms,,f54fa6da
ezsqliteadmin,https://api.querybuscas.com/pages/ezsqliteadmin,,1755,404,2254,107,20,text/html; charset=UTF-8,765.981698ms,,f54fa6db
f,https://api.querybuscas.com/pages/f,,1756,404,2254,107,20,text/html; charset=UTF-8,993.781836ms,,f54fa6dc
fa,https://api.querybuscas.com/pages/fa,,1757,404,2254,107,20,text/html; charset=UTF-8,908.524209ms,,f54fa6dd
fabric,https://api.querybuscas.com/pages/fabric,,1758,404,2254,107,20,text/html; charset=UTF-8,772.700062ms,,f54fa6de
face,https://api.querybuscas.com/pages/face,,1759,404,2254,107,20,text/html; charset=UTF-8,792.367789ms,,f54fa6df
facebook,https://api.querybuscas.com/pages/facebook,,1760,404,2254,107,20,text/html; charset=UTF-8,683.846015ms,,f54fa6e0
faces,https://api.querybuscas.com/pages/faces,,1761,404,2254,107,20,text/html; charset=UTF-8,693.098962ms,,f54fa6e1
facts,https://api.querybuscas.com/pages/facts,,1762,404,2254,107,20,text/html; charset=UTF-8,727.385791ms,,f54fa6e2
faculty,https://api.querybuscas.com/pages/faculty,,1763,404,2254,107,20,text/html; charset=UTF-8,611.918011ms,,f54fa6e3
failed,https://api.querybuscas.com/pages/failed,,1765,404,2254,107,20,text/html; charset=UTF-8,662.3993ms,,f54fa6e5
fail,https://api.querybuscas.com/pages/fail,,1764,404,2254,107,20,text/html; charset=UTF-8,716.571543ms,,f54fa6e4
failure,https://api.querybuscas.com/pages/failure,,1766,404,2254,107,20,text/html; charset=UTF-8,556.756038ms,,f54fa6e6
fake,https://api.querybuscas.com/pages/fake,,1767,404,2254,107,20,text/html; charset=UTF-8,857.127668ms,,f54fa6e7
fancybox,https://api.querybuscas.com/pages/fancybox,,1769,404,2254,107,20,text/html; charset=UTF-8,836.802602ms,,f54fa6e9
family,https://api.querybuscas.com/pages/family,,1768,404,2254,107,20,text/html; charset=UTF-8,902.471619ms,,f54fa6e8
faq,https://api.querybuscas.com/pages/faq,,1770,404,2254,107,20,text/html; charset=UTF-8,788.105485ms,,f54fa6ea
faqs,https://api.querybuscas.com/pages/faqs,,1771,404,2254,107,20,text/html; charset=UTF-8,848.242275ms,,f54fa6eb
fashion,https://api.querybuscas.com/pages/fashion,,1772,404,2254,107,20,text/html; charset=UTF-8,685.33196ms,,f54fa6ec
favorite,https://api.querybuscas.com/pages/favorite,,1774,404,2254,107,20,text/html; charset=UTF-8,701.645239ms,,f54fa6ee
favicon.ico,https://api.querybuscas.com/pages/favicon.ico,,1773,404,1316,100,20,text/html; charset=UTF-8,1.051986184s,,f54fa6ed
favorites,https://api.querybuscas.com/pages/favorites,,1775,404,2254,107,20,text/html; charset=UTF-8,717.968992ms,,f54fa6ef
fb,https://api.querybuscas.com/pages/fb,,1776,404,2254,107,20,text/html; charset=UTF-8,644.006686ms,,f54fa6f0
fbook,https://api.querybuscas.com/pages/fbook,,1777,404,2254,107,20,text/html; charset=UTF-8,599.73337ms,,f54fa6f1
fc,https://api.querybuscas.com/pages/fc,,1778,404,2254,107,20,text/html; charset=UTF-8,632.734686ms,,f54fa6f2
fcategory,https://api.querybuscas.com/pages/fcategory,,1779,404,2254,107,20,text/html; charset=UTF-8,681.409704ms,,f54fa6f3
fcgi-bin,https://api.querybuscas.com/pages/fcgi-bin,,1781,404,2254,107,20,text/html; charset=UTF-8,628.145302ms,,f54fa6f5
fcgi,https://api.querybuscas.com/pages/fcgi,,1780,404,2254,107,20,text/html; charset=UTF-8,706.584335ms,,f54fa6f4
fck,https://api.querybuscas.com/pages/fck,,1782,404,2254,107,20,text/html; charset=UTF-8,617.676705ms,,f54fa6f6
fckeditor,https://api.querybuscas.com/pages/fckeditor,,1783,404,2254,107,20,text/html; charset=UTF-8,949.841653ms,,f54fa6f7
fdcp,https://api.querybuscas.com/pages/fdcp,,1784,404,2254,107,20,text/html; charset=UTF-8,1.0344073s,,f54fa6f8
feature,https://api.querybuscas.com/pages/feature,,1785,404,2254,107,20,text/html; charset=UTF-8,1.002878884s,,f54fa6f9
featured,https://api.querybuscas.com/pages/featured,,1786,404,2254,107,20,text/html; charset=UTF-8,797.885302ms,,f54fa6fa
features,https://api.querybuscas.com/pages/features,,1787,404,2254,107,20,text/html; charset=UTF-8,805.1537ms,,f54fa6fb
federation/clients,https://api.querybuscas.com/pages/federation/clients,,1788,404,2254,107,20,text/html; charset=UTF-8,690.10093ms,,f54fa6fc
fedora,https://api.querybuscas.com/pages/fedora,,1789,404,2254,107,20,text/html; charset=UTF-8,730.754443ms,,f54fa6fd
feed,https://api.querybuscas.com/pages/feed,,1790,404,2254,107,20,text/html; charset=UTF-8,658.563626ms,,f54fa6fe
feedback,https://api.querybuscas.com/pages/feedback,,1791,404,2254,107,20,text/html; charset=UTF-8,675.245655ms,,f54fa6ff
feedback_js,https://api.querybuscas.com/pages/feedback_js,,1792,404,2254,107,20,text/html; charset=UTF-8,707.242128ms,,f54fa700
feeds,https://api.querybuscas.com/pages/feeds,,1793,404,2254,107,20,text/html; charset=UTF-8,657.233622ms,,f54fa701
felix,https://api.querybuscas.com/pages/felix,,1794,404,2254,107,20,text/html; charset=UTF-8,694.576047ms,,f54fa702
fetch,https://api.querybuscas.com/pages/fetch,,1795,404,2254,107,20,text/html; charset=UTF-8,656.405451ms,,f54fa703
field,https://api.querybuscas.com/pages/field,,1797,404,2254,107,20,text/html; charset=UTF-8,628.516137ms,,f54fa705
fi,https://api.querybuscas.com/pages/fi,,1796,404,2254,107,20,text/html; charset=UTF-8,644.435638ms,,f54fa704
fields,https://api.querybuscas.com/pages/fields,,1798,404,2254,107,20,text/html; charset=UTF-8,654.573788ms,,f54fa706
file,https://api.querybuscas.com/pages/file,,1799,404,2254,107,20,text/html; charset=UTF-8,610.647466ms,,f54fa707
fileadmin,https://api.querybuscas.com/pages/fileadmin,,1800,404,2254,107,20,text/html; charset=UTF-8,575.065447ms,,f54fa708
filelist,https://api.querybuscas.com/pages/filelist,,1801,404,2254,107,20,text/html; charset=UTF-8,612.250555ms,,f54fa709
filemanager,https://api.querybuscas.com/pages/filemanager,,1802,404,2254,107,20,text/html; charset=UTF-8,777.381416ms,,f54fa70a
files,https://api.querybuscas.com/pages/files,,1803,404,2254,107,20,text/html; charset=UTF-8,744.092506ms,,f54fa70b
fileupload,https://api.querybuscas.com/pages/fileupload,,1804,404,2254,107,20,text/html; charset=UTF-8,685.766242ms,,f54fa70c
fileuploads,https://api.querybuscas.com/pages/fileuploads,,1805,404,2254,107,20,text/html; charset=UTF-8,649.364966ms,,f54fa70d
filez,https://api.querybuscas.com/pages/filez,,1806,404,2254,107,20,text/html; charset=UTF-8,800.312937ms,,f54fa70e
films,https://api.querybuscas.com/pages/films,,1808,404,2254,107,20,text/html; charset=UTF-8,638.018339ms,,f54fa710
film,https://api.querybuscas.com/pages/film,,1807,404,2254,107,20,text/html; charset=UTF-8,685.810715ms,,f54fa70f
filter,https://api.querybuscas.com/pages/filter,,1809,404,2254,107,20,text/html; charset=UTF-8,908.863341ms,,f54fa711
finance,https://api.querybuscas.com/pages/finance,,1810,404,2254,107,20,text/html; charset=UTF-8,799.767975ms,,f54fa712
financial,https://api.querybuscas.com/pages/financial,,1811,404,2254,107,20,text/html; charset=UTF-8,680.215171ms,,f54fa713
find,https://api.querybuscas.com/pages/find,,1812,404,2254,107,20,text/html; charset=UTF-8,757.552806ms,,f54fa714
finger,https://api.querybuscas.com/pages/finger,,1813,404,2254,107,20,text/html; charset=UTF-8,680.570156ms,,f54fa715
finishorder,https://api.querybuscas.com/pages/finishorder,,1814,404,2254,107,20,text/html; charset=UTF-8,742.342272ms,,f54fa716
firefox,https://api.querybuscas.com/pages/firefox,,1815,404,2254,107,20,text/html; charset=UTF-8,671.305788ms,,f54fa717
firewall,https://api.querybuscas.com/pages/firewall,,1816,404,2254,107,20,text/html; charset=UTF-8,601.942231ms,,f54fa718
firewalls,https://api.querybuscas.com/pages/firewalls,,1817,404,2254,107,20,text/html; charset=UTF-8,653.003319ms,,f54fa719
firms,https://api.querybuscas.com/pages/firms,,1819,404,2254,107,20,text/html; charset=UTF-8,576.811246ms,,f54fa71b
firmconnect,https://api.querybuscas.com/pages/firmconnect,,1818,404,2254,107,20,text/html; charset=UTF-8,656.917475ms,,f54fa71a
firmware,https://api.querybuscas.com/pages/firmware,,1820,404,2254,107,20,text/html; charset=UTF-8,755.400606ms,,f54fa71c
first,https://api.querybuscas.com/pages/first,,1821,404,2254,107,20,text/html; charset=UTF-8,902.883111ms,,f54fa71d
fixed,https://api.querybuscas.com/pages/fixed,,1822,404,2254,107,20,text/html; charset=UTF-8,848.710028ms,,f54fa71e
fk,https://api.querybuscas.com/pages/fk,,1823,404,2254,107,20,text/html; charset=UTF-8,828.353836ms,,f54fa71f
fla,https://api.querybuscas.com/pages/fla,,1824,404,2254,107,20,text/html; charset=UTF-8,746.341156ms,,f54fa720
flag,https://api.querybuscas.com/pages/flag,,1825,404,2254,107,20,text/html; charset=UTF-8,590.214788ms,,f54fa721
flags,https://api.querybuscas.com/pages/flags,,1826,404,2254,107,20,text/html; charset=UTF-8,700.848826ms,,f54fa722
flash,https://api.querybuscas.com/pages/flash,,1827,404,2254,107,20,text/html; charset=UTF-8,699.958595ms,,f54fa723
flash-intro,https://api.querybuscas.com/pages/flash-intro,,1828,404,2254,107,20,text/html; charset=UTF-8,828.24112ms,,f54fa724
flex,https://api.querybuscas.com/pages/flex,,1829,404,2254,107,20,text/html; charset=UTF-8,755.531862ms,,f54fa725
flights,https://api.querybuscas.com/pages/flights,,1830,404,2254,107,20,text/html; charset=UTF-8,626.189191ms,,f54fa726
flow,https://api.querybuscas.com/pages/flow,,1831,404,2254,107,20,text/html; charset=UTF-8,655.060075ms,,f54fa727
flowplayer,https://api.querybuscas.com/pages/flowplayer,,1832,404,2254,107,20,text/html; charset=UTF-8,615.526487ms,,f54fa728
flows,https://api.querybuscas.com/pages/flows,,1833,404,2254,107,20,text/html; charset=UTF-8,652.342098ms,,f54fa729
flvideo,https://api.querybuscas.com/pages/flvideo,,1835,404,2254,107,20,text/html; charset=UTF-8,626.989685ms,,f54fa72b
flv,https://api.querybuscas.com/pages/flv,,1834,404,2254,107,20,text/html; charset=UTF-8,701.920605ms,,f54fa72a
flyspray,https://api.querybuscas.com/pages/flyspray,,1836,404,2254,107,20,text/html; charset=UTF-8,657.914801ms,,f54fa72c
fm,https://api.querybuscas.com/pages/fm,,1837,404,2254,107,20,text/html; charset=UTF-8,611.07246ms,,f54fa72d
fn,https://api.querybuscas.com/pages/fn,,1838,404,2254,107,20,text/html; charset=UTF-8,738.884999ms,,f54fa72e
focus,https://api.querybuscas.com/pages/focus,,1839,404,2254,107,20,text/html; charset=UTF-8,770.892394ms,,f54fa72f
foia,https://api.querybuscas.com/pages/foia,,1840,404,2254,107,20,text/html; charset=UTF-8,714.580756ms,,f54fa730
folder,https://api.querybuscas.com/pages/folder,,1841,404,2254,107,20,text/html; charset=UTF-8,631.159209ms,,f54fa731
folder_new,https://api.querybuscas.com/pages/folder_new,,1842,404,2254,107,20,text/html; charset=UTF-8,684.7434ms,,f54fa732
folders,https://api.querybuscas.com/pages/folders,,1843,404,2254,107,20,text/html; charset=UTF-8,719.203452ms,,f54fa733
fonts,https://api.querybuscas.com/pages/fonts,,1845,404,2254,107,20,text/html; charset=UTF-8,594.326091ms,,f54fa735
font,https://api.querybuscas.com/pages/font,,1844,404,2254,107,20,text/html; charset=UTF-8,716.743004ms,,f54fa734
foo,https://api.querybuscas.com/pages/foo,,1846,404,2254,107,20,text/html; charset=UTF-8,661.91735ms,,f54fa736
food,https://api.querybuscas.com/pages/food,,1847,404,2254,107,20,text/html; charset=UTF-8,624.957513ms,,f54fa737
football,https://api.querybuscas.com/pages/football,,1848,404,2254,107,20,text/html; charset=UTF-8,606.385853ms,,f54fa738
footer,https://api.querybuscas.com/pages/footer,,1849,404,2254,107,20,text/html; charset=UTF-8,773.028515ms,,f54fa739
forcedownload,https://api.querybuscas.com/pages/forcedownload,,1852,404,2254,107,20,text/html; charset=UTF-8,561.961662ms,,f54fa73c
footers,https://api.querybuscas.com/pages/footers,,1850,404,2254,107,20,text/html; charset=UTF-8,669.227197ms,,f54fa73a
for,https://api.querybuscas.com/pages/for,,1851,404,2254,107,20,text/html; charset=UTF-8,645.738486ms,,f54fa73b
forget,https://api.querybuscas.com/pages/forget,,1853,404,2254,107,20,text/html; charset=UTF-8,720.408367ms,,f54fa73d
forgot,https://api.querybuscas.com/pages/forgot,,1854,404,2254,107,20,text/html; charset=UTF-8,608.180828ms,,f54fa73e
forgot-password,https://api.querybuscas.com/pages/forgot-password,,1855,404,2254,107,20,text/html; charset=UTF-8,636.917678ms,,f54fa73f
forgot_password,https://api.querybuscas.com/pages/forgot_password,,1856,404,2254,107,20,text/html; charset=UTF-8,726.082268ms,,f54fa740
forgotpassword,https://api.querybuscas.com/pages/forgotpassword,,1857,404,2254,107,20,text/html; charset=UTF-8,767.952931ms,,f54fa741
forgotten,https://api.querybuscas.com/pages/forgotten,,1858,404,2254,107,20,text/html; charset=UTF-8,636.714165ms,,f54fa742
form,https://api.querybuscas.com/pages/form,,1859,404,2254,107,20,text/html; charset=UTF-8,620.36439ms,,f54fa743
format,https://api.querybuscas.com/pages/format,,1860,404,2254,107,20,text/html; charset=UTF-8,729.148679ms,,f54fa744
formatting,https://api.querybuscas.com/pages/formatting,,1861,404,2254,107,20,text/html; charset=UTF-8,635.932081ms,,f54fa745
formhandler,https://api.querybuscas.com/pages/formhandler,,1862,404,2254,107,20,text/html; charset=UTF-8,657.584927ms,,f54fa746
formmail,https://api.querybuscas.com/pages/formmail,,1863,404,2254,107,20,text/html; charset=UTF-8,722.926623ms,,f54fa747
forms,https://api.querybuscas.com/pages/forms,,1864,404,2254,107,20,text/html; charset=UTF-8,702.317802ms,,f54fa748
formsend,https://api.querybuscas.com/pages/formsend,,1866,429,17,3,2,text/plain; charset=UTF-8,372.100906ms,,f54fa74a
formslogin,https://api.querybuscas.com/pages/formslogin,,1867,429,17,3,2,text/plain; charset=UTF-8,378.380491ms,,f54fa74b
foro,https://api.querybuscas.com/pages/foro,,1869,429,17,3,2,text/plain; charset=UTF-8,540.678023ms,,f54fa74d
formupdate,https://api.querybuscas.com/pages/formupdate,,1868,429,17,3,2,text/plain; charset=UTF-8,540.949286ms,,f54fa74c
foros,https://api.querybuscas.com/pages/foros,,1870,429,17,3,2,text/plain; charset=UTF-8,479.319131ms,,f54fa74e
forrest,https://api.querybuscas.com/pages/forrest,,1871,429,17,3,2,text/plain; charset=UTF-8,453.676687ms,,f54fa74f
forum1,https://api.querybuscas.com/pages/forum1,,1874,429,17,3,2,text/plain; charset=UTF-8,379.836953ms,,f54fa752
forum2,https://api.querybuscas.com/pages/forum2,,1875,429,17,3,2,text/plain; charset=UTF-8,326.414039ms,,f54fa753
forum,https://api.querybuscas.com/pages/forum,,1873,429,17,3,2,text/plain; charset=UTF-8,400.236112ms,,f54fa751
fortune,https://api.querybuscas.com/pages/fortune,,1872,429,17,3,2,text/plain; charset=UTF-8,400.481997ms,,f54fa750
forum_old,https://api.querybuscas.com/pages/forum_old,,1876,429,17,3,2,text/plain; charset=UTF-8,327.552779ms,,f54fa754
forumdisplay,https://api.querybuscas.com/pages/forumdisplay,,1879,429,17,3,2,text/plain; charset=UTF-8,323.461166ms,,f54fa757
forumdata,https://api.querybuscas.com/pages/forumdata,,1878,429,17,3,2,text/plain; charset=UTF-8,323.634738ms,,f54fa756
forumcp,https://api.querybuscas.com/pages/forumcp,,1877,429,17,3,2,text/plain; charset=UTF-8,332.86364ms,,f54fa755
forums,https://api.querybuscas.com/pages/forums,,1880,429,17,3,2,text/plain; charset=UTF-8,378.506893ms,,f54fa758
foto,https://api.querybuscas.com/pages/foto,,1882,429,17,3,2,text/plain; charset=UTF-8,377.833032ms,,f54fa75a
forward,https://api.querybuscas.com/pages/forward,,1881,429,17,3,2,text/plain; charset=UTF-8,384.89551ms,,f54fa759
fotos,https://api.querybuscas.com/pages/fotos,,1883,429,17,3,2,text/plain; charset=UTF-8,431.180761ms,,f54fa75b
fpdf,https://api.querybuscas.com/pages/fpdf,,1886,429,17,3,2,text/plain; charset=UTF-8,393.446313ms,,f54fa75e
foundation,https://api.querybuscas.com/pages/foundation,,1884,429,17,3,2,text/plain; charset=UTF-8,400.603193ms,,f54fa75c
fr,https://api.querybuscas.com/pages/fr,,1887,429,17,3,2,text/plain; charset=UTF-8,338.128504ms,,f54fa75f
fpdb,https://api.querybuscas.com/pages/fpdb,,1885,429,17,3,2,text/plain; charset=UTF-8,441.125516ms,,f54fa75d
frames,https://api.querybuscas.com/pages/frames,,1890,429,17,3,2,text/plain; charset=UTF-8,339.711974ms,,f54fa762
fr_FR,https://api.querybuscas.com/pages/fr_FR,,1888,429,17,3,2,text/plain; charset=UTF-8,353.041202ms,,f54fa760
frame,https://api.querybuscas.com/pages/frame,,1889,429,17,3,2,text/plain; charset=UTF-8,353.205332ms,,f54fa761
frameset,https://api.querybuscas.com/pages/frameset,,1891,429,17,3,2,text/plain; charset=UTF-8,405.785694ms,,f54fa763
framework,https://api.querybuscas.com/pages/framework,,1892,429,17,3,2,text/plain; charset=UTF-8,297.029982ms,,f54fa764
francais,https://api.querybuscas.com/pages/francais,,1893,429,17,3,2,text/plain; charset=UTF-8,348.63078ms,,f54fa765
france,https://api.querybuscas.com/pages/france,,1894,429,17,3,2,text/plain; charset=UTF-8,475.739853ms,,f54fa766
free,https://api.querybuscas.com/pages/free,,1895,429,17,3,2,text/plain; charset=UTF-8,457.439496ms,,f54fa767
freebsd,https://api.querybuscas.com/pages/freebsd,,1896,429,17,3,2,text/plain; charset=UTF-8,385.700343ms,,f54fa768
freeware,https://api.querybuscas.com/pages/freeware,,1897,429,17,3,2,text/plain; charset=UTF-8,488.672498ms,,f54fa769
french,https://api.querybuscas.com/pages/french,,1898,429,17,3,2,text/plain; charset=UTF-8,383.819937ms,,f54fa76a
friend,https://api.querybuscas.com/pages/friend,,1899,429,17,3,2,text/plain; charset=UTF-8,394.251193ms,,f54fa76b
friends,https://api.querybuscas.com/pages/friends,,1900,429,17,3,2,text/plain; charset=UTF-8,524.403073ms,,f54fa76c
frm_attach,https://api.querybuscas.com/pages/frm_attach,,1901,429,17,3,2,text/plain; charset=UTF-8,362.307784ms,,f54fa76d
frob,https://api.querybuscas.com/pages/frob,,1902,429,17,3,2,text/plain; charset=UTF-8,578.302033ms,,f54fa76e
from,https://api.querybuscas.com/pages/from,,1903,429,17,3,2,text/plain; charset=UTF-8,490.754367ms,,f54fa76f
frontend,https://api.querybuscas.com/pages/frontend,,1905,429,17,3,2,text/plain; charset=UTF-8,1.242716228s,,f54fa771
front,https://api.querybuscas.com/pages/front,,1904,429,17,3,2,text/plain; charset=UTF-8,1.282931814s,,f54fa770
frontpage,https://api.querybuscas.com/pages/frontpage,,1906,429,17,3,2,text/plain; charset=UTF-8,1.342782198s,,f54fa772
fs,https://api.querybuscas.com/pages/fs,,1907,429,17,3,2,text/plain; charset=UTF-8,1.369552232s,,f54fa773
fsck,https://api.querybuscas.com/pages/fsck,,1908,429,17,3,2,text/plain; charset=UTF-8,594.533341ms,,f54fa774
ftp,https://api.querybuscas.com/pages/ftp,,1909,429,17,3,2,text/plain; charset=UTF-8,559.953244ms,,f54fa775
fuckoff,https://api.querybuscas.com/pages/fuckoff,,1911,429,17,3,2,text/plain; charset=UTF-8,266.661134ms,,f54fa777
fuck,https://api.querybuscas.com/pages/fuck,,1910,429,17,3,2,text/plain; charset=UTF-8,293.47379ms,,f54fa776
func,https://api.querybuscas.com/pages/func,,1915,429,17,3,2,text/plain; charset=UTF-8,362.145929ms,,f54fa77b
full,https://api.querybuscas.com/pages/full,,1913,429,17,3,2,text/plain; charset=UTF-8,399.64591ms,,f54fa779
fun,https://api.querybuscas.com/pages/fun,,1914,429,17,3,2,text/plain; charset=UTF-8,362.169676ms,,f54fa77a
fuckyou,https://api.querybuscas.com/pages/fuckyou,,1912,429,17,3,2,text/plain; charset=UTF-8,440.48978ms,,f54fa778
function,https://api.querybuscas.com/pages/function,,1917,429,17,3,2,text/plain; charset=UTF-8,468.879188ms,,f54fa77d
function.require,https://api.querybuscas.com/pages/function.require,,1918,429,17,3,2,text/plain; charset=UTF-8,468.880355ms,,f54fa77e
functionlude,https://api.querybuscas.com/pages/functionlude,,1919,429,17,3,2,text/plain; charset=UTF-8,428.101771ms,,f54fa77f
funcs,https://api.querybuscas.com/pages/funcs,,1916,429,17,3,2,text/plain; charset=UTF-8,587.841161ms,,f54fa77c
fund,https://api.querybuscas.com/pages/fund,,1921,429,17,3,2,text/plain; charset=UTF-8,639.568621ms,,f54fa781
funds,https://api.querybuscas.com/pages/funds,,1923,429,17,3,2,text/plain; charset=UTF-8,520.601552ms,,f54fa783
functions,https://api.querybuscas.com/pages/functions,,1920,429,17,3,2,text/plain; charset=UTF-8,639.637616ms,,f54fa780
funding,https://api.querybuscas.com/pages/funding,,1922,429,17,3,2,text/plain; charset=UTF-8,729.72658ms,,f54fa782
fusion,https://api.querybuscas.com/pages/fusion,,1925,429,17,3,2,text/plain; charset=UTF-8,314.825654ms,,f54fa785
future,https://api.querybuscas.com/pages/future,,1926,429,17,3,2,text/plain; charset=UTF-8,315.07915ms,,f54fa786
furl,https://api.querybuscas.com/pages/furl,,1924,429,17,3,2,text/plain; charset=UTF-8,315.08817ms,,f54fa784
fw,https://api.querybuscas.com/pages/fw,,1927,429,17,3,2,text/plain; charset=UTF-8,455.903537ms,,f54fa787
fwlink,https://api.querybuscas.com/pages/fwlink,,1928,429,17,3,2,text/plain; charset=UTF-8,287.120314ms,,f54fa788
g,https://api.querybuscas.com/pages/g,,1930,429,17,3,2,text/plain; charset=UTF-8,408.603244ms,,f54fa78a
fx,https://api.querybuscas.com/pages/fx,,1929,429,17,3,2,text/plain; charset=UTF-8,408.869287ms,,f54fa789
ga,https://api.querybuscas.com/pages/ga,,1931,429,17,3,2,text/plain; charset=UTF-8,349.107489ms,,f54fa78b
gadgets,https://api.querybuscas.com/pages/gadgets,,1933,429,17,3,2,text/plain; charset=UTF-8,297.207293ms,,f54fa78d
gadget,https://api.querybuscas.com/pages/gadget,,1932,429,17,3,2,text/plain; charset=UTF-8,419.138291ms,,f54fa78c
gaestebuch,https://api.querybuscas.com/pages/gaestebuch,,1934,429,17,3,2,text/plain; charset=UTF-8,308.978511ms,,f54fa78e
galeria,https://api.querybuscas.com/pages/galeria,,1935,429,17,3,2,text/plain; charset=UTF-8,302.305692ms,,f54fa78f
galleries,https://api.querybuscas.com/pages/galleries,,1937,429,17,3,2,text/plain; charset=UTF-8,267.761582ms,,f54fa791
galerie,https://api.querybuscas.com/pages/galerie,,1936,429,17,3,2,text/plain; charset=UTF-8,275.918818ms,,f54fa790
gallery,https://api.querybuscas.com/pages/gallery,,1938,429,17,3,2,text/plain; charset=UTF-8,382.529288ms,,f54fa792
gallery2,https://api.querybuscas.com/pages/gallery2,,1939,429,17,3,2,text/plain; charset=UTF-8,332.727388ms,,f54fa793
game,https://api.querybuscas.com/pages/game,,1940,429,17,3,2,text/plain; charset=UTF-8,318.587227ms,,f54fa794
games,https://api.querybuscas.com/pages/games,,1942,429,17,3,2,text/plain; charset=UTF-8,302.238579ms,,f54fa796
gamercard,https://api.querybuscas.com/pages/gamercard,,1941,429,17,3,2,text/plain; charset=UTF-8,427.203028ms,,f54fa795
gaming,https://api.querybuscas.com/pages/gaming,,1943,429,17,3,2,text/plain; charset=UTF-8,398.466532ms,,f54fa797
ganglia,https://api.querybuscas.com/pages/ganglia,,1944,429,17,3,2,text/plain; charset=UTF-8,389.018895ms,,f54fa798
garbage,https://api.querybuscas.com/pages/garbage,,1945,429,17,3,2,text/plain; charset=UTF-8,370.75263ms,,f54fa799
gate,https://api.querybuscas.com/pages/gate,,1946,429,17,3,2,text/plain; charset=UTF-8,372.980147ms,,f54fa79a
gateway,https://api.querybuscas.com/pages/gateway,,1947,429,17,3,2,text/plain; charset=UTF-8,321.044542ms,,f54fa79b
gb,https://api.querybuscas.com/pages/gb,,1948,429,17,3,2,text/plain; charset=UTF-8,428.390428ms,,f54fa79c
gccallback,https://api.querybuscas.com/pages/gccallback,,1950,429,17,3,2,text/plain; charset=UTF-8,327.89559ms,,f54fa79e
gbook,https://api.querybuscas.com/pages/gbook,,1949,429,17,3,2,text/plain; charset=UTF-8,336.596172ms,,f54fa79d
gdform,https://api.querybuscas.com/pages/gdform,,1951,429,17,3,2,text/plain; charset=UTF-8,287.775812ms,,f54fa79f
geeklog,https://api.querybuscas.com/pages/geeklog,,1952,429,17,3,2,text/plain; charset=UTF-8,255.560211ms,,f54fa7a0
general,https://api.querybuscas.com/pages/general,,1954,429,17,3,2,text/plain; charset=UTF-8,330.768191ms,,f54fa7a2
gen,https://api.querybuscas.com/pages/gen,,1953,429,17,3,2,text/plain; charset=UTF-8,330.798111ms,,f54fa7a1
generateditems,https://api.querybuscas.com/pages/generateditems,,1955,429,17,3,2,text/plain; charset=UTF-8,395.56541ms,,f54fa7a3
generator,https://api.querybuscas.com/pages/generator,,1956,404,2254,107,20,text/html; charset=UTF-8,947.379031ms,,f54fa7a4
generic,https://api.querybuscas.com/pages/generic,,1957,404,2254,107,20,text/html; charset=UTF-8,912.714039ms,,f54fa7a5
gentoo,https://api.querybuscas.com/pages/gentoo,,1958,404,2254,107,20,text/html; charset=UTF-8,1.00590986s,,f54fa7a6
geo,https://api.querybuscas.com/pages/geo,,1959,404,2254,107,20,text/html; charset=UTF-8,1.298762829s,,f54fa7a7
german,https://api.querybuscas.com/pages/german,,1961,404,2254,107,20,text/html; charset=UTF-8,824.92103ms,,f54fa7a9
geronimo,https://api.querybuscas.com/pages/geronimo,,1962,404,2254,107,20,text/html; charset=UTF-8,731.544942ms,,f54fa7aa
geoip,https://api.querybuscas.com/pages/geoip,,1960,404,2254,107,20,text/html; charset=UTF-8,866.536233ms,,f54fa7a8
gest,https://api.querybuscas.com/pages/gest,,1963,404,2254,107,20,text/html; charset=UTF-8,808.875373ms,,f54fa7ab
get,https://api.querybuscas.com/pages/get,,1966,404,2254,107,20,text/html; charset=UTF-8,742.031552ms,,f54fa7ae
gestione,https://api.querybuscas.com/pages/gestione,,1965,404,2254,107,20,text/html; charset=UTF-8,795.695443ms,,f54fa7ad
get-file,https://api.querybuscas.com/pages/get-file,,1967,404,2254,107,20,text/html; charset=UTF-8,685.527904ms,,f54fa7af
getFile.cfm,https://api.querybuscas.com/pages/getFile.cfm,,1968,404,2254,107,20,text/html; charset=UTF-8,1.023068515s,,f54fa7b0
get_file,https://api.querybuscas.com/pages/get_file,,1969,404,2254,107,20,text/html; charset=UTF-8,1.061233118s,,f54fa7b1
getaccess,https://api.querybuscas.com/pages/getaccess,,1970,404,2254,107,20,text/html; charset=UTF-8,1.128815915s,,f54fa7b2
getconfig,https://api.querybuscas.com/pages/getconfig,,1971,404,2254,107,20,text/html; charset=UTF-8,1.115769268s,,f54fa7b3
getfile,https://api.querybuscas.com/pages/getfile,,1972,404,2254,107,20,text/html; charset=UTF-8,833.592306ms,,f54fa7b4
getjobid,https://api.querybuscas.com/pages/getjobid,,1973,404,2254,107,20,text/html; charset=UTF-8,795.694304ms,,f54fa7b5
getout,https://api.querybuscas.com/pages/getout,,1974,404,2254,107,20,text/html; charset=UTF-8,714.75802ms,,f54fa7b6
gettxt,https://api.querybuscas.com/pages/gettxt,,1975,404,2254,107,20,text/html; charset=UTF-8,661.231227ms,,f54fa7b7
gfen,https://api.querybuscas.com/pages/gfen,,1976,404,2254,107,20,text/html; charset=UTF-8,600.340179ms,,f54fa7b8
gfx,https://api.querybuscas.com/pages/gfx,,1977,404,2254,107,20,text/html; charset=UTF-8,640.727045ms,,f54fa7b9
gg,https://api.querybuscas.com/pages/gg,,1978,404,2254,107,20,text/html; charset=UTF-8,682.573397ms,,f54fa7ba
gid,https://api.querybuscas.com/pages/gid,,1979,404,2254,107,20,text/html; charset=UTF-8,627.051858ms,,f54fa7bb
gif,https://api.querybuscas.com/pages/gif,,1980,404,2254,107,20,text/html; charset=UTF-8,551.809923ms,,f54fa7bc
gifs,https://api.querybuscas.com/pages/gifs,,1981,404,2254,107,20,text/html; charset=UTF-8,602.72174ms,,f54fa7bd
gift,https://api.querybuscas.com/pages/gift,,1982,404,2254,107,20,text/html; charset=UTF-8,617.122781ms,,f54fa7be
giftcert,https://api.querybuscas.com/pages/giftcert,,1983,404,2254,107,20,text/html; charset=UTF-8,560.387739ms,,f54fa7bf
giftoptions,https://api.querybuscas.com/pages/giftoptions,,1984,404,2254,107,20,text/html; charset=UTF-8,616.042135ms,,f54fa7c0
giftreg_manage,https://api.querybuscas.com/pages/giftreg_manage,,1985,404,2254,107,20,text/html; charset=UTF-8,537.166009ms,,f54fa7c1
giftregs,https://api.querybuscas.com/pages/giftregs,,1986,404,2254,107,20,text/html; charset=UTF-8,621.948983ms,,f54fa7c2
gifts,https://api.querybuscas.com/pages/gifts,,1987,404,2254,107,20,text/html; charset=UTF-8,578.194302ms,,f54fa7c3
git,https://api.querybuscas.com/pages/git,,1988,404,2254,107,20,text/html; charset=UTF-8,530.529149ms,,f54fa7c4
gitweb,https://api.querybuscas.com/pages/gitweb,,1989,404,2254,107,20,text/html; charset=UTF-8,611.175547ms,,f54fa7c5
gl,https://api.querybuscas.com/pages/gl,,1990,404,2254,107,20,text/html; charset=UTF-8,581.02738ms,,f54fa7c6
glance_config,https://api.querybuscas.com/pages/glance_config,,1991,404,2254,107,20,text/html; charset=UTF-8,561.555909ms,,f54fa7c7
glimpse,https://api.querybuscas.com/pages/glimpse,,1992,404,2254,107,20,text/html; charset=UTF-8,634.681478ms,,f54fa7c8
global,https://api.querybuscas.com/pages/global,,1993,404,2254,107,20,text/html; charset=UTF-8,585.803141ms,,f54fa7c9
global.asa,https://api.querybuscas.com/pages/global.asa,,1994,404,2254,107,20,text/html; charset=UTF-8,593.55912ms,,f54fa7ca
global.asax,https://api.querybuscas.com/pages/global.asax,,1995,404,2254,107,20,text/html; charset=UTF-8,581.968663ms,,f54fa7cb
globalnav,https://api.querybuscas.com/pages/globalnav,,1996,404,2254,107,20,text/html; charset=UTF-8,563.786618ms,,f54fa7cc
globals,https://api.querybuscas.com/pages/globals,,1997,404,2254,107,20,text/html; charset=UTF-8,560.678527ms,,f54fa7cd
globes_admin,https://api.querybuscas.com/pages/globes_admin,,1998,404,2254,107,20,text/html; charset=UTF-8,593.774587ms,,f54fa7ce
glossary,https://api.querybuscas.com/pages/glossary,,1999,404,2254,107,20,text/html; charset=UTF-8,579.100191ms,,f54fa7cf
go,https://api.querybuscas.com/pages/go,,2000,404,2254,107,20,text/html; charset=UTF-8,603.057455ms,,f54fa7d0
goaway,https://api.querybuscas.com/pages/goaway,,2001,404,2254,107,20,text/html; charset=UTF-8,655.191349ms,,f54fa7d1
gold,https://api.querybuscas.com/pages/gold,,2002,404,2254,107,20,text/html; charset=UTF-8,584.609002ms,,f54fa7d2
golf,https://api.querybuscas.com/pages/golf,,2003,404,2254,107,20,text/html; charset=UTF-8,611.858863ms,,f54fa7d3
goods,https://api.querybuscas.com/pages/goods,,2005,404,2254,107,20,text/html; charset=UTF-8,691.90362ms,,f54fa7d5
gone,https://api.querybuscas.com/pages/gone,,2004,404,2254,107,20,text/html; charset=UTF-8,825.618911ms,,f54fa7d4
goods_script,https://api.querybuscas.com/pages/goods_script,,2006,404,2254,107,20,text/html; charset=UTF-8,595.578423ms,,f54fa7d6
google,https://api.querybuscas.com/pages/google,,2007,404,2254,107,20,text/html; charset=UTF-8,568.248124ms,,f54fa7d7
google_sitemap,https://api.querybuscas.com/pages/google_sitemap,,2008,404,2254,107,20,text/html; charset=UTF-8,673.043752ms,,f54fa7d8
googlebot,https://api.querybuscas.com/pages/googlebot,,2009,404,2254,107,20,text/html; charset=UTF-8,685.779895ms,,f54fa7d9
goto,https://api.querybuscas.com/pages/goto,,2010,404,2254,107,20,text/html; charset=UTF-8,787.935234ms,,f54fa7da
government,https://api.querybuscas.com/pages/government,,2011,404,2254,107,20,text/html; charset=UTF-8,819.750438ms,,f54fa7db
gpapp,https://api.querybuscas.com/pages/gpapp,,2013,404,2254,107,20,text/html; charset=UTF-8,780.996898ms,,f54fa7dd
gp,https://api.querybuscas.com/pages/gp,,2012,404,2254,107,20,text/html; charset=UTF-8,886.78742ms,,f54fa7dc
gpl,https://api.querybuscas.com/pages/gpl,,2014,404,2254,107,20,text/html; charset=UTF-8,705.017624ms,,f54fa7de
gprs,https://api.querybuscas.com/pages/gprs,,2015,404,2254,107,20,text/html; charset=UTF-8,738.375848ms,,f54fa7df
gr,https://api.querybuscas.com/pages/gr,,2017,404,2254,107,20,text/html; charset=UTF-8,691.914724ms,,f54fa7e1
gps,https://api.querybuscas.com/pages/gps,,2016,404,2254,107,20,text/html; charset=UTF-8,769.790854ms,,f54fa7e0
gracias,https://api.querybuscas.com/pages/gracias,,2018,404,2254,107,20,text/html; charset=UTF-8,636.78773ms,,f54fa7e2
grafik,https://api.querybuscas.com/pages/grafik,,2019,404,2254,107,20,text/html; charset=UTF-8,597.547265ms,,f54fa7e3
granted,https://api.querybuscas.com/pages/granted,,2021,404,2254,107,20,text/html; charset=UTF-8,551.36335ms,,f54fa7e5
grant,https://api.querybuscas.com/pages/grant,,2020,404,2254,107,20,text/html; charset=UTF-8,684.541399ms,,f54fa7e4
grants,https://api.querybuscas.com/pages/grants,,2022,404,2254,107,20,text/html; charset=UTF-8,632.653732ms,,f54fa7e6
graph,https://api.querybuscas.com/pages/graph,,2023,404,2254,107,20,text/html; charset=UTF-8,640.656141ms,,f54fa7e7
green,https://api.querybuscas.com/pages/green,,2025,404,2254,107,20,text/html; charset=UTF-8,513.210971ms,,f54fa7e9
graphics,https://api.querybuscas.com/pages/graphics,,2024,404,2254,107,20,text/html; charset=UTF-8,637.83345ms,,f54fa7e8
greybox,https://api.querybuscas.com/pages/greybox,,2026,404,2254,107,20,text/html; charset=UTF-8,627.364404ms,,f54fa7ea
grid,https://api.querybuscas.com/pages/grid,,2027,404,2254,107,20,text/html; charset=UTF-8,599.143867ms,,f54fa7eb
group,https://api.querybuscas.com/pages/group,,2028,429,17,3,2,text/plain; charset=UTF-8,287.328597ms,,f54fa7ec
groupcp,https://api.querybuscas.com/pages/groupcp,,2030,429,17,3,2,text/plain; charset=UTF-8,251.580862ms,,f54fa7ee
group_inlinemod,https://api.querybuscas.com/pages/group_inlinemod,,2029,429,17,3,2,text/plain; charset=UTF-8,390.70131ms,,f54fa7ed
groups,https://api.querybuscas.com/pages/groups,,2031,429,17,3,2,text/plain; charset=UTF-8,326.289122ms,,f54fa7ef
groupware,https://api.querybuscas.com/pages/groupware,,2032,429,17,3,2,text/plain; charset=UTF-8,340.063747ms,,f54fa7f0
gsm,https://api.querybuscas.com/pages/gsm,,2034,429,17,3,2,text/plain; charset=UTF-8,235.397645ms,,f54fa7f2
gs,https://api.querybuscas.com/pages/gs,,2033,429,17,3,2,text/plain; charset=UTF-8,275.30705ms,,f54fa7f1
guess,https://api.querybuscas.com/pages/guess,,2035,429,17,3,2,text/plain; charset=UTF-8,326.689155ms,,f54fa7f3
guest-tracking,https://api.querybuscas.com/pages/guest-tracking,,2037,429,17,3,2,text/plain; charset=UTF-8,257.326143ms,,f54fa7f5
guest,https://api.querybuscas.com/pages/guest,,2036,429,17,3,2,text/plain; charset=UTF-8,272.536786ms,,f54fa7f4
guestbook,https://api.querybuscas.com/pages/guestbook,,2038,429,17,3,2,text/plain; charset=UTF-8,251.623393ms,,f54fa7f6
guests,https://api.querybuscas.com/pages/guests,,2039,429,17,3,2,text/plain; charset=UTF-8,317.91477ms,,f54fa7f7
gui,https://api.querybuscas.com/pages/gui,,2040,429,17,3,2,text/plain; charset=UTF-8,234.750922ms,,f54fa7f8
guide,https://api.querybuscas.com/pages/guide,,2041,429,17,3,2,text/plain; charset=UTF-8,239.635267ms,,f54fa7f9
guidelines,https://api.querybuscas.com/pages/guidelines,,2042,429,17,3,2,text/plain; charset=UTF-8,271.577405ms,,f54fa7fa
guides,https://api.querybuscas.com/pages/guides,,2043,429,17,3,2,text/plain; charset=UTF-8,507.238734ms,,f54fa7fb
gump,https://api.querybuscas.com/pages/gump,,2044,429,17,3,2,text/plain; charset=UTF-8,484.397394ms,,f54fa7fc
gv_redeem,https://api.querybuscas.com/pages/gv_redeem,,2046,429,17,3,2,text/plain; charset=UTF-8,640.390983ms,,f54fa7fe
gv_faq,https://api.querybuscas.com/pages/gv_faq,,2045,429,17,3,2,text/plain; charset=UTF-8,681.506831ms,,f54fa7fd
gv_send,https://api.querybuscas.com/pages/gv_send,,2047,429,17,3,2,text/plain; charset=UTF-8,301.73745ms,,f54fa7ff
gwt,https://api.querybuscas.com/pages/gwt,,2048,429,17,3,2,text/plain; charset=UTF-8,337.274393ms,,f54fa800
gz,https://api.querybuscas.com/pages/gz,,2049,429,17,3,2,text/plain; charset=UTF-8,368.990025ms,,f54fa801
h,https://api.querybuscas.com/pages/h,,2051,429,17,3,2,text/plain; charset=UTF-8,267.56614ms,,f54fa803
hack,https://api.querybuscas.com/pages/hack,,2052,429,17,3,2,text/plain; charset=UTF-8,397.948992ms,,f54fa804
hacker,https://api.querybuscas.com/pages/hacker,,2053,429,17,3,2,text/plain; charset=UTF-8,227.220365ms,,f54fa805
hackme,https://api.querybuscas.com/pages/hackme,,2055,429,17,3,2,text/plain; charset=UTF-8,432.646422ms,,f54fa807
hadoop,https://api.querybuscas.com/pages/hadoop,,2056,429,17,3,2,text/plain; charset=UTF-8,308.986129ms,,f54fa808
hacking,https://api.querybuscas.com/pages/hacking,,2054,429,17,3,2,text/plain; charset=UTF-8,475.087641ms,,f54fa806
handle,https://api.querybuscas.com/pages/handle,,2057,429,17,3,2,text/plain; charset=UTF-8,435.736957ms,,f54fa809
handlers,https://api.querybuscas.com/pages/handlers,,2059,429,17,3,2,text/plain; charset=UTF-8,226.919514ms,,f54fa80b
handler,https://api.querybuscas.com/pages/handler,,2058,429,17,3,2,text/plain; charset=UTF-8,277.304912ms,,f54fa80a
handles,https://api.querybuscas.com/pages/handles,,2060,429,17,3,2,text/plain; charset=UTF-8,284.766938ms,,f54fa80c
hangfire,https://api.querybuscas.com/pages/hangfire,,2061,429,17,3,2,text/plain; charset=UTF-8,308.485525ms,,f54fa80d
happen,https://api.querybuscas.com/pages/happen,,2062,429,17,3,2,text/plain; charset=UTF-8,287.238662ms,,f54fa80e
happening,https://api.querybuscas.com/pages/happening,,2063,429,17,3,2,text/plain; charset=UTF-8,293.624504ms,,f54fa80f
hard,https://api.querybuscas.com/pages/hard,,2064,429,17,3,2,text/plain; charset=UTF-8,409.179999ms,,f54fa810
hardcore,https://api.querybuscas.com/pages/hardcore,,2065,429,17,3,2,text/plain; charset=UTF-8,223.086358ms,,f54fa811
hardware,https://api.querybuscas.com/pages/hardware,,2066,429,17,3,2,text/plain; charset=UTF-8,263.545437ms,,f54fa812
harm,https://api.querybuscas.com/pages/harm,,2067,429,17,3,2,text/plain; charset=UTF-8,266.763947ms,,f54fa813
harming,https://api.querybuscas.com/pages/harming,,2068,429,17,3,2,text/plain; charset=UTF-8,251.898232ms,,f54fa814
harmony,https://api.querybuscas.com/pages/harmony,,2069,429,17,3,2,text/plain; charset=UTF-8,287.833991ms,,f54fa815
head,https://api.querybuscas.com/pages/head,,2070,429,17,3,2,text/plain; charset=UTF-8,239.928907ms,,f54fa816
header,https://api.querybuscas.com/pages/header,,2071,429,17,3,2,text/plain; charset=UTF-8,273.623928ms,,f54fa817
headers,https://api.querybuscas.com/pages/headers,,2073,429,17,3,2,text/plain; charset=UTF-8,234.787188ms,,f54fa819
header_logo,https://api.querybuscas.com/pages/header_logo,,2072,429,17,3,2,text/plain; charset=UTF-8,293.958678ms,,f54fa818
headlines,https://api.querybuscas.com/pages/headlines,,2074,429,17,3,2,text/plain; charset=UTF-8,314.982582ms,,f54fa81a
health,https://api.querybuscas.com/pages/health,,2075,429,17,3,2,text/plain; charset=UTF-8,425.322039ms,,f54fa81b
health/live,https://api.querybuscas.com/pages/health/live,,2076,429,17,3,2,text/plain; charset=UTF-8,275.563615ms,,f54fa81c
health/ready,https://api.querybuscas.com/pages/health/ready,,2077,429,17,3,2,text/plain; charset=UTF-8,286.838668ms,,f54fa81d
healthz,https://api.querybuscas.com/pages/healthz,,2078,429,17,3,2,text/plain; charset=UTF-8,284.774708ms,,f54fa81e
healthcare,https://api.querybuscas.com/pages/healthcare,,2079,429,17,3,2,text/plain; charset=UTF-8,259.36099ms,,f54fa81f
helloworld,https://api.querybuscas.com/pages/helloworld,,2081,429,17,3,2,text/plain; charset=UTF-8,370.776554ms,,f54fa821
help,https://api.querybuscas.com/pages/help,,2082,429,17,3,2,text/plain; charset=UTF-8,379.148655ms,,f54fa822
helper,https://api.querybuscas.com/pages/helper,,2085,429,17,3,2,text/plain; charset=UTF-8,221.102975ms,,f54fa825
helpdesk,https://api.querybuscas.com/pages/helpdesk,,2084,429,17,3,2,text/plain; charset=UTF-8,369.153298ms,,f54fa824
help_answer,https://api.querybuscas.com/pages/help_answer,,2083,429,17,3,2,text/plain; charset=UTF-8,513.223531ms,,f54fa823
helpers,https://api.querybuscas.com/pages/helpers,,2086,429,17,3,2,text/plain; charset=UTF-8,394.825731ms,,f54fa826
hi,https://api.querybuscas.com/pages/hi,,2087,429,17,3,2,text/plain; charset=UTF-8,505.438801ms,,f54fa827
hidden,https://api.querybuscas.com/pages/hidden,,2088,429,17,3,2,text/plain; charset=UTF-8,403.498104ms,,f54fa828
hide,https://api.querybuscas.com/pages/hide,,2089,429,17,3,2,text/plain; charset=UTF-8,411.684159ms,,f54fa829
high,https://api.querybuscas.com/pages/high,,2090,429,17,3,2,text/plain; charset=UTF-8,286.962113ms,,f54fa82a
highslide,https://api.querybuscas.com/pages/highslide,,2091,429,17,3,2,text/plain; charset=UTF-8,288.757973ms,,f54fa82b
hilfe,https://api.querybuscas.com/pages/hilfe,,2092,429,17,3,2,text/plain; charset=UTF-8,242.663639ms,,f54fa82c
hire,https://api.querybuscas.com/pages/hire,,2094,429,17,3,2,text/plain; charset=UTF-8,379.879378ms,,f54fa82e
hipaa,https://api.querybuscas.com/pages/hipaa,,2093,429,17,3,2,text/plain; charset=UTF-8,444.458321ms,,f54fa82d
history,https://api.querybuscas.com/pages/history,,2095,429,17,3,2,text/plain; charset=UTF-8,251.729665ms,,f54fa82f
hit,https://api.querybuscas.com/pages/hit,,2096,429,17,3,2,text/plain; charset=UTF-8,259.444252ms,,f54fa830
hitcount,https://api.querybuscas.com/pages/hitcount,,2097,429,17,3,2,text/plain; charset=UTF-8,301.944912ms,,f54fa831
hole,https://api.querybuscas.com/pages/hole,,2100,429,17,3,2,text/plain; charset=UTF-8,260.860655ms,,f54fa834
hits,https://api.querybuscas.com/pages/hits,,2098,429,17,3,2,text/plain; charset=UTF-8,310.616382ms,,f54fa832
hold,https://api.querybuscas.com/pages/hold,,2099,429,17,3,2,text/plain; charset=UTF-8,268.566479ms,,f54fa833
holidays,https://api.querybuscas.com/pages/holidays,,2102,429,17,3,2,text/plain; charset=UTF-8,257.157436ms,,f54fa836
holiday,https://api.querybuscas.com/pages/holiday,,2101,429,17,3,2,text/plain; charset=UTF-8,330.211576ms,,f54fa835
homepage,https://api.querybuscas.com/pages/homepage,,2104,429,17,3,2,text/plain; charset=UTF-8,289.888253ms,,f54fa838
home,https://api.querybuscas.com/pages/home,,2103,429,17,3,2,text/plain; charset=UTF-8,353.158738ms,,f54fa837
homes,https://api.querybuscas.com/pages/homes,,2105,429,17,3,2,text/plain; charset=UTF-8,259.863743ms,,f54fa839
honda,https://api.querybuscas.com/pages/honda,,2107,429,17,3,2,text/plain; charset=UTF-8,306.964687ms,,f54fa83b
homework,https://api.querybuscas.com/pages/homework,,2106,429,17,3,2,text/plain; charset=UTF-8,340.1357ms,,f54fa83a
hooks,https://api.querybuscas.com/pages/hooks,,2108,429,17,3,2,text/plain; charset=UTF-8,332.009207ms,,f54fa83c
hop,https://api.querybuscas.com/pages/hop,,2109,429,17,3,2,text/plain; charset=UTF-8,248.661884ms,,f54fa83d
host-manager,https://api.querybuscas.com/pages/host-manager,,2112,429,17,3,2,text/plain; charset=UTF-8,250.028493ms,,f54fa840
horde,https://api.querybuscas.com/pages/horde,,2110,429,17,3,2,text/plain; charset=UTF-8,338.304182ms,,f54fa83e
host,https://api.querybuscas.com/pages/host,,2111,429,17,3,2,text/plain; charset=UTF-8,393.73063ms,,f54fa83f
hosted,https://api.querybuscas.com/pages/hosted,,2113,429,17,3,2,text/plain; charset=UTF-8,302.303969ms,,f54fa841
hotel,https://api.querybuscas.com/pages/hotel,,2116,429,17,3,2,text/plain; charset=UTF-8,323.657747ms,,f54fa844
hosting,https://api.querybuscas.com/pages/hosting,,2114,429,17,3,2,text/plain; charset=UTF-8,379.306105ms,,f54fa842
hosts,https://api.querybuscas.com/pages/hosts,,2115,429,17,3,2,text/plain; charset=UTF-8,379.384151ms,,f54fa843
hotels,https://api.querybuscas.com/pages/hotels,,2117,429,17,3,2,text/plain; charset=UTF-8,251.584865ms,,f54fa845
house,https://api.querybuscas.com/pages/house,,2120,429,17,3,2,text/plain; charset=UTF-8,330.51839ms,,f54fa848
how,https://api.querybuscas.com/pages/how,,2121,429,17,3,2,text/plain; charset=UTF-8,325.477501ms,,f54fa849
hourly,https://api.querybuscas.com/pages/hourly,,2119,429,17,3,2,text/plain; charset=UTF-8,340.492552ms,,f54fa847
hour,https://api.querybuscas.com/pages/hour,,2118,429,17,3,2,text/plain; charset=UTF-8,428.124873ms,,f54fa846
howto,https://api.querybuscas.com/pages/howto,,2122,429,17,3,2,text/plain; charset=UTF-8,314.087234ms,,f54fa84a
hpwebjetadmin,https://api.querybuscas.com/pages/hpwebjetadmin,,2124,429,17,3,2,text/plain; charset=UTF-8,304.464481ms,,f54fa84c
hp,https://api.querybuscas.com/pages/hp,,2123,429,17,3,2,text/plain; charset=UTF-8,326.726212ms,,f54fa84b
hr,https://api.querybuscas.com/pages/hr,,2125,429,17,3,2,text/plain; charset=UTF-8,372.299418ms,,f54fa84d
ht,https://api.querybuscas.com/pages/ht,,2126,429,17,3,2,text/plain; charset=UTF-8,296.591044ms,,f54fa84e
hta,https://api.querybuscas.com/pages/hta,,2127,429,17,3,2,text/plain; charset=UTF-8,341.425949ms,,f54fa84f
htbin,https://api.querybuscas.com/pages/htbin,,2128,429,17,3,2,text/plain; charset=UTF-8,393.725673ms,,f54fa850
htdig,https://api.querybuscas.com/pages/htdig,,2129,429,17,3,2,text/plain; charset=UTF-8,379.912616ms,,f54fa851
htdoc,https://api.querybuscas.com/pages/htdoc,,2130,429,17,3,2,text/plain; charset=UTF-8,316.63501ms,,f54fa852
htdocs,https://api.querybuscas.com/pages/htdocs,,2131,429,17,3,2,text/plain; charset=UTF-8,359.374798ms,,f54fa853
htm,https://api.querybuscas.com/pages/htm,,2132,429,17,3,2,text/plain; charset=UTF-8,314.425198ms,,f54fa854
html,https://api.querybuscas.com/pages/html,,2133,429,17,3,2,text/plain; charset=UTF-8,305.848955ms,,f54fa855
htmlarea,https://api.querybuscas.com/pages/htmlarea,,2134,429,17,3,2,text/plain; charset=UTF-8,251.608185ms,,f54fa856
htmls,https://api.querybuscas.com/pages/htmls,,2135,429,17,3,2,text/plain; charset=UTF-8,318.41179ms,,f54fa857
htpasswd,https://api.querybuscas.com/pages/htpasswd,,2136,429,17,3,2,text/plain; charset=UTF-8,311.634842ms,,f54fa858
http,https://api.querybuscas.com/pages/http,,2137,429,17,3,2,text/plain; charset=UTF-8,252.585397ms,,f54fa859
httpd,https://api.querybuscas.com/pages/httpd,,2138,429,17,3,2,text/plain; charset=UTF-8,296.179196ms,,f54fa85a
httpdocs,https://api.querybuscas.com/pages/httpdocs,,2139,429,17,3,2,text/plain; charset=UTF-8,287.932394ms,,f54fa85b
https,https://api.querybuscas.com/pages/https,,2141,429,17,3,2,text/plain; charset=UTF-8,302.480373ms,,f54fa85d
httpmodules,https://api.querybuscas.com/pages/httpmodules,,2140,429,17,3,2,text/plain; charset=UTF-8,364.354988ms,,f54fa85c
httpuser,https://api.querybuscas.com/pages/httpuser,,2142,429,17,3,2,text/plain; charset=UTF-8,368.551242ms,,f54fa85e
hu,https://api.querybuscas.com/pages/hu,,2143,429,17,3,2,text/plain; charset=UTF-8,252.715468ms,,f54fa85f
humans,https://api.querybuscas.com/pages/humans,,2145,429,17,3,2,text/plain; charset=UTF-8,256.7593ms,,f54fa861
human,https://api.querybuscas.com/pages/human,,2144,429,17,3,2,text/plain; charset=UTF-8,297.176937ms,,f54fa860
humans.txt,https://api.querybuscas.com/pages/humans.txt,,2146,429,17,3,2,text/plain; charset=UTF-8,283.652175ms,,f54fa862
humor,https://api.querybuscas.com/pages/humor,,2147,429,17,3,2,text/plain; charset=UTF-8,314.902313ms,,f54fa863
hyper,https://api.querybuscas.com/pages/hyper,,2148,429,17,3,2,text/plain; charset=UTF-8,263.306643ms,,f54fa864
i,https://api.querybuscas.com/pages/i,,2149,429,17,3,2,text/plain; charset=UTF-8,314.141667ms,,f54fa865
ia,https://api.querybuscas.com/pages/ia,,2150,429,17,3,2,text/plain; charset=UTF-8,221.753709ms,,f54fa866
ibm,https://api.querybuscas.com/pages/ibm,,2151,429,17,3,2,text/plain; charset=UTF-8,278.631355ms,,f54fa867
icat,https://api.querybuscas.com/pages/icat,,2152,429,17,3,2,text/plain; charset=UTF-8,337.102671ms,,f54fa868
icon,https://api.querybuscas.com/pages/icon,,2154,429,17,3,2,text/plain; charset=UTF-8,287.281357ms,,f54fa86a
ico,https://api.querybuscas.com/pages/ico,,2153,429,17,3,2,text/plain; charset=UTF-8,324.271072ms,,f54fa869
icons,https://api.querybuscas.com/pages/icons,,2155,429,17,3,2,text/plain; charset=UTF-8,256.661673ms,,f54fa86b
icq,https://api.querybuscas.com/pages/icq,,2156,404,2254,107,20,text/html; charset=UTF-8,614.346619ms,,f54fa86c
id,https://api.querybuscas.com/pages/id,,2157,404,2254,107,20,text/html; charset=UTF-8,569.633111ms,,f54fa86d
id_rsa,https://api.querybuscas.com/pages/id_rsa,,2158,404,2254,107,20,text/html; charset=UTF-8,562.986449ms,,f54fa86e
id_rsa.pub,https://api.querybuscas.com/pages/id_rsa.pub,,2159,404,2254,107,20,text/html; charset=UTF-8,518.808504ms,,f54fa86f
idea,https://api.querybuscas.com/pages/idea,,2161,404,2254,107,20,text/html; charset=UTF-8,547.772553ms,,f54fa871
idbc,https://api.querybuscas.com/pages/idbc,,2160,404,2254,107,20,text/html; charset=UTF-8,582.807518ms,,f54fa870
identity,https://api.querybuscas.com/pages/identity,,2163,404,2254,107,20,text/html; charset=UTF-8,768.095388ms,,f54fa873
ideas,https://api.querybuscas.com/pages/ideas,,2162,404,2254,107,20,text/html; charset=UTF-8,853.874474ms,,f54fa872
ids,https://api.querybuscas.com/pages/ids,,2165,404,2254,107,20,text/html; charset=UTF-8,756.23361ms,,f54fa875
idp,https://api.querybuscas.com/pages/idp,,2164,404,2254,107,20,text/html; charset=UTF-8,807.804728ms,,f54fa874
if,https://api.querybuscas.com/pages/if,,2167,404,2254,107,20,text/html; charset=UTF-8,654.604952ms,,f54fa877
ie,https://api.querybuscas.com/pages/ie,,2166,404,2254,107,20,text/html; charset=UTF-8,737.275893ms,,f54fa876
iframe,https://api.querybuscas.com/pages/iframe,,2168,404,2254,107,20,text/html; charset=UTF-8,585.789428ms,,f54fa878
iframes,https://api.querybuscas.com/pages/iframes,,2169,404,2254,107,20,text/html; charset=UTF-8,585.606267ms,,f54fa879
ignore,https://api.querybuscas.com/pages/ignore,,2171,404,2254,107,20,text/html; charset=UTF-8,824.811982ms,,f54fa87b
ig,https://api.querybuscas.com/pages/ig,,2170,404,2254,107,20,text/html; charset=UTF-8,867.83791ms,,f54fa87a
ignoring,https://api.querybuscas.com/pages/ignoring,,2172,404,2254,107,20,text/html; charset=UTF-8,520.859628ms,,f54fa87c
iis,https://api.querybuscas.com/pages/iis,,2173,404,2254,107,20,text/html; charset=UTF-8,573.696302ms,,f54fa87d
iisadmin,https://api.querybuscas.com/pages/iisadmin,,2174,404,2254,107,20,text/html; charset=UTF-8,550.507191ms,,f54fa87e
iisadmpwd,https://api.querybuscas.com/pages/iisadmpwd,,2175,404,2254,107,20,text/html; charset=UTF-8,654.589917ms,,f54fa87f
iissamples,https://api.querybuscas.com/pages/iissamples,,2176,404,2254,107,20,text/html; charset=UTF-8,626.939936ms,,f54fa880
im,https://api.querybuscas.com/pages/im,,2177,404,2254,107,20,text/html; charset=UTF-8,599.611515ms,,f54fa881
imagegallery,https://api.querybuscas.com/pages/imagegallery,,2180,404,2254,107,20,text/html; charset=UTF-8,489.87042ms,,f54fa884
image,https://api.querybuscas.com/pages/image,,2178,404,2254,107,20,text/html; charset=UTF-8,621.125906ms,,f54fa882
imagefolio,https://api.querybuscas.com/pages/imagefolio,,2179,404,2254,107,20,text/html; charset=UTF-8,526.710819ms,,f54fa883
imagenes,https://api.querybuscas.com/pages/imagenes,,2181,404,2254,107,20,text/html; charset=UTF-8,634.560345ms,,f54fa885
images,https://api.querybuscas.com/pages/images,,2183,404,2254,107,20,text/html; charset=UTF-8,551.447947ms,,f54fa887
images01,https://api.querybuscas.com/pages/images01,,2184,404,2254,107,20,text/html; charset=UTF-8,529.98212ms,,f54fa888
imagens,https://api.querybuscas.com/pages/imagens,,2182,404,2254,107,20,text/html; charset=UTF-8,692.341191ms,,f54fa886
images1,https://api.querybuscas.com/pages/images1,,2185,404,2254,107,20,text/html; charset=UTF-8,704.786935ms,,f54fa889
imanager,https://api.querybuscas.com/pages/imanager,,2188,404,2254,107,20,text/html; charset=UTF-8,515.145118ms,,f54fa88c
images3,https://api.querybuscas.com/pages/images3,,2187,404,2254,107,20,text/html; charset=UTF-8,672.076306ms,,f54fa88b
images2,https://api.querybuscas.com/pages/images2,,2186,404,2254,107,20,text/html; charset=UTF-8,690.892941ms,,f54fa88a
img,https://api.querybuscas.com/pages/img,,2189,404,2254,107,20,text/html; charset=UTF-8,601.484238ms,,f54fa88d
img2,https://api.querybuscas.com/pages/img2,,2190,404,2254,107,20,text/html; charset=UTF-8,545.804132ms,,f54fa88e
imgs,https://api.querybuscas.com/pages/imgs,,2191,404,2254,107,20,text/html; charset=UTF-8,669.482033ms,,f54fa88f
immagini,https://api.querybuscas.com/pages/immagini,,2192,404,2254,107,20,text/html; charset=UTF-8,692.120077ms,,f54fa890
imp,https://api.querybuscas.com/pages/imp,,2193,404,2254,107,20,text/html; charset=UTF-8,660.373331ms,,f54fa891
import,https://api.querybuscas.com/pages/import,,2194,404,2254,107,20,text/html; charset=UTF-8,684.732364ms,,f54fa892
important,https://api.querybuscas.com/pages/important,,2195,404,2254,107,20,text/html; charset=UTF-8,567.976979ms,,f54fa893
imports,https://api.querybuscas.com/pages/imports,,2196,404,2254,107,20,text/html; charset=UTF-8,658.490869ms,,f54fa894
impressum,https://api.querybuscas.com/pages/impressum,,2197,404,2254,107,20,text/html; charset=UTF-8,648.884962ms,,f54fa895
in,https://api.querybuscas.com/pages/in,,2198,404,2254,107,20,text/html; charset=UTF-8,533.56892ms,,f54fa896
inbound,https://api.querybuscas.com/pages/inbound,,2199,404,2254,107,20,text/html; charset=UTF-8,551.306345ms,,f54fa897
inbox,https://api.querybuscas.com/pages/inbox,,2200,404,2254,107,20,text/html; charset=UTF-8,684.486132ms,,f54fa898
inc,https://api.querybuscas.com/pages/inc,,2201,404,2254,107,20,text/html; charset=UTF-8,538.024882ms,,f54fa899
incl,https://api.querybuscas.com/pages/incl,,2202,404,2254,107,20,text/html; charset=UTF-8,539.849822ms,,f54fa89a
include,https://api.querybuscas.com/pages/include,,2203,404,2254,107,20,text/html; charset=UTF-8,597.719077ms,,f54fa89b
includes,https://api.querybuscas.com/pages/includes,,2204,404,2254,107,20,text/html; charset=UTF-8,653.523957ms,,f54fa89c
incoming,https://api.querybuscas.com/pages/incoming,,2205,404,2254,107,20,text/html; charset=UTF-8,574.75859ms,,f54fa89d
incs,https://api.querybuscas.com/pages/incs,,2206,404,2254,107,20,text/html; charset=UTF-8,591.408153ms,,f54fa89e
incubator,https://api.querybuscas.com/pages/incubator,,2207,404,2254,107,20,text/html; charset=UTF-8,547.711757ms,,f54fa89f
index,https://api.querybuscas.com/pages/index,,2208,404,2254,107,20,text/html; charset=UTF-8,521.343606ms,,f54fa8a0
index.htm,https://api.querybuscas.com/pages/index.htm,,2209,404,2254,107,20,text/html; charset=UTF-8,522.21599ms,,f54fa8a1
index.html,https://api.querybuscas.com/pages/index.html,/pages/index,2210,301,46,5,1,text/plain; charset=utf-8,543.719059ms,,f54fa8a2
index.php,https://api.querybuscas.com/pages/index.php,,2211,404,2254,107,20,text/html; charset=UTF-8,659.64577ms,,f54fa8a3
index2,https://api.querybuscas.com/pages/index2,,2213,404,2254,107,20,text/html; charset=UTF-8,519.750797ms,,f54fa8a5
index1,https://api.querybuscas.com/pages/index1,,2212,404,2254,107,20,text/html; charset=UTF-8,556.294129ms,,f54fa8a4
index2.php,https://api.querybuscas.com/pages/index2.php,,2214,404,2254,107,20,text/html; charset=UTF-8,680.454349ms,,f54fa8a6
index3,https://api.querybuscas.com/pages/index3,,2215,404,2254,107,20,text/html; charset=UTF-8,623.990041ms,,f54fa8a7
index3.php,https://api.querybuscas.com/pages/index3.php,,2216,404,2254,107,20,text/html; charset=UTF-8,497.855565ms,,f54fa8a8
index_01,https://api.querybuscas.com/pages/index_01,,2217,404,2254,107,20,text/html; charset=UTF-8,645.793474ms,,f54fa8a9
index_1,https://api.querybuscas.com/pages/index_1,,2218,404,2254,107,20,text/html; charset=UTF-8,556.813694ms,,f54fa8aa
index_2,https://api.querybuscas.com/pages/index_2,,2219,404,2254,107,20,text/html; charset=UTF-8,607.445331ms,,f54fa8ab
index_adm,https://api.querybuscas.com/pages/index_adm,,2220,404,2254,107,20,text/html; charset=UTF-8,625.600187ms,,f54fa8ac
index_admin,https://api.querybuscas.com/pages/index_admin,,2221,404,2254,107,20,text/html; charset=UTF-8,592.719455ms,,f54fa8ad
index_files,https://api.querybuscas.com/pages/index_files,,2222,404,2254,107,20,text/html; charset=UTF-8,615.861874ms,,f54fa8ae
indexes,https://api.querybuscas.com/pages/indexes,,2224,404,2254,107,20,text/html; charset=UTF-8,503.450242ms,,f54fa8b0
index_var_de,https://api.querybuscas.com/pages/index_var_de,,2223,404,2254,107,20,text/html; charset=UTF-8,593.549474ms,,f54fa8af
industries,https://api.querybuscas.com/pages/industries,,2225,404,2254,107,20,text/html; charset=UTF-8,590.028869ms,,f54fa8b1
industry,https://api.querybuscas.com/pages/industry,,2226,404,2254,107,20,text/html; charset=UTF-8,542.267395ms,,f54fa8b2
indy_admin,https://api.querybuscas.com/pages/indy_admin,,2227,404,2254,107,20,text/html; charset=UTF-8,574.201352ms,,f54fa8b3
inetpub,https://api.querybuscas.com/pages/inetpub,,2228,404,2254,107,20,text/html; charset=UTF-8,551.896739ms,,f54fa8b4
inetsrv,https://api.querybuscas.com/pages/inetsrv,,2229,404,2254,107,20,text/html; charset=UTF-8,687.838854ms,,f54fa8b5
inf,https://api.querybuscas.com/pages/inf,,2230,404,2254,107,20,text/html; charset=UTF-8,659.805281ms,,f54fa8b6
info,https://api.querybuscas.com/pages/info,,2231,404,2254,107,20,text/html; charset=UTF-8,524.172449ms,,f54fa8b7
info.php,https://api.querybuscas.com/pages/info.php,,2232,404,2254,107,20,text/html; charset=UTF-8,531.772145ms,,f54fa8b8
information,https://api.querybuscas.com/pages/information,,2233,429,17,3,2,text/plain; charset=UTF-8,255.465582ms,,f54fa8b9
informer,https://api.querybuscas.com/pages/informer,,2234,429,17,3,2,text/plain; charset=UTF-8,318.665985ms,,f54fa8ba
infos,https://api.querybuscas.com/pages/infos,,2235,429,17,3,2,text/plain; charset=UTF-8,324.613277ms,,f54fa8bb
infos.php,https://api.querybuscas.com/pages/infos.php,,2236,429,17,3,2,text/plain; charset=UTF-8,264.232393ms,,f54fa8bc
infraction,https://api.querybuscas.com/pages/infraction,,2237,429,17,3,2,text/plain; charset=UTF-8,443.710125ms,,f54fa8bd
ingres,https://api.querybuscas.com/pages/ingres,,2238,429,17,3,2,text/plain; charset=UTF-8,407.569228ms,,f54fa8be
ini,https://api.querybuscas.com/pages/ini,,2240,429,17,3,2,text/plain; charset=UTF-8,462.894821ms,,f54fa8c0
ingress,https://api.querybuscas.com/pages/ingress,,2239,429,17,3,2,text/plain; charset=UTF-8,491.556289ms,,f54fa8bf
init,https://api.querybuscas.com/pages/init,,2241,429,17,3,2,text/plain; charset=UTF-8,405.617077ms,,f54fa8c1
injection,https://api.querybuscas.com/pages/injection,,2242,429,17,3,2,text/plain; charset=UTF-8,302.123383ms,,f54fa8c2
inlinemod,https://api.querybuscas.com/pages/inlinemod,,2244,429,17,3,2,text/plain; charset=UTF-8,401.310771ms,,f54fa8c4
input,https://api.querybuscas.com/pages/input,,2245,429,17,3,2,text/plain; charset=UTF-8,376.270615ms,,f54fa8c5
inquire,https://api.querybuscas.com/pages/inquire,,2246,429,17,3,2,text/plain; charset=UTF-8,289.415432ms,,f54fa8c6
inquiries,https://api.querybuscas.com/pages/inquiries,,2247,429,17,3,2,text/plain; charset=UTF-8,304.940731ms,,f54fa8c7
inquiry,https://api.querybuscas.com/pages/inquiry,,2248,429,17,3,2,text/plain; charset=UTF-8,254.194433ms,,f54fa8c8
install,https://api.querybuscas.com/pages/install,,2250,429,17,3,2,text/plain; charset=UTF-8,240.798024ms,,f54fa8ca
insert,https://api.querybuscas.com/pages/insert,,2249,429,17,3,2,text/plain; charset=UTF-8,254.480414ms,,f54fa8c9
install-xaom,https://api.querybuscas.com/pages/install-xaom,,2252,429,17,3,2,text/plain; charset=UTF-8,233.726127ms,,f54fa8cc
install-xaff,https://api.querybuscas.com/pages/install-xaff,,2251,429,17,3,2,text/plain; charset=UTF-8,283.966026ms,,f54fa8cb
install-xbench,https://api.querybuscas.com/pages/install-xbench,,2253,429,17,3,2,text/plain; charset=UTF-8,252.966788ms,,f54fa8cd
install-xfcomp,https://api.querybuscas.com/pages/install-xfcomp,,2254,429,17,3,2,text/plain; charset=UTF-8,293.855161ms,,f54fa8ce
install-xoffers,https://api.querybuscas.com/pages/install-xoffers,,2255,429,17,3,2,text/plain; charset=UTF-8,484.308555ms,,f54fa8cf
install-xpconf,https://api.querybuscas.com/pages/install-xpconf,,2256,429,17,3,2,text/plain; charset=UTF-8,735.90492ms,,f54fa8d0
install-xrma,https://api.querybuscas.com/pages/install-xrma,,2257,429,17,3,2,text/plain; charset=UTF-8,751.35475ms,,f54fa8d1
install-xsurvey,https://api.querybuscas.com/pages/install-xsurvey,,2258,429,17,3,2,text/plain; charset=UTF-8,710.364949ms,,f54fa8d2
install.mysql,https://api.querybuscas.com/pages/install.mysql,,2259,429,17,3,2,text/plain; charset=UTF-8,657.652134ms,,f54fa8d3
install.pgsql,https://api.querybuscas.com/pages/install.pgsql,,2260,429,17,3,2,text/plain; charset=UTF-8,420.811233ms,,f54fa8d4
installer,https://api.querybuscas.com/pages/installer,,2262,429,17,3,2,text/plain; charset=UTF-8,405.386478ms,,f54fa8d6
installation,https://api.querybuscas.com/pages/installation,,2261,429,17,3,2,text/plain; charset=UTF-8,405.45758ms,,f54fa8d5
instructions,https://api.querybuscas.com/pages/instructions,,2265,429,17,3,2,text/plain; charset=UTF-8,358.600295ms,,f54fa8d9
instance,https://api.querybuscas.com/pages/instance,,2264,429,17,3,2,text/plain; charset=UTF-8,358.540757ms,,f54fa8d8
insurance,https://api.querybuscas.com/pages/insurance,,2266,429,17,3,2,text/plain; charset=UTF-8,385.552913ms,,f54fa8da
installwordpress,https://api.querybuscas.com/pages/installwordpress,,2263,429,17,3,2,text/plain; charset=UTF-8,419.433012ms,,f54fa8d7
int,https://api.querybuscas.com/pages/int,,2267,429,17,3,2,text/plain; charset=UTF-8,388.802116ms,,f54fa8db
intel,https://api.querybuscas.com/pages/intel,,2268,429,17,3,2,text/plain; charset=UTF-8,388.802195ms,,f54fa8dc
intelligence,https://api.querybuscas.com/pages/intelligence,,2269,429,17,3,2,text/plain; charset=UTF-8,429.794281ms,,f54fa8dd
inter,https://api.querybuscas.com/pages/inter,,2270,429,17,3,2,text/plain; charset=UTF-8,510.145978ms,,f54fa8de
interface,https://api.querybuscas.com/pages/interface,,2272,429,17,3,2,text/plain; charset=UTF-8,445.031895ms,,f54fa8e0
interactive,https://api.querybuscas.com/pages/interactive,,2271,429,17,3,2,text/plain; charset=UTF-8,445.365888ms,,f54fa8df
intermediate,https://api.querybuscas.com/pages/intermediate,,2274,429,17,3,2,text/plain; charset=UTF-8,393.048299ms,,f54fa8e2
interim,https://api.querybuscas.com/pages/interim,,2273,429,17,3,2,text/plain; charset=UTF-8,473.417911ms,,f54fa8e1
intern,https://api.querybuscas.com/pages/intern,,2275,429,17,3,2,text/plain; charset=UTF-8,349.019792ms,,f54fa8e3
internal,https://api.querybuscas.com/pages/internal,,2276,429,17,3,2,text/plain; charset=UTF-8,348.84348ms,,f54fa8e4
internet,https://api.querybuscas.com/pages/internet,,2278,429,17,3,2,text/plain; charset=UTF-8,407.967314ms,,f54fa8e6
international,https://api.querybuscas.com/pages/international,,2277,429,17,3,2,text/plain; charset=UTF-8,408.436702ms,,f54fa8e5
interviews,https://api.querybuscas.com/pages/interviews,,2280,429,17,3,2,text/plain; charset=UTF-8,468.82636ms,,f54fa8e8
intl,https://api.querybuscas.com/pages/intl,,2281,429,17,3,2,text/plain; charset=UTF-8,313.521752ms,,f54fa8e9
interview,https://api.querybuscas.com/pages/interview,,2279,429,17,3,2,text/plain; charset=UTF-8,479.756162ms,,f54fa8e7
intra,https://api.querybuscas.com/pages/intra,,2282,429,17,3,2,text/plain; charset=UTF-8,324.389495ms,,f54fa8ea
intranet,https://api.querybuscas.com/pages/intranet,,2284,429,17,3,2,text/plain; charset=UTF-8,377.764652ms,,f54fa8ec
intracorp,https://api.querybuscas.com/pages/intracorp,,2283,429,17,3,2,text/plain; charset=UTF-8,414.321741ms,,f54fa8eb
introduction,https://api.querybuscas.com/pages/introduction,,2286,429,17,3,2,text/plain; charset=UTF-8,572.872589ms,,f54fa8ee
intro,https://api.querybuscas.com/pages/intro,,2285,429,17,3,2,text/plain; charset=UTF-8,573.490024ms,,f54fa8ed
inventory,https://api.querybuscas.com/pages/inventory,,2287,429,17,3,2,text/plain; charset=UTF-8,722.016295ms,,f54fa8ef
investors,https://api.querybuscas.com/pages/investors,,2288,429,17,3,2,text/plain; charset=UTF-8,970.698816ms,,f54fa8f0
invoice,https://api.querybuscas.com/pages/invoice,,2291,429,17,3,2,text/plain; charset=UTF-8,592.280788ms,,f54fa8f3
invitation,https://api.querybuscas.com/pages/invitation,,2289,429,17,3,2,text/plain; charset=UTF-8,1.108616026s,,f54fa8f1
invite,https://api.querybuscas.com/pages/invite,,2290,429,17,3,2,text/plain; charset=UTF-8,1.108419278s,,f54fa8f2
ios/config,https://api.querybuscas.com/pages/ios/config,,2294,429,17,3,2,text/plain; charset=UTF-8,446.440092ms,,f54fa8f6
invoices,https://api.querybuscas.com/pages/invoices,,2292,429,17,3,2,text/plain; charset=UTF-8,754.180779ms,,f54fa8f4
ip,https://api.querybuscas.com/pages/ip,,2295,429,17,3,2,text/plain; charset=UTF-8,446.607802ms,,f54fa8f7
ioncube,https://api.querybuscas.com/pages/ioncube,,2293,429,17,3,2,text/plain; charset=UTF-8,446.833034ms,,f54fa8f5
ipn,https://api.querybuscas.com/pages/ipn,,2299,429,17,3,2,text/plain; charset=UTF-8,269.987218ms,,f54fa8fb
iphone,https://api.querybuscas.com/pages/iphone,,2298,429,17,3,2,text/plain; charset=UTF-8,270.01274ms,,f54fa8fa
ipc,https://api.querybuscas.com/pages/ipc,,2296,429,17,3,2,text/plain; charset=UTF-8,280.483918ms,,f54fa8f8
ipdata,https://api.querybuscas.com/pages/ipdata,,2297,429,17,3,2,text/plain; charset=UTF-8,293.25131ms,,f54fa8f9
ipod,https://api.querybuscas.com/pages/ipod,,2300,429,17,3,2,text/plain; charset=UTF-8,290.765032ms,,f54fa8fc
ips,https://api.querybuscas.com/pages/ips,,2302,429,17,3,2,text/plain; charset=UTF-8,286.791024ms,,f54fa8fe
ipp,https://api.querybuscas.com/pages/ipp,,2301,429,17,3,2,text/plain; charset=UTF-8,297.113186ms,,f54fa8fd
ips_kernel,https://api.querybuscas.com/pages/ips_kernel,,2303,429,17,3,2,text/plain; charset=UTF-8,279.904344ms,,f54fa8ff
ir,https://api.querybuscas.com/pages/ir,,2304,429,17,3,2,text/plain; charset=UTF-8,249.716081ms,,f54fa900
iraq,https://api.querybuscas.com/pages/iraq,,2305,429,17,3,2,text/plain; charset=UTF-8,245.755418ms,,f54fa901
irc,https://api.querybuscas.com/pages/irc,,2306,429,17,3,2,text/plain; charset=UTF-8,245.941766ms,,f54fa902
irc-macadmin,https://api.querybuscas.com/pages/irc-macadmin,,2307,429,17,3,2,text/plain; charset=UTF-8,419.369643ms,,f54fa903
is,https://api.querybuscas.com/pages/is,,2308,429,17,3,2,text/plain; charset=UTF-8,322.611337ms,,f54fa904
is-bin,https://api.querybuscas.com/pages/is-bin,,2309,429,17,3,2,text/plain; charset=UTF-8,350.077ms,,f54fa905
isapi,https://api.querybuscas.com/pages/isapi,,2310,429,17,3,2,text/plain; charset=UTF-8,378.394098ms,,f54fa906
iso,https://api.querybuscas.com/pages/iso,,2311,429,17,3,2,text/plain; charset=UTF-8,284.54447ms,,f54fa907
isp,https://api.querybuscas.com/pages/isp,,2312,429,17,3,2,text/plain; charset=UTF-8,312.733442ms,,f54fa908
issues,https://api.querybuscas.com/pages/issues,,2314,429,17,3,2,text/plain; charset=UTF-8,298.771919ms,,f54fa90a
it,https://api.querybuscas.com/pages/it,,2315,429,17,3,2,text/plain; charset=UTF-8,327.954834ms,,f54fa90b
ita,https://api.querybuscas.com/pages/ita,,2317,429,17,3,2,text/plain; charset=UTF-8,274.799339ms,,f54fa90d
it_IT,https://api.querybuscas.com/pages/it_IT,,2316,429,17,3,2,text/plain; charset=UTF-8,358.677062ms,,f54fa90c
items,https://api.querybuscas.com/pages/items,,2319,429,17,3,2,text/plain; charset=UTF-8,341.842255ms,,f54fa90f
iw,https://api.querybuscas.com/pages/iw,,2320,429,17,3,2,text/plain; charset=UTF-8,333.758973ms,,f54fa910
j,https://api.querybuscas.com/pages/j,,2321,429,17,3,2,text/plain; charset=UTF-8,333.699193ms,,f54fa911
j2ee,https://api.querybuscas.com/pages/j2ee,,2322,429,17,3,2,text/plain; charset=UTF-8,294.296964ms,,f54fa912
j2me,https://api.querybuscas.com/pages/j2me,,2323,429,17,3,2,text/plain; charset=UTF-8,386.567194ms,,f54fa913
ja,https://api.querybuscas.com/pages/ja,,2324,429,17,3,2,text/plain; charset=UTF-8,521.410839ms,,f54fa914
jacob,https://api.querybuscas.com/pages/jacob,,2326,429,17,3,2,text/plain; charset=UTF-8,532.494712ms,,f54fa916
ja_JP,https://api.querybuscas.com/pages/ja_JP,,2325,429,17,3,2,text/plain; charset=UTF-8,532.530255ms,,f54fa915
jakarta,https://api.querybuscas.com/pages/jakarta,,2327,429,17,3,2,text/plain; charset=UTF-8,298.567095ms,,f54fa917
japan,https://api.querybuscas.com/pages/japan,,2328,429,17,3,2,text/plain; charset=UTF-8,277.048728ms,,f54fa918
jar,https://api.querybuscas.com/pages/jar,,2329,429,17,3,2,text/plain; charset=UTF-8,279.855032ms,,f54fa919
java,https://api.querybuscas.com/pages/java,,2330,429,17,3,2,text/plain; charset=UTF-8,281.356014ms,,f54fa91a
java-plugin,https://api.querybuscas.com/pages/java-plugin,,2331,429,17,3,2,text/plain; charset=UTF-8,296.687874ms,,f54fa91b
java-sys,https://api.querybuscas.com/pages/java-sys,,2332,429,17,3,2,text/plain; charset=UTF-8,332.005491ms,,f54fa91c
javac,https://api.querybuscas.com/pages/javac,,2333,429,17,3,2,text/plain; charset=UTF-8,318.153474ms,,f54fa91d
javadoc,https://api.querybuscas.com/pages/javadoc,,2334,429,17,3,2,text/plain; charset=UTF-8,316.66512ms,,f54fa91e
javascript,https://api.querybuscas.com/pages/javascript,,2335,404,2254,107,20,text/html; charset=UTF-8,699.174385ms,,f54fa91f
jboss,https://api.querybuscas.com/pages/jboss,,2338,404,2254,107,20,text/html; charset=UTF-8,701.915254ms,,f54fa922
javax,https://api.querybuscas.com/pages/javax,,2337,404,2254,107,20,text/html; charset=UTF-8,711.750997ms,,f54fa921
javascripts,https://api.querybuscas.com/pages/javascripts,,2336,404,2254,107,20,text/html; charset=UTF-8,743.162161ms,,f54fa920
jbossas,https://api.querybuscas.com/pages/jbossas,,2339,404,2254,107,20,text/html; charset=UTF-8,680.749994ms,,f54fa923
jbossws,https://api.querybuscas.com/pages/jbossws,,2340,404,2254,107,20,text/html; charset=UTF-8,858.983453ms,,f54fa924
jdbc,https://api.querybuscas.com/pages/jdbc,,2341,404,2254,107,20,text/html; charset=UTF-8,902.178715ms,,f54fa925
jdk,https://api.querybuscas.com/pages/jdk,,2342,404,2254,107,20,text/html; charset=UTF-8,933.762393ms,,f54fa926
jennifer,https://api.querybuscas.com/pages/jennifer,,2343,404,2254,107,20,text/html; charset=UTF-8,642.453932ms,,f54fa927
jessica,https://api.querybuscas.com/pages/jessica,,2344,404,2254,107,20,text/html; charset=UTF-8,577.551942ms,,f54fa928
jexr,https://api.querybuscas.com/pages/jexr,,2345,404,2254,107,20,text/html; charset=UTF-8,569.729166ms,,f54fa929
jhtml,https://api.querybuscas.com/pages/jhtml,,2346,404,2254,107,20,text/html; charset=UTF-8,560.681915ms,,f54fa92a
jigsaw,https://api.querybuscas.com/pages/jigsaw,,2347,404,2254,107,20,text/html; charset=UTF-8,563.138357ms,,f54fa92b
jira,https://api.querybuscas.com/pages/jira,,2348,404,2254,107,20,text/html; charset=UTF-8,568.642608ms,,f54fa92c
jj,https://api.querybuscas.com/pages/jj,,2349,404,2254,107,20,text/html; charset=UTF-8,553.353955ms,,f54fa92d
jmx-console,https://api.querybuscas.com/pages/jmx-console,,2350,404,2254,107,20,text/html; charset=UTF-8,575.770893ms,,f54fa92e
job,https://api.querybuscas.com/pages/job,,2351,404,2254,107,20,text/html; charset=UTF-8,603.334787ms,,f54fa92f
jobs,https://api.querybuscas.com/pages/jobs,,2352,404,2254,107,20,text/html; charset=UTF-8,602.046776ms,,f54fa930
joe,https://api.querybuscas.com/pages/joe,,2353,404,2254,107,20,text/html; charset=UTF-8,613.190405ms,,f54fa931
john,https://api.querybuscas.com/pages/john,,2354,404,2254,107,20,text/html; charset=UTF-8,552.795186ms,,f54fa932
join,https://api.querybuscas.com/pages/join,,2355,404,2254,107,20,text/html; charset=UTF-8,605.42002ms,,f54fa933
joinrequests,https://api.querybuscas.com/pages/joinrequests,,2356,404,2254,107,20,text/html; charset=UTF-8,568.004093ms,,f54fa934
joomla,https://api.querybuscas.com/pages/joomla,,2357,404,2254,107,20,text/html; charset=UTF-8,567.468351ms,,f54fa935
journal,https://api.querybuscas.com/pages/journal,,2358,404,2254,107,20,text/html; charset=UTF-8,564.741291ms,,f54fa936
journals,https://api.querybuscas.com/pages/journals,,2359,404,2254,107,20,text/html; charset=UTF-8,587.383612ms,,f54fa937
jp,https://api.querybuscas.com/pages/jp,,2360,404,2254,107,20,text/html; charset=UTF-8,593.165683ms,,f54fa938
jpa,https://api.querybuscas.com/pages/jpa,,2361,404,2254,107,20,text/html; charset=UTF-8,565.635307ms,,f54fa939
jpegimage,https://api.querybuscas.com/pages/jpegimage,,2362,404,2254,107,20,text/html; charset=UTF-8,614.841448ms,,f54fa93a
jpg,https://api.querybuscas.com/pages/jpg,,2363,404,2254,107,20,text/html; charset=UTF-8,660.612836ms,,f54fa93b
jquery,https://api.querybuscas.com/pages/jquery,,2364,404,2254,107,20,text/html; charset=UTF-8,569.202158ms,,f54fa93c
jre,https://api.querybuscas.com/pages/jre,,2365,404,2254,107,20,text/html; charset=UTF-8,596.789694ms,,f54fa93d
jrun,https://api.querybuscas.com/pages/jrun,,2366,404,2254,107,20,text/html; charset=UTF-8,560.635933ms,,f54fa93e
js,https://api.querybuscas.com/pages/js,,2367,404,2254,107,20,text/html; charset=UTF-8,777.557348ms,,f54fa93f
js-lib,https://api.querybuscas.com/pages/js-lib,,2368,404,2254,107,20,text/html; charset=UTF-8,537.009242ms,,f54fa940
jsFiles,https://api.querybuscas.com/pages/jsFiles,,2369,404,2254,107,20,text/html; charset=UTF-8,559.343751ms,,f54fa941
jscript,https://api.querybuscas.com/pages/jscript,,2370,404,2254,107,20,text/html; charset=UTF-8,648.162096ms,,f54fa942
jsession,https://api.querybuscas.com/pages/jsession,,2372,404,2254,107,20,text/html; charset=UTF-8,555.882392ms,,f54fa944
jscripts,https://api.querybuscas.com/pages/jscripts,,2371,404,2254,107,20,text/html; charset=UTF-8,746.915996ms,,f54fa943
json,https://api.querybuscas.com/pages/json,,2374,404,2254,107,20,text/html; charset=UTF-8,555.392819ms,,f54fa946
jsf,https://api.querybuscas.com/pages/jsf,,2373,404,2254,107,20,text/html; charset=UTF-8,726.971079ms,,f54fa945
json-api,https://api.querybuscas.com/pages/json-api,,2375,404,2254,107,20,text/html; charset=UTF-8,638.749198ms,,f54fa947
jsp,https://api.querybuscas.com/pages/jsp,,2376,404,2254,107,20,text/html; charset=UTF-8,527.971886ms,,f54fa948
jsp-examples,https://api.querybuscas.com/pages/jsp-examples,,2377,404,2254,107,20,text/html; charset=UTF-8,632.008718ms,,f54fa949
jsp2,https://api.querybuscas.com/pages/jsp2,,2378,404,2254,107,20,text/html; charset=UTF-8,667.978107ms,,f54fa94a
jsps,https://api.querybuscas.com/pages/jsps,,2379,404,2254,107,20,text/html; charset=UTF-8,525.227739ms,,f54fa94b
jsr,https://api.querybuscas.com/pages/jsr,,2380,404,2254,107,20,text/html; charset=UTF-8,547.598041ms,,f54fa94c
jsso,https://api.querybuscas.com/pages/jsso,,2381,404,2254,107,20,text/html; charset=UTF-8,557.46269ms,,f54fa94d
jsx,https://api.querybuscas.com/pages/jsx,,2382,404,2254,107,20,text/html; charset=UTF-8,619.172546ms,,f54fa94e
jump,https://api.querybuscas.com/pages/jump,,2383,404,2254,107,20,text/html; charset=UTF-8,557.774375ms,,f54fa94f
juniper,https://api.querybuscas.com/pages/juniper,,2384,404,2254,107,20,text/html; charset=UTF-8,673.649575ms,,f54fa950
junk,https://api.querybuscas.com/pages/junk,,2385,404,2254,107,20,text/html; charset=UTF-8,606.684616ms,,f54fa951
jvm,https://api.querybuscas.com/pages/jvm,,2386,404,2254,107,20,text/html; charset=UTF-8,721.392412ms,,f54fa952
k,https://api.querybuscas.com/pages/k,,2388,404,2254,107,20,text/html; charset=UTF-8,553.084892ms,,f54fa954
jwks.json,https://api.querybuscas.com/pages/jwks.json,,2387,404,2254,107,20,text/html; charset=UTF-8,733.331727ms,,f54fa953
katalog,https://api.querybuscas.com/pages/katalog,,2389,404,2254,107,20,text/html; charset=UTF-8,568.604019ms,,f54fa955
kboard,https://api.querybuscas.com/pages/kboard,,2392,404,2254,107,20,text/html; charset=UTF-8,568.445811ms,,f54fa958
kb_results,https://api.querybuscas.com/pages/kb_results,,2391,404,2254,107,20,text/html; charset=UTF-8,617.350537ms,,f54fa957
kb,https://api.querybuscas.com/pages/kb,,2390,404,2254,107,20,text/html; charset=UTF-8,824.646118ms,,f54fa956
kcaptcha,https://api.querybuscas.com/pages/kcaptcha,,2393,404,2254,107,20,text/html; charset=UTF-8,555.706071ms,,f54fa959
keep,https://api.querybuscas.com/pages/keep,,2394,404,2254,107,20,text/html; charset=UTF-8,572.722101ms,,f54fa95a
kept,https://api.querybuscas.com/pages/kept,,2395,404,2254,107,20,text/html; charset=UTF-8,545.636407ms,,f54fa95b
key,https://api.querybuscas.com/pages/key,,2397,404,2254,107,20,text/html; charset=UTF-8,665.096513ms,,f54fa95d
kernel,https://api.querybuscas.com/pages/kernel,,2396,404,2254,107,20,text/html; charset=UTF-8,740.753833ms,,f54fa95c
keygen,https://api.querybuscas.com/pages/keygen,,2398,404,2254,107,20,text/html; charset=UTF-8,656.880366ms,,f54fa95e
keys,https://api.querybuscas.com/pages/keys,,2399,404,2254,107,20,text/html; charset=UTF-8,679.828008ms,,f54fa95f
keywords,https://api.querybuscas.com/pages/keywords,,2401,404,2254,107,20,text/html; charset=UTF-8,613.819242ms,,f54fa961
keyword,https://api.querybuscas.com/pages/keyword,,2400,404,2254,107,20,text/html; charset=UTF-8,686.409947ms,,f54fa960
kids,https://api.querybuscas.com/pages/kids,,2402,404,2254,107,20,text/html; charset=UTF-8,568.689775ms,,f54fa962
kill,https://api.querybuscas.com/pages/kill,,2403,404,2254,107,20,text/html; charset=UTF-8,573.792198ms,,f54fa963
kiosk,https://api.querybuscas.com/pages/kiosk,,2404,404,2254,107,20,text/html; charset=UTF-8,561.578438ms,,f54fa964
known_hosts,https://api.querybuscas.com/pages/known_hosts,,2405,404,2254,107,20,text/html; charset=UTF-8,664.101438ms,,f54fa965
ko,https://api.querybuscas.com/pages/ko,,2406,404,2254,107,20,text/html; charset=UTF-8,581.479103ms,,f54fa966
ko_KR,https://api.querybuscas.com/pages/ko_KR,,2407,404,2254,107,20,text/html; charset=UTF-8,665.168112ms,,f54fa967
kontakt,https://api.querybuscas.com/pages/kontakt,,2408,404,2254,107,20,text/html; charset=UTF-8,620.9405ms,,f54fa968
konto-eroeffnen,https://api.querybuscas.com/pages/konto-eroeffnen,,2409,404,2254,107,20,text/html; charset=UTF-8,656.114978ms,,f54fa969
kr,https://api.querybuscas.com/pages/kr,,2410,404,2254,107,20,text/html; charset=UTF-8,665.73571ms,,f54fa96a
kunden,https://api.querybuscas.com/pages/kunden,,2411,404,2254,107,20,text/html; charset=UTF-8,622.893091ms,,f54fa96b
l,https://api.querybuscas.com/pages/l,,2412,404,2254,107,20,text/html; charset=UTF-8,592.440975ms,,f54fa96c
la,https://api.querybuscas.com/pages/la,,2413,404,2254,107,20,text/html; charset=UTF-8,735.896821ms,,f54fa96d
lab,https://api.querybuscas.com/pages/lab,,2414,404,2254,107,20,text/html; charset=UTF-8,583.742421ms,,f54fa96e
labels,https://api.querybuscas.com/pages/labels,,2415,404,2254,107,20,text/html; charset=UTF-8,573.168467ms,,f54fa96f
labs,https://api.querybuscas.com/pages/labs,,2416,404,2254,107,20,text/html; charset=UTF-8,595.51721ms,,f54fa970
landing,https://api.querybuscas.com/pages/landing,,2417,404,2254,107,20,text/html; charset=UTF-8,632.686495ms,,f54fa971
landingpages,https://api.querybuscas.com/pages/landingpages,,2418,404,2254,107,20,text/html; charset=UTF-8,527.546196ms,,f54fa972
landwind,https://api.querybuscas.com/pages/landwind,,2419,404,2254,107,20,text/html; charset=UTF-8,650.402768ms,,f54fa973
lang,https://api.querybuscas.com/pages/lang,,2420,404,2254,107,20,text/html; charset=UTF-8,617.019973ms,,f54fa974
lang-en,https://api.querybuscas.com/pages/lang-en,,2421,404,2254,107,20,text/html; charset=UTF-8,520.936608ms,,f54fa975
language,https://api.querybuscas.com/pages/language,,2424,429,17,3,2,text/plain; charset=UTF-8,337.975684ms,,f54fa978
lang-fr,https://api.querybuscas.com/pages/lang-fr,,2422,404,2254,107,20,text/html; charset=UTF-8,567.391045ms,,f54fa976
langs,https://api.querybuscas.com/pages/langs,,2423,429,17,3,2,text/plain; charset=UTF-8,450.2215ms,,f54fa977
languages,https://api.querybuscas.com/pages/languages,,2425,429,17,3,2,text/plain; charset=UTF-8,278.88258ms,,f54fa979
large,https://api.querybuscas.com/pages/large,,2427,429,17,3,2,text/plain; charset=UTF-8,309.700223ms,,f54fa97b
lastnews,https://api.querybuscas.com/pages/lastnews,,2428,429,17,3,2,text/plain; charset=UTF-8,277.131335ms,,f54fa97c
lastpost,https://api.querybuscas.com/pages/lastpost,,2429,429,17,3,2,text/plain; charset=UTF-8,229.240153ms,,f54fa97d
lat_driver,https://api.querybuscas.com/pages/lat_driver,,2431,429,17,3,2,text/plain; charset=UTF-8,305.940371ms,,f54fa97f
lat_account,https://api.querybuscas.com/pages/lat_account,,2430,429,17,3,2,text/plain; charset=UTF-8,306.272217ms,,f54fa97e
lat_getlinking,https://api.querybuscas.com/pages/lat_getlinking,,2432,429,17,3,2,text/plain; charset=UTF-8,378.824558ms,,f54fa980
lat_signin,https://api.querybuscas.com/pages/lat_signin,,2433,429,17,3,2,text/plain; charset=UTF-8,339.539329ms,,f54fa981
lat_signup,https://api.querybuscas.com/pages/lat_signup,,2435,429,17,3,2,text/plain; charset=UTF-8,421.842134ms,,f54fa983
latest,https://api.querybuscas.com/pages/latest,,2436,429,17,3,2,text/plain; charset=UTF-8,312.626969ms,,f54fa984
lat_signout,https://api.querybuscas.com/pages/lat_signout,,2434,429,17,3,2,text/plain; charset=UTF-8,499.014385ms,,f54fa982
launch,https://api.querybuscas.com/pages/launch,,2437,429,17,3,2,text/plain; charset=UTF-8,356.101225ms,,f54fa985
launchpage,https://api.querybuscas.com/pages/launchpage,,2439,429,17,3,2,text/plain; charset=UTF-8,336.499151ms,,f54fa987
layout,https://api.querybuscas.com/pages/layout,,2441,429,17,3,2,text/plain; charset=UTF-8,255.265018ms,,f54fa989
law,https://api.querybuscas.com/pages/law,,2440,429,17,3,2,text/plain; charset=UTF-8,259.599294ms,,f54fa988
launcher,https://api.querybuscas.com/pages/launcher,,2438,429,17,3,2,text/plain; charset=UTF-8,336.643254ms,,f54fa986
layouts,https://api.querybuscas.com/pages/layouts,,2442,429,17,3,2,text/plain; charset=UTF-8,277.545282ms,,f54fa98a
leaders,https://api.querybuscas.com/pages/leaders,,2445,429,17,3,2,text/plain; charset=UTF-8,277.850751ms,,f54fa98d
leader,https://api.querybuscas.com/pages/leader,,2444,429,17,3,2,text/plain; charset=UTF-8,407.732088ms,,f54fa98c
ldap,https://api.querybuscas.com/pages/ldap,,2443,429,17,3,2,text/plain; charset=UTF-8,408.030916ms,,f54fa98b
leads,https://api.querybuscas.com/pages/leads,,2446,429,17,3,2,text/plain; charset=UTF-8,291.388508ms,,f54fa98e
learn,https://api.querybuscas.com/pages/learn,,2447,429,17,3,2,text/plain; charset=UTF-8,404.517523ms,,f54fa98f
learners,https://api.querybuscas.com/pages/learners,,2448,429,17,3,2,text/plain; charset=UTF-8,285.210866ms,,f54fa990
learning,https://api.querybuscas.com/pages/learning,,2449,429,17,3,2,text/plain; charset=UTF-8,293.354849ms,,f54fa991
left,https://api.querybuscas.com/pages/left,,2450,429,17,3,2,text/plain; charset=UTF-8,358.775266ms,,f54fa992
legacy,https://api.querybuscas.com/pages/legacy,,2451,429,17,3,2,text/plain; charset=UTF-8,258.940978ms,,f54fa993
legal,https://api.querybuscas.com/pages/legal,,2452,429,17,3,2,text/plain; charset=UTF-8,248.294915ms,,f54fa994
legal-notice,https://api.querybuscas.com/pages/legal-notice,,2453,429,17,3,2,text/plain; charset=UTF-8,250.10955ms,,f54fa995
legislation,https://api.querybuscas.com/pages/legislation,,2454,429,17,3,2,text/plain; charset=UTF-8,227.485009ms,,f54fa996
lessons,https://api.querybuscas.com/pages/lessons,,2456,429,17,3,2,text/plain; charset=UTF-8,234.626609ms,,f54fa998
lenya,https://api.querybuscas.com/pages/lenya,,2455,429,17,3,2,text/plain; charset=UTF-8,238.185194ms,,f54fa997
letters,https://api.querybuscas.com/pages/letters,,2457,429,17,3,2,text/plain; charset=UTF-8,459.7109ms,,f54fa999
lg,https://api.querybuscas.com/pages/lg,,2459,429,17,3,2,text/plain; charset=UTF-8,235.329792ms,,f54fa99b
level,https://api.querybuscas.com/pages/level,,2458,429,17,3,2,text/plain; charset=UTF-8,258.42281ms,,f54fa99a
lgpl,https://api.querybuscas.com/pages/lgpl,,2460,429,17,3,2,text/plain; charset=UTF-8,456.775678ms,,f54fa99c
libraries,https://api.querybuscas.com/pages/libraries,,2463,429,17,3,2,text/plain; charset=UTF-8,274.983712ms,,f54fa99f
lib,https://api.querybuscas.com/pages/lib,,2461,429,17,3,2,text/plain; charset=UTF-8,277.701575ms,,f54fa99d
librairies,https://api.querybuscas.com/pages/librairies,,2462,429,17,3,2,text/plain; charset=UTF-8,277.748785ms,,f54fa99e
library,https://api.querybuscas.com/pages/library,,2464,429,17,3,2,text/plain; charset=UTF-8,278.003644ms,,f54fa9a0
libs,https://api.querybuscas.com/pages/libs,,2465,429,17,3,2,text/plain; charset=UTF-8,236.417701ms,,f54fa9a1
lic,https://api.querybuscas.com/pages/lic,,2466,429,17,3,2,text/plain; charset=UTF-8,253.724051ms,,f54fa9a2
licence,https://api.querybuscas.com/pages/licence,,2467,429,17,3,2,text/plain; charset=UTF-8,253.779286ms,,f54fa9a3
license,https://api.querybuscas.com/pages/license,,2468,429,17,3,2,text/plain; charset=UTF-8,258.676612ms,,f54fa9a4
licenses,https://api.querybuscas.com/pages/licenses,,2470,429,17,3,2,text/plain; charset=UTF-8,241.968738ms,,f54fa9a6
license_afl,https://api.querybuscas.com/pages/license_afl,,2469,429,17,3,2,text/plain; charset=UTF-8,259.344737ms,,f54fa9a5
licensing,https://api.querybuscas.com/pages/licensing,,2471,429,17,3,2,text/plain; charset=UTF-8,271.275059ms,,f54fa9a7
lightbox,https://api.querybuscas.com/pages/lightbox,,2474,429,17,3,2,text/plain; charset=UTF-8,301.848186ms,,f54fa9aa
lifestyle,https://api.querybuscas.com/pages/lifestyle,,2473,429,17,3,2,text/plain; charset=UTF-8,305.652025ms,,f54fa9a9
life,https://api.querybuscas.com/pages/life,,2472,429,17,3,2,text/plain; charset=UTF-8,358.304064ms,,f54fa9a8
limit,https://api.querybuscas.com/pages/limit,,2475,429,17,3,2,text/plain; charset=UTF-8,552.159426ms,,f54fa9ab
line,https://api.querybuscas.com/pages/line,,2476,429,17,3,2,text/plain; charset=UTF-8,533.358217ms,,f54fa9ac
link,https://api.querybuscas.com/pages/link,,2477,429,17,3,2,text/plain; charset=UTF-8,529.653744ms,,f54fa9ad
link-to-us,https://api.querybuscas.com/pages/link-to-us,,2478,429,17,3,2,text/plain; charset=UTF-8,592.214605ms,,f54fa9ae
linkex,https://api.querybuscas.com/pages/linkex,,2479,429,17,3,2,text/plain; charset=UTF-8,358.69444ms,,f54fa9af
links,https://api.querybuscas.com/pages/links,,2481,429,17,3,2,text/plain; charset=UTF-8,348.795215ms,,f54fa9b1
linkmachine,https://api.querybuscas.com/pages/linkmachine,,2480,429,17,3,2,text/plain; charset=UTF-8,348.890286ms,,f54fa9b0
links_submit,https://api.querybuscas.com/pages/links_submit,,2482,429,17,3,2,text/plain; charset=UTF-8,306.714597ms,,f54fa9b2
linktous,https://api.querybuscas.com/pages/linktous,,2483,429,17,3,2,text/plain; charset=UTF-8,527.190702ms,,f54fa9b3
linux,https://api.querybuscas.com/pages/linux,,2484,429,17,3,2,text/plain; charset=UTF-8,329.507654ms,,f54fa9b4
lisence,https://api.querybuscas.com/pages/lisence,,2485,429,17,3,2,text/plain; charset=UTF-8,336.497026ms,,f54fa9b5
lisense,https://api.querybuscas.com/pages/lisense,,2486,429,17,3,2,text/plain; charset=UTF-8,392.933061ms,,f54fa9b6
list,https://api.querybuscas.com/pages/list,,2487,429,17,3,2,text/plain; charset=UTF-8,303.680935ms,,f54fa9b7
list-edit,https://api.querybuscas.com/pages/list-edit,,2489,429,17,3,2,text/plain; charset=UTF-8,415.244271ms,,f54fa9b9
list-create,https://api.querybuscas.com/pages/list-create,,2488,429,17,3,2,text/plain; charset=UTF-8,422.337675ms,,f54fa9b8
list-search,https://api.querybuscas.com/pages/list-search,,2490,429,17,3,2,text/plain; charset=UTF-8,536.961537ms,,f54fa9ba
list-users,https://api.querybuscas.com/pages/list-users,,2491,429,17,3,2,text/plain; charset=UTF-8,470.479594ms,,f54fa9bb
list-view,https://api.querybuscas.com/pages/list-view,,2492,429,17,3,2,text/plain; charset=UTF-8,354.261998ms,,f54fa9bc
list_users,https://api.querybuscas.com/pages/list_users,,2493,429,17,3,2,text/plain; charset=UTF-8,368.577409ms,,f54fa9bd
listadmin,https://api.querybuscas.com/pages/listadmin,,2494,429,17,3,2,text/plain; charset=UTF-8,279.994956ms,,f54fa9be
listinfo,https://api.querybuscas.com/pages/listinfo,,2495,429,17,3,2,text/plain; charset=UTF-8,423.333591ms,,f54fa9bf
listing,https://api.querybuscas.com/pages/listing,,2496,429,17,3,2,text/plain; charset=UTF-8,491.574835ms,,f54fa9c0
lists,https://api.querybuscas.com/pages/lists,,2498,429,17,3,2,text/plain; charset=UTF-8,326.261366ms,,f54fa9c2
listings,https://api.querybuscas.com/pages/listings,,2497,429,17,3,2,text/plain; charset=UTF-8,477.327126ms,,f54fa9c1
listview,https://api.querybuscas.com/pages/listview,,2500,429,17,3,2,text/plain; charset=UTF-8,287.024718ms,,f54fa9c4
livechat,https://api.querybuscas.com/pages/livechat,,2502,429,17,3,2,text/plain; charset=UTF-8,294.822805ms,,f54fa9c6
live,https://api.querybuscas.com/pages/live,,2501,429,17,3,2,text/plain; charset=UTF-8,294.958527ms,,f54fa9c5
listusers,https://api.querybuscas.com/pages/listusers,,2499,429,17,3,2,text/plain; charset=UTF-8,411.981259ms,,f54fa9c3
livehelp,https://api.querybuscas.com/pages/livehelp,,2503,429,17,3,2,text/plain; charset=UTF-8,253.141539ms,,f54fa9c7
livesupport,https://api.querybuscas.com/pages/livesupport,,2505,429,17,3,2,text/plain; charset=UTF-8,258.250015ms,,f54fa9c9
livezilla,https://api.querybuscas.com/pages/livezilla,,2506,429,17,3,2,text/plain; charset=UTF-8,258.243099ms,,f54fa9ca
liveness,https://api.querybuscas.com/pages/liveness,,2504,429,17,3,2,text/plain; charset=UTF-8,258.441306ms,,f54fa9c8
lo,https://api.querybuscas.com/pages/lo,,2507,429,17,3,2,text/plain; charset=UTF-8,226.170678ms,,f54fa9cb
loader,https://api.querybuscas.com/pages/loader,,2509,429,17,3,2,text/plain; charset=UTF-8,244.754179ms,,f54fa9cd
load,https://api.querybuscas.com/pages/load,,2508,429,17,3,2,text/plain; charset=UTF-8,264.89622ms,,f54fa9cc
loading,https://api.querybuscas.com/pages/loading,,2510,429,17,3,2,text/plain; charset=UTF-8,277.378058ms,,f54fa9ce
loc,https://api.querybuscas.com/pages/loc,,2511,429,17,3,2,text/plain; charset=UTF-8,290.68662ms,,f54fa9cf
locale,https://api.querybuscas.com/pages/locale,,2513,429,17,3,2,text/plain; charset=UTF-8,247.201023ms,,f54fa9d1
local,https://api.querybuscas.com/pages/local,,2512,429,17,3,2,text/plain; charset=UTF-8,267.383742ms,,f54fa9d0
localstart,https://api.querybuscas.com/pages/localstart,,2514,429,17,3,2,text/plain; charset=UTF-8,275.259942ms,,f54fa9d2
location,https://api.querybuscas.com/pages/location,,2515,429,17,3,2,text/plain; charset=UTF-8,240.109839ms,,f54fa9d3
locations,https://api.querybuscas.com/pages/locations,,2516,429,17,3,2,text/plain; charset=UTF-8,272.491259ms,,f54fa9d4
locator,https://api.querybuscas.com/pages/locator,,2517,429,17,3,2,text/plain; charset=UTF-8,275.289408ms,,f54fa9d5
lock,https://api.querybuscas.com/pages/lock,,2518,429,17,3,2,text/plain; charset=UTF-8,456.008829ms,,f54fa9d6
locked,https://api.querybuscas.com/pages/locked,,2519,429,17,3,2,text/plain; charset=UTF-8,272.038727ms,,f54fa9d7
lockout,https://api.querybuscas.com/pages/lockout,,2520,429,17,3,2,text/plain; charset=UTF-8,237.099295ms,,f54fa9d8
lofiversion,https://api.querybuscas.com/pages/lofiversion,,2521,429,17,3,2,text/plain; charset=UTF-8,236.828634ms,,f54fa9d9
log4j,https://api.querybuscas.com/pages/log4j,,2523,429,17,3,2,text/plain; charset=UTF-8,220.951354ms,,f54fa9db
log,https://api.querybuscas.com/pages/log,,2522,429,17,3,2,text/plain; charset=UTF-8,234.681911ms,,f54fa9da
log4net,https://api.querybuscas.com/pages/log4net,,2524,429,17,3,2,text/plain; charset=UTF-8,262.59654ms,,f54fa9dc
logfile,https://api.querybuscas.com/pages/logfile,,2525,429,17,3,2,text/plain; charset=UTF-8,260.186742ms,,f54fa9dd
logfiles,https://api.querybuscas.com/pages/logfiles,,2526,429,17,3,2,text/plain; charset=UTF-8,254.298987ms,,f54fa9de
logfileview,https://api.querybuscas.com/pages/logfileview,,2527,429,17,3,2,text/plain; charset=UTF-8,259.439806ms,,f54fa9df
logging,https://api.querybuscas.com/pages/logging,,2529,429,17,3,2,text/plain; charset=UTF-8,241.823222ms,,f54fa9e1
logger,https://api.querybuscas.com/pages/logger,,2528,429,17,3,2,text/plain; charset=UTF-8,249.346579ms,,f54fa9e0
login,https://api.querybuscas.com/pages/login,,2530,429,17,3,2,text/plain; charset=UTF-8,232.501755ms,,f54fa9e2
login-us,https://api.querybuscas.com/pages/login-us,,2532,429,17,3,2,text/plain; charset=UTF-8,266.234043ms,,f54fa9e4
login-redirect,https://api.querybuscas.com/pages/login-redirect,,2531,429,17,3,2,text/plain; charset=UTF-8,289.631681ms,,f54fa9e3
login1,https://api.querybuscas.com/pages/login1,,2533,429,17,3,2,text/plain; charset=UTF-8,293.914241ms,,f54fa9e5
login_db,https://api.querybuscas.com/pages/login_db,,2534,429,17,3,2,text/plain; charset=UTF-8,244.391468ms,,f54fa9e6
login_check,https://api.querybuscas.com/pages/login_check,,2536,429,17,3,2,text/plain; charset=UTF-8,235.318255ms,,f54fa9e8
login_sendpass,https://api.querybuscas.com/pages/login_sendpass,,2535,429,17,3,2,text/plain; charset=UTF-8,375.181526ms,,f54fa9e7
loginadmin,https://api.querybuscas.com/pages/loginadmin,,2537,429,17,3,2,text/plain; charset=UTF-8,414.730651ms,,f54fa9e9
loginflat,https://api.querybuscas.com/pages/loginflat,,2538,429,17,3,2,text/plain; charset=UTF-8,341.643858ms,,f54fa9ea
logins,https://api.querybuscas.com/pages/logins,,2539,429,17,3,2,text/plain; charset=UTF-8,441.392435ms,,f54fa9eb
logo,https://api.querybuscas.com/pages/logo,,2540,429,17,3,2,text/plain; charset=UTF-8,314.644334ms,,f54fa9ec
logo_sysadmin,https://api.querybuscas.com/pages/logo_sysadmin,,2541,429,17,3,2,text/plain; charset=UTF-8,434.325409ms,,f54fa9ed
logoff,https://api.querybuscas.com/pages/logoff,,2542,429,17,3,2,text/plain; charset=UTF-8,372.004044ms,,f54fa9ee
logos,https://api.querybuscas.com/pages/logos,,2544,429,17,3,2,text/plain; charset=UTF-8,457.406883ms,,f54fa9f0
logout,https://api.querybuscas.com/pages/logout,,2545,429,17,3,2,text/plain; charset=UTF-8,266.326111ms,,f54fa9f1
logs,https://api.querybuscas.com/pages/logs,,2546,429,17,3,2,text/plain; charset=UTF-8,350.812843ms,,f54fa9f2
loja,https://api.querybuscas.com/pages/loja,,2548,404,2254,107,20,text/html; charset=UTF-8,572.423696ms,,f54fa9f4
logview,https://api.querybuscas.com/pages/logview,,2547,404,2254,107,20,text/html; charset=UTF-8,616.927916ms,,f54fa9f3
lost+found,https://api.querybuscas.com/pages/lost+found,,2550,404,2254,107,20,text/html; charset=UTF-8,556.217742ms,,f54fa9f6
lost,https://api.querybuscas.com/pages/lost,,2549,404,2254,107,20,text/html; charset=UTF-8,684.577319ms,,f54fa9f5
lostpassword,https://api.querybuscas.com/pages/lostpassword,,2551,404,2254,107,20,text/html; charset=UTF-8,662.856963ms,,f54fa9f7
love,https://api.querybuscas.com/pages/love,,2552,404,2254,107,20,text/html; charset=UTF-8,659.273302ms,,f54fa9f8
low,https://api.querybuscas.com/pages/low,,2553,404,2254,107,20,text/html; charset=UTF-8,714.642362ms,,f54fa9f9
lp,https://api.querybuscas.com/pages/lp,,2554,404,2254,107,20,text/html; charset=UTF-8,684.445976ms,,f54fa9fa
lpt1,https://api.querybuscas.com/pages/lpt1,,2555,404,2254,107,20,text/html; charset=UTF-8,509.584447ms,,f54fa9fb
ls,https://api.querybuscas.com/pages/ls,,2557,404,2254,107,20,text/html; charset=UTF-8,499.970106ms,,f54fa9fd
lpt2,https://api.querybuscas.com/pages/lpt2,,2556,404,2254,107,20,text/html; charset=UTF-8,609.281342ms,,f54fa9fc
lst,https://api.querybuscas.com/pages/lst,,2558,404,2254,107,20,text/html; charset=UTF-8,656.247667ms,,f54fa9fe
lucene,https://api.querybuscas.com/pages/lucene,,2560,404,2254,107,20,text/html; charset=UTF-8,549.325704ms,,f54faa00
lt,https://api.querybuscas.com/pages/lt,,2559,404,2254,107,20,text/html; charset=UTF-8,668.730315ms,,f54fa9ff
lv,https://api.querybuscas.com/pages/lv,,2562,404,2254,107,20,text/html; charset=UTF-8,541.461111ms,,f54faa02
lunch_menu,https://api.querybuscas.com/pages/lunch_menu,,2561,404,2254,107,20,text/html; charset=UTF-8,703.120844ms,,f54faa01
m6_edit_item,https://api.querybuscas.com/pages/m6_edit_item,,2566,404,2254,107,20,text/html; charset=UTF-8,856.442768ms,,f54faa06
m1,https://api.querybuscas.com/pages/m1,,2564,404,2254,107,20,text/html; charset=UTF-8,1.053773884s,,f54faa04
m,https://api.querybuscas.com/pages/m,,2563,404,2254,107,20,text/html; charset=UTF-8,1.062983071s,,f54faa03
m6,https://api.querybuscas.com/pages/m6,,2565,404,2254,107,20,text/html; charset=UTF-8,947.597289ms,,f54faa05
m6_invoice,https://api.querybuscas.com/pages/m6_invoice,,2567,404,2254,107,20,text/html; charset=UTF-8,540.882734ms,,f54faa07
m6_pay,https://api.querybuscas.com/pages/m6_pay,,2568,404,2254,107,20,text/html; charset=UTF-8,540.959322ms,,f54faa08
m7,https://api.querybuscas.com/pages/m7,,2569,404,2254,107,20,text/html; charset=UTF-8,563.366123ms,,f54faa09
m_images,https://api.querybuscas.com/pages/m_images,,2570,404,2254,107,20,text/html; charset=UTF-8,620.749216ms,,f54faa0a
ma,https://api.querybuscas.com/pages/ma,,2571,404,2254,107,20,text/html; charset=UTF-8,531.116681ms,,f54faa0b
mac,https://api.querybuscas.com/pages/mac,,2572,404,2254,107,20,text/html; charset=UTF-8,574.752666ms,,f54faa0c
macadmin,https://api.querybuscas.com/pages/macadmin,,2573,404,2254,107,20,text/html; charset=UTF-8,542.278497ms,,f54faa0d
macromedia,https://api.querybuscas.com/pages/macromedia,,2574,404,2254,107,20,text/html; charset=UTF-8,620.921939ms,,f54faa0e
maestro,https://api.querybuscas.com/pages/maestro,,2575,404,2254,107,20,text/html; charset=UTF-8,595.520208ms,,f54faa0f
magazin,https://api.querybuscas.com/pages/magazin,,2576,404,2254,107,20,text/html; charset=UTF-8,553.424432ms,,f54faa10
magazine,https://api.querybuscas.com/pages/magazine,,2577,404,2254,107,20,text/html; charset=UTF-8,555.792923ms,,f54faa11
magazines,https://api.querybuscas.com/pages/magazines,,2578,404,2254,107,20,text/html; charset=UTF-8,810.095093ms,,f54faa12
magento,https://api.querybuscas.com/pages/magento,,2579,404,2254,107,20,text/html; charset=UTF-8,556.81084ms,,f54faa13
magic,https://api.querybuscas.com/pages/magic,,2580,404,2254,107,20,text/html; charset=UTF-8,562.287339ms,,f54faa14
magnifier_xml,https://api.querybuscas.com/pages/magnifier_xml,,2581,404,2254,107,20,text/html; charset=UTF-8,559.776469ms,,f54faa15
mail,https://api.querybuscas.com/pages/mail,,2583,404,2254,107,20,text/html; charset=UTF-8,550.326709ms,,f54faa17
mail_link,https://api.querybuscas.com/pages/mail_link,,2584,404,2254,107,20,text/html; charset=UTF-8,633.314407ms,,f54faa18
magpierss,https://api.querybuscas.com/pages/magpierss,,2582,404,2254,107,20,text/html; charset=UTF-8,809.880038ms,,f54faa16
mail_password,https://api.querybuscas.com/pages/mail_password,,2585,404,2254,107,20,text/html; charset=UTF-8,641.716674ms,,f54faa19
mailbox,https://api.querybuscas.com/pages/mailbox,,2586,404,2254,107,20,text/html; charset=UTF-8,604.388553ms,,f54faa1a
mailer,https://api.querybuscas.com/pages/mailer,,2587,404,2254,107,20,text/html; charset=UTF-8,547.470382ms,,f54faa1b
mailinglist,https://api.querybuscas.com/pages/mailinglist,,2589,404,2254,107,20,text/html; charset=UTF-8,564.799735ms,,f54faa1d
mailing,https://api.querybuscas.com/pages/mailing,,2588,404,2254,107,20,text/html; charset=UTF-8,611.717417ms,,f54faa1c
mailings,https://api.querybuscas.com/pages/mailings,,2590,404,2254,107,20,text/html; charset=UTF-8,511.002002ms,,f54faa1e
maillist,https://api.querybuscas.com/pages/maillist,,2591,404,2254,107,20,text/html; charset=UTF-8,516.133529ms,,f54faa1f
mailman,https://api.querybuscas.com/pages/mailman,,2592,404,2254,107,20,text/html; charset=UTF-8,629.166553ms,,f54faa20
mails,https://api.querybuscas.com/pages/mails,,2593,404,2254,107,20,text/html; charset=UTF-8,628.061051ms,,f54faa21
mailtemplates,https://api.querybuscas.com/pages/mailtemplates,,2594,404,2254,107,20,text/html; charset=UTF-8,556.218003ms,,f54faa22
mailto,https://api.querybuscas.com/pages/mailto,,2595,404,2254,107,20,text/html; charset=UTF-8,502.81713ms,,f54faa23
main,https://api.querybuscas.com/pages/main,,2596,404,2254,107,20,text/html; charset=UTF-8,510.09108ms,,f54faa24
main.mdb,https://api.querybuscas.com/pages/main.mdb,,2597,404,2254,107,20,text/html; charset=UTF-8,700.50774ms,,f54faa25
mainfile,https://api.querybuscas.com/pages/mainfile,,2598,404,2254,107,20,text/html; charset=UTF-8,503.321612ms,,f54faa26
maint,https://api.querybuscas.com/pages/maint,,2599,404,2254,107,20,text/html; charset=UTF-8,591.942591ms,,f54faa27
maintainers,https://api.querybuscas.com/pages/maintainers,,2600,404,2254,107,20,text/html; charset=UTF-8,618.968942ms,,f54faa28
maintenance,https://api.querybuscas.com/pages/maintenance,,2602,404,2254,107,20,text/html; charset=UTF-8,606.164162ms,,f54faa2a
mainten,https://api.querybuscas.com/pages/mainten,,2601,404,2254,107,20,text/html; charset=UTF-8,758.021588ms,,f54faa29
makefile,https://api.querybuscas.com/pages/makefile,,2603,404,2254,107,20,text/html; charset=UTF-8,729.361139ms,,f54faa2b
mal,https://api.querybuscas.com/pages/mal,,2604,404,2254,107,20,text/html; charset=UTF-8,566.624245ms,,f54faa2c
mambots,https://api.querybuscas.com/pages/mambots,,2607,404,2254,107,20,text/html; charset=UTF-8,534.158508ms,,f54faa2f
mall,https://api.querybuscas.com/pages/mall,,2605,404,2254,107,20,text/html; charset=UTF-8,753.299006ms,,f54faa2d
man,https://api.querybuscas.com/pages/man,,2608,404,2254,107,20,text/html; charset=UTF-8,549.658701ms,,f54faa30
mambo,https://api.querybuscas.com/pages/mambo,,2606,404,2254,107,20,text/html; charset=UTF-8,764.640075ms,,f54faa2e
manage,https://api.querybuscas.com/pages/manage,,2610,404,2254,107,20,text/html; charset=UTF-8,651.880182ms,,f54faa32
mana,https://api.querybuscas.com/pages/mana,,2609,404,2254,107,20,text/html; charset=UTF-8,698.945112ms,,f54faa31
management,https://api.querybuscas.com/pages/management,,2612,404,2254,107,20,text/html; charset=UTF-8,623.285587ms,,f54faa34
managed,https://api.querybuscas.com/pages/managed,,2611,404,2254,107,20,text/html; charset=UTF-8,667.779065ms,,f54faa33
manifest,https://api.querybuscas.com/pages/manifest,,2614,404,2254,107,20,text/html; charset=UTF-8,527.596993ms,,f54faa36
manager,https://api.querybuscas.com/pages/manager,,2613,404,2254,107,20,text/html; charset=UTF-8,619.753169ms,,f54faa35
manifest.mf,https://api.querybuscas.com/pages/manifest.mf,,2615,404,2254,107,20,text/html; charset=UTF-8,657.235515ms,,f54faa37
mantis,https://api.querybuscas.com/pages/mantis,,2616,404,2254,107,20,text/html; charset=UTF-8,674.674511ms,,f54faa38
manual,https://api.querybuscas.com/pages/manual,,2617,404,2254,107,20,text/html; charset=UTF-8,576.748485ms,,f54faa39
manuallogin,https://api.querybuscas.com/pages/manuallogin,,2618,404,2254,107,20,text/html; charset=UTF-8,634.71524ms,,f54faa3a
manuals,https://api.querybuscas.com/pages/manuals,,2619,404,2254,107,20,text/html; charset=UTF-8,651.238216ms,,f54faa3b
manufacturer,https://api.querybuscas.com/pages/manufacturer,,2620,404,2254,107,20,text/html; charset=UTF-8,673.411857ms,,f54faa3c
manufacturers,https://api.querybuscas.com/pages/manufacturers,,2621,429,17,3,2,text/plain; charset=UTF-8,328.140034ms,,f54faa3d
map,https://api.querybuscas.com/pages/map,,2622,429,17,3,2,text/plain; charset=UTF-8,347.444564ms,,f54faa3e
maps,https://api.querybuscas.com/pages/maps,,2623,429,17,3,2,text/plain; charset=UTF-8,300.247577ms,,f54faa3f
mark,https://api.querybuscas.com/pages/mark,,2624,429,17,3,2,text/plain; charset=UTF-8,293.260554ms,,f54faa40
market,https://api.querybuscas.com/pages/market,,2625,429,17,3,2,text/plain; charset=UTF-8,394.644842ms,,f54faa41
marketing,https://api.querybuscas.com/pages/marketing,,2626,429,17,3,2,text/plain; charset=UTF-8,341.458043ms,,f54faa42
markets,https://api.querybuscas.com/pages/markets,,2628,429,17,3,2,text/plain; charset=UTF-8,390.936842ms,,f54faa44
marketplace,https://api.querybuscas.com/pages/marketplace,,2627,429,17,3,2,text/plain; charset=UTF-8,447.046241ms,,f54faa43
master,https://api.querybuscas.com/pages/master,,2629,429,17,3,2,text/plain; charset=UTF-8,291.740845ms,,f54faa45
master.passwd,https://api.querybuscas.com/pages/master.passwd,,2630,429,17,3,2,text/plain; charset=UTF-8,417.752288ms,,f54faa46
masterpages,https://api.querybuscas.com/pages/masterpages,,2631,429,17,3,2,text/plain; charset=UTF-8,290.826214ms,,f54faa47
masthead,https://api.querybuscas.com/pages/masthead,,2633,429,17,3,2,text/plain; charset=UTF-8,239.259697ms,,f54faa49
masters,https://api.querybuscas.com/pages/masters,,2632,429,17,3,2,text/plain; charset=UTF-8,291.069582ms,,f54faa48
match,https://api.querybuscas.com/pages/match,,2634,429,17,3,2,text/plain; charset=UTF-8,319.581927ms,,f54faa4a
matrix,https://api.querybuscas.com/pages/matrix,,2637,429,17,3,2,text/plain; charset=UTF-8,283.337507ms,,f54faa4d
matches,https://api.querybuscas.com/pages/matches,,2635,429,17,3,2,text/plain; charset=UTF-8,283.556306ms,,f54faa4b
math,https://api.querybuscas.com/pages/math,,2636,429,17,3,2,text/plain; charset=UTF-8,332.771332ms,,f54faa4c
mbo,https://api.querybuscas.com/pages/mbo,,2641,429,17,3,2,text/plain; charset=UTF-8,452.233286ms,,f54faa51
mb,https://api.querybuscas.com/pages/mb,,2640,429,17,3,2,text/plain; charset=UTF-8,501.745456ms,,f54faa50
maven,https://api.querybuscas.com/pages/maven,,2639,429,17,3,2,text/plain; charset=UTF-8,501.845505ms,,f54faa4f
matt,https://api.querybuscas.com/pages/matt,,2638,429,17,3,2,text/plain; charset=UTF-8,509.871542ms,,f54faa4e
mchat,https://api.querybuscas.com/pages/mchat,,2644,429,17,3,2,text/plain; charset=UTF-8,292.432665ms,,f54faa54
mc,https://api.querybuscas.com/pages/mc,,2643,429,17,3,2,text/plain; charset=UTF-8,292.532381ms,,f54faa53
mbox,https://api.querybuscas.com/pages/mbox,,2642,429,17,3,2,text/plain; charset=UTF-8,292.633364ms,,f54faa52
mcp,https://api.querybuscas.com/pages/mcp,,2645,429,17,3,2,text/plain; charset=UTF-8,292.50429ms,,f54faa55
mdb-database,https://api.querybuscas.com/pages/mdb-database,,2647,429,17,3,2,text/plain; charset=UTF-8,369.681836ms,,f54faa57
media,https://api.querybuscas.com/pages/media,,2649,429,17,3,2,text/plain; charset=UTF-8,396.979484ms,,f54faa59
mdb,https://api.querybuscas.com/pages/mdb,,2646,429,17,3,2,text/plain; charset=UTF-8,483.331214ms,,f54faa56
me,https://api.querybuscas.com/pages/me,,2648,429,17,3,2,text/plain; charset=UTF-8,483.424409ms,,f54faa58
media_center,https://api.querybuscas.com/pages/media_center,,2650,429,17,3,2,text/plain; charset=UTF-8,291.014718ms,,f54faa5a
medias,https://api.querybuscas.com/pages/medias,,2653,429,17,3,2,text/plain; charset=UTF-8,278.73455ms,,f54faa5d
mediakit,https://api.querybuscas.com/pages/mediakit,,2651,429,17,3,2,text/plain; charset=UTF-8,365.367529ms,,f54faa5b
mediaplayer,https://api.querybuscas.com/pages/mediaplayer,,2652,429,17,3,2,text/plain; charset=UTF-8,279.092791ms,,f54faa5c
mediawiki,https://api.querybuscas.com/pages/mediawiki,,2654,429,17,3,2,text/plain; charset=UTF-8,309.197715ms,,f54faa5e
meetings,https://api.querybuscas.com/pages/meetings,,2656,429,17,3,2,text/plain; charset=UTF-8,435.337457ms,,f54faa60
medium,https://api.querybuscas.com/pages/medium,,2655,429,17,3,2,text/plain; charset=UTF-8,435.4401ms,,f54faa5f
mein-konto,https://api.querybuscas.com/pages/mein-konto,,2657,429,17,3,2,text/plain; charset=UTF-8,466.416779ms,,f54faa61
mein-merkzettel,https://api.querybuscas.com/pages/mein-merkzettel,,2658,429,17,3,2,text/plain; charset=UTF-8,304.126249ms,,f54faa62
mem,https://api.querybuscas.com/pages/mem,,2659,429,17,3,2,text/plain; charset=UTF-8,277.086147ms,,f54faa63
member,https://api.querybuscas.com/pages/member,,2660,429,17,3,2,text/plain; charset=UTF-8,277.142041ms,,f54faa64
member2,https://api.querybuscas.com/pages/member2,,2661,429,17,3,2,text/plain; charset=UTF-8,343.269461ms,,f54faa65
memberlist,https://api.querybuscas.com/pages/memberlist,,2662,429,17,3,2,text/plain; charset=UTF-8,332.38794ms,,f54faa66
members,https://api.querybuscas.com/pages/members,,2663,429,17,3,2,text/plain; charset=UTF-8,299.641117ms,,f54faa67
membership,https://api.querybuscas.com/pages/membership,,2664,429,17,3,2,text/plain; charset=UTF-8,299.650569ms,,f54faa68
membre,https://api.querybuscas.com/pages/membre,,2665,429,17,3,2,text/plain; charset=UTF-8,310.216987ms,,f54faa69
membres,https://api.querybuscas.com/pages/membres,,2666,429,17,3,2,text/plain; charset=UTF-8,275.548677ms,,f54faa6a
memcp,https://api.querybuscas.com/pages/memcp,,2668,429,17,3,2,text/plain; charset=UTF-8,397.314405ms,,f54faa6c
memcached,https://api.querybuscas.com/pages/memcached,,2667,429,17,3,2,text/plain; charset=UTF-8,397.572915ms,,f54faa6b
memlogin,https://api.querybuscas.com/pages/memlogin,,2669,429,17,3,2,text/plain; charset=UTF-8,388.766191ms,,f54faa6d
memo,https://api.querybuscas.com/pages/memo,,2670,429,17,3,2,text/plain; charset=UTF-8,388.785272ms,,f54faa6e
menu,https://api.querybuscas.com/pages/menu,,2672,429,17,3,2,text/plain; charset=UTF-8,326.379374ms,,f54faa70
memory,https://api.querybuscas.com/pages/memory,,2671,429,17,3,2,text/plain; charset=UTF-8,326.635385ms,,f54faa6f
menus,https://api.querybuscas.com/pages/menus,,2673,429,17,3,2,text/plain; charset=UTF-8,295.662525ms,,f54faa71
merchant,https://api.querybuscas.com/pages/merchant,,2674,429,17,3,2,text/plain; charset=UTF-8,295.720629ms,,f54faa72
message,https://api.querybuscas.com/pages/message,,2676,429,17,3,2,text/plain; charset=UTF-8,310.301245ms,,f54faa74
merchant2,https://api.querybuscas.com/pages/merchant2,,2675,429,17,3,2,text/plain; charset=UTF-8,347.673087ms,,f54faa73
messageboard,https://api.querybuscas.com/pages/messageboard,,2677,429,17,3,2,text/plain; charset=UTF-8,340.510616ms,,f54faa75
messages,https://api.querybuscas.com/pages/messages,,2678,429,17,3,2,text/plain; charset=UTF-8,381.136236ms,,f54faa76
messaging,https://api.querybuscas.com/pages/messaging,,2679,429,17,3,2,text/plain; charset=UTF-8,323.761655ms,,f54faa77
meta-inf,https://api.querybuscas.com/pages/meta-inf,,2681,429,17,3,2,text/plain; charset=UTF-8,284.47497ms,,f54faa79
meta,https://api.querybuscas.com/pages/meta,,2680,429,17,3,2,text/plain; charset=UTF-8,378.361718ms,,f54faa78
meta_login,https://api.querybuscas.com/pages/meta_login,,2682,429,17,3,2,text/plain; charset=UTF-8,303.240252ms,,f54faa7a
meta_tags,https://api.querybuscas.com/pages/meta_tags,,2683,429,17,3,2,text/plain; charset=UTF-8,325.121405ms,,f54faa7b
metabase,https://api.querybuscas.com/pages/metabase,,2684,429,17,3,2,text/plain; charset=UTF-8,322.377856ms,,f54faa7c
metadata,https://api.querybuscas.com/pages/metadata,,2685,429,17,3,2,text/plain; charset=UTF-8,289.861648ms,,f54faa7d
metaframe,https://api.querybuscas.com/pages/metaframe,,2686,429,17,3,2,text/plain; charset=UTF-8,443.221284ms,,f54faa7e
mgr,https://api.querybuscas.com/pages/mgr,,2689,429,17,3,2,text/plain; charset=UTF-8,407.898359ms,,f54faa81
metatags,https://api.querybuscas.com/pages/metatags,,2687,429,17,3,2,text/plain; charset=UTF-8,464.882455ms,,f54faa7f
mfa/challenge,https://api.querybuscas.com/pages/mfa/challenge,,2688,429,17,3,2,text/plain; charset=UTF-8,408.23614ms,,f54faa80
michael,https://api.querybuscas.com/pages/michael,,2690,429,17,3,2,text/plain; charset=UTF-8,305.710631ms,,f54faa82
midi,https://api.querybuscas.com/pages/midi,,2692,429,17,3,2,text/plain; charset=UTF-8,246.008126ms,,f54faa84
microsoft,https://api.querybuscas.com/pages/microsoft,,2691,429,17,3,2,text/plain; charset=UTF-8,316.527545ms,,f54faa83
migrate,https://api.querybuscas.com/pages/migrate,,2693,429,17,3,2,text/plain; charset=UTF-8,316.401014ms,,f54faa85
migrated,https://api.querybuscas.com/pages/migrated,,2694,429,17,3,2,text/plain; charset=UTF-8,255.867474ms,,f54faa86
migration,https://api.querybuscas.com/pages/migration,,2695,429,17,3,2,text/plain; charset=UTF-8,328.067795ms,,f54faa87
min,https://api.querybuscas.com/pages/min,,2697,429,17,3,2,text/plain; charset=UTF-8,299.486297ms,,f54faa89
mina,https://api.querybuscas.com/pages/mina,,2698,429,17,3,2,text/plain; charset=UTF-8,358.149505ms,,f54faa8a
military,https://api.querybuscas.com/pages/military,,2696,429,17,3,2,text/plain; charset=UTF-8,375.284173ms,,f54faa88
mini,https://api.querybuscas.com/pages/mini,,2700,429,17,3,2,text/plain; charset=UTF-8,404.566633ms,,f54faa8c
minicart,https://api.querybuscas.com/pages/minicart,,2702,429,17,3,2,text/plain; charset=UTF-8,328.770539ms,,f54faa8e
mini_cal,https://api.querybuscas.com/pages/mini_cal,,2701,429,17,3,2,text/plain; charset=UTF-8,328.845778ms,,f54faa8d
mine,https://api.querybuscas.com/pages/mine,,2699,429,17,3,2,text/plain; charset=UTF-8,446.410086ms,,f54faa8b
minute,https://api.querybuscas.com/pages/minute,,2705,429,17,3,2,text/plain; charset=UTF-8,326.843741ms,,f54faa91
minimum,https://api.querybuscas.com/pages/minimum,,2703,429,17,3,2,text/plain; charset=UTF-8,326.966645ms,,f54faa8f
mirror,https://api.querybuscas.com/pages/mirror,,2706,429,17,3,2,text/plain; charset=UTF-8,326.9547ms,,f54faa92
mint,https://api.querybuscas.com/pages/mint,,2704,429,17,3,2,text/plain; charset=UTF-8,327.056901ms,,f54faa90
mirrors,https://api.querybuscas.com/pages/mirrors,,2707,429,17,3,2,text/plain; charset=UTF-8,372.322924ms,,f54faa93
misc,https://api.querybuscas.com/pages/misc,,2708,429,17,3,2,text/plain; charset=UTF-8,376.311503ms,,f54faa94
miscellaneous,https://api.querybuscas.com/pages/miscellaneous,,2709,429,17,3,2,text/plain; charset=UTF-8,442.702704ms,,f54faa95
missing,https://api.querybuscas.com/pages/missing,,2710,429,17,3,2,text/plain; charset=UTF-8,442.994025ms,,f54faa96
mission,https://api.querybuscas.com/pages/mission,,2711,429,17,3,2,text/plain; charset=UTF-8,259.39576ms,,f54faa97
mix,https://api.querybuscas.com/pages/mix,,2712,429,17,3,2,text/plain; charset=UTF-8,384.84897ms,,f54faa98
mkstats,https://api.querybuscas.com/pages/mkstats,,2714,429,17,3,2,text/plain; charset=UTF-8,412.928931ms,,f54faa9a
mk,https://api.querybuscas.com/pages/mk,,2713,429,17,3,2,text/plain; charset=UTF-8,413.187703ms,,f54faa99
ml,https://api.querybuscas.com/pages/ml,,2715,429,17,3,2,text/plain; charset=UTF-8,384.472029ms,,f54faa9b
mlist,https://api.querybuscas.com/pages/mlist,,2716,429,17,3,2,text/plain; charset=UTF-8,312.132913ms,,f54faa9c
mm,https://api.querybuscas.com/pages/mm,,2717,429,17,3,2,text/plain; charset=UTF-8,262.215832ms,,f54faa9d
mm5,https://api.querybuscas.com/pages/mm5,,2718,429,17,3,2,text/plain; charset=UTF-8,262.318904ms,,f54faa9e
mms,https://api.querybuscas.com/pages/mms,,2719,429,17,3,2,text/plain; charset=UTF-8,327.562766ms,,f54faa9f
mo,https://api.querybuscas.com/pages/mo,,2721,429,17,3,2,text/plain; charset=UTF-8,225.986335ms,,f54faaa1
mmwip,https://api.querybuscas.com/pages/mmwip,,2720,429,17,3,2,text/plain; charset=UTF-8,271.141385ms,,f54faaa0
mobi,https://api.querybuscas.com/pages/mobi,,2722,429,17,3,2,text/plain; charset=UTF-8,468.623891ms,,f54faaa2
mobile,https://api.querybuscas.com/pages/mobile,,2724,429,17,3,2,text/plain; charset=UTF-8,273.876211ms,,f54faaa4
mobil,https://api.querybuscas.com/pages/mobil,,2723,429,17,3,2,text/plain; charset=UTF-8,282.432824ms,,f54faaa3
mock,https://api.querybuscas.com/pages/mock,,2725,429,17,3,2,text/plain; charset=UTF-8,334.016346ms,,f54faaa5
mode,https://api.querybuscas.com/pages/mode,,2728,429,17,3,2,text/plain; charset=UTF-8,473.036349ms,,f54faaa8
model,https://api.querybuscas.com/pages/model,,2729,429,17,3,2,text/plain; charset=UTF-8,422.086287ms,,f54faaa9
mod,https://api.querybuscas.com/pages/mod,,2726,429,17,3,2,text/plain; charset=UTF-8,513.860543ms,,f54faaa6
models,https://api.querybuscas.com/pages/models,,2730,429,17,3,2,text/plain; charset=UTF-8,291.546284ms,,f54faaaa
moderation,https://api.querybuscas.com/pages/moderation,,2733,429,17,3,2,text/plain; charset=UTF-8,341.832375ms,,f54faaad
modem,https://api.querybuscas.com/pages/modem,,2732,429,17,3,2,text/plain; charset=UTF-8,341.946559ms,,f54faaac
modelsearch,https://api.querybuscas.com/pages/modelsearch,,2731,429,17,3,2,text/plain; charset=UTF-8,342.087846ms,,f54faaab
moderator,https://api.querybuscas.com/pages/moderator,,2734,429,17,3,2,text/plain; charset=UTF-8,345.203604ms,,f54faaae
modify,https://api.querybuscas.com/pages/modify,,2735,429,17,3,2,text/plain; charset=UTF-8,294.764353ms,,f54faaaf
modlogan,https://api.querybuscas.com/pages/modlogan,,2736,429,17,3,2,text/plain; charset=UTF-8,297.566142ms,,f54faab0
mods,https://api.querybuscas.com/pages/mods,,2737,429,17,3,2,text/plain; charset=UTF-8,383.227777ms,,f54faab1
modules,https://api.querybuscas.com/pages/modules,,2739,429,17,3,2,text/plain; charset=UTF-8,312.482658ms,,f54faab3
module,https://api.querybuscas.com/pages/module,,2738,429,17,3,2,text/plain; charset=UTF-8,312.793764ms,,f54faab2
modulos,https://api.querybuscas.com/pages/modulos,,2740,429,17,3,2,text/plain; charset=UTF-8,387.005345ms,,f54faab4
mojo,https://api.querybuscas.com/pages/mojo,,2741,404,2254,107,20,text/html; charset=UTF-8,654.085392ms,,f54faab5
money,https://api.querybuscas.com/pages/money,,2742,404,2254,107,20,text/html; charset=UTF-8,544.255623ms,,f54faab6
monitor,https://api.querybuscas.com/pages/monitor,,2743,404,2254,107,20,text/html; charset=UTF-8,590.266812ms,,f54faab7
monitoring,https://api.querybuscas.com/pages/monitoring,,2744,404,2254,107,20,text/html; charset=UTF-8,657.498393ms,,f54faab8
monitors,https://api.querybuscas.com/pages/monitors,,2745,404,2254,107,20,text/html; charset=UTF-8,673.15773ms,,f54faab9
month,https://api.querybuscas.com/pages/month,,2746,404,2254,107,20,text/html; charset=UTF-8,568.385654ms,,f54faaba
moodle,https://api.querybuscas.com/pages/moodle,,2748,404,2254,107,20,text/html; charset=UTF-8,540.275493ms,,f54faabc
monthly,https://api.querybuscas.com/pages/monthly,,2747,404,2254,107,20,text/html; charset=UTF-8,725.422616ms,,f54faabb
more,https://api.querybuscas.com/pages/more,,2749,404,2254,107,20,text/html; charset=UTF-8,539.634404ms,,f54faabd
motd,https://api.querybuscas.com/pages/motd,,2750,404,2254,107,20,text/html; charset=UTF-8,659.089792ms,,f54faabe
moto-news,https://api.querybuscas.com/pages/moto-news,,2751,404,2254,107,20,text/html; charset=UTF-8,585.622943ms,,f54faabf
moto1,https://api.querybuscas.com/pages/moto1,,2752,404,2254,107,20,text/html; charset=UTF-8,824.788208ms,,f54faac0
mount,https://api.querybuscas.com/pages/mount,,2753,404,2254,107,20,text/html; charset=UTF-8,623.758321ms,,f54faac1
move,https://api.querybuscas.com/pages/move,,2754,404,2254,107,20,text/html; charset=UTF-8,622.667423ms,,f54faac2
moved,https://api.querybuscas.com/pages/moved,,2755,404,2254,107,20,text/html; charset=UTF-8,604.705314ms,,f54faac3
movie,https://api.querybuscas.com/pages/movie,,2756,404,2254,107,20,text/html; charset=UTF-8,739.910136ms,,f54faac4
movies,https://api.querybuscas.com/pages/movies,,2757,404,2254,107,20,text/html; charset=UTF-8,613.566251ms,,f54faac5
moving.page,https://api.querybuscas.com/pages/moving.page,,2758,404,2254,107,20,text/html; charset=UTF-8,624.801316ms,,f54faac6
mozilla,https://api.querybuscas.com/pages/mozilla,,2759,404,2254,107,20,text/html; charset=UTF-8,565.803383ms,,f54faac7
mp,https://api.querybuscas.com/pages/mp,,2760,404,2254,107,20,text/html; charset=UTF-8,559.299222ms,,f54faac8
mp3,https://api.querybuscas.com/pages/mp3,,2761,404,2254,107,20,text/html; charset=UTF-8,547.087207ms,,f54faac9
mp3s,https://api.querybuscas.com/pages/mp3s,,2762,404,2254,107,20,text/html; charset=UTF-8,568.356536ms,,f54faaca
mqseries,https://api.querybuscas.com/pages/mqseries,,2763,404,2254,107,20,text/html; charset=UTF-8,700.978371ms,,f54faacb
ms,https://api.querybuscas.com/pages/ms,,2765,404,2254,107,20,text/html; charset=UTF-8,572.798211ms,,f54faacd
mrtg,https://api.querybuscas.com/pages/mrtg,,2764,404,2254,107,20,text/html; charset=UTF-8,603.791229ms,,f54faacc
ms-sql,https://api.querybuscas.com/pages/ms-sql,,2766,404,2254,107,20,text/html; charset=UTF-8,551.00369ms,,f54faace
msadc,https://api.querybuscas.com/pages/msadc,,2767,404,2254,107,20,text/html; charset=UTF-8,567.435337ms,,f54faacf
msadm,https://api.querybuscas.com/pages/msadm,,2768,404,2254,107,20,text/html; charset=UTF-8,513.624987ms,,f54faad0
msft,https://api.querybuscas.com/pages/msft,,2769,404,2254,107,20,text/html; charset=UTF-8,569.093718ms,,f54faad1
msg,https://api.querybuscas.com/pages/msg,,2770,404,2254,107,20,text/html; charset=UTF-8,555.573975ms,,f54faad2
msie,https://api.querybuscas.com/pages/msie,,2771,404,2254,107,20,text/html; charset=UTF-8,554.365354ms,,f54faad3
msn,https://api.querybuscas.com/pages/msn,,2772,404,2254,107,20,text/html; charset=UTF-8,585.654835ms,,f54faad4
msoffice,https://api.querybuscas.com/pages/msoffice,,2773,404,2254,107,20,text/html; charset=UTF-8,583.557683ms,,f54faad5
mspace,https://api.querybuscas.com/pages/mspace,,2774,404,2254,107,20,text/html; charset=UTF-8,553.724329ms,,f54faad6
msql,https://api.querybuscas.com/pages/msql,,2775,404,2254,107,20,text/html; charset=UTF-8,542.572008ms,,f54faad7
mssql,https://api.querybuscas.com/pages/mssql,,2776,404,2254,107,20,text/html; charset=UTF-8,528.59471ms,,f54faad8
mstpre,https://api.querybuscas.com/pages/mstpre,,2777,404,2254,107,20,text/html; charset=UTF-8,538.798555ms,,f54faad9
mt,https://api.querybuscas.com/pages/mt,,2778,404,2254,107,20,text/html; charset=UTF-8,626.569458ms,,f54faada
mt-bin,https://api.querybuscas.com/pages/mt-bin,,2779,404,2254,107,20,text/html; charset=UTF-8,546.404961ms,,f54faadb
mt-search,https://api.querybuscas.com/pages/mt-search,,2780,404,2254,107,20,text/html; charset=UTF-8,559.708018ms,,f54faadc
mt-static,https://api.querybuscas.com/pages/mt-static,,2781,404,2254,107,20,text/html; charset=UTF-8,497.429985ms,,f54faadd
mta,https://api.querybuscas.com/pages/mta,,2782,404,2254,107,20,text/html; charset=UTF-8,514.7281ms,,f54faade
multi,https://api.querybuscas.com/pages/multi,,2783,404,2254,107,20,text/html; charset=UTF-8,614.83738ms,,f54faadf
music,https://api.querybuscas.com/pages/music,,2785,404,2254,107,20,text/html; charset=UTF-8,621.695321ms,,f54faae1
multimedia,https://api.querybuscas.com/pages/multimedia,,2784,404,2254,107,20,text/html; charset=UTF-8,627.717973ms,,f54faae0
mx,https://api.querybuscas.com/pages/mx,,2786,404,2254,107,20,text/html; charset=UTF-8,559.201989ms,,f54faae2
my,https://api.querybuscas.com/pages/my,,2787,404,2254,107,20,text/html; charset=UTF-8,545.784171ms,,f54faae3
my-account,https://api.querybuscas.com/pages/my-account,,2788,404,2254,107,20,text/html; charset=UTF-8,547.730795ms,,f54faae4
my-components,https://api.querybuscas.com/pages/my-components,,2789,404,2254,107,20,text/html; charset=UTF-8,593.833797ms,,f54faae5
my-gift-registry,https://api.querybuscas.com/pages/my-gift-registry,,2790,404,2254,107,20,text/html; charset=UTF-8,639.485494ms,,f54faae6
my-sql,https://api.querybuscas.com/pages/my-sql,,2791,404,2254,107,20,text/html; charset=UTF-8,544.533584ms,,f54faae7
myaccount,https://api.querybuscas.com/pages/myaccount,,2793,404,2254,107,20,text/html; charset=UTF-8,502.251671ms,,f54faae9
my-wishlist,https://api.querybuscas.com/pages/my-wishlist,,2792,404,2254,107,20,text/html; charset=UTF-8,591.1707ms,,f54faae8
myadmin,https://api.querybuscas.com/pages/myadmin,,2794,404,2254,107,20,text/html; charset=UTF-8,608.588029ms,,f54faaea
myblog,https://api.querybuscas.com/pages/myblog,,2795,404,2254,107,20,text/html; charset=UTF-8,658.787896ms,,f54faaeb
mycalendar,https://api.querybuscas.com/pages/mycalendar,,2796,404,2254,107,20,text/html; charset=UTF-8,508.910067ms,,f54faaec
mycgi,https://api.querybuscas.com/pages/mycgi,,2797,404,2254,107,20,text/html; charset=UTF-8,656.103261ms,,f54faaed
myfaces,https://api.querybuscas.com/pages/myfaces,,2798,404,2254,107,20,text/html; charset=UTF-8,651.708297ms,,f54faaee
myhomework,https://api.querybuscas.com/pages/myhomework,,2799,404,2254,107,20,text/html; charset=UTF-8,609.417017ms,,f54faaef
myicons,https://api.querybuscas.com/pages/myicons,,2800,404,2254,107,20,text/html; charset=UTF-8,582.120547ms,,f54faaf0
myphpnuke,https://api.querybuscas.com/pages/myphpnuke,,2802,429,17,3,2,text/plain; charset=UTF-8,306.463669ms,,f54faaf2
myspace,https://api.querybuscas.com/pages/myspace,,2803,429,17,3,2,text/plain; charset=UTF-8,306.846875ms,,f54faaf3
mypage,https://api.querybuscas.com/pages/mypage,,2801,404,2254,107,20,text/html; charset=UTF-8,674.681578ms,,f54faaf1
mysql,https://api.querybuscas.com/pages/mysql,,2804,429,17,3,2,text/plain; charset=UTF-8,361.910958ms,,f54faaf4
mysqld,https://api.querybuscas.com/pages/mysqld,,2805,429,17,3,2,text/plain; charset=UTF-8,254.400725ms,,f54faaf5
mysqldumper,https://api.querybuscas.com/pages/mysqldumper,,2806,429,17,3,2,text/plain; charset=UTF-8,340.585257ms,,f54faaf6
mysqlmanager,https://api.querybuscas.com/pages/mysqlmanager,,2807,429,17,3,2,text/plain; charset=UTF-8,243.294354ms,,f54faaf7
mytag_js,https://api.querybuscas.com/pages/mytag_js,,2808,429,17,3,2,text/plain; charset=UTF-8,234.766764ms,,f54faaf8
mytp,https://api.querybuscas.com/pages/mytp,,2809,429,17,3,2,text/plain; charset=UTF-8,289.131572ms,,f54faaf9
n,https://api.querybuscas.com/pages/n,,2810,429,17,3,2,text/plain; charset=UTF-8,282.603208ms,,f54faafa
nagios,https://api.querybuscas.com/pages/nagios,,2812,429,17,3,2,text/plain; charset=UTF-8,276.671217ms,,f54faafc
name,https://api.querybuscas.com/pages/name,,2813,429,17,3,2,text/plain; charset=UTF-8,297.784209ms,,f54faafd
national,https://api.querybuscas.com/pages/national,,2815,429,17,3,2,text/plain; charset=UTF-8,312.267999ms,,f54faaff
names,https://api.querybuscas.com/pages/names,,2814,429,17,3,2,text/plain; charset=UTF-8,312.299681ms,,f54faafe
navSiteAdmin,https://api.querybuscas.com/pages/navSiteAdmin,,2817,429,17,3,2,text/plain; charset=UTF-8,247.5741ms,,f54fab01
nav,https://api.querybuscas.com/pages/nav,,2816,429,17,3,2,text/plain; charset=UTF-8,327.894667ms,,f54fab00
navigation,https://api.querybuscas.com/pages/navigation,,2818,429,17,3,2,text/plain; charset=UTF-8,346.446995ms,,f54fab02
navsiteadmin,https://api.querybuscas.com/pages/navsiteadmin,,2819,429,17,3,2,text/plain; charset=UTF-8,346.614413ms,,f54fab03
ne,https://api.querybuscas.com/pages/ne,,2821,429,17,3,2,text/plain; charset=UTF-8,422.775562ms,,f54fab05
nc,https://api.querybuscas.com/pages/nc,,2820,429,17,3,2,text/plain; charset=UTF-8,422.584834ms,,f54fab04
net,https://api.querybuscas.com/pages/net,,2822,429,17,3,2,text/plain; charset=UTF-8,268.056856ms,,f54fab06
netbsd,https://api.querybuscas.com/pages/netbsd,,2823,429,17,3,2,text/plain; charset=UTF-8,268.024893ms,,f54fab07
netcat,https://api.querybuscas.com/pages/netcat,,2824,429,17,3,2,text/plain; charset=UTF-8,273.217863ms,,f54fab08
nethome,https://api.querybuscas.com/pages/nethome,,2825,429,17,3,2,text/plain; charset=UTF-8,273.117068ms,,f54fab09
netscape,https://api.querybuscas.com/pages/netscape,,2827,429,17,3,2,text/plain; charset=UTF-8,393.379304ms,,f54fab0b
nets,https://api.querybuscas.com/pages/nets,,2826,429,17,3,2,text/plain; charset=UTF-8,393.379205ms,,f54fab0a
netstat,https://api.querybuscas.com/pages/netstat,,2828,429,17,3,2,text/plain; charset=UTF-8,305.912717ms,,f54fab0c
netstorage,https://api.querybuscas.com/pages/netstorage,,2829,429,17,3,2,text/plain; charset=UTF-8,306.034959ms,,f54fab0d
network,https://api.querybuscas.com/pages/network,,2830,429,17,3,2,text/plain; charset=UTF-8,264.532225ms,,f54fab0e
networking,https://api.querybuscas.com/pages/networking,,2831,429,17,3,2,text/plain; charset=UTF-8,352.296961ms,,f54fab0f
new,https://api.querybuscas.com/pages/new,,2832,429,17,3,2,text/plain; charset=UTF-8,288.08541ms,,f54fab10
newadmin,https://api.querybuscas.com/pages/newadmin,,2833,429,17,3,2,text/plain; charset=UTF-8,288.105906ms,,f54fab11
newattachment,https://api.querybuscas.com/pages/newattachment,,2834,429,17,3,2,text/plain; charset=UTF-8,227.088443ms,,f54fab12
newreply,https://api.querybuscas.com/pages/newreply,,2836,429,17,3,2,text/plain; charset=UTF-8,318.98488ms,,f54fab14
newposts,https://api.querybuscas.com/pages/newposts,,2835,429,17,3,2,text/plain; charset=UTF-8,341.804703ms,,f54fab13
news,https://api.querybuscas.com/pages/news,,2837,429,17,3,2,text/plain; charset=UTF-8,347.689793ms,,f54fab15
news_insert,https://api.querybuscas.com/pages/news_insert,,2838,429,17,3,2,text/plain; charset=UTF-8,367.49163ms,,f54fab16
newsadmin,https://api.querybuscas.com/pages/newsadmin,,2839,429,17,3,2,text/plain; charset=UTF-8,299.751649ms,,f54fab17
newsite,https://api.querybuscas.com/pages/newsite,,2840,429,17,3,2,text/plain; charset=UTF-8,292.81195ms,,f54fab18
newsletter,https://api.querybuscas.com/pages/newsletter,,2841,429,17,3,2,text/plain; charset=UTF-8,479.518704ms,,f54fab19
newsletters,https://api.querybuscas.com/pages/newsletters,,2842,429,17,3,2,text/plain; charset=UTF-8,386.670148ms,,f54fab1a
newsroom,https://api.querybuscas.com/pages/newsroom,,2844,429,17,3,2,text/plain; charset=UTF-8,341.655213ms,,f54fab1c
newsline,https://api.querybuscas.com/pages/newsline,,2843,429,17,3,2,text/plain; charset=UTF-8,367.572728ms,,f54fab1b
newssys,https://api.querybuscas.com/pages/newssys,,2845,429,17,3,2,text/plain; charset=UTF-8,295.778179ms,,f54fab1d
newthread,https://api.querybuscas.com/pages/newthread,,2847,429,17,3,2,text/plain; charset=UTF-8,259.312203ms,,f54fab1f
newstarter,https://api.querybuscas.com/pages/newstarter,,2846,429,17,3,2,text/plain; charset=UTF-8,341.711738ms,,f54fab1e
newticket,https://api.querybuscas.com/pages/newticket,,2848,429,17,3,2,text/plain; charset=UTF-8,378.484093ms,,f54fab20
next,https://api.querybuscas.com/pages/next,,2849,429,17,3,2,text/plain; charset=UTF-8,314.493819ms,,f54fab21
nfs,https://api.querybuscas.com/pages/nfs,,2851,429,17,3,2,text/plain; charset=UTF-8,411.058927ms,,f54fab23
nice,https://api.querybuscas.com/pages/nice,,2852,429,17,3,2,text/plain; charset=UTF-8,348.718999ms,,f54fab24
nieuws,https://api.querybuscas.com/pages/nieuws,,2853,429,17,3,2,text/plain; charset=UTF-8,275.917735ms,,f54fab25
ningbar,https://api.querybuscas.com/pages/ningbar,,2854,429,17,3,2,text/plain; charset=UTF-8,293.665992ms,,f54fab26
nk9,https://api.querybuscas.com/pages/nk9,,2855,429,17,3,2,text/plain; charset=UTF-8,300.228015ms,,f54fab27
no,https://api.querybuscas.com/pages/no,,2857,429,17,3,2,text/plain; charset=UTF-8,261.691676ms,,f54fab29
nl,https://api.querybuscas.com/pages/nl,,2856,429,17,3,2,text/plain; charset=UTF-8,261.691658ms,,f54fab28
no-index,https://api.querybuscas.com/pages/no-index,,2858,429,17,3,2,text/plain; charset=UTF-8,300.057752ms,,f54fab2a
nobody,https://api.querybuscas.com/pages/nobody,,2859,429,17,3,2,text/plain; charset=UTF-8,293.647127ms,,f54fab2b
node_modules/.package-lock.json,https://api.querybuscas.com/pages/node_modules/.package-lock.json,,2861,429,17,3,2,text/plain; charset=UTF-8,442.034765ms,,f54fab2d
node,https://api.querybuscas.com/pages/node,,2860,429,17,3,2,text/plain; charset=UTF-8,442.091331ms,,f54fab2c
noindex,https://api.querybuscas.com/pages/noindex,,2862,429,17,3,2,text/plain; charset=UTF-8,281.966756ms,,f54fab2e
none,https://api.querybuscas.com/pages/none,,2864,429,17,3,2,text/plain; charset=UTF-8,349.957658ms,,f54fab30
note,https://api.querybuscas.com/pages/note,,2865,429,17,3,2,text/plain; charset=UTF-8,350.032587ms,,f54fab31
notfound,https://api.querybuscas.com/pages/notfound,,2867,429,17,3,2,text/plain; charset=UTF-8,371.228094ms,,f54fab33
notes,https://api.querybuscas.com/pages/notes,,2866,429,17,3,2,text/plain; charset=UTF-8,424.142969ms,,f54fab32
noticias,https://api.querybuscas.com/pages/noticias,,2868,429,17,3,2,text/plain; charset=UTF-8,359.635009ms,,f54fab34
notification,https://api.querybuscas.com/pages/notification,,2869,429,17,3,2,text/plain; charset=UTF-8,378.801072ms,,f54fab35
notifications,https://api.querybuscas.com/pages/notifications,,2870,429,17,3,2,text/plain; charset=UTF-8,335.161015ms,,f54fab36
notified,https://api.querybuscas.com/pages/notified,,2871,429,17,3,2,text/plain; charset=UTF-8,338.728899ms,,f54fab37
notifier,https://api.querybuscas.com/pages/notifier,,2872,429,17,3,2,text/plain; charset=UTF-8,249.440863ms,,f54fab38
notify,https://api.querybuscas.com/pages/notify,,2873,429,17,3,2,text/plain; charset=UTF-8,258.34958ms,,f54fab39
novell,https://api.querybuscas.com/pages/novell,,2874,429,17,3,2,text/plain; charset=UTF-8,247.795102ms,,f54fab3a
npm-shrinkwrap.json,https://api.querybuscas.com/pages/npm-shrinkwrap.json,,2875,429,17,3,2,text/plain; charset=UTF-8,323.987278ms,,f54fab3b
ns,https://api.querybuscas.com/pages/ns,,2877,429,17,3,2,text/plain; charset=UTF-8,272.741235ms,,f54fab3d
nr,https://api.querybuscas.com/pages/nr,,2876,429,17,3,2,text/plain; charset=UTF-8,300.883473ms,,f54fab3c
nsf,https://api.querybuscas.com/pages/nsf,,2878,429,17,3,2,text/plain; charset=UTF-8,261.816273ms,,f54fab3e
ntopic,https://api.querybuscas.com/pages/ntopic,,2879,429,17,3,2,text/plain; charset=UTF-8,277.911907ms,,f54fab3f
nul,https://api.querybuscas.com/pages/nul,,2882,429,17,3,2,text/plain; charset=UTF-8,251.725142ms,,f54fab42
nuke,https://api.querybuscas.com/pages/nuke,,2881,429,17,3,2,text/plain; charset=UTF-8,300.886603ms,,f54fab41
nude,https://api.querybuscas.com/pages/nude,,2880,429,17,3,2,text/plain; charset=UTF-8,300.886622ms,,f54fab40
null,https://api.querybuscas.com/pages/null,,2883,429,17,3,2,text/plain; charset=UTF-8,303.214849ms,,f54fab43
number,https://api.querybuscas.com/pages/number,,2884,429,17,3,2,text/plain; charset=UTF-8,278.674866ms,,f54fab44
nz,https://api.querybuscas.com/pages/nz,,2886,429,17,3,2,text/plain; charset=UTF-8,460.205751ms,,f54fab46
nxfeed,https://api.querybuscas.com/pages/nxfeed,,2885,429,17,3,2,text/plain; charset=UTF-8,460.285044ms,,f54fab45
o,https://api.querybuscas.com/pages/o,,2887,429,17,3,2,text/plain; charset=UTF-8,283.919683ms,,f54fab47
oa_servlets,https://api.querybuscas.com/pages/oa_servlets,,2888,429,17,3,2,text/plain; charset=UTF-8,389.113882ms,,f54fab48
oauth,https://api.querybuscas.com/pages/oauth,,2889,429,17,3,2,text/plain; charset=UTF-8,306.311673ms,,f54fab49
oauth/authorize,https://api.querybuscas.com/pages/oauth/authorize,,2890,429,17,3,2,text/plain; charset=UTF-8,306.566592ms,,f54fab4a
oauth/device/code,https://api.querybuscas.com/pages/oauth/device/code,,2891,429,17,3,2,text/plain; charset=UTF-8,330.952646ms,,f54fab4b
oauth/revoke,https://api.querybuscas.com/pages/oauth/revoke,,2892,429,17,3,2,text/plain; charset=UTF-8,421.862952ms,,f54fab4c
oauth/token/info,https://api.querybuscas.com/pages/oauth/token/info,,2894,429,17,3,2,text/plain; charset=UTF-8,474.248694ms,,f54fab4e
oauth/token,https://api.querybuscas.com/pages/oauth/token,,2893,429,17,3,2,text/plain; charset=UTF-8,474.611163ms,,f54fab4d
obdc,https://api.querybuscas.com/pages/obdc,,2895,429,17,3,2,text/plain; charset=UTF-8,451.390026ms,,f54fab4f
obj,https://api.querybuscas.com/pages/obj,,2896,429,17,3,2,text/plain; charset=UTF-8,423.744006ms,,f54fab50
objects,https://api.querybuscas.com/pages/objects,,2898,429,17,3,2,text/plain; charset=UTF-8,275.926539ms,,f54fab52
object,https://api.querybuscas.com/pages/object,,2897,429,17,3,2,text/plain; charset=UTF-8,276.209265ms,,f54fab51
obsolete,https://api.querybuscas.com/pages/obsolete,,2899,429,17,3,2,text/plain; charset=UTF-8,336.254811ms,,f54fab53
ode,https://api.querybuscas.com/pages/ode,,2902,429,17,3,2,text/plain; charset=UTF-8,267.751837ms,,f54fab56
obsoleted,https://api.querybuscas.com/pages/obsoleted,,2900,429,17,3,2,text/plain; charset=UTF-8,275.032783ms,,f54fab54
odbc,https://api.querybuscas.com/pages/odbc,,2901,429,17,3,2,text/plain; charset=UTF-8,268.249196ms,,f54fab55
oem,https://api.querybuscas.com/pages/oem,,2903,429,17,3,2,text/plain; charset=UTF-8,398.414667ms,,f54fab57
off,https://api.querybuscas.com/pages/off,,2906,429,17,3,2,text/plain; charset=UTF-8,231.341009ms,,f54fab5a
of,https://api.querybuscas.com/pages/of,,2904,429,17,3,2,text/plain; charset=UTF-8,231.718497ms,,f54fab58
ofbiz,https://api.querybuscas.com/pages/ofbiz,,2905,429,17,3,2,text/plain; charset=UTF-8,231.372762ms,,f54fab59
offer,https://api.querybuscas.com/pages/offer,,2907,429,17,3,2,text/plain; charset=UTF-8,225.891202ms,,f54fab5b
offerdetail,https://api.querybuscas.com/pages/offerdetail,,2908,429,17,3,2,text/plain; charset=UTF-8,221.059386ms,,f54fab5c
office,https://api.querybuscas.com/pages/office,,2910,429,17,3,2,text/plain; charset=UTF-8,226.079307ms,,f54fab5e
offers,https://api.querybuscas.com/pages/offers,,2909,429,17,3,2,text/plain; charset=UTF-8,277.468623ms,,f54fab5d
offices,https://api.querybuscas.com/pages/offices,,2911,429,17,3,2,text/plain; charset=UTF-8,285.788179ms,,f54fab5f
offline,https://api.querybuscas.com/pages/offline,,2912,429,17,3,2,text/plain; charset=UTF-8,272.111007ms,,f54fab60
ogl,https://api.querybuscas.com/pages/ogl,,2913,429,17,3,2,text/plain; charset=UTF-8,275.11974ms,,f54fab61
oidc/register,https://api.querybuscas.com/pages/oidc/register,,2914,429,17,3,2,text/plain; charset=UTF-8,302.563247ms,,f54fab62
old-site,https://api.querybuscas.com/pages/old-site,,2916,429,17,3,2,text/plain; charset=UTF-8,312.93433ms,,f54fab64
old,https://api.querybuscas.com/pages/old,,2915,429,17,3,2,text/plain; charset=UTF-8,313.106235ms,,f54fab63
old_site,https://api.querybuscas.com/pages/old_site,,2917,429,17,3,2,text/plain; charset=UTF-8,370.282124ms,,f54fab65
oldie,https://api.querybuscas.com/pages/oldie,,2918,429,17,3,2,text/plain; charset=UTF-8,730.331034ms,,f54fab66
omited,https://api.querybuscas.com/pages/omited,,2920,429,17,3,2,text/plain; charset=UTF-8,625.426042ms,,f54fab68
oldsite,https://api.querybuscas.com/pages/oldsite,,2919,429,17,3,2,text/plain; charset=UTF-8,625.758078ms,,f54fab67
on,https://api.querybuscas.com/pages/on,,2921,429,17,3,2,text/plain; charset=UTF-8,609.350303ms,,f54fab69
onbound,https://api.querybuscas.com/pages/onbound,,2922,429,17,3,2,text/plain; charset=UTF-8,357.640715ms,,f54fab6a
online,https://api.querybuscas.com/pages/online,,2923,429,17,3,2,text/plain; charset=UTF-8,274.268252ms,,f54fab6b
onsite,https://api.querybuscas.com/pages/onsite,,2924,429,17,3,2,text/plain; charset=UTF-8,278.775619ms,,f54fab6c
op,https://api.querybuscas.com/pages/op,,2925,429,17,3,2,text/plain; charset=UTF-8,247.819709ms,,f54fab6d
open,https://api.querybuscas.com/pages/open,,2926,429,17,3,2,text/plain; charset=UTF-8,241.946653ms,,f54fab6e
open-account,https://api.querybuscas.com/pages/open-account,,2927,429,17,3,2,text/plain; charset=UTF-8,259.718791ms,,f54fab6f
openads,https://api.querybuscas.com/pages/openads,,2928,429,17,3,2,text/plain; charset=UTF-8,257.159173ms,,f54fab70
openapp,https://api.querybuscas.com/pages/openapp,,2929,429,17,3,2,text/plain; charset=UTF-8,340.479961ms,,f54fab71
openbsd,https://api.querybuscas.com/pages/openbsd,,2930,429,17,3,2,text/plain; charset=UTF-8,284.978402ms,,f54fab72
opencart,https://api.querybuscas.com/pages/opencart,,2931,429,17,3,2,text/plain; charset=UTF-8,270.606423ms,,f54fab73
opendir,https://api.querybuscas.com/pages/opendir,,2932,429,17,3,2,text/plain; charset=UTF-8,272.698131ms,,f54fab74
openejb,https://api.querybuscas.com/pages/openejb,,2933,429,17,3,2,text/plain; charset=UTF-8,332.819472ms,,f54fab75
openjpa,https://api.querybuscas.com/pages/openjpa,,2935,429,17,3,2,text/plain; charset=UTF-8,240.318534ms,,f54fab77
openfile,https://api.querybuscas.com/pages/openfile,,2934,429,17,3,2,text/plain; charset=UTF-8,280.793545ms,,f54fab76
opensource,https://api.querybuscas.com/pages/opensource,,2937,404,2254,107,20,text/html; charset=UTF-8,573.536006ms,,f54fab79
opensearch,https://api.querybuscas.com/pages/opensearch,,2936,404,2254,107,20,text/html; charset=UTF-8,763.28838ms,,f54fab78
openx,https://api.querybuscas.com/pages/openx,,2939,404,2254,107,20,text/html; charset=UTF-8,611.635137ms,,f54fab7b
openvpnadmin,https://api.querybuscas.com/pages/openvpnadmin,,2938,404,2254,107,20,text/html; charset=UTF-8,677.829962ms,,f54fab7a
opera,https://api.querybuscas.com/pages/opera,,2940,404,2254,107,20,text/html; charset=UTF-8,561.816742ms,,f54fab7c
operations,https://api.querybuscas.com/pages/operations,,2941,404,2254,107,20,text/html; charset=UTF-8,653.014112ms,,f54fab7d
operator,https://api.querybuscas.com/pages/operator,,2942,404,2254,107,20,text/html; charset=UTF-8,616.761964ms,,f54fab7e
opinion,https://api.querybuscas.com/pages/opinion,,2943,404,2254,107,20,text/html; charset=UTF-8,599.996671ms,,f54fab7f
opinions,https://api.querybuscas.com/pages/opinions,,2944,404,2254,107,20,text/html; charset=UTF-8,558.564927ms,,f54fab80
opml,https://api.querybuscas.com/pages/opml,,2945,404,2254,107,20,text/html; charset=UTF-8,546.64296ms,,f54fab81
oprocmgr-status,https://api.querybuscas.com/pages/oprocmgr-status,,2946,404,2254,107,20,text/html; charset=UTF-8,601.681474ms,,f54fab82
opros,https://api.querybuscas.com/pages/opros,,2947,404,2254,107,20,text/html; charset=UTF-8,627.750637ms,,f54fab83
opt,https://api.querybuscas.com/pages/opt,,2948,404,2254,107,20,text/html; charset=UTF-8,595.860874ms,,f54fab84
option,https://api.querybuscas.com/pages/option,,2949,404,2254,107,20,text/html; charset=UTF-8,585.508991ms,,f54fab85
options,https://api.querybuscas.com/pages/options,,2950,404,2254,107,20,text/html; charset=UTF-8,588.835044ms,,f54fab86
ora,https://api.querybuscas.com/pages/ora,,2951,404,2254,107,20,text/html; charset=UTF-8,532.316727ms,,f54fab87
oracle,https://api.querybuscas.com/pages/oracle,,2952,404,2254,107,20,text/html; charset=UTF-8,543.503522ms,,f54fab88
oradata,https://api.querybuscas.com/pages/oradata,,2953,404,2254,107,20,text/html; charset=UTF-8,553.744649ms,,f54fab89
order-detail,https://api.querybuscas.com/pages/order-detail,,2955,404,2254,107,20,text/html; charset=UTF-8,547.43197ms,,f54fab8b
order,https://api.querybuscas.com/pages/order,,2954,404,2254,107,20,text/html; charset=UTF-8,565.989565ms,,f54fab8a
order-follow,https://api.querybuscas.com/pages/order-follow,,2956,404,2254,107,20,text/html; charset=UTF-8,583.100411ms,,f54fab8c
order-history,https://api.querybuscas.com/pages/order-history,,2957,404,2254,107,20,text/html; charset=UTF-8,565.763837ms,,f54fab8d
order-return,https://api.querybuscas.com/pages/order-return,,2959,404,2254,107,20,text/html; charset=UTF-8,542.824107ms,,f54fab8f
order-opc,https://api.querybuscas.com/pages/order-opc,,2958,404,2254,107,20,text/html; charset=UTF-8,549.510202ms,,f54fab8e
order-slip,https://api.querybuscas.com/pages/order-slip,,2960,404,2254,107,20,text/html; charset=UTF-8,510.183714ms,,f54fab90
order_history,https://api.querybuscas.com/pages/order_history,,2961,404,2254,107,20,text/html; charset=UTF-8,591.37553ms,,f54fab91
order_status,https://api.querybuscas.com/pages/order_status,,2962,404,2254,107,20,text/html; charset=UTF-8,525.047245ms,,f54fab92
orderdownloads,https://api.querybuscas.com/pages/orderdownloads,,2963,404,2254,107,20,text/html; charset=UTF-8,558.836711ms,,f54fab93
ordered,https://api.querybuscas.com/pages/ordered,,2964,404,2254,107,20,text/html; charset=UTF-8,661.594422ms,,f54fab94
orderfinished,https://api.querybuscas.com/pages/orderfinished,,2965,404,2254,107,20,text/html; charset=UTF-8,592.672816ms,,f54fab95
orders,https://api.querybuscas.com/pages/orders,,2966,404,2254,107,20,text/html; charset=UTF-8,674.553146ms,,f54fab96
orderstatus,https://api.querybuscas.com/pages/orderstatus,,2967,404,2254,107,20,text/html; charset=UTF-8,642.216471ms,,f54fab97
ordertotal,https://api.querybuscas.com/pages/ordertotal,,2968,404,2254,107,20,text/html; charset=UTF-8,581.704703ms,,f54fab98
org,https://api.querybuscas.com/pages/org,,2969,404,2254,107,20,text/html; charset=UTF-8,581.88365ms,,f54fab99
organisation,https://api.querybuscas.com/pages/organisation,,2970,404,2254,107,20,text/html; charset=UTF-8,510.176639ms,,f54fab9a
organisations,https://api.querybuscas.com/pages/organisations,,2971,404,2254,107,20,text/html; charset=UTF-8,673.176177ms,,f54fab9b
organizations,https://api.querybuscas.com/pages/organizations,,2972,404,2254,107,20,text/html; charset=UTF-8,596.523767ms,,f54fab9c
orig,https://api.querybuscas.com/pages/orig,,2973,404,2254,107,20,text/html; charset=UTF-8,544.695513ms,,f54fab9d
original,https://api.querybuscas.com/pages/original,,2974,404,2254,107,20,text/html; charset=UTF-8,524.276291ms,,f54fab9e
os,https://api.querybuscas.com/pages/os,,2975,404,2254,107,20,text/html; charset=UTF-8,672.396564ms,,f54fab9f
oscommerce,https://api.querybuscas.com/pages/oscommerce,,2977,404,2254,107,20,text/html; charset=UTF-8,538.210098ms,,f54faba1
osc,https://api.querybuscas.com/pages/osc,,2976,404,2254,107,20,text/html; charset=UTF-8,609.902351ms,,f54faba0
other,https://api.querybuscas.com/pages/other,,2978,404,2254,107,20,text/html; charset=UTF-8,559.82747ms,,f54faba2
others,https://api.querybuscas.com/pages/others,,2979,404,2254,107,20,text/html; charset=UTF-8,515.800303ms,,f54faba3
otrs,https://api.querybuscas.com/pages/otrs,,2980,404,2254,107,20,text/html; charset=UTF-8,561.099649ms,,f54faba4
out,https://api.querybuscas.com/pages/out,,2981,404,2254,107,20,text/html; charset=UTF-8,581.741259ms,,f54faba5
outcome,https://api.querybuscas.com/pages/outcome,,2982,404,2254,107,20,text/html; charset=UTF-8,663.218091ms,,f54faba6
outgoing,https://api.querybuscas.com/pages/outgoing,,2983,404,2254,107,20,text/html; charset=UTF-8,522.248587ms,,f54faba7
outline,https://api.querybuscas.com/pages/outline,,2985,404,2254,107,20,text/html; charset=UTF-8,540.846201ms,,f54faba9
outils,https://api.querybuscas.com/pages/outils,,2984,404,2254,107,20,text/html; charset=UTF-8,663.799831ms,,f54faba8
output,https://api.querybuscas.com/pages/output,,2986,404,2254,107,20,text/html; charset=UTF-8,562.222008ms,,f54fabaa
outreach,https://api.querybuscas.com/pages/outreach,,2987,404,2254,107,20,text/html; charset=UTF-8,661.846636ms,,f54fabab
oversikt,https://api.querybuscas.com/pages/oversikt,,2988,404,2254,107,20,text/html; charset=UTF-8,546.553041ms,,f54fabac
overview,https://api.querybuscas.com/pages/overview,,2989,404,2254,107,20,text/html; charset=UTF-8,611.053594ms,,f54fabad
owa,https://api.querybuscas.com/pages/owa,,2990,404,2254,107,20,text/html; charset=UTF-8,599.318874ms,,f54fabae
owl,https://api.querybuscas.com/pages/owl,,2991,404,2254,107,20,text/html; charset=UTF-8,565.32966ms,,f54fabaf
owncloud,https://api.querybuscas.com/pages/owncloud,,2992,404,2254,107,20,text/html; charset=UTF-8,528.122755ms,,f54fabb0
owners,https://api.querybuscas.com/pages/owners,,2993,404,2254,107,20,text/html; charset=UTF-8,577.469376ms,,f54fabb1
ows,https://api.querybuscas.com/pages/ows,,2994,404,2254,107,20,text/html; charset=UTF-8,674.68803ms,,f54fabb2
ows-bin,https://api.querybuscas.com/pages/ows-bin,,2995,404,2254,107,20,text/html; charset=UTF-8,567.139134ms,,f54fabb3
p2p,https://api.querybuscas.com/pages/p2p,,2997,429,17,3,2,text/plain; charset=UTF-8,299.17398ms,,f54fabb5
p7pm,https://api.querybuscas.com/pages/p7pm,,2998,429,17,3,2,text/plain; charset=UTF-8,236.21211ms,,f54fabb6
p,https://api.querybuscas.com/pages/p,,2996,404,2254,107,20,text/html; charset=UTF-8,576.293352ms,,f54fabb4
pa,https://api.querybuscas.com/pages/pa,,2999,429,17,3,2,text/plain; charset=UTF-8,323.808456ms,,f54fabb7
pack,https://api.querybuscas.com/pages/pack,,3000,429,17,3,2,text/plain; charset=UTF-8,320.883255ms,,f54fabb8
package.json,https://api.querybuscas.com/pages/package.json,,3002,429,17,3,2,text/plain; charset=UTF-8,245.932903ms,,f54fabba
package,https://api.querybuscas.com/pages/package,,3001,429,17,3,2,text/plain; charset=UTF-8,263.487942ms,,f54fabb9
package-lock.json,https://api.querybuscas.com/pages/package-lock.json,,3003,429,17,3,2,text/plain; charset=UTF-8,306.064891ms,,f54fabbb
packaged,https://api.querybuscas.com/pages/packaged,,3004,429,17,3,2,text/plain; charset=UTF-8,247.343021ms,,f54fabbc
packaging,https://api.querybuscas.com/pages/packaging,,3006,429,17,3,2,text/plain; charset=UTF-8,244.376151ms,,f54fabbe
packages,https://api.querybuscas.com/pages/packages,,3005,429,17,3,2,text/plain; charset=UTF-8,244.389693ms,,f54fabbd
packed,https://api.querybuscas.com/pages/packed,,3007,429,17,3,2,text/plain; charset=UTF-8,268.963431ms,,f54fabbf
pad,https://api.querybuscas.com/pages/pad,,3008,429,17,3,2,text/plain; charset=UTF-8,252.411623ms,,f54fabc0
page,https://api.querybuscas.com/pages/page,,3009,429,17,3,2,text/plain; charset=UTF-8,425.630997ms,,f54fabc1
page-not-found,https://api.querybuscas.com/pages/page-not-found,,3010,429,17,3,2,text/plain; charset=UTF-8,425.841425ms,,f54fabc2
page1,https://api.querybuscas.com/pages/page1,,3011,429,17,3,2,text/plain; charset=UTF-8,237.23068ms,,f54fabc3
page2,https://api.querybuscas.com/pages/page2,,3012,429,17,3,2,text/plain; charset=UTF-8,276.522596ms,,f54fabc4
page_2,https://api.querybuscas.com/pages/page_2,,3014,429,17,3,2,text/plain; charset=UTF-8,258.861214ms,,f54fabc6
page_1,https://api.querybuscas.com/pages/page_1,,3013,429,17,3,2,text/plain; charset=UTF-8,259.013536ms,,f54fabc5
pageid,https://api.querybuscas.com/pages/pageid,,3016,429,17,3,2,text/plain; charset=UTF-8,341.199366ms,,f54fabc8
page_sample1,https://api.querybuscas.com/pages/page_sample1,,3015,429,17,3,2,text/plain; charset=UTF-8,422.290675ms,,f54fabc7
pager,https://api.querybuscas.com/pages/pager,,3018,429,17,3,2,text/plain; charset=UTF-8,295.115127ms,,f54fabca
pagenotfound,https://api.querybuscas.com/pages/pagenotfound,,3017,429,17,3,2,text/plain; charset=UTF-8,295.294919ms,,f54fabc9
pagination,https://api.querybuscas.com/pages/pagination,,3020,429,17,3,2,text/plain; charset=UTF-8,632.095453ms,,f54fabcc
pages,https://api.querybuscas.com/pages/pages,,3019,429,17,3,2,text/plain; charset=UTF-8,674.713768ms,,f54fabcb
paiement,https://api.querybuscas.com/pages/paiement,,3022,429,17,3,2,text/plain; charset=UTF-8,715.876806ms,,f54fabce
paid,https://api.querybuscas.com/pages/paid,,3021,429,17,3,2,text/plain; charset=UTF-8,755.878801ms,,f54fabcd
panel,https://api.querybuscas.com/pages/panel,,3024,429,17,3,2,text/plain; charset=UTF-8,392.818088ms,,f54fabd0
pam,https://api.querybuscas.com/pages/pam,,3023,429,17,3,2,text/plain; charset=UTF-8,393.709122ms,,f54fabcf
panelc,https://api.querybuscas.com/pages/panelc,,3025,429,17,3,2,text/plain; charset=UTF-8,307.918562ms,,f54fabd1
paper,https://api.querybuscas.com/pages/paper,,3026,429,17,3,2,text/plain; charset=UTF-8,430.650197ms,,f54fabd2
parse,https://api.querybuscas.com/pages/parse,,3028,429,17,3,2,text/plain; charset=UTF-8,313.527016ms,,f54fabd4
papers,https://api.querybuscas.com/pages/papers,,3027,429,17,3,2,text/plain; charset=UTF-8,313.952259ms,,f54fabd3
par,https://api.querybuscas.com/pages/par,,3029,429,17,3,2,text/plain; charset=UTF-8,281.774578ms,,f54fabd5
part,https://api.querybuscas.com/pages/part,,3030,429,17,3,2,text/plain; charset=UTF-8,267.842116ms,,f54fabd6
partner,https://api.querybuscas.com/pages/partner,,3032,429,17,3,2,text/plain; charset=UTF-8,286.426887ms,,f54fabd8
partenaires,https://api.querybuscas.com/pages/partenaires,,3031,429,17,3,2,text/plain; charset=UTF-8,292.434343ms,,f54fabd7
partners,https://api.querybuscas.com/pages/partners,,3033,429,17,3,2,text/plain; charset=UTF-8,359.133845ms,,f54fabd9
parts,https://api.querybuscas.com/pages/parts,,3034,429,17,3,2,text/plain; charset=UTF-8,335.029703ms,,f54fabda
party,https://api.querybuscas.com/pages/party,,3035,429,17,3,2,text/plain; charset=UTF-8,261.721042ms,,f54fabdb
pass,https://api.querybuscas.com/pages/pass,,3036,429,17,3,2,text/plain; charset=UTF-8,271.124086ms,,f54fabdc
passes,https://api.querybuscas.com/pages/passes,,3037,429,17,3,2,text/plain; charset=UTF-8,307.856613ms,,f54fabdd
passive,https://api.querybuscas.com/pages/passive,,3038,429,17,3,2,text/plain; charset=UTF-8,261.165501ms,,f54fabde
passport,https://api.querybuscas.com/pages/passport,,3039,429,17,3,2,text/plain; charset=UTF-8,263.508871ms,,f54fabdf
passw,https://api.querybuscas.com/pages/passw,,3040,429,17,3,2,text/plain; charset=UTF-8,331.618298ms,,f54fabe0
passwd,https://api.querybuscas.com/pages/passwd,,3041,429,17,3,2,text/plain; charset=UTF-8,333.330485ms,,f54fabe1
password,https://api.querybuscas.com/pages/password,,3043,429,17,3,2,text/plain; charset=UTF-8,244.874465ms,,f54fabe3
passwor,https://api.querybuscas.com/pages/passwor,,3042,429,17,3,2,text/plain; charset=UTF-8,274.634296ms,,f54fabe2
passwords,https://api.querybuscas.com/pages/passwords,,3044,429,17,3,2,text/plain; charset=UTF-8,277.529914ms,,f54fabe4
past,https://api.querybuscas.com/pages/past,,3045,429,17,3,2,text/plain; charset=UTF-8,257.686403ms,,f54fabe5
patch,https://api.querybuscas.com/pages/patch,,3046,429,17,3,2,text/plain; charset=UTF-8,242.017153ms,,f54fabe6
patches,https://api.querybuscas.com/pages/patches,,3047,429,17,3,2,text/plain; charset=UTF-8,242.154911ms,,f54fabe7
patents,https://api.querybuscas.com/pages/patents,,3048,429,17,3,2,text/plain; charset=UTF-8,373.252479ms,,f54fabe8
path,https://api.querybuscas.com/pages/path,,3049,429,17,3,2,text/plain; charset=UTF-8,353.614369ms,,f54fabe9
pay,https://api.querybuscas.com/pages/pay,,3050,429,17,3,2,text/plain; charset=UTF-8,360.371136ms,,f54fabea
payment,https://api.querybuscas.com/pages/payment,,3051,429,17,3,2,text/plain; charset=UTF-8,370.791381ms,,f54fabeb
payment_gateway,https://api.querybuscas.com/pages/payment_gateway,,3052,429,17,3,2,text/plain; charset=UTF-8,293.66608ms,,f54fabec
paypal,https://api.querybuscas.com/pages/paypal,,3054,429,17,3,2,text/plain; charset=UTF-8,255.773192ms,,f54fabee
payments,https://api.querybuscas.com/pages/payments,,3053,429,17,3,2,text/plain; charset=UTF-8,266.163318ms,,f54fabed
paypal_notify,https://api.querybuscas.com/pages/paypal_notify,,3055,429,17,3,2,text/plain; charset=UTF-8,285.591926ms,,f54fabef
paypalcancel,https://api.querybuscas.com/pages/paypalcancel,,3056,429,17,3,2,text/plain; charset=UTF-8,245.647869ms,,f54fabf0
pbc_download,https://api.querybuscas.com/pages/pbc_download,,3058,429,17,3,2,text/plain; charset=UTF-8,235.47677ms,,f54fabf2
paypalok,https://api.querybuscas.com/pages/paypalok,,3057,429,17,3,2,text/plain; charset=UTF-8,240.811631ms,,f54fabf1
pbcs,https://api.querybuscas.com/pages/pbcs,,3059,429,17,3,2,text/plain; charset=UTF-8,315.812321ms,,f54fabf3
pbcsad,https://api.querybuscas.com/pages/pbcsad,,3060,429,17,3,2,text/plain; charset=UTF-8,331.445416ms,,f54fabf4
pbo,https://api.querybuscas.com/pages/pbo,,3062,429,17,3,2,text/plain; charset=UTF-8,348.312027ms,,f54fabf6
pc,https://api.querybuscas.com/pages/pc,,3063,429,17,3,2,text/plain; charset=UTF-8,300.654416ms,,f54fabf7
pci,https://api.querybuscas.com/pages/pci,,3064,429,17,3,2,text/plain; charset=UTF-8,247.728621ms,,f54fabf8
pconf,https://api.querybuscas.com/pages/pconf,,3065,429,17,3,2,text/plain; charset=UTF-8,286.025545ms,,f54fabf9
pda,https://api.querybuscas.com/pages/pda,,3067,429,17,3,2,text/plain; charset=UTF-8,228.508665ms,,f54fabfb
pd,https://api.querybuscas.com/pages/pd,,3066,429,17,3,2,text/plain; charset=UTF-8,296.279677ms,,f54fabfa
pdf,https://api.querybuscas.com/pages/pdf,,3068,429,17,3,2,text/plain; charset=UTF-8,329.682073ms,,f54fabfc
pdf-invoice,https://api.querybuscas.com/pages/pdf-invoice,,3069,429,17,3,2,text/plain; charset=UTF-8,248.282856ms,,f54fabfd
pdf-order-slip,https://api.querybuscas.com/pages/pdf-order-slip,,3070,429,17,3,2,text/plain; charset=UTF-8,240.733534ms,,f54fabfe
pdfs,https://api.querybuscas.com/pages/pdfs,,3071,429,17,3,2,text/plain; charset=UTF-8,240.734243ms,,f54fabff
pear,https://api.querybuscas.com/pages/pear,,3072,429,17,3,2,text/plain; charset=UTF-8,269.925191ms,,f54fac00
peek,https://api.querybuscas.com/pages/peek,,3073,429,17,3,2,text/plain; charset=UTF-8,309.865538ms,,f54fac01
peel,https://api.querybuscas.com/pages/peel,,3074,429,17,3,2,text/plain; charset=UTF-8,307.42416ms,,f54fac02
pem,https://api.querybuscas.com/pages/pem,,3075,429,17,3,2,text/plain; charset=UTF-8,307.320124ms,,f54fac03
pending,https://api.querybuscas.com/pages/pending,,3076,429,17,3,2,text/plain; charset=UTF-8,387.39517ms,,f54fac04
people,https://api.querybuscas.com/pages/people,,3077,429,17,3,2,text/plain; charset=UTF-8,376.628461ms,,f54fac05
performance,https://api.querybuscas.com/pages/performance,,3079,429,17,3,2,text/plain; charset=UTF-8,444.229996ms,,f54fac07
perf,https://api.querybuscas.com/pages/perf,,3078,429,17,3,2,text/plain; charset=UTF-8,444.258184ms,,f54fac06
perl,https://api.querybuscas.com/pages/perl,,3080,429,17,3,2,text/plain; charset=UTF-8,348.899209ms,,f54fac08
perl5,https://api.querybuscas.com/pages/perl5,,3081,429,17,3,2,text/plain; charset=UTF-8,285.172256ms,,f54fac09
personal,https://api.querybuscas.com/pages/personal,,3083,429,17,3,2,text/plain; charset=UTF-8,308.680656ms,,f54fac0b
person,https://api.querybuscas.com/pages/person,,3082,429,17,3,2,text/plain; charset=UTF-8,313.64523ms,,f54fac0a
personals,https://api.querybuscas.com/pages/personals,,3084,429,17,3,2,text/plain; charset=UTF-8,237.218654ms,,f54fac0c
pfx,https://api.querybuscas.com/pages/pfx,,3085,429,17,3,2,text/plain; charset=UTF-8,266.151485ms,,f54fac0d
pg,https://api.querybuscas.com/pages/pg,,3086,429,17,3,2,text/plain; charset=UTF-8,268.914289ms,,f54fac0e
pgadmin,https://api.querybuscas.com/pages/pgadmin,,3087,429,17,3,2,text/plain; charset=UTF-8,382.662594ms,,f54fac0f
pgsql,https://api.querybuscas.com/pages/pgsql,,3089,429,17,3,2,text/plain; charset=UTF-8,243.963097ms,,f54fac11
pgp,https://api.querybuscas.com/pages/pgp,,3088,429,17,3,2,text/plain; charset=UTF-8,289.687122ms,,f54fac10
phf,https://api.querybuscas.com/pages/phf,,3090,429,17,3,2,text/plain; charset=UTF-8,224.138327ms,,f54fac12
phishing,https://api.querybuscas.com/pages/phishing,,3091,429,17,3,2,text/plain; charset=UTF-8,227.703942ms,,f54fac13
phones,https://api.querybuscas.com/pages/phones,,3093,429,17,3,2,text/plain; charset=UTF-8,360.878133ms,,f54fac15
phone,https://api.querybuscas.com/pages/phone,,3092,429,17,3,2,text/plain; charset=UTF-8,367.983784ms,,f54fac14
phorum,https://api.querybuscas.com/pages/phorum,,3094,429,17,3,2,text/plain; charset=UTF-8,407.12379ms,,f54fac16
photo,https://api.querybuscas.com/pages/photo,,3095,429,17,3,2,text/plain; charset=UTF-8,322.34644ms,,f54fac17
photogallery,https://api.querybuscas.com/pages/photogallery,,3097,429,17,3,2,text/plain; charset=UTF-8,320.544506ms,,f54fac19
photodetails,https://api.querybuscas.com/pages/photodetails,,3096,429,17,3,2,text/plain; charset=UTF-8,328.346871ms,,f54fac18
photography,https://api.querybuscas.com/pages/photography,,3098,429,17,3,2,text/plain; charset=UTF-8,262.458276ms,,f54fac1a
photos,https://api.querybuscas.com/pages/photos,,3099,429,17,3,2,text/plain; charset=UTF-8,362.289003ms,,f54fac1b
php,https://api.querybuscas.com/pages/php,,3100,429,17,3,2,text/plain; charset=UTF-8,278.137494ms,,f54fac1c
php-bin,https://api.querybuscas.com/pages/php-bin,,3101,429,17,3,2,text/plain; charset=UTF-8,293.388051ms,,f54fac1d
php-cgi,https://api.querybuscas.com/pages/php-cgi,,3102,429,17,3,2,text/plain; charset=UTF-8,366.907305ms,,f54fac1e
php.ini,https://api.querybuscas.com/pages/php.ini,,3103,429,17,3,2,text/plain; charset=UTF-8,306.454085ms,,f54fac1f
php3,https://api.querybuscas.com/pages/php3,,3105,429,17,3,2,text/plain; charset=UTF-8,246.676104ms,,f54fac21
php168,https://api.querybuscas.com/pages/php168,,3104,429,17,3,2,text/plain; charset=UTF-8,269.68059ms,,f54fac20
phpBB,https://api.querybuscas.com/pages/phpBB,,3106,429,17,3,2,text/plain; charset=UTF-8,283.863308ms,,f54fac22
phpBB2,https://api.querybuscas.com/pages/phpBB2,,3107,429,17,3,2,text/plain; charset=UTF-8,309.001245ms,,f54fac23
phpEventCalendar,https://api.querybuscas.com/pages/phpEventCalendar,,3109,429,17,3,2,text/plain; charset=UTF-8,329.424879ms,,f54fac25
phpBB3,https://api.querybuscas.com/pages/phpBB3,,3108,429,17,3,2,text/plain; charset=UTF-8,391.988359ms,,f54fac24
phpMyAdmin,https://api.querybuscas.com/pages/phpMyAdmin,,3110,429,17,3,2,text/plain; charset=UTF-8,275.680609ms,,f54fac26
phpMyAdmin2,https://api.querybuscas.com/pages/phpMyAdmin2,,3111,429,17,3,2,text/plain; charset=UTF-8,295.005662ms,,f54fac27
phpSQLiteAdmin,https://api.querybuscas.com/pages/phpSQLiteAdmin,,3112,429,17,3,2,text/plain; charset=UTF-8,338.270333ms,,f54fac28
phpadmin,https://api.querybuscas.com/pages/phpadmin,,3114,429,17,3,2,text/plain; charset=UTF-8,358.067195ms,,f54fac2a
php_uploads,https://api.querybuscas.com/pages/php_uploads,,3113,429,17,3,2,text/plain; charset=UTF-8,400.278782ms,,f54fac29
phpads,https://api.querybuscas.com/pages/phpads,,3115,429,17,3,2,text/plain; charset=UTF-8,357.092702ms,,f54fac2b
phpadsnew,https://api.querybuscas.com/pages/phpadsnew,,3116,429,17,3,2,text/plain; charset=UTF-8,274.62498ms,,f54fac2c
phpbb2,https://api.querybuscas.com/pages/phpbb2,,3118,429,17,3,2,text/plain; charset=UTF-8,373.897603ms,,f54fac2e
phpbb,https://api.querybuscas.com/pages/phpbb,,3117,429,17,3,2,text/plain; charset=UTF-8,373.864646ms,,f54fac2d
phpbb3,https://api.querybuscas.com/pages/phpbb3,,3119,429,17,3,2,text/plain; charset=UTF-8,272.113334ms,,f54fac2f
phpinfo,https://api.querybuscas.com/pages/phpinfo,,3120,429,17,3,2,text/plain; charset=UTF-8,332.969857ms,,f54fac30
phpinfo.php,https://api.querybuscas.com/pages/phpinfo.php,,3121,429,17,3,2,text/plain; charset=UTF-8,240.610128ms,,f54fac31
phpinfos.php,https://api.querybuscas.com/pages/phpinfos.php,,3122,429,17,3,2,text/plain; charset=UTF-8,240.610145ms,,f54fac32
phplist,https://api.querybuscas.com/pages/phplist,,3124,404,2254,107,20,text/html; charset=UTF-8,507.043369ms,,f54fac34
phpldapadmin,https://api.querybuscas.com/pages/phpldapadmin,,3123,404,2254,107,20,text/html; charset=UTF-8,685.041945ms,,f54fac33
phpmailer,https://api.querybuscas.com/pages/phpmailer,,3126,404,2254,107,20,text/html; charset=UTF-8,521.960313ms,,f54fac36
phplive,https://api.querybuscas.com/pages/phplive,,3125,404,2254,107,20,text/html; charset=UTF-8,571.317354ms,,f54fac35
phpmanual,https://api.querybuscas.com/pages/phpmanual,,3127,404,2254,107,20,text/html; charset=UTF-8,629.513785ms,,f54fac37
phpmv2,https://api.querybuscas.com/pages/phpmv2,,3128,404,2254,107,20,text/html; charset=UTF-8,589.938755ms,,f54fac38
phpmyadmin,https://api.querybuscas.com/pages/phpmyadmin,,3129,404,2254,107,20,text/html; charset=UTF-8,613.033146ms,,f54fac39
phpmyadmin2,https://api.querybuscas.com/pages/phpmyadmin2,,3130,404,2254,107,20,text/html; charset=UTF-8,575.937073ms,,f54fac3a
phpnuke,https://api.querybuscas.com/pages/phpnuke,,3131,404,2254,107,20,text/html; charset=UTF-8,609.679519ms,,f54fac3b
phppgadmin,https://api.querybuscas.com/pages/phppgadmin,,3132,404,2254,107,20,text/html; charset=UTF-8,589.15306ms,,f54fac3c
phps,https://api.querybuscas.com/pages/phps,,3133,404,2254,107,20,text/html; charset=UTF-8,525.281313ms,,f54fac3d
phpsitemapng,https://api.querybuscas.com/pages/phpsitemapng,,3134,404,2254,107,20,text/html; charset=UTF-8,655.592938ms,,f54fac3e
phtml,https://api.querybuscas.com/pages/phtml,,3136,404,2254,107,20,text/html; charset=UTF-8,583.892909ms,,f54fac40
phpthumb,https://api.querybuscas.com/pages/phpthumb,,3135,404,2254,107,20,text/html; charset=UTF-8,630.720464ms,,f54fac3f
pic,https://api.querybuscas.com/pages/pic,,3137,404,2254,107,20,text/html; charset=UTF-8,639.564206ms,,f54fac41
pics,https://api.querybuscas.com/pages/pics,,3138,404,2254,107,20,text/html; charset=UTF-8,602.971052ms,,f54fac42
picts,https://api.querybuscas.com/pages/picts,,3139,404,2254,107,20,text/html; charset=UTF-8,528.534908ms,,f54fac43
picture,https://api.querybuscas.com/pages/picture,,3140,404,2254,107,20,text/html; charset=UTF-8,574.30398ms,,f54fac44
picture_library,https://api.querybuscas.com/pages/picture_library,,3141,404,2254,107,20,text/html; charset=UTF-8,548.850551ms,,f54fac45
picturecomment,https://api.querybuscas.com/pages/picturecomment,,3142,404,2254,107,20,text/html; charset=UTF-8,591.673494ms,,f54fac46
pictures,https://api.querybuscas.com/pages/pictures,,3143,404,2254,107,20,text/html; charset=UTF-8,600.58775ms,,f54fac47
ping,https://api.querybuscas.com/pages/ping,,3145,404,2254,107,20,text/html; charset=UTF-8,561.607212ms,,f54fac49
pii,https://api.querybuscas.com/pages/pii,,3144,404,2254,107,20,text/html; charset=UTF-8,615.605321ms,,f54fac48
pingback,https://api.querybuscas.com/pages/pingback,,3146,404,2254,107,20,text/html; charset=UTF-8,716.581174ms,,f54fac4a
pipermail,https://api.querybuscas.com/pages/pipermail,,3148,404,2254,107,20,text/html; charset=UTF-8,493.540992ms,,f54fac4c
pipe,https://api.querybuscas.com/pages/pipe,,3147,404,2254,107,20,text/html; charset=UTF-8,559.782981ms,,f54fac4b
piranha,https://api.querybuscas.com/pages/piranha,,3149,404,2254,107,20,text/html; charset=UTF-8,641.18788ms,,f54fac4d
pivot,https://api.querybuscas.com/pages/pivot,,3150,404,2254,107,20,text/html; charset=UTF-8,678.661489ms,,f54fac4e
piwik,https://api.querybuscas.com/pages/piwik,,3151,404,2254,107,20,text/html; charset=UTF-8,595.965412ms,,f54fac4f
pix,https://api.querybuscas.com/pages/pix,,3152,404,2254,107,20,text/html; charset=UTF-8,695.709841ms,,f54fac50
pixel,https://api.querybuscas.com/pages/pixel,,3153,404,2254,107,20,text/html; charset=UTF-8,613.987038ms,,f54fac51
pixelpost,https://api.querybuscas.com/pages/pixelpost,,3154,404,2254,107,20,text/html; charset=UTF-8,515.03385ms,,f54fac52
pkg,https://api.querybuscas.com/pages/pkg,,3155,404,2254,107,20,text/html; charset=UTF-8,724.314927ms,,f54fac53
pkginfo,https://api.querybuscas.com/pages/pkginfo,,3156,404,2254,107,20,text/html; charset=UTF-8,655.741966ms,,f54fac54
pkgs,https://api.querybuscas.com/pages/pkgs,,3157,404,2254,107,20,text/html; charset=UTF-8,583.075981ms,,f54fac55
pl,https://api.querybuscas.com/pages/pl,,3158,404,2254,107,20,text/html; charset=UTF-8,505.301934ms,,f54fac56
placeorder,https://api.querybuscas.com/pages/placeorder,,3159,404,2254,107,20,text/html; charset=UTF-8,495.139875ms,,f54fac57
places,https://api.querybuscas.com/pages/places,,3160,404,2254,107,20,text/html; charset=UTF-8,556.792264ms,,f54fac58
plain,https://api.querybuscas.com/pages/plain,,3161,404,2254,107,20,text/html; charset=UTF-8,567.079956ms,,f54fac59
plate,https://api.querybuscas.com/pages/plate,,3162,404,2254,107,20,text/html; charset=UTF-8,525.234389ms,,f54fac5a
platz_login,https://api.querybuscas.com/pages/platz_login,,3163,404,2254,107,20,text/html; charset=UTF-8,573.75339ms,,f54fac5b
play,https://api.querybuscas.com/pages/play,,3164,404,2254,107,20,text/html; charset=UTF-8,559.531415ms,,f54fac5c
player,https://api.querybuscas.com/pages/player,,3165,404,2254,107,20,text/html; charset=UTF-8,781.715553ms,,f54fac5d
players,https://api.querybuscas.com/pages/players,,3167,404,2254,107,20,text/html; charset=UTF-8,715.696895ms,,f54fac5f
player.swf,https://api.querybuscas.com/pages/player.swf,,3166,404,1316,100,20,text/html; charset=UTF-8,1.193436946s,,f54fac5e
playing,https://api.querybuscas.com/pages/playing,,3168,404,2254,107,20,text/html; charset=UTF-8,768.636134ms,,f54fac60
playlist,https://api.querybuscas.com/pages/playlist,,3169,404,2254,107,20,text/html; charset=UTF-8,725.225624ms,,f54fac61
please,https://api.querybuscas.com/pages/please,,3170,404,2254,107,20,text/html; charset=UTF-8,595.164018ms,,f54fac62
plesk-stat,https://api.querybuscas.com/pages/plesk-stat,,3172,404,2254,107,20,text/html; charset=UTF-8,661.990837ms,,f54fac64
plenty,https://api.querybuscas.com/pages/plenty,,3171,404,2254,107,20,text/html; charset=UTF-8,685.655852ms,,f54fac63
pls,https://api.querybuscas.com/pages/pls,,3173,404,2254,107,20,text/html; charset=UTF-8,1.009718374s,,f54fac65
plugin,https://api.querybuscas.com/pages/plugin,,3174,404,2254,107,20,text/html; charset=UTF-8,752.985453ms,,f54fac66
plus,https://api.querybuscas.com/pages/plus,,3176,404,2254,107,20,text/html; charset=UTF-8,552.29273ms,,f54fac68
plugins,https://api.querybuscas.com/pages/plugins,,3175,404,2254,107,20,text/html; charset=UTF-8,557.480161ms,,f54fac67
pmwiki,https://api.querybuscas.com/pages/pmwiki,,3180,404,2254,107,20,text/html; charset=UTF-8,611.798139ms,,f54fac6c
pm,https://api.querybuscas.com/pages/pm,,3178,404,2254,107,20,text/html; charset=UTF-8,659.639659ms,,f54fac6a
plx,https://api.querybuscas.com/pages/plx,,3177,404,2254,107,20,text/html; charset=UTF-8,668.58119ms,,f54fac69
pma,https://api.querybuscas.com/pages/pma,,3179,404,2254,107,20,text/html; charset=UTF-8,661.745036ms,,f54fac6b
pnadodb,https://api.querybuscas.com/pages/pnadodb,,3181,404,2254,107,20,text/html; charset=UTF-8,646.768063ms,,f54fac6d
png,https://api.querybuscas.com/pages/png,,3182,404,2254,107,20,text/html; charset=UTF-8,767.170391ms,,f54fac6e
pntemp,https://api.querybuscas.com/pages/pntemp,,3184,404,2254,107,20,text/html; charset=UTF-8,753.682631ms,,f54fac70
pntables,https://api.querybuscas.com/pages/pntables,,3183,404,2254,107,20,text/html; charset=UTF-8,755.725744ms,,f54fac6f
poc,https://api.querybuscas.com/pages/poc,,3185,404,2254,107,20,text/html; charset=UTF-8,552.796938ms,,f54fac71
podcast,https://api.querybuscas.com/pages/podcast,,3186,404,2254,107,20,text/html; charset=UTF-8,801.472024ms,,f54fac72
podcasting,https://api.querybuscas.com/pages/podcasting,,3187,404,2254,107,20,text/html; charset=UTF-8,801.206728ms,,f54fac73
podcasts,https://api.querybuscas.com/pages/podcasts,,3188,404,2254,107,20,text/html; charset=UTF-8,809.924686ms,,f54fac74
poi,https://api.querybuscas.com/pages/poi,,3189,404,2254,107,20,text/html; charset=UTF-8,570.518794ms,,f54fac75
poker,https://api.querybuscas.com/pages/poker,,3190,404,2254,107,20,text/html; charset=UTF-8,661.775488ms,,f54fac76
pol,https://api.querybuscas.com/pages/pol,,3191,404,2254,107,20,text/html; charset=UTF-8,674.333869ms,,f54fac77
policies,https://api.querybuscas.com/pages/policies,,3192,404,2254,107,20,text/html; charset=UTF-8,693.429829ms,,f54fac78
policy,https://api.querybuscas.com/pages/policy,,3193,404,2254,107,20,text/html; charset=UTF-8,607.708648ms,,f54fac79
politics,https://api.querybuscas.com/pages/politics,,3194,429,17,3,2,text/plain; charset=UTF-8,248.169675ms,,f54fac7a
poll,https://api.querybuscas.com/pages/poll,,3195,429,17,3,2,text/plain; charset=UTF-8,282.900645ms,,f54fac7b
pollbooth,https://api.querybuscas.com/pages/pollbooth,,3196,429,17,3,2,text/plain; charset=UTF-8,263.955934ms,,f54fac7c
polls,https://api.querybuscas.com/pages/polls,,3197,429,17,3,2,text/plain; charset=UTF-8,352.020393ms,,f54fac7d
pollvote,https://api.querybuscas.com/pages/pollvote,,3198,429,17,3,2,text/plain; charset=UTF-8,334.567376ms,,f54fac7e
pool,https://api.querybuscas.com/pages/pool,,3199,429,17,3,2,text/plain; charset=UTF-8,356.548547ms,,f54fac7f
pop,https://api.querybuscas.com/pages/pop,,3200,429,17,3,2,text/plain; charset=UTF-8,348.0307ms,,f54fac80
pop3,https://api.querybuscas.com/pages/pop3,,3201,429,17,3,2,text/plain; charset=UTF-8,330.812138ms,,f54fac81
popup,https://api.querybuscas.com/pages/popup,,3204,429,17,3,2,text/plain; charset=UTF-8,434.335016ms,,f54fac84
popular,https://api.querybuscas.com/pages/popular,,3202,429,17,3,2,text/plain; charset=UTF-8,503.961466ms,,f54fac82
populate,https://api.querybuscas.com/pages/populate,,3203,429,17,3,2,text/plain; charset=UTF-8,437.009449ms,,f54fac83
popup_content,https://api.querybuscas.com/pages/popup_content,,3205,429,17,3,2,text/plain; charset=UTF-8,302.135861ms,,f54fac85
popup_magnifier,https://api.querybuscas.com/pages/popup_magnifier,,3209,429,17,3,2,text/plain; charset=UTF-8,330.25059ms,,f54fac89
popup_cvv,https://api.querybuscas.com/pages/popup_cvv,,3206,429,17,3,2,text/plain; charset=UTF-8,341.679941ms,,f54fac86
popup_image,https://api.querybuscas.com/pages/popup_image,,3207,429,17,3,2,text/plain; charset=UTF-8,341.690902ms,,f54fac87
popup_info,https://api.querybuscas.com/pages/popup_info,,3208,429,17,3,2,text/plain; charset=UTF-8,339.268935ms,,f54fac88
porn,https://api.querybuscas.com/pages/porn,,3212,429,17,3,2,text/plain; charset=UTF-8,262.679677ms,,f54fac8c
port,https://api.querybuscas.com/pages/port,,3213,429,17,3,2,text/plain; charset=UTF-8,263.375092ms,,f54fac8d
popups,https://api.querybuscas.com/pages/popups,,3211,429,17,3,2,text/plain; charset=UTF-8,271.455609ms,,f54fac8b
popup_poptions,https://api.querybuscas.com/pages/popup_poptions,,3210,429,17,3,2,text/plain; charset=UTF-8,312.26418ms,,f54fac8a
portal,https://api.querybuscas.com/pages/portal,,3214,429,17,3,2,text/plain; charset=UTF-8,259.089414ms,,f54fac8e
portals,https://api.querybuscas.com/pages/portals,,3215,429,17,3,2,text/plain; charset=UTF-8,303.597554ms,,f54fac8f
portfolio,https://api.querybuscas.com/pages/portfolio,,3216,429,17,3,2,text/plain; charset=UTF-8,301.569238ms,,f54fac90
portfoliofiles,https://api.querybuscas.com/pages/portfoliofiles,,3217,429,17,3,2,text/plain; charset=UTF-8,379.869071ms,,f54fac91
ports,https://api.querybuscas.com/pages/ports,,3220,429,17,3,2,text/plain; charset=UTF-8,344.987404ms,,f54fac94
portlet,https://api.querybuscas.com/pages/portlet,,3218,429,17,3,2,text/plain; charset=UTF-8,405.385883ms,,f54fac92
portlets,https://api.querybuscas.com/pages/portlets,,3219,429,17,3,2,text/plain; charset=UTF-8,360.438154ms,,f54fac93
pos,https://api.querybuscas.com/pages/pos,,3221,429,17,3,2,text/plain; charset=UTF-8,461.613739ms,,f54fac95
post,https://api.querybuscas.com/pages/post,,3222,429,17,3,2,text/plain; charset=UTF-8,274.699404ms,,f54fac96
post_thanks,https://api.querybuscas.com/pages/post_thanks,,3223,429,17,3,2,text/plain; charset=UTF-8,296.480602ms,,f54fac97
postcard,https://api.querybuscas.com/pages/postcard,,3224,429,17,3,2,text/plain; charset=UTF-8,379.659124ms,,f54fac98
posted,https://api.querybuscas.com/pages/posted,,3226,429,17,3,2,text/plain; charset=UTF-8,268.614055ms,,f54fac9a
postcards,https://api.querybuscas.com/pages/postcards,,3225,429,17,3,2,text/plain; charset=UTF-8,308.029703ms,,f54fac99
postgres,https://api.querybuscas.com/pages/postgres,,3227,429,17,3,2,text/plain; charset=UTF-8,294.900023ms,,f54fac9b
posthistory,https://api.querybuscas.com/pages/posthistory,,3229,429,17,3,2,text/plain; charset=UTF-8,239.871927ms,,f54fac9d
postgresql,https://api.querybuscas.com/pages/postgresql,,3228,429,17,3,2,text/plain; charset=UTF-8,406.381121ms,,f54fac9c
postinfo,https://api.querybuscas.com/pages/postinfo,,3230,429,17,3,2,text/plain; charset=UTF-8,410.0334ms,,f54fac9e
posting,https://api.querybuscas.com/pages/posting,,3231,429,17,3,2,text/plain; charset=UTF-8,353.774336ms,,f54fac9f
postings,https://api.querybuscas.com/pages/postings,,3232,429,17,3,2,text/plain; charset=UTF-8,282.279962ms,,f54faca0
postnuke,https://api.querybuscas.com/pages/postnuke,,3233,429,17,3,2,text/plain; charset=UTF-8,270.905649ms,,f54faca1
postpaid,https://api.querybuscas.com/pages/postpaid,,3234,429,17,3,2,text/plain; charset=UTF-8,244.206448ms,,f54faca2
postreview,https://api.querybuscas.com/pages/postreview,,3235,429,17,3,2,text/plain; charset=UTF-8,336.025715ms,,f54faca3
posttocar,https://api.querybuscas.com/pages/posttocar,,3237,429,17,3,2,text/plain; charset=UTF-8,275.282517ms,,f54faca5
posts,https://api.querybuscas.com/pages/posts,,3236,429,17,3,2,text/plain; charset=UTF-8,282.686339ms,,f54faca4
power,https://api.querybuscas.com/pages/power,,3238,429,17,3,2,text/plain; charset=UTF-8,355.061423ms,,f54faca6
power_user,https://api.querybuscas.com/pages/power_user,,3239,429,17,3,2,text/plain; charset=UTF-8,302.280529ms,,f54faca7
pp,https://api.querybuscas.com/pages/pp,,3240,429,17,3,2,text/plain; charset=UTF-8,341.252481ms,,f54faca8
ppc,https://api.querybuscas.com/pages/ppc,,3241,429,17,3,2,text/plain; charset=UTF-8,334.159857ms,,f54faca9
ppt,https://api.querybuscas.com/pages/ppt,,3243,429,17,3,2,text/plain; charset=UTF-8,255.240658ms,,f54facab
ppcredir,https://api.querybuscas.com/pages/ppcredir,,3242,429,17,3,2,text/plain; charset=UTF-8,303.571294ms,,f54facaa
pr,https://api.querybuscas.com/pages/pr,,3244,429,17,3,2,text/plain; charset=UTF-8,278.066704ms,,f54facac
pre,https://api.querybuscas.com/pages/pre,,3246,429,17,3,2,text/plain; charset=UTF-8,262.37498ms,,f54facae
pr0n,https://api.querybuscas.com/pages/pr0n,,3245,429,17,3,2,text/plain; charset=UTF-8,445.999719ms,,f54facad
preferences,https://api.querybuscas.com/pages/preferences,,3247,429,17,3,2,text/plain; charset=UTF-8,422.30507ms,,f54facaf
preload,https://api.querybuscas.com/pages/preload,,3248,429,17,3,2,text/plain; charset=UTF-8,385.444904ms,,f54facb0
premium,https://api.querybuscas.com/pages/premium,,3250,429,17,3,2,text/plain; charset=UTF-8,355.371865ms,,f54facb2
premiere,https://api.querybuscas.com/pages/premiere,,3249,429,17,3,2,text/plain; charset=UTF-8,374.731346ms,,f54facb1
prepare,https://api.querybuscas.com/pages/prepare,,3252,429,17,3,2,text/plain; charset=UTF-8,243.635197ms,,f54facb4
prepaid,https://api.querybuscas.com/pages/prepaid,,3251,429,17,3,2,text/plain; charset=UTF-8,311.350929ms,,f54facb3
presentations,https://api.querybuscas.com/pages/presentations,,3254,429,17,3,2,text/plain; charset=UTF-8,302.892875ms,,f54facb6
presentation,https://api.querybuscas.com/pages/presentation,,3253,429,17,3,2,text/plain; charset=UTF-8,347.944829ms,,f54facb5
press,https://api.querybuscas.com/pages/press,,3256,429,17,3,2,text/plain; charset=UTF-8,267.203711ms,,f54facb8
preserve,https://api.querybuscas.com/pages/preserve,,3255,429,17,3,2,text/plain; charset=UTF-8,270.589708ms,,f54facb7
press_releases,https://api.querybuscas.com/pages/press_releases,,3257,429,17,3,2,text/plain; charset=UTF-8,389.59892ms,,f54facb9
presse,https://api.querybuscas.com/pages/presse,,3258,429,17,3,2,text/plain; charset=UTF-8,387.051907ms,,f54facba
pressroom,https://api.querybuscas.com/pages/pressroom,,3260,429,17,3,2,text/plain; charset=UTF-8,358.846484ms,,f54facbc
pressreleases,https://api.querybuscas.com/pages/pressreleases,,3259,429,17,3,2,text/plain; charset=UTF-8,362.054728ms,,f54facbb
prev,https://api.querybuscas.com/pages/prev,,3261,429,17,3,2,text/plain; charset=UTF-8,293.988528ms,,f54facbd
previous,https://api.querybuscas.com/pages/previous,,3264,429,17,3,2,text/plain; charset=UTF-8,319.339947ms,,f54facc0
preview,https://api.querybuscas.com/pages/preview,,3262,429,17,3,2,text/plain; charset=UTF-8,319.392572ms,,f54facbe
previews,https://api.querybuscas.com/pages/previews,,3263,429,17,3,2,text/plain; charset=UTF-8,319.300245ms,,f54facbf
price,https://api.querybuscas.com/pages/price,,3265,429,17,3,2,text/plain; charset=UTF-8,315.799201ms,,f54facc1
pricelist,https://api.querybuscas.com/pages/pricelist,,3266,429,17,3,2,text/plain; charset=UTF-8,256.057943ms,,f54facc2
pricing,https://api.querybuscas.com/pages/pricing,,3268,429,17,3,2,text/plain; charset=UTF-8,352.453857ms,,f54facc4
prices,https://api.querybuscas.com/pages/prices,,3267,429,17,3,2,text/plain; charset=UTF-8,352.731245ms,,f54facc3
print,https://api.querybuscas.com/pages/print,,3269,429,17,3,2,text/plain; charset=UTF-8,322.199367ms,,f54facc5
print_order,https://api.querybuscas.com/pages/print_order,,3270,429,17,3,2,text/plain; charset=UTF-8,349.349658ms,,f54facc6
printable,https://api.querybuscas.com/pages/printable,,3271,429,17,3,2,text/plain; charset=UTF-8,253.034028ms,,f54facc7
printarticle,https://api.querybuscas.com/pages/printarticle,,3272,429,17,3,2,text/plain; charset=UTF-8,256.627393ms,,f54facc8
printenv,https://api.querybuscas.com/pages/printenv,,3273,429,17,3,2,text/plain; charset=UTF-8,273.164812ms,,f54facc9
printer,https://api.querybuscas.com/pages/printer,,3274,429,17,3,2,text/plain; charset=UTF-8,312.942055ms,,f54facca
printers,https://api.querybuscas.com/pages/printers,,3275,429,17,3,2,text/plain; charset=UTF-8,313.165068ms,,f54faccb
printmail,https://api.querybuscas.com/pages/printmail,,3276,429,17,3,2,text/plain; charset=UTF-8,313.421695ms,,f54faccc
printthread,https://api.querybuscas.com/pages/printthread,,3278,429,17,3,2,text/plain; charset=UTF-8,299.442281ms,,f54facce
printpdf,https://api.querybuscas.com/pages/printpdf,,3277,429,17,3,2,text/plain; charset=UTF-8,374.057555ms,,f54faccd
printview,https://api.querybuscas.com/pages/printview,,3279,429,17,3,2,text/plain; charset=UTF-8,466.380862ms,,f54faccf
priv,https://api.querybuscas.com/pages/priv,,3280,429,17,3,2,text/plain; charset=UTF-8,462.599796ms,,f54facd0
privacy,https://api.querybuscas.com/pages/privacy,,3281,429,17,3,2,text/plain; charset=UTF-8,315.738893ms,,f54facd1
privacy-policy,https://api.querybuscas.com/pages/privacy-policy,,3282,429,17,3,2,text/plain; charset=UTF-8,351.273017ms,,f54facd2
privacy_policy,https://api.querybuscas.com/pages/privacy_policy,,3283,429,17,3,2,text/plain; charset=UTF-8,274.479543ms,,f54facd3
privacypolicy,https://api.querybuscas.com/pages/privacypolicy,,3284,429,17,3,2,text/plain; charset=UTF-8,311.96676ms,,f54facd4
privat,https://api.querybuscas.com/pages/privat,,3285,429,17,3,2,text/plain; charset=UTF-8,310.51035ms,,f54facd5
private,https://api.querybuscas.com/pages/private,,3286,429,17,3,2,text/plain; charset=UTF-8,304.810375ms,,f54facd6
private2,https://api.querybuscas.com/pages/private2,,3287,429,17,3,2,text/plain; charset=UTF-8,293.938617ms,,f54facd7
privateassets,https://api.querybuscas.com/pages/privateassets,,3288,429,17,3,2,text/plain; charset=UTF-8,326.501934ms,,f54facd8
privatemsg,https://api.querybuscas.com/pages/privatemsg,,3289,429,17,3,2,text/plain; charset=UTF-8,320.738251ms,,f54facd9
prive,https://api.querybuscas.com/pages/prive,,3290,429,17,3,2,text/plain; charset=UTF-8,329.341159ms,,f54facda
privmsg,https://api.querybuscas.com/pages/privmsg,,3291,429,17,3,2,text/plain; charset=UTF-8,317.241476ms,,f54facdb
privs,https://api.querybuscas.com/pages/privs,,3292,429,17,3,2,text/plain; charset=UTF-8,341.713257ms,,f54facdc
prn,https://api.querybuscas.com/pages/prn,,3293,429,17,3,2,text/plain; charset=UTF-8,289.649473ms,,f54facdd
pro,https://api.querybuscas.com/pages/pro,,3294,429,17,3,2,text/plain; charset=UTF-8,354.962089ms,,f54facde
problems,https://api.querybuscas.com/pages/problems,,3296,429,17,3,2,text/plain; charset=UTF-8,225.773361ms,,f54face0
probe,https://api.querybuscas.com/pages/probe,,3295,429,17,3,2,text/plain; charset=UTF-8,320.748354ms,,f54facdf
proc,https://api.querybuscas.com/pages/proc,,3297,429,17,3,2,text/plain; charset=UTF-8,397.962345ms,,f54face1
procedures,https://api.querybuscas.com/pages/procedures,,3298,429,17,3,2,text/plain; charset=UTF-8,330.458537ms,,f54face2
process_order,https://api.querybuscas.com/pages/process_order,,3300,429,17,3,2,text/plain; charset=UTF-8,464.170075ms,,f54face4
process,https://api.querybuscas.com/pages/process,,3299,429,17,3,2,text/plain; charset=UTF-8,464.71269ms,,f54face3
processform,https://api.querybuscas.com/pages/processform,,3301,429,17,3,2,text/plain; charset=UTF-8,356.95321ms,,f54face5
procure,https://api.querybuscas.com/pages/procure,,3302,429,17,3,2,text/plain; charset=UTF-8,367.300838ms,,f54face6
procurement,https://api.querybuscas.com/pages/procurement,,3303,429,17,3,2,text/plain; charset=UTF-8,251.022393ms,,f54face7
prod,https://api.querybuscas.com/pages/prod,,3304,429,17,3,2,text/plain; charset=UTF-8,306.349455ms,,f54face8
prodimages,https://api.querybuscas.com/pages/prodimages,,3306,429,17,3,2,text/plain; charset=UTF-8,255.748173ms,,f54facea
prodconf,https://api.querybuscas.com/pages/prodconf,,3305,429,17,3,2,text/plain; charset=UTF-8,361.485199ms,,f54face9
producers,https://api.querybuscas.com/pages/producers,,3307,429,17,3,2,text/plain; charset=UTF-8,266.724142ms,,f54faceb
product,https://api.querybuscas.com/pages/product,,3308,429,17,3,2,text/plain; charset=UTF-8,402.018843ms,,f54facec
product-sort,https://api.querybuscas.com/pages/product-sort,,3309,429,17,3,2,text/plain; charset=UTF-8,275.588678ms,,f54faced
product_compare,https://api.querybuscas.com/pages/product_compare,,3310,429,17,3,2,text/plain; charset=UTF-8,308.050498ms,,f54facee
product_image,https://api.querybuscas.com/pages/product_image,,3311,429,17,3,2,text/plain; charset=UTF-8,305.848465ms,,f54facef
product_images,https://api.querybuscas.com/pages/product_images,,3312,429,17,3,2,text/plain; charset=UTF-8,255.833382ms,,f54facf0
product_info,https://api.querybuscas.com/pages/product_info,,3313,429,17,3,2,text/plain; charset=UTF-8,330.836269ms,,f54facf1
product_thumb,https://api.querybuscas.com/pages/product_thumb,,3315,429,17,3,2,text/plain; charset=UTF-8,388.745461ms,,f54facf3
product_reviews,https://api.querybuscas.com/pages/product_reviews,,3314,429,17,3,2,text/plain; charset=UTF-8,389.25537ms,,f54facf2
productdetails,https://api.querybuscas.com/pages/productdetails,,3316,429,17,3,2,text/plain; charset=UTF-8,342.60726ms,,f54facf4
productimage,https://api.querybuscas.com/pages/productimage,,3317,429,17,3,2,text/plain; charset=UTF-8,246.976524ms,,f54facf5
production.log,https://api.querybuscas.com/pages/production.log,,3319,429,17,3,2,text/plain; charset=UTF-8,249.541496ms,,f54facf7
production,https://api.querybuscas.com/pages/production,,3318,429,17,3,2,text/plain; charset=UTF-8,258.569189ms,,f54facf6
products,https://api.querybuscas.com/pages/products,,3321,429,17,3,2,text/plain; charset=UTF-8,369.676161ms,,f54facf9
productquestion,https://api.querybuscas.com/pages/productquestion,,3320,429,17,3,2,text/plain; charset=UTF-8,372.943943ms,,f54facf8
products_new,https://api.querybuscas.com/pages/products_new,,3322,429,17,3,2,text/plain; charset=UTF-8,294.562104ms,,f54facfa
productspecs,https://api.querybuscas.com/pages/productspecs,,3323,429,17,3,2,text/plain; charset=UTF-8,288.60073ms,,f54facfb
productupdates,https://api.querybuscas.com/pages/productupdates,,3324,404,2254,107,20,text/html; charset=UTF-8,534.776329ms,,f54facfc
produkte,https://api.querybuscas.com/pages/produkte,,3325,404,2254,107,20,text/html; charset=UTF-8,587.997802ms,,f54facfd
professor,https://api.querybuscas.com/pages/professor,,3326,404,2254,107,20,text/html; charset=UTF-8,511.325271ms,,f54facfe
profil,https://api.querybuscas.com/pages/profil,,3327,404,2254,107,20,text/html; charset=UTF-8,666.787151ms,,f54facff
profile,https://api.querybuscas.com/pages/profile,,3328,404,2254,107,20,text/html; charset=UTF-8,717.891963ms,,f54fad00
profiles,https://api.querybuscas.com/pages/profiles,,3329,404,2254,107,20,text/html; charset=UTF-8,696.082192ms,,f54fad01
profiling,https://api.querybuscas.com/pages/profiling,,3330,404,2254,107,20,text/html; charset=UTF-8,729.069801ms,,f54fad02
proftpd,https://api.querybuscas.com/pages/proftpd,,3331,404,2254,107,20,text/html; charset=UTF-8,722.656229ms,,f54fad03
prog,https://api.querybuscas.com/pages/prog,,3332,404,2254,107,20,text/html; charset=UTF-8,581.577519ms,,f54fad04
program,https://api.querybuscas.com/pages/program,,3333,404,2254,107,20,text/html; charset=UTF-8,571.852343ms,,f54fad05
programming,https://api.querybuscas.com/pages/programming,,3334,404,2254,107,20,text/html; charset=UTF-8,575.630158ms,,f54fad06
programs,https://api.querybuscas.com/pages/programs,,3335,404,2254,107,20,text/html; charset=UTF-8,834.255205ms,,f54fad07
progress,https://api.querybuscas.com/pages/progress,,3336,404,2254,107,20,text/html; charset=UTF-8,593.50926ms,,f54fad08
project,https://api.querybuscas.com/pages/project,,3337,404,2254,107,20,text/html; charset=UTF-8,617.679585ms,,f54fad09
project-admins,https://api.querybuscas.com/pages/project-admins,,3338,404,2254,107,20,text/html; charset=UTF-8,589.689647ms,,f54fad0a
projects,https://api.querybuscas.com/pages/projects,,3339,404,2254,107,20,text/html; charset=UTF-8,634.991073ms,,f54fad0b
promo,https://api.querybuscas.com/pages/promo,,3340,404,2254,107,20,text/html; charset=UTF-8,549.658314ms,,f54fad0c
promos,https://api.querybuscas.com/pages/promos,,3341,404,2254,107,20,text/html; charset=UTF-8,544.842662ms,,f54fad0d
promoted,https://api.querybuscas.com/pages/promoted,,3342,404,2254,107,20,text/html; charset=UTF-8,571.294071ms,,f54fad0e
promotions,https://api.querybuscas.com/pages/promotions,,3344,404,2254,107,20,text/html; charset=UTF-8,550.891727ms,,f54fad10
promotion,https://api.querybuscas.com/pages/promotion,,3343,404,2254,107,20,text/html; charset=UTF-8,596.772123ms,,f54fad0f
proof,https://api.querybuscas.com/pages/proof,,3345,404,2254,107,20,text/html; charset=UTF-8,560.09317ms,,f54fad11
proofs,https://api.querybuscas.com/pages/proofs,,3346,404,2254,107,20,text/html; charset=UTF-8,611.801903ms,,f54fad12
prop-base,https://api.querybuscas.com/pages/prop-base,,3348,404,2254,107,20,text/html; charset=UTF-8,521.311261ms,,f54fad14
prop,https://api.querybuscas.com/pages/prop,,3347,404,2254,107,20,text/html; charset=UTF-8,558.461709ms,,f54fad13
properties,https://api.querybuscas.com/pages/properties,,3349,404,2254,107,20,text/html; charset=UTF-8,620.141413ms,,f54fad15
property,https://api.querybuscas.com/pages/property,,3350,404,2254,107,20,text/html; charset=UTF-8,541.01471ms,,f54fad16
props,https://api.querybuscas.com/pages/props,,3351,404,2254,107,20,text/html; charset=UTF-8,560.351516ms,,f54fad17
prot,https://api.querybuscas.com/pages/prot,,3352,404,2254,107,20,text/html; charset=UTF-8,575.952523ms,,f54fad18
protected,https://api.querybuscas.com/pages/protected,,3354,404,2254,107,20,text/html; charset=UTF-8,563.377586ms,,f54fad1a
protect,https://api.querybuscas.com/pages/protect,,3353,404,2254,107,20,text/html; charset=UTF-8,613.763735ms,,f54fad19
protection,https://api.querybuscas.com/pages/protection,,3355,404,2254,107,20,text/html; charset=UTF-8,567.955537ms,,f54fad1b
proto,https://api.querybuscas.com/pages/proto,,3356,404,2254,107,20,text/html; charset=UTF-8,590.684492ms,,f54fad1c
providers,https://api.querybuscas.com/pages/providers,,3358,404,2254,107,20,text/html; charset=UTF-8,536.751517ms,,f54fad1e
provider,https://api.querybuscas.com/pages/provider,,3357,404,2254,107,20,text/html; charset=UTF-8,613.985332ms,,f54fad1d
proxies,https://api.querybuscas.com/pages/proxies,,3359,404,2254,107,20,text/html; charset=UTF-8,541.892108ms,,f54fad1f
proxy,https://api.querybuscas.com/pages/proxy,,3360,404,2254,107,20,text/html; charset=UTF-8,543.814515ms,,f54fad20
prueba,https://api.querybuscas.com/pages/prueba,,3361,404,2254,107,20,text/html; charset=UTF-8,547.754988ms,,f54fad21
pruebas,https://api.querybuscas.com/pages/pruebas,,3362,404,2254,107,20,text/html; charset=UTF-8,605.247378ms,,f54fad22
prv,https://api.querybuscas.com/pages/prv,,3363,404,2254,107,20,text/html; charset=UTF-8,595.545158ms,,f54fad23
prv_download,https://api.querybuscas.com/pages/prv_download,,3364,404,2254,107,20,text/html; charset=UTF-8,540.054104ms,,f54fad24
ps,https://api.querybuscas.com/pages/ps,,3365,404,2254,107,20,text/html; charset=UTF-8,622.907759ms,,f54fad25
psd,https://api.querybuscas.com/pages/psd,,3366,404,2254,107,20,text/html; charset=UTF-8,559.943176ms,,f54fad26
psql,https://api.querybuscas.com/pages/psql,,3368,404,2254,107,20,text/html; charset=UTF-8,568.055273ms,,f54fad28
psp,https://api.querybuscas.com/pages/psp,,3367,404,2254,107,20,text/html; charset=UTF-8,595.116623ms,,f54fad27
pt,https://api.querybuscas.com/pages/pt,,3369,404,2254,107,20,text/html; charset=UTF-8,563.740371ms,,f54fad29
pt_BR,https://api.querybuscas.com/pages/pt_BR,,3370,404,2254,107,20,text/html; charset=UTF-8,545.414656ms,,f54fad2a
ptopic,https://api.querybuscas.com/pages/ptopic,,3371,404,2254,107,20,text/html; charset=UTF-8,545.736973ms,,f54fad2b
pub,https://api.querybuscas.com/pages/pub,,3372,404,2254,107,20,text/html; charset=UTF-8,578.927171ms,,f54fad2c
public,https://api.querybuscas.com/pages/public,,3373,404,2254,107,20,text/html; charset=UTF-8,570.209658ms,,f54fad2d
public_ftp,https://api.querybuscas.com/pages/public_ftp,,3374,404,2254,107,20,text/html; charset=UTF-8,684.530979ms,,f54fad2e
public_html,https://api.querybuscas.com/pages/public_html,,3375,404,2254,107,20,text/html; charset=UTF-8,537.996439ms,,f54fad2f
publication,https://api.querybuscas.com/pages/publication,,3376,404,2254,107,20,text/html; charset=UTF-8,522.468619ms,,f54fad30
publications,https://api.querybuscas.com/pages/publications,,3377,404,2254,107,20,text/html; charset=UTF-8,621.360866ms,,f54fad31
publicidad,https://api.querybuscas.com/pages/publicidad,,3378,404,2254,107,20,text/html; charset=UTF-8,683.394066ms,,f54fad32
publish,https://api.querybuscas.com/pages/publish,,3379,404,2254,107,20,text/html; charset=UTF-8,617.750003ms,,f54fad33
published,https://api.querybuscas.com/pages/published,,3380,404,2254,107,20,text/html; charset=UTF-8,592.604976ms,,f54fad34
publisher,https://api.querybuscas.com/pages/publisher,,3381,404,2254,107,20,text/html; charset=UTF-8,576.904101ms,,f54fad35
pubs,https://api.querybuscas.com/pages/pubs,,3382,404,2254,107,20,text/html; charset=UTF-8,598.105154ms,,f54fad36
pull,https://api.querybuscas.com/pages/pull,,3383,404,2254,107,20,text/html; charset=UTF-8,562.52473ms,,f54fad37
purchase,https://api.querybuscas.com/pages/purchase,,3384,404,2254,107,20,text/html; charset=UTF-8,564.787515ms,,f54fad38
purchases,https://api.querybuscas.com/pages/purchases,,3385,429,17,3,2,text/plain; charset=UTF-8,417.888408ms,,f54fad39
purchasing,https://api.querybuscas.com/pages/purchasing,,3386,429,17,3,2,text/plain; charset=UTF-8,379.237073ms,,f54fad3a
pureadmin,https://api.querybuscas.com/pages/pureadmin,,3387,429,17,3,2,text/plain; charset=UTF-8,318.924712ms,,f54fad3b
put,https://api.querybuscas.com/pages/put,,3389,429,17,3,2,text/plain; charset=UTF-8,250.224885ms,,f54fad3d
push,https://api.querybuscas.com/pages/push,,3388,429,17,3,2,text/plain; charset=UTF-8,362.320158ms,,f54fad3c
putty,https://api.querybuscas.com/pages/putty,,3390,429,17,3,2,text/plain; charset=UTF-8,247.296962ms,,f54fad3e
pw,https://api.querybuscas.com/pages/pw,,3392,429,17,3,2,text/plain; charset=UTF-8,311.625185ms,,f54fad40
putty.reg,https://api.querybuscas.com/pages/putty.reg,,3391,429,17,3,2,text/plain; charset=UTF-8,341.836368ms,,f54fad3f
pw_ajax,https://api.querybuscas.com/pages/pw_ajax,,3393,429,17,3,2,text/plain; charset=UTF-8,334.071854ms,,f54fad41
pw_api,https://api.querybuscas.com/pages/pw_api,,3394,429,17,3,2,text/plain; charset=UTF-8,245.292629ms,,f54fad42
pwd,https://api.querybuscas.com/pages/pwd,,3396,429,17,3,2,text/plain; charset=UTF-8,508.555256ms,,f54fad44
pw_app,https://api.querybuscas.com/pages/pw_app,,3395,429,17,3,2,text/plain; charset=UTF-8,513.218635ms,,f54fad43
py,https://api.querybuscas.com/pages/py,,3397,429,17,3,2,text/plain; charset=UTF-8,533.835313ms,,f54fad45
python,https://api.querybuscas.com/pages/python,,3398,429,17,3,2,text/plain; charset=UTF-8,608.366531ms,,f54fad46
q1,https://api.querybuscas.com/pages/q1,,3400,429,17,3,2,text/plain; charset=UTF-8,288.462048ms,,f54fad48
q,https://api.querybuscas.com/pages/q,,3399,429,17,3,2,text/plain; charset=UTF-8,296.480598ms,,f54fad47
q2,https://api.querybuscas.com/pages/q2,,3401,429,17,3,2,text/plain; charset=UTF-8,399.036554ms,,f54fad49
q3,https://api.querybuscas.com/pages/q3,,3402,429,17,3,2,text/plain; charset=UTF-8,315.688317ms,,f54fad4a
q4,https://api.querybuscas.com/pages/q4,,3403,429,17,3,2,text/plain; charset=UTF-8,224.548679ms,,f54fad4b
qa,https://api.querybuscas.com/pages/qa,,3404,429,17,3,2,text/plain; charset=UTF-8,281.243052ms,,f54fad4c
qinetiq,https://api.querybuscas.com/pages/qinetiq,,3405,429,17,3,2,text/plain; charset=UTF-8,273.617091ms,,f54fad4d
qotd,https://api.querybuscas.com/pages/qotd,,3406,429,17,3,2,text/plain; charset=UTF-8,288.384069ms,,f54fad4e
qpid,https://api.querybuscas.com/pages/qpid,,3407,429,17,3,2,text/plain; charset=UTF-8,290.731614ms,,f54fad4f
qsc,https://api.querybuscas.com/pages/qsc,,3408,429,17,3,2,text/plain; charset=UTF-8,295.950379ms,,f54fad50
quarterly,https://api.querybuscas.com/pages/quarterly,,3409,429,17,3,2,text/plain; charset=UTF-8,293.945129ms,,f54fad51
queries,https://api.querybuscas.com/pages/queries,,3410,429,17,3,2,text/plain; charset=UTF-8,366.58506ms,,f54fad52
query,https://api.querybuscas.com/pages/query,,3411,429,17,3,2,text/plain; charset=UTF-8,364.665205ms,,f54fad53
question,https://api.querybuscas.com/pages/question,,3412,429,17,3,2,text/plain; charset=UTF-8,302.019946ms,,f54fad54
questions,https://api.querybuscas.com/pages/questions,,3413,429,17,3,2,text/plain; charset=UTF-8,278.897902ms,,f54fad55
queues,https://api.querybuscas.com/pages/queues,,3415,429,17,3,2,text/plain; charset=UTF-8,239.35508ms,,f54fad57
queue,https://api.querybuscas.com/pages/queue,,3414,429,17,3,2,text/plain; charset=UTF-8,239.783476ms,,f54fad56
quick,https://api.querybuscas.com/pages/quick,,3416,429,17,3,2,text/plain; charset=UTF-8,332.750996ms,,f54fad58
quickstart,https://api.querybuscas.com/pages/quickstart,,3417,429,17,3,2,text/plain; charset=UTF-8,365.727068ms,,f54fad59
quote,https://api.querybuscas.com/pages/quote,,3419,429,17,3,2,text/plain; charset=UTF-8,337.260678ms,,f54fad5b
quotes,https://api.querybuscas.com/pages/quotes,,3420,429,17,3,2,text/plain; charset=UTF-8,240.975245ms,,f54fad5c
quiz,https://api.querybuscas.com/pages/quiz,,3418,429,17,3,2,text/plain; charset=UTF-8,337.826833ms,,f54fad5a
r,https://api.querybuscas.com/pages/r,,3421,429,17,3,2,text/plain; charset=UTF-8,315.895801ms,,f54fad5d
radcontrols,https://api.querybuscas.com/pages/radcontrols,,3423,429,17,3,2,text/plain; charset=UTF-8,294.556056ms,,f54fad5f
radio,https://api.querybuscas.com/pages/radio,,3424,429,17,3,2,text/plain; charset=UTF-8,307.528645ms,,f54fad60
r57,https://api.querybuscas.com/pages/r57,,3422,429,17,3,2,text/plain; charset=UTF-8,307.773032ms,,f54fad5e
radmind,https://api.querybuscas.com/pages/radmind,,3425,429,17,3,2,text/plain; charset=UTF-8,261.798435ms,,f54fad61
radmind-1,https://api.querybuscas.com/pages/radmind-1,,3426,429,17,3,2,text/plain; charset=UTF-8,261.21079ms,,f54fad62
rail,https://api.querybuscas.com/pages/rail,,3427,429,17,3,2,text/plain; charset=UTF-8,445.285718ms,,f54fad63
rails,https://api.querybuscas.com/pages/rails,,3428,429,17,3,2,text/plain; charset=UTF-8,445.329356ms,,f54fad64
ramon,https://api.querybuscas.com/pages/ramon,,3429,429,17,3,2,text/plain; charset=UTF-8,278.775124ms,,f54fad65
random,https://api.querybuscas.com/pages/random,,3430,429,17,3,2,text/plain; charset=UTF-8,245.985679ms,,f54fad66
ranks,https://api.querybuscas.com/pages/ranks,,3432,429,17,3,2,text/plain; charset=UTF-8,252.932899ms,,f54fad68
rank,https://api.querybuscas.com/pages/rank,,3431,429,17,3,2,text/plain; charset=UTF-8,262.958836ms,,f54fad67
rar,https://api.querybuscas.com/pages/rar,,3433,429,17,3,2,text/plain; charset=UTF-8,287.652274ms,,f54fad69
rarticles,https://api.querybuscas.com/pages/rarticles,,3434,429,17,3,2,text/plain; charset=UTF-8,347.880785ms,,f54fad6a
ratecomment,https://api.querybuscas.com/pages/ratecomment,,3436,429,17,3,2,text/plain; charset=UTF-8,317.10754ms,,f54fad6c
rate,https://api.querybuscas.com/pages/rate,,3435,429,17,3,2,text/plain; charset=UTF-8,327.450791ms,,f54fad6b
rateit,https://api.querybuscas.com/pages/rateit,,3437,429,17,3,2,text/plain; charset=UTF-8,361.780437ms,,f54fad6d
ratepic,https://api.querybuscas.com/pages/ratepic,,3438,429,17,3,2,text/plain; charset=UTF-8,294.935301ms,,f54fad6e
rates,https://api.querybuscas.com/pages/rates,,3439,429,17,3,2,text/plain; charset=UTF-8,316.008829ms,,f54fad6f
ratethread,https://api.querybuscas.com/pages/ratethread,,3440,429,17,3,2,text/plain; charset=UTF-8,316.081228ms,,f54fad70
rating,https://api.querybuscas.com/pages/rating,,3441,429,17,3,2,text/plain; charset=UTF-8,266.14405ms,,f54fad71
rating0,https://api.querybuscas.com/pages/rating0,,3442,429,17,3,2,text/plain; charset=UTF-8,323.112164ms,,f54fad72
ratings,https://api.querybuscas.com/pages/ratings,,3443,429,17,3,2,text/plain; charset=UTF-8,275.04244ms,,f54fad73
rb,https://api.querybuscas.com/pages/rb,,3444,429,17,3,2,text/plain; charset=UTF-8,275.221068ms,,f54fad74
rcLogin,https://api.querybuscas.com/pages/rcLogin,,3445,429,17,3,2,text/plain; charset=UTF-8,266.926715ms,,f54fad75
rcp,https://api.querybuscas.com/pages/rcp,,3446,429,17,3,2,text/plain; charset=UTF-8,250.190159ms,,f54fad76
rct,https://api.querybuscas.com/pages/rct,,3448,429,17,3,2,text/plain; charset=UTF-8,264.550946ms,,f54fad78
rcs,https://api.querybuscas.com/pages/rcs,,3447,429,17,3,2,text/plain; charset=UTF-8,270.05436ms,,f54fad77
rd,https://api.querybuscas.com/pages/rd,,3449,429,17,3,2,text/plain; charset=UTF-8,243.625675ms,,f54fad79
rdf,https://api.querybuscas.com/pages/rdf,,3450,429,17,3,2,text/plain; charset=UTF-8,252.564563ms,,f54fad7a
rdweb,https://api.querybuscas.com/pages/rdweb,,3451,429,17,3,2,text/plain; charset=UTF-8,297.893187ms,,f54fad7b
read,https://api.querybuscas.com/pages/read,,3452,429,17,3,2,text/plain; charset=UTF-8,310.163712ms,,f54fad7c
reader,https://api.querybuscas.com/pages/reader,,3453,429,17,3,2,text/plain; charset=UTF-8,294.207942ms,,f54fad7d
readfile,https://api.querybuscas.com/pages/readfile,,3454,429,17,3,2,text/plain; charset=UTF-8,285.872132ms,,f54fad7e
readfolder,https://api.querybuscas.com/pages/readfolder,,3455,429,17,3,2,text/plain; charset=UTF-8,246.779991ms,,f54fad7f
readiness,https://api.querybuscas.com/pages/readiness,,3456,429,17,3,2,text/plain; charset=UTF-8,289.527173ms,,f54fad80
readme,https://api.querybuscas.com/pages/readme,,3457,429,17,3,2,text/plain; charset=UTF-8,289.614117ms,,f54fad81
real,https://api.querybuscas.com/pages/real,,3458,429,17,3,2,text/plain; charset=UTF-8,282.035646ms,,f54fad82
realaudio,https://api.querybuscas.com/pages/realaudio,,3459,429,17,3,2,text/plain; charset=UTF-8,275.210149ms,,f54fad83
receipt,https://api.querybuscas.com/pages/receipt,,3461,429,17,3,2,text/plain; charset=UTF-8,253.882809ms,,f54fad85
realestate,https://api.querybuscas.com/pages/realestate,,3460,429,17,3,2,text/plain; charset=UTF-8,259.633445ms,,f54fad84
receipts,https://api.querybuscas.com/pages/receipts,,3462,429,17,3,2,text/plain; charset=UTF-8,246.019849ms,,f54fad86
receive,https://api.querybuscas.com/pages/receive,,3463,429,17,3,2,text/plain; charset=UTF-8,305.218703ms,,f54fad87
received,https://api.querybuscas.com/pages/received,,3464,429,17,3,2,text/plain; charset=UTF-8,284.837533ms,,f54fad88
recent,https://api.querybuscas.com/pages/recent,,3465,429,17,3,2,text/plain; charset=UTF-8,328.187498ms,,f54fad89
recharge,https://api.querybuscas.com/pages/recharge,,3466,429,17,3,2,text/plain; charset=UTF-8,381.231628ms,,f54fad8a
recherche,https://api.querybuscas.com/pages/recherche,,3467,429,17,3,2,text/plain; charset=UTF-8,303.032918ms,,f54fad8b
recipes,https://api.querybuscas.com/pages/recipes,,3468,429,17,3,2,text/plain; charset=UTF-8,293.874429ms,,f54fad8c
recommend,https://api.querybuscas.com/pages/recommend,,3469,429,17,3,2,text/plain; charset=UTF-8,245.306308ms,,f54fad8d
recommends,https://api.querybuscas.com/pages/recommends,,3470,429,17,3,2,text/plain; charset=UTF-8,267.064643ms,,f54fad8e
record,https://api.querybuscas.com/pages/record,,3471,429,17,3,2,text/plain; charset=UTF-8,344.351344ms,,f54fad8f
recorder,https://api.querybuscas.com/pages/recorder,,3473,429,17,3,2,text/plain; charset=UTF-8,346.995634ms,,f54fad91
recorded,https://api.querybuscas.com/pages/recorded,,3472,429,17,3,2,text/plain; charset=UTF-8,347.40643ms,,f54fad90
records,https://api.querybuscas.com/pages/records,,3474,429,17,3,2,text/plain; charset=UTF-8,374.350803ms,,f54fad92
recoverpassword,https://api.querybuscas.com/pages/recoverpassword,,3475,429,17,3,2,text/plain; charset=UTF-8,289.062516ms,,f54fad93
recycle,https://api.querybuscas.com/pages/recycle,,3477,429,17,3,2,text/plain; charset=UTF-8,410.806995ms,,f54fad95
recovery,https://api.querybuscas.com/pages/recovery,,3476,429,17,3,2,text/plain; charset=UTF-8,411.086639ms,,f54fad94
recycled,https://api.querybuscas.com/pages/recycled,,3478,429,17,3,2,text/plain; charset=UTF-8,305.194124ms,,f54fad96
red,https://api.querybuscas.com/pages/red,,3479,429,17,3,2,text/plain; charset=UTF-8,569.38983ms,,f54fad97
redesign,https://api.querybuscas.com/pages/redesign,,3481,429,17,3,2,text/plain; charset=UTF-8,459.238829ms,,f54fad99
reddit,https://api.querybuscas.com/pages/reddit,,3480,429,17,3,2,text/plain; charset=UTF-8,494.782701ms,,f54fad98
redir,https://api.querybuscas.com/pages/redir,,3482,429,17,3,2,text/plain; charset=UTF-8,486.638862ms,,f54fad9a
redirect,https://api.querybuscas.com/pages/redirect,,3483,429,17,3,2,text/plain; charset=UTF-8,277.303919ms,,f54fad9b
redirector,https://api.querybuscas.com/pages/redirector,,3484,429,17,3,2,text/plain; charset=UTF-8,288.640562ms,,f54fad9c
redirects,https://api.querybuscas.com/pages/redirects,,3485,429,17,3,2,text/plain; charset=UTF-8,335.688806ms,,f54fad9d
redis,https://api.querybuscas.com/pages/redis,,3486,429,17,3,2,text/plain; charset=UTF-8,316.66977ms,,f54fad9e
refer,https://api.querybuscas.com/pages/refer,,3488,429,17,3,2,text/plain; charset=UTF-8,253.974992ms,,f54fada0
ref,https://api.querybuscas.com/pages/ref,,3487,429,17,3,2,text/plain; charset=UTF-8,341.559338ms,,f54fad9f
references,https://api.querybuscas.com/pages/references,,3490,429,17,3,2,text/plain; charset=UTF-8,299.370278ms,,f54fada2
reference,https://api.querybuscas.com/pages/reference,,3489,429,17,3,2,text/plain; charset=UTF-8,299.844941ms,,f54fada1
referer,https://api.querybuscas.com/pages/referer,,3491,429,17,3,2,text/plain; charset=UTF-8,225.925982ms,,f54fada3
referral,https://api.querybuscas.com/pages/referral,,3492,429,17,3,2,text/plain; charset=UTF-8,291.026015ms,,f54fada4
refuse,https://api.querybuscas.com/pages/refuse,,3494,429,17,3,2,text/plain; charset=UTF-8,245.184501ms,,f54fada6
referrers,https://api.querybuscas.com/pages/referrers,,3493,429,17,3,2,text/plain; charset=UTF-8,245.6886ms,,f54fada5
refused,https://api.querybuscas.com/pages/refused,,3495,429,17,3,2,text/plain; charset=UTF-8,340.029602ms,,f54fada7
reg,https://api.querybuscas.com/pages/reg,,3496,429,17,3,2,text/plain; charset=UTF-8,326.021444ms,,f54fada8
region,https://api.querybuscas.com/pages/region,,3498,429,17,3,2,text/plain; charset=UTF-8,303.584351ms,,f54fadaa
reginternal,https://api.querybuscas.com/pages/reginternal,,3497,429,17,3,2,text/plain; charset=UTF-8,311.181546ms,,f54fada9
regional,https://api.querybuscas.com/pages/regional,,3499,429,17,3,2,text/plain; charset=UTF-8,286.253031ms,,f54fadab
registered,https://api.querybuscas.com/pages/registered,,3501,429,17,3,2,text/plain; charset=UTF-8,258.014394ms,,f54fadad
register,https://api.querybuscas.com/pages/register,,3500,429,17,3,2,text/plain; charset=UTF-8,265.979629ms,,f54fadac
registration,https://api.querybuscas.com/pages/registration,,3502,429,17,3,2,text/plain; charset=UTF-8,304.42174ms,,f54fadae
registrations,https://api.querybuscas.com/pages/registrations,,3503,429,17,3,2,text/plain; charset=UTF-8,296.550704ms,,f54fadaf
reklama,https://api.querybuscas.com/pages/reklama,,3505,429,17,3,2,text/plain; charset=UTF-8,295.278067ms,,f54fadb1
registro,https://api.querybuscas.com/pages/registro,,3504,429,17,3,2,text/plain; charset=UTF-8,302.864838ms,,f54fadb0
related,https://api.querybuscas.com/pages/related,,3506,429,17,3,2,text/plain; charset=UTF-8,248.887675ms,,f54fadb2
release,https://api.querybuscas.com/pages/release,,3507,429,17,3,2,text/plain; charset=UTF-8,251.328136ms,,f54fadb3
releases,https://api.querybuscas.com/pages/releases,,3508,429,17,3,2,text/plain; charset=UTF-8,250.038607ms,,f54fadb4
religion,https://api.querybuscas.com/pages/religion,,3509,429,17,3,2,text/plain; charset=UTF-8,305.909109ms,,f54fadb5
remind_password,https://api.querybuscas.com/pages/remind_password,,3511,429,17,3,2,text/plain; charset=UTF-8,253.52811ms,,f54fadb7
remote,https://api.querybuscas.com/pages/remote,,3513,429,17,3,2,text/plain; charset=UTF-8,238.049298ms,,f54fadb9
reminder,https://api.querybuscas.com/pages/reminder,,3512,429,17,3,2,text/plain; charset=UTF-8,262.769019ms,,f54fadb8
remotetracer,https://api.querybuscas.com/pages/remotetracer,,3514,429,17,3,2,text/plain; charset=UTF-8,323.510253ms,,f54fadba
removal,https://api.querybuscas.com/pages/removal,,3515,429,17,3,2,text/plain; charset=UTF-8,263.647738ms,,f54fadbb
removals,https://api.querybuscas.com/pages/removals,,3516,429,17,3,2,text/plain; charset=UTF-8,255.546094ms,,f54fadbc
remove,https://api.querybuscas.com/pages/remove,,3517,429,17,3,2,text/plain; charset=UTF-8,353.032545ms,,f54fadbd
removed,https://api.querybuscas.com/pages/removed,,3518,429,17,3,2,text/plain; charset=UTF-8,291.742866ms,,f54fadbe
render,https://api.querybuscas.com/pages/render,,3519,429,17,3,2,text/plain; charset=UTF-8,260.294736ms,,f54fadbf
render?url=https://www.google.com,https://api.querybuscas.com/pages/render?url=https://www.google.com,,3520,429,17,3,2,text/plain; charset=UTF-8,394.19902ms,,f54fadc0
render/https://www.google.com,https://api.querybuscas.com/pages/render/https://www.google.com,,3521,429,17,3,2,text/plain; charset=UTF-8,299.005604ms,,f54fadc1
rendered,https://api.querybuscas.com/pages/rendered,,3522,429,17,3,2,text/plain; charset=UTF-8,267.869483ms,,f54fadc2
reorder,https://api.querybuscas.com/pages/reorder,,3523,429,17,3,2,text/plain; charset=UTF-8,317.388645ms,,f54fadc3
rep,https://api.querybuscas.com/pages/rep,,3524,429,17,3,2,text/plain; charset=UTF-8,287.467467ms,,f54fadc4
repl,https://api.querybuscas.com/pages/repl,,3525,404,2254,107,20,text/html; charset=UTF-8,827.778988ms,,f54fadc5
replica,https://api.querybuscas.com/pages/replica,,3526,404,2254,107,20,text/html; charset=UTF-8,892.649065ms,,f54fadc6
replicas,https://api.querybuscas.com/pages/replicas,,3527,404,2254,107,20,text/html; charset=UTF-8,1.019874554s,,f54fadc7
replicate,https://api.querybuscas.com/pages/replicate,,3528,404,2254,107,20,text/html; charset=UTF-8,993.573192ms,,f54fadc8
replicated,https://api.querybuscas.com/pages/replicated,,3529,404,2254,107,20,text/html; charset=UTF-8,658.293936ms,,f54fadc9
replication,https://api.querybuscas.com/pages/replication,,3530,404,2254,107,20,text/html; charset=UTF-8,567.716353ms,,f54fadca
replicator,https://api.querybuscas.com/pages/replicator,,3531,404,2254,107,20,text/html; charset=UTF-8,603.978953ms,,f54fadcb
reply,https://api.querybuscas.com/pages/reply,,3532,404,2254,107,20,text/html; charset=UTF-8,689.753929ms,,f54fadcc
repo,https://api.querybuscas.com/pages/repo,,3533,404,2254,107,20,text/html; charset=UTF-8,580.564299ms,,f54fadcd
report,https://api.querybuscas.com/pages/report,,3534,404,2254,107,20,text/html; charset=UTF-8,577.568478ms,,f54fadce
reporting,https://api.querybuscas.com/pages/reporting,,3535,404,2254,107,20,text/html; charset=UTF-8,552.493314ms,,f54fadcf
reports,https://api.querybuscas.com/pages/reports,,3536,404,2254,107,20,text/html; charset=UTF-8,670.90395ms,,f54fadd0
repository,https://api.querybuscas.com/pages/repository,,3538,404,2254,107,20,text/html; charset=UTF-8,563.922157ms,,f54fadd2
reports list,https://api.querybuscas.com/pages/reports list,,3537,404,2254,107,20,text/html; charset=UTF-8,663.485103ms,,f54fadd1
repost,https://api.querybuscas.com/pages/repost,,3539,404,2254,107,20,text/html; charset=UTF-8,612.319918ms,,f54fadd3
reportserver,https://api.querybuscas.com/pages/reportserver,,3540,404,2254,107,20,text/html; charset=UTF-8,602.823431ms,,f54fadd4
reprints,https://api.querybuscas.com/pages/reprints,,3541,404,2254,107,20,text/html; charset=UTF-8,601.114738ms,,f54fadd5
reputation,https://api.querybuscas.com/pages/reputation,,3542,404,2254,107,20,text/html; charset=UTF-8,604.745362ms,,f54fadd6
req,https://api.querybuscas.com/pages/req,,3543,404,2254,107,20,text/html; charset=UTF-8,585.240668ms,,f54fadd7
request,https://api.querybuscas.com/pages/request,,3545,404,2254,107,20,text/html; charset=UTF-8,581.316438ms,,f54fadd9
reqs,https://api.querybuscas.com/pages/reqs,,3544,404,2254,107,20,text/html; charset=UTF-8,607.746044ms,,f54fadd8
requested,https://api.querybuscas.com/pages/requested,,3546,404,2254,107,20,text/html; charset=UTF-8,624.180154ms,,f54fadda
requests,https://api.querybuscas.com/pages/requests,,3547,404,2254,107,20,text/html; charset=UTF-8,615.177062ms,,f54faddb
requisite,https://api.querybuscas.com/pages/requisite,,3549,404,2254,107,20,text/html; charset=UTF-8,650.836717ms,,f54faddd
requisition,https://api.querybuscas.com/pages/requisition,,3550,404,2254,107,20,text/html; charset=UTF-8,541.067874ms,,f54fadde
require,https://api.querybuscas.com/pages/require,,3548,404,2254,107,20,text/html; charset=UTF-8,701.625481ms,,f54faddc
requisitions,https://api.querybuscas.com/pages/requisitions,,3551,404,2254,107,20,text/html; charset=UTF-8,587.699261ms,,f54faddf
res,https://api.querybuscas.com/pages/res,,3552,404,2254,107,20,text/html; charset=UTF-8,578.908407ms,,f54fade0
research,https://api.querybuscas.com/pages/research,,3553,404,2254,107,20,text/html; charset=UTF-8,580.329577ms,,f54fade1
reseller,https://api.querybuscas.com/pages/reseller,,3554,404,2254,107,20,text/html; charset=UTF-8,628.223134ms,,f54fade2
resellers,https://api.querybuscas.com/pages/resellers,,3555,404,2254,107,20,text/html; charset=UTF-8,606.754017ms,,f54fade3
reservation,https://api.querybuscas.com/pages/reservation,,3556,404,2254,107,20,text/html; charset=UTF-8,822.322136ms,,f54fade4
reservations,https://api.querybuscas.com/pages/reservations,,3557,404,2254,107,20,text/html; charset=UTF-8,860.246016ms,,f54fade5
resin,https://api.querybuscas.com/pages/resin,,3558,404,2254,107,20,text/html; charset=UTF-8,795.576882ms,,f54fade6
resin-admin,https://api.querybuscas.com/pages/resin-admin,,3559,404,2254,107,20,text/html; charset=UTF-8,716.540229ms,,f54fade7
resize,https://api.querybuscas.com/pages/resize,,3560,404,2254,107,20,text/html; charset=UTF-8,576.752402ms,,f54fade8
resolution,https://api.querybuscas.com/pages/resolution,,3561,404,2254,107,20,text/html; charset=UTF-8,536.688523ms,,f54fade9
resolve,https://api.querybuscas.com/pages/resolve,,3562,404,2254,107,20,text/html; charset=UTF-8,591.467224ms,,f54fadea
resolved,https://api.querybuscas.com/pages/resolved,,3563,404,2254,107,20,text/html; charset=UTF-8,593.437817ms,,f54fadeb
resource,https://api.querybuscas.com/pages/resource,,3564,404,2254,107,20,text/html; charset=UTF-8,510.704451ms,,f54fadec
resources,https://api.querybuscas.com/pages/resources,,3565,404,2254,107,20,text/html; charset=UTF-8,545.650576ms,,f54faded
respond,https://api.querybuscas.com/pages/respond,,3566,404,2254,107,20,text/html; charset=UTF-8,547.786303ms,,f54fadee
responder,https://api.querybuscas.com/pages/responder,,3567,404,2254,107,20,text/html; charset=UTF-8,530.642153ms,,f54fadef
rest,https://api.querybuscas.com/pages/rest,,3568,404,2254,107,20,text/html; charset=UTF-8,571.250017ms,,f54fadf0
restaurants,https://api.querybuscas.com/pages/restaurants,,3569,404,2254,107,20,text/html; charset=UTF-8,539.689604ms,,f54fadf1
restore,https://api.querybuscas.com/pages/restore,,3570,404,2254,107,20,text/html; charset=UTF-8,596.673181ms,,f54fadf2
restored,https://api.querybuscas.com/pages/restored,,3571,404,2254,107,20,text/html; charset=UTF-8,627.166553ms,,f54fadf3
restricted,https://api.querybuscas.com/pages/restricted,,3572,404,2254,107,20,text/html; charset=UTF-8,534.171053ms,,f54fadf4
result,https://api.querybuscas.com/pages/result,,3573,404,2254,107,20,text/html; charset=UTF-8,539.619458ms,,f54fadf5
results,https://api.querybuscas.com/pages/results,,3574,404,2254,107,20,text/html; charset=UTF-8,579.431716ms,,f54fadf6
resume,https://api.querybuscas.com/pages/resume,,3575,404,2254,107,20,text/html; charset=UTF-8,660.431861ms,,f54fadf7
retail,https://api.querybuscas.com/pages/retail,,3577,404,2254,107,20,text/html; charset=UTF-8,533.582187ms,,f54fadf9
resumes,https://api.querybuscas.com/pages/resumes,,3576,404,2254,107,20,text/html; charset=UTF-8,568.217866ms,,f54fadf8
returns,https://api.querybuscas.com/pages/returns,,3578,404,2254,107,20,text/html; charset=UTF-8,657.217179ms,,f54fadfa
reusablecontent,https://api.querybuscas.com/pages/reusablecontent,,3579,404,2254,107,20,text/html; charset=UTF-8,565.471932ms,,f54fadfb
reverse,https://api.querybuscas.com/pages/reverse,,3580,404,2254,107,20,text/html; charset=UTF-8,824.631634ms,,f54fadfc
reversed,https://api.querybuscas.com/pages/reversed,,3581,404,2254,107,20,text/html; charset=UTF-8,862.787607ms,,f54fadfd
revert,https://api.querybuscas.com/pages/revert,,3582,404,2254,107,20,text/html; charset=UTF-8,680.56914ms,,f54fadfe
reverted,https://api.querybuscas.com/pages/reverted,,3583,404,2254,107,20,text/html; charset=UTF-8,665.678598ms,,f54fadff
review,https://api.querybuscas.com/pages/review,,3584,404,2254,107,20,text/html; charset=UTF-8,507.964035ms,,f54fae00
reviews,https://api.querybuscas.com/pages/reviews,,3585,404,2254,107,20,text/html; charset=UTF-8,536.465634ms,,f54fae01
rfid,https://api.querybuscas.com/pages/rfid,,3586,404,2254,107,20,text/html; charset=UTF-8,503.148551ms,,f54fae02
right,https://api.querybuscas.com/pages/right,,3588,429,17,3,2,text/plain; charset=UTF-8,280.268118ms,,f54fae04
rhtml,https://api.querybuscas.com/pages/rhtml,,3587,404,2254,107,20,text/html; charset=UTF-8,606.458002ms,,f54fae03
roadmap,https://api.querybuscas.com/pages/roadmap,,3590,429,17,3,2,text/plain; charset=UTF-8,302.353437ms,,f54fae06
ro,https://api.querybuscas.com/pages/ro,,3589,429,17,3,2,text/plain; charset=UTF-8,362.240369ms,,f54fae05
roam,https://api.querybuscas.com/pages/roam,,3591,429,17,3,2,text/plain; charset=UTF-8,239.09158ms,,f54fae07
roaming,https://api.querybuscas.com/pages/roaming,,3592,429,17,3,2,text/plain; charset=UTF-8,322.813863ms,,f54fae08
robot,https://api.querybuscas.com/pages/robot,,3593,429,17,3,2,text/plain; charset=UTF-8,302.382992ms,,f54fae09
robotics,https://api.querybuscas.com/pages/robotics,,3594,429,17,3,2,text/plain; charset=UTF-8,301.729634ms,,f54fae0a
robots,https://api.querybuscas.com/pages/robots,,3595,429,17,3,2,text/plain; charset=UTF-8,283.449907ms,,f54fae0b
robots.txt,https://api.querybuscas.com/pages/robots.txt,,3596,429,17,3,2,text/plain; charset=UTF-8,300.761219ms,,f54fae0c
roles,https://api.querybuscas.com/pages/roles,,3598,429,17,3,2,text/plain; charset=UTF-8,297.362013ms,,f54fae0e
role,https://api.querybuscas.com/pages/role,,3597,429,17,3,2,text/plain; charset=UTF-8,311.683695ms,,f54fae0d
roller,https://api.querybuscas.com/pages/roller,,3599,429,17,3,2,text/plain; charset=UTF-8,260.161447ms,,f54fae0f
room,https://api.querybuscas.com/pages/room,,3600,429,17,3,2,text/plain; charset=UTF-8,269.052991ms,,f54fae10
rorentity,https://api.querybuscas.com/pages/rorentity,,3602,429,17,3,2,text/plain; charset=UTF-8,238.991889ms,,f54fae12
root,https://api.querybuscas.com/pages/root,,3601,429,17,3,2,text/plain; charset=UTF-8,257.615827ms,,f54fae11
rorindex,https://api.querybuscas.com/pages/rorindex,,3603,429,17,3,2,text/plain; charset=UTF-8,333.714663ms,,f54fae13
rortopics,https://api.querybuscas.com/pages/rortopics,,3604,429,17,3,2,text/plain; charset=UTF-8,265.337198ms,,f54fae14
router,https://api.querybuscas.com/pages/router,,3606,429,17,3,2,text/plain; charset=UTF-8,249.29842ms,,f54fae16
route,https://api.querybuscas.com/pages/route,,3605,429,17,3,2,text/plain; charset=UTF-8,259.712337ms,,f54fae15
routes,https://api.querybuscas.com/pages/routes,,3607,429,17,3,2,text/plain; charset=UTF-8,319.816232ms,,f54fae17
rpc,https://api.querybuscas.com/pages/rpc,,3608,429,17,3,2,text/plain; charset=UTF-8,337.113582ms,,f54fae18
rsa,https://api.querybuscas.com/pages/rsa,,3610,429,17,3,2,text/plain; charset=UTF-8,356.414341ms,,f54fae1a
rs,https://api.querybuscas.com/pages/rs,,3609,429,17,3,2,text/plain; charset=UTF-8,362.271051ms,,f54fae19
rss10,https://api.querybuscas.com/pages/rss10,,3612,429,17,3,2,text/plain; charset=UTF-8,259.516743ms,,f54fae1c
rss,https://api.querybuscas.com/pages/rss,,3611,429,17,3,2,text/plain; charset=UTF-8,320.814915ms,,f54fae1b
rss2,https://api.querybuscas.com/pages/rss2,,3613,429,17,3,2,text/plain; charset=UTF-8,358.330217ms,,f54fae1d
rss20,https://api.querybuscas.com/pages/rss20,,3614,429,17,3,2,text/plain; charset=UTF-8,358.285939ms,,f54fae1e
rssfeed,https://api.querybuscas.com/pages/rssfeed,,3616,429,17,3,2,text/plain; charset=UTF-8,343.731408ms,,f54fae20
rssarticle,https://api.querybuscas.com/pages/rssarticle,,3615,429,17,3,2,text/plain; charset=UTF-8,346.830502ms,,f54fae1f
rte,https://api.querybuscas.com/pages/rte,,3618,429,17,3,2,text/plain; charset=UTF-8,273.928907ms,,f54fae22
rsync,https://api.querybuscas.com/pages/rsync,,3617,429,17,3,2,text/plain; charset=UTF-8,288.96126ms,,f54fae21
ru,https://api.querybuscas.com/pages/ru,,3620,429,17,3,2,text/plain; charset=UTF-8,237.89131ms,,f54fae24
rtf,https://api.querybuscas.com/pages/rtf,,3619,429,17,3,2,text/plain; charset=UTF-8,243.252945ms,,f54fae23
rub,https://api.querybuscas.com/pages/rub,,3621,429,17,3,2,text/plain; charset=UTF-8,246.179972ms,,f54fae25
ruby,https://api.querybuscas.com/pages/ruby,,3622,429,17,3,2,text/plain; charset=UTF-8,242.114146ms,,f54fae26
rule,https://api.querybuscas.com/pages/rule,,3623,429,17,3,2,text/plain; charset=UTF-8,241.619748ms,,f54fae27
rules,https://api.querybuscas.com/pages/rules,,3624,429,17,3,2,text/plain; charset=UTF-8,289.323099ms,,f54fae28
run,https://api.querybuscas.com/pages/run,,3625,429,17,3,2,text/plain; charset=UTF-8,293.90593ms,,f54fae29
rus,https://api.querybuscas.com/pages/rus,,3626,429,17,3,2,text/plain; charset=UTF-8,293.738504ms,,f54fae2a
rwservlet,https://api.querybuscas.com/pages/rwservlet,,3627,429,17,3,2,text/plain; charset=UTF-8,319.403048ms,,f54fae2b
s,https://api.querybuscas.com/pages/s,,3628,429,17,3,2,text/plain; charset=UTF-8,308.709018ms,,f54fae2c
s1,https://api.querybuscas.com/pages/s1,,3629,429,17,3,2,text/plain; charset=UTF-8,250.96332ms,,f54fae2d
sa,https://api.querybuscas.com/pages/sa,,3630,429,17,3,2,text/plain; charset=UTF-8,329.143944ms,,f54fae2e
safe,https://api.querybuscas.com/pages/safe,,3631,429,17,3,2,text/plain; charset=UTF-8,295.704534ms,,f54fae2f
safety,https://api.querybuscas.com/pages/safety,,3632,429,17,3,2,text/plain; charset=UTF-8,255.731379ms,,f54fae30
sale,https://api.querybuscas.com/pages/sale,,3633,429,17,3,2,text/plain; charset=UTF-8,355.321292ms,,f54fae31
sales,https://api.querybuscas.com/pages/sales,,3634,429,17,3,2,text/plain; charset=UTF-8,325.383627ms,,f54fae32
salesforce,https://api.querybuscas.com/pages/salesforce,,3635,429,17,3,2,text/plain; charset=UTF-8,291.44116ms,,f54fae33
sam,https://api.querybuscas.com/pages/sam,,3636,429,17,3,2,text/plain; charset=UTF-8,348.857308ms,,f54fae34
samba,https://api.querybuscas.com/pages/samba,,3637,429,17,3,2,text/plain; charset=UTF-8,299.751895ms,,f54fae35
saml,https://api.querybuscas.com/pages/saml,,3638,429,17,3,2,text/plain; charset=UTF-8,273.08436ms,,f54fae36
samples,https://api.querybuscas.com/pages/samples,,3640,429,17,3,2,text/plain; charset=UTF-8,234.655217ms,,f54fae38
sample,https://api.querybuscas.com/pages/sample,,3639,429,17,3,2,text/plain; charset=UTF-8,297.041102ms,,f54fae37
san,https://api.querybuscas.com/pages/san,,3641,429,17,3,2,text/plain; charset=UTF-8,294.771815ms,,f54fae39
sandbox,https://api.querybuscas.com/pages/sandbox,,3642,429,17,3,2,text/plain; charset=UTF-8,278.641676ms,,f54fae3a
sav,https://api.querybuscas.com/pages/sav,,3643,429,17,3,2,text/plain; charset=UTF-8,275.461197ms,,f54fae3b
save,https://api.querybuscas.com/pages/save,,3644,429,17,3,2,text/plain; charset=UTF-8,353.922021ms,,f54fae3c
saved,https://api.querybuscas.com/pages/saved,,3645,429,17,3,2,text/plain; charset=UTF-8,245.848526ms,,f54fae3d
saves,https://api.querybuscas.com/pages/saves,,3646,429,17,3,2,text/plain; charset=UTF-8,272.477109ms,,f54fae3e
sbin,https://api.querybuscas.com/pages/sbin,,3648,429,17,3,2,text/plain; charset=UTF-8,338.165261ms,,f54fae40
sb,https://api.querybuscas.com/pages/sb,,3647,429,17,3,2,text/plain; charset=UTF-8,433.938462ms,,f54fae3f
sc,https://api.querybuscas.com/pages/sc,,3649,429,17,3,2,text/plain; charset=UTF-8,289.546914ms,,f54fae41
scan,https://api.querybuscas.com/pages/scan,,3650,429,17,3,2,text/plain; charset=UTF-8,305.571124ms,,f54fae42
scans,https://api.querybuscas.com/pages/scans,,3652,429,17,3,2,text/plain; charset=UTF-8,274.145879ms,,f54fae44
scanned,https://api.querybuscas.com/pages/scanned,,3651,429,17,3,2,text/plain; charset=UTF-8,313.063798ms,,f54fae43
scgi-bin,https://api.querybuscas.com/pages/scgi-bin,,3653,429,17,3,2,text/plain; charset=UTF-8,266.769812ms,,f54fae45
sched,https://api.querybuscas.com/pages/sched,,3654,429,17,3,2,text/plain; charset=UTF-8,385.064408ms,,f54fae46
schedule,https://api.querybuscas.com/pages/schedule,,3655,429,17,3,2,text/plain; charset=UTF-8,264.312053ms,,f54fae47
scheduling,https://api.querybuscas.com/pages/scheduling,,3657,429,17,3,2,text/plain; charset=UTF-8,239.159314ms,,f54fae49
scheduled,https://api.querybuscas.com/pages/scheduled,,3656,429,17,3,2,text/plain; charset=UTF-8,245.250588ms,,f54fae48
schema,https://api.querybuscas.com/pages/schema,,3658,429,17,3,2,text/plain; charset=UTF-8,224.984979ms,,f54fae4a
schemes,https://api.querybuscas.com/pages/schemes,,3660,429,17,3,2,text/plain; charset=UTF-8,299.475598ms,,f54fae4c
schemas,https://api.querybuscas.com/pages/schemas,,3659,429,17,3,2,text/plain; charset=UTF-8,318.97655ms,,f54fae4b
school,https://api.querybuscas.com/pages/school,,3661,429,17,3,2,text/plain; charset=UTF-8,311.763049ms,,f54fae4d
schools,https://api.querybuscas.com/pages/schools,,3662,429,17,3,2,text/plain; charset=UTF-8,376.019856ms,,f54fae4e
science,https://api.querybuscas.com/pages/science,,3663,429,17,3,2,text/plain; charset=UTF-8,258.816344ms,,f54fae4f
scr,https://api.querybuscas.com/pages/scr,,3665,429,17,3,2,text/plain; charset=UTF-8,270.46563ms,,f54fae51
scope,https://api.querybuscas.com/pages/scope,,3664,429,17,3,2,text/plain; charset=UTF-8,270.528149ms,,f54fae50
scratc,https://api.querybuscas.com/pages/scratc,,3666,429,17,3,2,text/plain; charset=UTF-8,290.946054ms,,f54fae52
screen,https://api.querybuscas.com/pages/screen,,3667,429,17,3,2,text/plain; charset=UTF-8,289.593733ms,,f54fae53
screens,https://api.querybuscas.com/pages/screens,,3668,429,17,3,2,text/plain; charset=UTF-8,446.190223ms,,f54fae54
screenshot,https://api.querybuscas.com/pages/screenshot,,3669,429,17,3,2,text/plain; charset=UTF-8,446.297446ms,,f54fae55
screenshots,https://api.querybuscas.com/pages/screenshots,,3670,429,17,3,2,text/plain; charset=UTF-8,301.939886ms,,f54fae56
script,https://api.querybuscas.com/pages/script,,3671,429,17,3,2,text/plain; charset=UTF-8,344.021564ms,,f54fae57
scripte,https://api.querybuscas.com/pages/scripte,,3672,429,17,3,2,text/plain; charset=UTF-8,413.967387ms,,f54fae58
scriptlet,https://api.querybuscas.com/pages/scriptlet,,3673,429,17,3,2,text/plain; charset=UTF-8,414.057332ms,,f54fae59
scriptlets,https://api.querybuscas.com/pages/scriptlets,,3674,429,17,3,2,text/plain; charset=UTF-8,387.560203ms,,f54fae5a
scriptlibrary,https://api.querybuscas.com/pages/scriptlibrary,,3675,429,17,3,2,text/plain; charset=UTF-8,382.562271ms,,f54fae5b
scriptresource,https://api.querybuscas.com/pages/scriptresource,,3676,429,17,3,2,text/plain; charset=UTF-8,284.470558ms,,f54fae5c
scripts,https://api.querybuscas.com/pages/scripts,,3677,429,17,3,2,text/plain; charset=UTF-8,284.631498ms,,f54fae5d
sd,https://api.querybuscas.com/pages/sd,,3678,429,17,3,2,text/plain; charset=UTF-8,230.605242ms,,f54fae5e
sdk,https://api.querybuscas.com/pages/sdk,,3679,429,17,3,2,text/plain; charset=UTF-8,274.025698ms,,f54fae5f
se,https://api.querybuscas.com/pages/se,,3680,429,17,3,2,text/plain; charset=UTF-8,219.62824ms,,f54fae60
search,https://api.querybuscas.com/pages/search,,3681,429,17,3,2,text/plain; charset=UTF-8,274.055145ms,,f54fae61
search-results,https://api.querybuscas.com/pages/search-results,,3682,429,17,3,2,text/plain; charset=UTF-8,250.630571ms,,f54fae62
search_result,https://api.querybuscas.com/pages/search_result,,3683,429,17,3,2,text/plain; charset=UTF-8,241.995087ms,,f54fae63
search_results,https://api.querybuscas.com/pages/search_results,,3684,429,17,3,2,text/plain; charset=UTF-8,310.356704ms,,f54fae64
searchresults,https://api.querybuscas.com/pages/searchresults,,3686,429,17,3,2,text/plain; charset=UTF-8,367.127125ms,,f54fae66
searchnx,https://api.querybuscas.com/pages/searchnx,,3685,429,17,3,2,text/plain; charset=UTF-8,367.576379ms,,f54fae65
searchurl,https://api.querybuscas.com/pages/searchurl,,3687,429,17,3,2,text/plain; charset=UTF-8,319.576144ms,,f54fae67
sec,https://api.querybuscas.com/pages/sec,,3688,429,17,3,2,text/plain; charset=UTF-8,328.315015ms,,f54fae68
second,https://api.querybuscas.com/pages/second,,3690,429,17,3,2,text/plain; charset=UTF-8,242.142948ms,,f54fae6a
seccode,https://api.querybuscas.com/pages/seccode,,3689,429,17,3,2,text/plain; charset=UTF-8,244.700026ms,,f54fae69
secondary,https://api.querybuscas.com/pages/secondary,,3691,429,17,3,2,text/plain; charset=UTF-8,283.467712ms,,f54fae6b
secret,https://api.querybuscas.com/pages/secret,,3692,429,17,3,2,text/plain; charset=UTF-8,263.269371ms,,f54fae6c
section,https://api.querybuscas.com/pages/section,,3694,429,17,3,2,text/plain; charset=UTF-8,241.215924ms,,f54fae6e
secrets,https://api.querybuscas.com/pages/secrets,,3693,429,17,3,2,text/plain; charset=UTF-8,243.845473ms,,f54fae6d
sections,https://api.querybuscas.com/pages/sections,,3695,429,17,3,2,text/plain; charset=UTF-8,287.277369ms,,f54fae6f
secureauth,https://api.querybuscas.com/pages/secureauth,,3698,429,17,3,2,text/plain; charset=UTF-8,254.353667ms,,f54fae72
secure,https://api.querybuscas.com/pages/secure,,3696,429,17,3,2,text/plain; charset=UTF-8,297.737193ms,,f54fae70
secure_login,https://api.querybuscas.com/pages/secure_login,,3697,429,17,3,2,text/plain; charset=UTF-8,295.437907ms,,f54fae71
secured,https://api.querybuscas.com/pages/secured,,3699,429,17,3,2,text/plain; charset=UTF-8,251.507192ms,,f54fae73
securimage,https://api.querybuscas.com/pages/securimage,,3702,429,17,3,2,text/plain; charset=UTF-8,295.825977ms,,f54fae76
security,https://api.querybuscas.com/pages/security,,3703,429,17,3,2,text/plain; charset=UTF-8,246.818491ms,,f54fae77
secureprocess,https://api.querybuscas.com/pages/secureprocess,,3701,429,17,3,2,text/plain; charset=UTF-8,332.976657ms,,f54fae75
secureform,https://api.querybuscas.com/pages/secureform,,3700,429,17,3,2,text/plain; charset=UTF-8,370.999929ms,,f54fae74
security.txt,https://api.querybuscas.com/pages/security.txt,,3704,429,17,3,2,text/plain; charset=UTF-8,250.669243ms,,f54fae78
select,https://api.querybuscas.com/pages/select,,3706,429,17,3,2,text/plain; charset=UTF-8,236.358836ms,,f54fae7a
seed,https://api.querybuscas.com/pages/seed,,3705,429,17,3,2,text/plain; charset=UTF-8,236.363209ms,,f54fae79
selectaddress,https://api.querybuscas.com/pages/selectaddress,,3707,429,17,3,2,text/plain; charset=UTF-8,276.578367ms,,f54fae7b
selected,https://api.querybuscas.com/pages/selected,,3708,429,17,3,2,text/plain; charset=UTF-8,274.119983ms,,f54fae7c
selection,https://api.querybuscas.com/pages/selection,,3709,429,17,3,2,text/plain; charset=UTF-8,259.159178ms,,f54fae7d
self,https://api.querybuscas.com/pages/self,,3710,429,17,3,2,text/plain; charset=UTF-8,298.433635ms,,f54fae7e
sell,https://api.querybuscas.com/pages/sell,,3711,429,17,3,2,text/plain; charset=UTF-8,284.967919ms,,f54fae7f
sem,https://api.querybuscas.com/pages/sem,,3712,429,17,3,2,text/plain; charset=UTF-8,271.27427ms,,f54fae80
seminar,https://api.querybuscas.com/pages/seminar,,3713,429,17,3,2,text/plain; charset=UTF-8,276.042784ms,,f54fae81
seminars,https://api.querybuscas.com/pages/seminars,,3714,429,17,3,2,text/plain; charset=UTF-8,242.078352ms,,f54fae82
send,https://api.querybuscas.com/pages/send,,3715,429,17,3,2,text/plain; charset=UTF-8,227.683871ms,,f54fae83
send-password,https://api.querybuscas.com/pages/send-password,,3716,429,17,3,2,text/plain; charset=UTF-8,248.290574ms,,f54fae84
send_order,https://api.querybuscas.com/pages/send_order,,3718,429,17,3,2,text/plain; charset=UTF-8,233.422428ms,,f54fae86
send-email,https://api.querybuscas.com/pages/send-email,,3717,429,17,3,2,text/plain; charset=UTF-8,241.582906ms,,f54fae85
send_pwd,https://api.querybuscas.com/pages/send_pwd,,3719,429,17,3,2,text/plain; charset=UTF-8,272.530382ms,,f54fae87
sendform,https://api.querybuscas.com/pages/sendform,,3721,429,17,3,2,text/plain; charset=UTF-8,241.580203ms,,f54fae89
send_to_friend,https://api.querybuscas.com/pages/send_to_friend,,3720,429,17,3,2,text/plain; charset=UTF-8,242.024026ms,,f54fae88
sendfriend,https://api.querybuscas.com/pages/sendfriend,,3722,429,17,3,2,text/plain; charset=UTF-8,239.299951ms,,f54fae8a
sendmail,https://api.querybuscas.com/pages/sendmail,,3723,429,17,3,2,text/plain; charset=UTF-8,376.726682ms,,f54fae8b
sendmessage,https://api.querybuscas.com/pages/sendmessage,,3724,404,2254,107,20,text/html; charset=UTF-8,516.453858ms,,f54fae8c
sendpm,https://api.querybuscas.com/pages/sendpm,,3725,404,2254,107,20,text/html; charset=UTF-8,523.776796ms,,f54fae8d
sendthread,https://api.querybuscas.com/pages/sendthread,,3726,404,2254,107,20,text/html; charset=UTF-8,524.26077ms,,f54fae8e
sendto,https://api.querybuscas.com/pages/sendto,,3727,404,2254,107,20,text/html; charset=UTF-8,543.9517ms,,f54fae8f
sendtofriend,https://api.querybuscas.com/pages/sendtofriend,,3728,404,2254,107,20,text/html; charset=UTF-8,526.977171ms,,f54fae90
sensepost,https://api.querybuscas.com/pages/sensepost,,3729,404,2254,107,20,text/html; charset=UTF-8,560.2555ms,,f54fae91
sensor,https://api.querybuscas.com/pages/sensor,,3730,404,2254,107,20,text/html; charset=UTF-8,577.005128ms,,f54fae92
sent,https://api.querybuscas.com/pages/sent,,3731,404,2254,107,20,text/html; charset=UTF-8,517.058981ms,,f54fae93
seo,https://api.querybuscas.com/pages/seo,,3732,404,2254,107,20,text/html; charset=UTF-8,567.674912ms,,f54fae94
serial,https://api.querybuscas.com/pages/serial,,3733,404,2254,107,20,text/html; charset=UTF-8,555.50476ms,,f54fae95
serv,https://api.querybuscas.com/pages/serv,,3734,404,2254,107,20,text/html; charset=UTF-8,659.846341ms,,f54fae96
serve,https://api.querybuscas.com/pages/serve,,3735,404,2254,107,20,text/html; charset=UTF-8,630.300316ms,,f54fae97
server,https://api.querybuscas.com/pages/server,,3736,404,2254,107,20,text/html; charset=UTF-8,648.987346ms,,f54fae98
server-info,https://api.querybuscas.com/pages/server-info,,3737,404,2254,107,20,text/html; charset=UTF-8,626.779902ms,,f54fae99
server-status,https://api.querybuscas.com/pages/server-status,,3738,404,2254,107,20,text/html; charset=UTF-8,609.459635ms,,f54fae9a
server_admin_small,https://api.querybuscas.com/pages/server_admin_small,,3739,404,2254,107,20,text/html; charset=UTF-8,517.674446ms,,f54fae9b
server_stats,https://api.querybuscas.com/pages/server_stats,,3740,404,2254,107,20,text/html; charset=UTF-8,645.323608ms,,f54fae9c
servers,https://api.querybuscas.com/pages/servers,,3741,404,2254,107,20,text/html; charset=UTF-8,658.532951ms,,f54fae9d
service,https://api.querybuscas.com/pages/service,,3742,404,2254,107,20,text/html; charset=UTF-8,677.740357ms,,f54fae9e
services,https://api.querybuscas.com/pages/services,,3743,404,2254,107,20,text/html; charset=UTF-8,726.836306ms,,f54fae9f
servicios,https://api.querybuscas.com/pages/servicios,,3744,404,2254,107,20,text/html; charset=UTF-8,541.451233ms,,f54faea0
servlet,https://api.querybuscas.com/pages/servlet,,3745,404,2254,107,20,text/html; charset=UTF-8,586.817719ms,,f54faea1
servlets,https://api.querybuscas.com/pages/servlets,,3746,404,2254,107,20,text/html; charset=UTF-8,565.740236ms,,f54faea2
servlets-examples,https://api.querybuscas.com/pages/servlets-examples,,3747,404,2254,107,20,text/html; charset=UTF-8,602.525854ms,,f54faea3
servlet/GetProductVersion,https://api.querybuscas.com/pages/servlet/GetProductVersion,,3748,404,2254,107,20,text/html; charset=UTF-8,616.589956ms,,f54faea4
sess,https://api.querybuscas.com/pages/sess,,3749,404,2254,107,20,text/html; charset=UTF-8,594.064239ms,,f54faea5
session,https://api.querybuscas.com/pages/session,,3750,404,2254,107,20,text/html; charset=UTF-8,530.766218ms,,f54faea6
sessionid,https://api.querybuscas.com/pages/sessionid,,3751,404,2254,107,20,text/html; charset=UTF-8,560.3399ms,,f54faea7
set,https://api.querybuscas.com/pages/set,,3753,404,2254,107,20,text/html; charset=UTF-8,549.075214ms,,f54faea9
sessions,https://api.querybuscas.com/pages/sessions,,3752,404,2254,107,20,text/html; charset=UTF-8,631.996127ms,,f54faea8
setcurrency,https://api.querybuscas.com/pages/setcurrency,,3754,404,2254,107,20,text/html; charset=UTF-8,588.875946ms,,f54faeaa
setlocale,https://api.querybuscas.com/pages/setlocale,,3755,404,2254,107,20,text/html; charset=UTF-8,604.952307ms,,f54faeab
setting,https://api.querybuscas.com/pages/setting,,3756,404,2254,107,20,text/html; charset=UTF-8,552.993598ms,,f54faeac
settings,https://api.querybuscas.com/pages/settings,,3757,404,2254,107,20,text/html; charset=UTF-8,571.602729ms,,f54faead
setup,https://api.querybuscas.com/pages/setup,,3758,404,2254,107,20,text/html; charset=UTF-8,589.299891ms,,f54faeae
setvatsetting,https://api.querybuscas.com/pages/setvatsetting,,3759,404,2254,107,20,text/html; charset=UTF-8,575.190902ms,,f54faeaf
sex,https://api.querybuscas.com/pages/sex,,3760,404,2254,107,20,text/html; charset=UTF-8,529.567121ms,,f54faeb0
sg,https://api.querybuscas.com/pages/sg,,3762,404,2254,107,20,text/html; charset=UTF-8,507.152738ms,,f54faeb2
sf,https://api.querybuscas.com/pages/sf,,3761,404,2254,107,20,text/html; charset=UTF-8,603.416022ms,,f54faeb1
sh,https://api.querybuscas.com/pages/sh,,3763,404,2254,107,20,text/html; charset=UTF-8,573.387113ms,,f54faeb3
shadow,https://api.querybuscas.com/pages/shadow,,3764,404,2254,107,20,text/html; charset=UTF-8,573.848322ms,,f54faeb4
shaken,https://api.querybuscas.com/pages/shaken,,3765,404,2254,107,20,text/html; charset=UTF-8,564.31432ms,,f54faeb5
share,https://api.querybuscas.com/pages/share,,3766,404,2254,107,20,text/html; charset=UTF-8,595.558373ms,,f54faeb6
shared,https://api.querybuscas.com/pages/shared,,3767,404,2254,107,20,text/html; charset=UTF-8,639.535502ms,,f54faeb7
shares,https://api.querybuscas.com/pages/shares,,3768,404,2254,107,20,text/html; charset=UTF-8,575.084083ms,,f54faeb8
shell,https://api.querybuscas.com/pages/shell,,3769,404,2254,107,20,text/html; charset=UTF-8,614.189222ms,,f54faeb9
shim,https://api.querybuscas.com/pages/shim,,3770,404,2254,107,20,text/html; charset=UTF-8,576.753628ms,,f54faeba
ship,https://api.querybuscas.com/pages/ship,,3771,404,2254,107,20,text/html; charset=UTF-8,550.8431ms,,f54faebb
shipped,https://api.querybuscas.com/pages/shipped,,3772,404,2254,107,20,text/html; charset=UTF-8,520.467132ms,,f54faebc
shipping,https://api.querybuscas.com/pages/shipping,,3773,404,2254,107,20,text/html; charset=UTF-8,556.717832ms,,f54faebd
shipping_help,https://api.querybuscas.com/pages/shipping_help,,3774,404,2254,107,20,text/html; charset=UTF-8,601.726945ms,,f54faebe
shippinginfo,https://api.querybuscas.com/pages/shippinginfo,,3775,404,2254,107,20,text/html; charset=UTF-8,663.262629ms,,f54faebf
shipquote,https://api.querybuscas.com/pages/shipquote,,3776,404,2254,107,20,text/html; charset=UTF-8,617.243856ms,,f54faec0
shit,https://api.querybuscas.com/pages/shit,,3777,404,2254,107,20,text/html; charset=UTF-8,543.229093ms,,f54faec1
shockwave,https://api.querybuscas.com/pages/shockwave,,3778,404,2254,107,20,text/html; charset=UTF-8,588.67965ms,,f54faec2
shop,https://api.querybuscas.com/pages/shop,,3779,404,2254,107,20,text/html; charset=UTF-8,564.638533ms,,f54faec3
shop_closed,https://api.querybuscas.com/pages/shop_closed,,3780,404,2254,107,20,text/html; charset=UTF-8,527.108438ms,,f54faec4
shop_content,https://api.querybuscas.com/pages/shop_content,,3781,404,2254,107,20,text/html; charset=UTF-8,606.912474ms,,f54faec5
shopadmin,https://api.querybuscas.com/pages/shopadmin,,3782,404,2254,107,20,text/html; charset=UTF-8,575.684753ms,,f54faec6
shopper,https://api.querybuscas.com/pages/shopper,,3783,404,2254,107,20,text/html; charset=UTF-8,577.827816ms,,f54faec7
shopping_cart,https://api.querybuscas.com/pages/shopping_cart,,3786,429,17,3,2,text/plain; charset=UTF-8,280.118641ms,,f54faeca
shopping,https://api.querybuscas.com/pages/shopping,,3784,404,2254,107,20,text/html; charset=UTF-8,563.536168ms,,f54faec8
shopping-lists,https://api.querybuscas.com/pages/shopping-lists,,3785,404,2254,107,20,text/html; charset=UTF-8,540.759244ms,,f54faec9
shoppingcart,https://api.querybuscas.com/pages/shoppingcart,,3787,429,17,3,2,text/plain; charset=UTF-8,246.666908ms,,f54faecb
shops,https://api.querybuscas.com/pages/shops,,3788,429,17,3,2,text/plain; charset=UTF-8,251.370963ms,,f54faecc
shops_buyaction,https://api.querybuscas.com/pages/shops_buyaction,,3789,429,17,3,2,text/plain; charset=UTF-8,276.496827ms,,f54faecd
shopstat,https://api.querybuscas.com/pages/shopstat,,3790,429,17,3,2,text/plain; charset=UTF-8,283.348514ms,,f54faece
shopsys,https://api.querybuscas.com/pages/shopsys,,3791,429,17,3,2,text/plain; charset=UTF-8,275.267751ms,,f54faecf
shoutbox,https://api.querybuscas.com/pages/shoutbox,,3792,429,17,3,2,text/plain; charset=UTF-8,277.735243ms,,f54faed0
show,https://api.querybuscas.com/pages/show,,3793,429,17,3,2,text/plain; charset=UTF-8,375.56235ms,,f54faed1
show_post,https://api.querybuscas.com/pages/show_post,,3794,429,17,3,2,text/plain; charset=UTF-8,284.737103ms,,f54faed2
show_thread,https://api.querybuscas.com/pages/show_thread,,3795,429,17,3,2,text/plain; charset=UTF-8,283.503913ms,,f54faed3
showallsites,https://api.querybuscas.com/pages/showallsites,,3796,429,17,3,2,text/plain; charset=UTF-8,238.3417ms,,f54faed4
showcase,https://api.querybuscas.com/pages/showcase,,3797,429,17,3,2,text/plain; charset=UTF-8,324.316266ms,,f54faed5
showcat,https://api.querybuscas.com/pages/showcat,,3798,429,17,3,2,text/plain; charset=UTF-8,276.873438ms,,f54faed6
showcode.asp,https://api.querybuscas.com/pages/showcode.asp,,3800,429,17,3,2,text/plain; charset=UTF-8,282.395923ms,,f54faed8
showcode,https://api.querybuscas.com/pages/showcode,,3799,429,17,3,2,text/plain; charset=UTF-8,295.933457ms,,f54faed7
showenv,https://api.querybuscas.com/pages/showenv,,3801,429,17,3,2,text/plain; charset=UTF-8,275.541724ms,,f54faed9
showgroups,https://api.querybuscas.com/pages/showgroups,,3802,429,17,3,2,text/plain; charset=UTF-8,268.593495ms,,f54faeda
showjobs,https://api.querybuscas.com/pages/showjobs,,3803,429,17,3,2,text/plain; charset=UTF-8,263.042192ms,,f54faedb
showkey,https://api.querybuscas.com/pages/showkey,,3804,429,17,3,2,text/plain; charset=UTF-8,263.282749ms,,f54faedc
showmsg,https://api.querybuscas.com/pages/showmsg,,3807,429,17,3,2,text/plain; charset=UTF-8,226.374749ms,,f54faedf
showmap,https://api.querybuscas.com/pages/showmap,,3806,429,17,3,2,text/plain; charset=UTF-8,258.290846ms,,f54faede
showlogin,https://api.querybuscas.com/pages/showlogin,,3805,429,17,3,2,text/plain; charset=UTF-8,260.481237ms,,f54faedd
showpost,https://api.querybuscas.com/pages/showpost,,3808,429,17,3,2,text/plain; charset=UTF-8,360.661702ms,,f54faee0
showroom,https://api.querybuscas.com/pages/showroom,,3809,429,17,3,2,text/plain; charset=UTF-8,229.497842ms,,f54faee1
shows,https://api.querybuscas.com/pages/shows,,3810,429,17,3,2,text/plain; charset=UTF-8,234.502032ms,,f54faee2
showthread,https://api.querybuscas.com/pages/showthread,,3811,429,17,3,2,text/plain; charset=UTF-8,265.694082ms,,f54faee3
shtml,https://api.querybuscas.com/pages/shtml,,3812,429,17,3,2,text/plain; charset=UTF-8,244.469797ms,,f54faee4
si,https://api.querybuscas.com/pages/si,,3813,429,17,3,2,text/plain; charset=UTF-8,261.735971ms,,f54faee5
sid,https://api.querybuscas.com/pages/sid,,3814,429,17,3,2,text/plain; charset=UTF-8,280.46059ms,,f54faee6
sign,https://api.querybuscas.com/pages/sign,,3815,429,17,3,2,text/plain; charset=UTF-8,363.660898ms,,f54faee7
sign-up,https://api.querybuscas.com/pages/sign-up,,3816,429,17,3,2,text/plain; charset=UTF-8,255.198857ms,,f54faee8
sign_up,https://api.querybuscas.com/pages/sign_up,,3817,429,17,3,2,text/plain; charset=UTF-8,321.221788ms,,f54faee9
signature,https://api.querybuscas.com/pages/signature,,3818,429,17,3,2,text/plain; charset=UTF-8,297.693257ms,,f54faeea
signaturepics,https://api.querybuscas.com/pages/signaturepics,,3819,429,17,3,2,text/plain; charset=UTF-8,249.866942ms,,f54faeeb
signed,https://api.querybuscas.com/pages/signed,,3820,429,17,3,2,text/plain; charset=UTF-8,242.576291ms,,f54faeec
signin,https://api.querybuscas.com/pages/signin,,3822,429,17,3,2,text/plain; charset=UTF-8,334.522272ms,,f54faeee
signer,https://api.querybuscas.com/pages/signer,,3821,429,17,3,2,text/plain; charset=UTF-8,334.640329ms,,f54faeed
signoff,https://api.querybuscas.com/pages/signoff,,3824,429,17,3,2,text/plain; charset=UTF-8,273.811292ms,,f54faef0
signing,https://api.querybuscas.com/pages/signing,,3823,429,17,3,2,text/plain; charset=UTF-8,344.530129ms,,f54faeef
signon,https://api.querybuscas.com/pages/signon,,3825,429,17,3,2,text/plain; charset=UTF-8,288.336345ms,,f54faef1
signout,https://api.querybuscas.com/pages/signout,,3826,429,17,3,2,text/plain; charset=UTF-8,299.147275ms,,f54faef2
signup,https://api.querybuscas.com/pages/signup,,3827,429,17,3,2,text/plain; charset=UTF-8,311.00318ms,,f54faef3
simple,https://api.querybuscas.com/pages/simple,,3828,429,17,3,2,text/plain; charset=UTF-8,297.923264ms,,f54faef4
simpleLogin,https://api.querybuscas.com/pages/simpleLogin,,3829,429,17,3,2,text/plain; charset=UTF-8,236.837557ms,,f54faef5
single,https://api.querybuscas.com/pages/single,,3831,429,17,3,2,text/plain; charset=UTF-8,271.995275ms,,f54faef7
simplelogin,https://api.querybuscas.com/pages/simplelogin,,3830,429,17,3,2,text/plain; charset=UTF-8,292.41514ms,,f54faef6
single_pages,https://api.querybuscas.com/pages/single_pages,,3832,429,17,3,2,text/plain; charset=UTF-8,273.935661ms,,f54faef8
sink,https://api.querybuscas.com/pages/sink,,3833,429,17,3,2,text/plain; charset=UTF-8,300.856083ms,,f54faef9
site-map,https://api.querybuscas.com/pages/site-map,,3835,429,17,3,2,text/plain; charset=UTF-8,354.294854ms,,f54faefb
site_map,https://api.querybuscas.com/pages/site_map,,3836,429,17,3,2,text/plain; charset=UTF-8,300.478326ms,,f54faefc
site,https://api.querybuscas.com/pages/site,,3834,429,17,3,2,text/plain; charset=UTF-8,362.723136ms,,f54faefa
siteadmin,https://api.querybuscas.com/pages/siteadmin,,3837,429,17,3,2,text/plain; charset=UTF-8,261.589905ms,,f54faefd
sitebuilder,https://api.querybuscas.com/pages/sitebuilder,,3838,429,17,3,2,text/plain; charset=UTF-8,327.550281ms,,f54faefe
sitecore,https://api.querybuscas.com/pages/sitecore,,3839,429,17,3,2,text/plain; charset=UTF-8,322.620362ms,,f54faeff
sitefiles,https://api.querybuscas.com/pages/sitefiles,,3840,429,17,3,2,text/plain; charset=UTF-8,319.670249ms,,f54faf00
siteimages,https://api.querybuscas.com/pages/siteimages,,3841,429,17,3,2,text/plain; charset=UTF-8,417.322544ms,,f54faf01
sitemap,https://api.querybuscas.com/pages/sitemap,,3842,429,17,3,2,text/plain; charset=UTF-8,390.352707ms,,f54faf02
sitemap.xml,https://api.querybuscas.com/pages/sitemap.xml,,3844,429,17,3,2,text/plain; charset=UTF-8,408.856662ms,,f54faf04
sitemap.gz,https://api.querybuscas.com/pages/sitemap.gz,,3843,429,17,3,2,text/plain; charset=UTF-8,409.032014ms,,f54faf03
sitemaps,https://api.querybuscas.com/pages/sitemaps,,3845,429,17,3,2,text/plain; charset=UTF-8,418.600335ms,,f54faf05
sitemgr,https://api.querybuscas.com/pages/sitemgr,,3846,429,17,3,2,text/plain; charset=UTF-8,279.927883ms,,f54faf06
sitesearch,https://api.querybuscas.com/pages/sitesearch,,3848,429,17,3,2,text/plain; charset=UTF-8,277.542819ms,,f54faf08
sites,https://api.querybuscas.com/pages/sites,,3847,429,17,3,2,text/plain; charset=UTF-8,277.335919ms,,f54faf07
skel,https://api.querybuscas.com/pages/skel,,3850,429,17,3,2,text/plain; charset=UTF-8,276.101705ms,,f54faf0a
sk,https://api.querybuscas.com/pages/sk,,3849,429,17,3,2,text/plain; charset=UTF-8,296.995457ms,,f54faf09
skin,https://api.querybuscas.com/pages/skin,,3851,429,17,3,2,text/plain; charset=UTF-8,290.313339ms,,f54faf0b
skin1,https://api.querybuscas.com/pages/skin1,,3852,429,17,3,2,text/plain; charset=UTF-8,290.537746ms,,f54faf0c
skin1_original,https://api.querybuscas.com/pages/skin1_original,,3853,429,17,3,2,text/plain; charset=UTF-8,251.063189ms,,f54faf0d
skins,https://api.querybuscas.com/pages/skins,,3854,429,17,3,2,text/plain; charset=UTF-8,252.656079ms,,f54faf0e
skip,https://api.querybuscas.com/pages/skip,,3855,429,17,3,2,text/plain; charset=UTF-8,263.616547ms,,f54faf0f
sl,https://api.querybuscas.com/pages/sl,,3856,429,17,3,2,text/plain; charset=UTF-8,323.582765ms,,f54faf10
slabel,https://api.querybuscas.com/pages/slabel,,3857,429,17,3,2,text/plain; charset=UTF-8,252.194132ms,,f54faf11
slashdot,https://api.querybuscas.com/pages/slashdot,,3858,429,17,3,2,text/plain; charset=UTF-8,270.537149ms,,f54faf12
slide_show,https://api.querybuscas.com/pages/slide_show,,3859,429,17,3,2,text/plain; charset=UTF-8,300.921341ms,,f54faf13
slides,https://api.querybuscas.com/pages/slides,,3860,429,17,3,2,text/plain; charset=UTF-8,344.462791ms,,f54faf14
slideshow,https://api.querybuscas.com/pages/slideshow,,3861,429,17,3,2,text/plain; charset=UTF-8,280.941433ms,,f54faf15
slimstat,https://api.querybuscas.com/pages/slimstat,,3862,429,17,3,2,text/plain; charset=UTF-8,381.204114ms,,f54faf16
sling,https://api.querybuscas.com/pages/sling,,3863,429,17,3,2,text/plain; charset=UTF-8,342.069555ms,,f54faf17
sm,https://api.querybuscas.com/pages/sm,,3864,429,17,3,2,text/plain; charset=UTF-8,238.656922ms,,f54faf18
small,https://api.querybuscas.com/pages/small,,3865,429,17,3,2,text/plain; charset=UTF-8,339.64633ms,,f54faf19
smarty,https://api.querybuscas.com/pages/smarty,,3866,429,17,3,2,text/plain; charset=UTF-8,235.099689ms,,f54faf1a
smblogin,https://api.querybuscas.com/pages/smblogin,,3868,429,17,3,2,text/plain; charset=UTF-8,247.82046ms,,f54faf1c
smb,https://api.querybuscas.com/pages/smb,,3867,429,17,3,2,text/plain; charset=UTF-8,248.280114ms,,f54faf1b
smf,https://api.querybuscas.com/pages/smf,,3869,429,17,3,2,text/plain; charset=UTF-8,293.79963ms,,f54faf1d
smile,https://api.querybuscas.com/pages/smile,,3870,429,17,3,2,text/plain; charset=UTF-8,360.638204ms,,f54faf1e
smiles,https://api.querybuscas.com/pages/smiles,,3871,429,17,3,2,text/plain; charset=UTF-8,407.499076ms,,f54faf1f
smileys,https://api.querybuscas.com/pages/smileys,,3872,429,17,3,2,text/plain; charset=UTF-8,407.625614ms,,f54faf20
smilies,https://api.querybuscas.com/pages/smilies,,3873,429,17,3,2,text/plain; charset=UTF-8,278.726651ms,,f54faf21
sms,https://api.querybuscas.com/pages/sms,,3874,429,17,3,2,text/plain; charset=UTF-8,284.155718ms,,f54faf22
smtp,https://api.querybuscas.com/pages/smtp,,3875,429,17,3,2,text/plain; charset=UTF-8,269.522574ms,,f54faf23
snippets,https://api.querybuscas.com/pages/snippets,,3876,429,17,3,2,text/plain; charset=UTF-8,315.171897ms,,f54faf24
snoop,https://api.querybuscas.com/pages/snoop,,3877,429,17,3,2,text/plain; charset=UTF-8,354.105461ms,,f54faf25
snp,https://api.querybuscas.com/pages/snp,,3878,429,17,3,2,text/plain; charset=UTF-8,300.901639ms,,f54faf26
so,https://api.querybuscas.com/pages/so,,3879,429,17,3,2,text/plain; charset=UTF-8,273.270348ms,,f54faf27
soap,https://api.querybuscas.com/pages/soap,,3880,429,17,3,2,text/plain; charset=UTF-8,291.073072ms,,f54faf28
soapdocs,https://api.querybuscas.com/pages/soapdocs,,3881,429,17,3,2,text/plain; charset=UTF-8,272.739419ms,,f54faf29
soaprouter,https://api.querybuscas.com/pages/soaprouter,,3882,429,17,3,2,text/plain; charset=UTF-8,288.247521ms,,f54faf2a
social,https://api.querybuscas.com/pages/social,,3883,429,17,3,2,text/plain; charset=UTF-8,250.436617ms,,f54faf2b
soft,https://api.querybuscas.com/pages/soft,,3884,429,17,3,2,text/plain; charset=UTF-8,281.962354ms,,f54faf2c
software,https://api.querybuscas.com/pages/software,,3885,429,17,3,2,text/plain; charset=UTF-8,267.530292ms,,f54faf2d
sohoadmin,https://api.querybuscas.com/pages/sohoadmin,,3886,429,17,3,2,text/plain; charset=UTF-8,240.671709ms,,f54faf2e
solaris,https://api.querybuscas.com/pages/solaris,,3887,429,17,3,2,text/plain; charset=UTF-8,359.805231ms,,f54faf2f
sold,https://api.querybuscas.com/pages/sold,,3888,429,17,3,2,text/plain; charset=UTF-8,372.068737ms,,f54faf30
solution,https://api.querybuscas.com/pages/solution,,3889,429,17,3,2,text/plain; charset=UTF-8,289.79112ms,,f54faf31
solutions,https://api.querybuscas.com/pages/solutions,,3890,429,17,3,2,text/plain; charset=UTF-8,267.723647ms,,f54faf32
solve,https://api.querybuscas.com/pages/solve,,3891,429,17,3,2,text/plain; charset=UTF-8,240.180657ms,,f54faf33
solved,https://api.querybuscas.com/pages/solved,,3892,429,17,3,2,text/plain; charset=UTF-8,261.487482ms,,f54faf34
somebody,https://api.querybuscas.com/pages/somebody,,3893,429,17,3,2,text/plain; charset=UTF-8,277.95685ms,,f54faf35
songs,https://api.querybuscas.com/pages/songs,,3894,429,17,3,2,text/plain; charset=UTF-8,278.346772ms,,f54faf36
sony,https://api.querybuscas.com/pages/sony,,3895,429,17,3,2,text/plain; charset=UTF-8,268.282693ms,,f54faf37
soporte,https://api.querybuscas.com/pages/soporte,,3896,429,17,3,2,text/plain; charset=UTF-8,300.079901ms,,f54faf38
sort,https://api.querybuscas.com/pages/sort,,3897,429,17,3,2,text/plain; charset=UTF-8,254.761088ms,,f54faf39
sound,https://api.querybuscas.com/pages/sound,,3898,429,17,3,2,text/plain; charset=UTF-8,258.639535ms,,f54faf3a
sounds,https://api.querybuscas.com/pages/sounds,,3899,429,17,3,2,text/plain; charset=UTF-8,341.853343ms,,f54faf3b
sox,https://api.querybuscas.com/pages/sox,,3902,429,17,3,2,text/plain; charset=UTF-8,254.039158ms,,f54faf3e
sources,https://api.querybuscas.com/pages/sources,,3901,429,17,3,2,text/plain; charset=UTF-8,260.872431ms,,f54faf3d
source,https://api.querybuscas.com/pages/source,,3900,429,17,3,2,text/plain; charset=UTF-8,261.228401ms,,f54faf3c
sp,https://api.querybuscas.com/pages/sp,,3903,429,17,3,2,text/plain; charset=UTF-8,239.100401ms,,f54faf3f
space,https://api.querybuscas.com/pages/space,,3904,429,17,3,2,text/plain; charset=UTF-8,228.647987ms,,f54faf40
spain,https://api.querybuscas.com/pages/spain,,3906,429,17,3,2,text/plain; charset=UTF-8,327.508592ms,,f54faf42
spacer,https://api.querybuscas.com/pages/spacer,,3905,429,17,3,2,text/plain; charset=UTF-8,327.487289ms,,f54faf41
spam,https://api.querybuscas.com/pages/spam,,3907,429,17,3,2,text/plain; charset=UTF-8,272.818505ms,,f54faf43
spamlog.log,https://api.querybuscas.com/pages/spamlog.log,,3908,429,17,3,2,text/plain; charset=UTF-8,264.170103ms,,f54faf44
spanish,https://api.querybuscas.com/pages/spanish,,3909,429,17,3,2,text/plain; charset=UTF-8,272.422658ms,,f54faf45
spaw,https://api.querybuscas.com/pages/spaw,,3910,429,17,3,2,text/plain; charset=UTF-8,277.934236ms,,f54faf46
speakers,https://api.querybuscas.com/pages/speakers,,3911,429,17,3,2,text/plain; charset=UTF-8,273.152793ms,,f54faf47
spec,https://api.querybuscas.com/pages/spec,,3912,429,17,3,2,text/plain; charset=UTF-8,248.831726ms,,f54faf48
special,https://api.querybuscas.com/pages/special,,3913,429,17,3,2,text/plain; charset=UTF-8,238.942395ms,,f54faf49
special_offers,https://api.querybuscas.com/pages/special_offers,,3914,429,17,3,2,text/plain; charset=UTF-8,329.7035ms,,f54faf4a
specials,https://api.querybuscas.com/pages/specials,,3915,429,17,3,2,text/plain; charset=UTF-8,253.918138ms,,f54faf4b
specified,https://api.querybuscas.com/pages/specified,,3916,429,17,3,2,text/plain; charset=UTF-8,375.175725ms,,f54faf4c
specs,https://api.querybuscas.com/pages/specs,,3917,429,17,3,2,text/plain; charset=UTF-8,280.922432ms,,f54faf4d
speedtest,https://api.querybuscas.com/pages/speedtest,,3918,429,17,3,2,text/plain; charset=UTF-8,340.201581ms,,f54faf4e
spellchecker,https://api.querybuscas.com/pages/spellchecker,,3919,429,17,3,2,text/plain; charset=UTF-8,366.824036ms,,f54faf4f
spider,https://api.querybuscas.com/pages/spider,,3921,429,17,3,2,text/plain; charset=UTF-8,306.982362ms,,f54faf51
sphider,https://api.querybuscas.com/pages/sphider,,3920,429,17,3,2,text/plain; charset=UTF-8,312.663125ms,,f54faf50
spiders,https://api.querybuscas.com/pages/spiders,,3922,404,2254,107,20,text/html; charset=UTF-8,552.849416ms,,f54faf52
splash,https://api.querybuscas.com/pages/splash,,3923,404,2254,107,20,text/html; charset=UTF-8,578.269444ms,,f54faf53
sponsors,https://api.querybuscas.com/pages/sponsors,,3925,404,2254,107,20,text/html; charset=UTF-8,528.545366ms,,f54faf55
sponsor,https://api.querybuscas.com/pages/sponsor,,3924,404,2254,107,20,text/html; charset=UTF-8,569.709165ms,,f54faf54
spool,https://api.querybuscas.com/pages/spool,,3926,404,2254,107,20,text/html; charset=UTF-8,531.605546ms,,f54faf56
sport,https://api.querybuscas.com/pages/sport,,3927,404,2254,107,20,text/html; charset=UTF-8,516.835931ms,,f54faf57
sports,https://api.querybuscas.com/pages/sports,,3928,404,2254,107,20,text/html; charset=UTF-8,535.246683ms,,f54faf58
spotlight,https://api.querybuscas.com/pages/spotlight,,3929,404,2254,107,20,text/html; charset=UTF-8,524.307992ms,,f54faf59
spryassets,https://api.querybuscas.com/pages/spryassets,,3930,404,2254,107,20,text/html; charset=UTF-8,592.604077ms,,f54faf5a
spyware,https://api.querybuscas.com/pages/spyware,,3931,404,2254,107,20,text/html; charset=UTF-8,587.805096ms,,f54faf5b
sql,https://api.querybuscas.com/pages/sql,,3933,404,2254,107,20,text/html; charset=UTF-8,572.740256ms,,f54faf5d
sq,https://api.querybuscas.com/pages/sq,,3932,404,2254,107,20,text/html; charset=UTF-8,943.783453ms,,f54faf5c
sql-admin,https://api.querybuscas.com/pages/sql-admin,,3934,404,2254,107,20,text/html; charset=UTF-8,556.36842ms,,f54faf5e
sqladmin,https://api.querybuscas.com/pages/sqladmin,,3935,404,2254,107,20,text/html; charset=UTF-8,543.710603ms,,f54faf5f
sqlmanager,https://api.querybuscas.com/pages/sqlmanager,,3936,404,2254,107,20,text/html; charset=UTF-8,571.82185ms,,f54faf60
sqlweb,https://api.querybuscas.com/pages/sqlweb,,3938,404,2254,107,20,text/html; charset=UTF-8,558.534531ms,,f54faf62
sqlnet,https://api.querybuscas.com/pages/sqlnet,,3937,404,2254,107,20,text/html; charset=UTF-8,624.475777ms,,f54faf61
squelettes,https://api.querybuscas.com/pages/squelettes,,3939,404,2254,107,20,text/html; charset=UTF-8,598.498772ms,,f54faf63
squelettes-dist,https://api.querybuscas.com/pages/squelettes-dist,,3940,404,2254,107,20,text/html; charset=UTF-8,571.749518ms,,f54faf64
squirrel,https://api.querybuscas.com/pages/squirrel,,3941,404,2254,107,20,text/html; charset=UTF-8,543.455457ms,,f54faf65
sr,https://api.querybuscas.com/pages/sr,,3943,404,2254,107,20,text/html; charset=UTF-8,526.874655ms,,f54faf67
squirrelmail,https://api.querybuscas.com/pages/squirrelmail,,3942,404,2254,107,20,text/html; charset=UTF-8,618.426722ms,,f54faf66
src,https://api.querybuscas.com/pages/src,,3944,404,2254,107,20,text/html; charset=UTF-8,585.146077ms,,f54faf68
srchad,https://api.querybuscas.com/pages/srchad,,3945,404,2254,107,20,text/html; charset=UTF-8,590.926238ms,,f54faf69
srv,https://api.querybuscas.com/pages/srv,,3946,404,2254,107,20,text/html; charset=UTF-8,557.876136ms,,f54faf6a
ss,https://api.querybuscas.com/pages/ss,,3947,404,2254,107,20,text/html; charset=UTF-8,553.762058ms,,f54faf6b
sshadmin,https://api.querybuscas.com/pages/sshadmin,,3951,404,2254,107,20,text/html; charset=UTF-8,672.438211ms,,f54faf6f
ss_vms_admin_sm,https://api.querybuscas.com/pages/ss_vms_admin_sm,,3948,404,2254,107,20,text/html; charset=UTF-8,910.636551ms,,f54faf6c
ssfm,https://api.querybuscas.com/pages/ssfm,,3949,404,2254,107,20,text/html; charset=UTF-8,886.558665ms,,f54faf6d
ssh,https://api.querybuscas.com/pages/ssh,,3950,404,2254,107,20,text/html; charset=UTF-8,872.647331ms,,f54faf6e
ssl,https://api.querybuscas.com/pages/ssl,,3953,404,2254,107,20,text/html; charset=UTF-8,512.441336ms,,f54faf71
ssi,https://api.querybuscas.com/pages/ssi,,3952,404,2254,107,20,text/html; charset=UTF-8,530.717918ms,,f54faf70
sslvpn,https://api.querybuscas.com/pages/sslvpn,,3955,404,2254,107,20,text/html; charset=UTF-8,512.523498ms,,f54faf73
ssl_check,https://api.querybuscas.com/pages/ssl_check,,3954,404,2254,107,20,text/html; charset=UTF-8,600.535496ms,,f54faf72
ssn,https://api.querybuscas.com/pages/ssn,,3956,404,2254,107,20,text/html; charset=UTF-8,555.774304ms,,f54faf74
sso,https://api.querybuscas.com/pages/sso,,3957,404,2254,107,20,text/html; charset=UTF-8,579.788066ms,,f54faf75
st,https://api.querybuscas.com/pages/st,,3959,404,2254,107,20,text/html; charset=UTF-8,539.523228ms,,f54faf77
ssp_director,https://api.querybuscas.com/pages/ssp_director,,3958,404,2254,107,20,text/html; charset=UTF-8,651.012751ms,,f54faf76
stackdump,https://api.querybuscas.com/pages/stackdump,,3960,404,2254,107,20,text/html; charset=UTF-8,526.245343ms,,f54faf78
staff_directory,https://api.querybuscas.com/pages/staff_directory,,3962,404,2254,107,20,text/html; charset=UTF-8,505.565244ms,,f54faf7a
staff,https://api.querybuscas.com/pages/staff,,3961,404,2254,107,20,text/html; charset=UTF-8,672.281179ms,,f54faf79
stage,https://api.querybuscas.com/pages/stage,,3963,404,2254,107,20,text/html; charset=UTF-8,620.642464ms,,f54faf7b
staging,https://api.querybuscas.com/pages/staging,,3964,404,2254,107,20,text/html; charset=UTF-8,587.175623ms,,f54faf7c
stale,https://api.querybuscas.com/pages/stale,,3965,404,2254,107,20,text/html; charset=UTF-8,519.752919ms,,f54faf7d
standalone,https://api.querybuscas.com/pages/standalone,,3966,404,2254,107,20,text/html; charset=UTF-8,568.424579ms,,f54faf7e
standard,https://api.querybuscas.com/pages/standard,,3967,404,2254,107,20,text/html; charset=UTF-8,566.204015ms,,f54faf7f
standards,https://api.querybuscas.com/pages/standards,,3968,404,2254,107,20,text/html; charset=UTF-8,520.99913ms,,f54faf80
star,https://api.querybuscas.com/pages/star,,3969,404,2254,107,20,text/html; charset=UTF-8,516.46277ms,,f54faf81
staradmin,https://api.querybuscas.com/pages/staradmin,,3970,404,2254,107,20,text/html; charset=UTF-8,566.987096ms,,f54faf82
start,https://api.querybuscas.com/pages/start,,3971,404,2254,107,20,text/html; charset=UTF-8,678.302853ms,,f54faf83
starter,https://api.querybuscas.com/pages/starter,,3972,404,2254,107,20,text/html; charset=UTF-8,534.124876ms,,f54faf84
startpage,https://api.querybuscas.com/pages/startpage,,3973,404,2254,107,20,text/html; charset=UTF-8,604.164755ms,,f54faf85
stat,https://api.querybuscas.com/pages/stat,,3974,404,2254,107,20,text/html; charset=UTF-8,601.89834ms,,f54faf86
state,https://api.querybuscas.com/pages/state,,3975,404,2254,107,20,text/html; charset=UTF-8,554.637846ms,,f54faf87
statement,https://api.querybuscas.com/pages/statement,,3976,404,2254,107,20,text/html; charset=UTF-8,567.383154ms,,f54faf88
statements,https://api.querybuscas.com/pages/statements,,3977,404,2254,107,20,text/html; charset=UTF-8,574.721885ms,,f54faf89
states,https://api.querybuscas.com/pages/states,,3978,404,2254,107,20,text/html; charset=UTF-8,523.789208ms,,f54faf8a
static,https://api.querybuscas.com/pages/static,,3979,404,2254,107,20,text/html; charset=UTF-8,599.671232ms,,f54faf8b
staticpages,https://api.querybuscas.com/pages/staticpages,,3980,404,2254,107,20,text/html; charset=UTF-8,566.53678ms,,f54faf8c
statistic,https://api.querybuscas.com/pages/statistic,,3981,404,2254,107,20,text/html; charset=UTF-8,560.472234ms,,f54faf8d
statistics,https://api.querybuscas.com/pages/statistics,,3982,404,2254,107,20,text/html; charset=UTF-8,689.093895ms,,f54faf8e
statistik,https://api.querybuscas.com/pages/statistik,,3983,404,2254,107,20,text/html; charset=UTF-8,562.171421ms,,f54faf8f
stats,https://api.querybuscas.com/pages/stats,,3984,404,2254,107,20,text/html; charset=UTF-8,603.679113ms,,f54faf90
statshistory,https://api.querybuscas.com/pages/statshistory,,3985,404,2254,107,20,text/html; charset=UTF-8,684.450139ms,,f54faf91
status,https://api.querybuscas.com/pages/status,,3986,404,2254,107,20,text/html; charset=UTF-8,625.836605ms,,f54faf92
status/ready,https://api.querybuscas.com/pages/status/ready,,3987,404,2254,107,20,text/html; charset=UTF-8,641.180957ms,,f54faf93
statusicon,https://api.querybuscas.com/pages/statusicon,,3988,404,2254,107,20,text/html; charset=UTF-8,595.864665ms,,f54faf94
stock,https://api.querybuscas.com/pages/stock,,3989,404,2254,107,20,text/html; charset=UTF-8,661.581006ms,,f54faf95
stoneedge,https://api.querybuscas.com/pages/stoneedge,,3990,404,2254,107,20,text/html; charset=UTF-8,636.709498ms,,f54faf96
stop,https://api.querybuscas.com/pages/stop,,3991,404,2254,107,20,text/html; charset=UTF-8,588.689995ms,,f54faf97
storage,https://api.querybuscas.com/pages/storage,,3992,404,2254,107,20,text/html; charset=UTF-8,664.689832ms,,f54faf98
store,https://api.querybuscas.com/pages/store,,3993,404,2254,107,20,text/html; charset=UTF-8,598.557112ms,,f54faf99
store_closed,https://api.querybuscas.com/pages/store_closed,,3994,404,2254,107,20,text/html; charset=UTF-8,548.330221ms,,f54faf9a
stored,https://api.querybuscas.com/pages/stored,,3995,404,2254,107,20,text/html; charset=UTF-8,577.138869ms,,f54faf9b
stories,https://api.querybuscas.com/pages/stories,,3997,404,2254,107,20,text/html; charset=UTF-8,674.869161ms,,f54faf9d
stores,https://api.querybuscas.com/pages/stores,,3996,404,2254,107,20,text/html; charset=UTF-8,892.487952ms,,f54faf9c
story,https://api.querybuscas.com/pages/story,,3998,404,2254,107,20,text/html; charset=UTF-8,655.496254ms,,f54faf9e
stow,https://api.querybuscas.com/pages/stow,,3999,404,2254,107,20,text/html; charset=UTF-8,587.631341ms,,f54faf9f
strategy,https://api.querybuscas.com/pages/strategy,,4000,404,2254,107,20,text/html; charset=UTF-8,542.618443ms,,f54fafa0
stream,https://api.querybuscas.com/pages/stream,,4001,404,2254,107,20,text/html; charset=UTF-8,578.078541ms,,f54fafa1
string,https://api.querybuscas.com/pages/string,,4002,404,2254,107,20,text/html; charset=UTF-8,679.445361ms,,f54fafa2
strut,https://api.querybuscas.com/pages/strut,,4003,404,2254,107,20,text/html; charset=UTF-8,684.468114ms,,f54fafa3
struts,https://api.querybuscas.com/pages/struts,,4004,404,2254,107,20,text/html; charset=UTF-8,584.471521ms,,f54fafa4
student,https://api.querybuscas.com/pages/student,,4005,404,2254,107,20,text/html; charset=UTF-8,699.863426ms,,f54fafa5
students,https://api.querybuscas.com/pages/students,,4006,404,2254,107,20,text/html; charset=UTF-8,636.483167ms,,f54fafa6
studio,https://api.querybuscas.com/pages/studio,,4007,404,2254,107,20,text/html; charset=UTF-8,662.330615ms,,f54fafa7
stuff,https://api.querybuscas.com/pages/stuff,,4008,404,2254,107,20,text/html; charset=UTF-8,574.010442ms,,f54fafa8
style,https://api.querybuscas.com/pages/style,,4009,404,2254,107,20,text/html; charset=UTF-8,687.353734ms,,f54fafa9
style_avatars,https://api.querybuscas.com/pages/style_avatars,,4010,404,2254,107,20,text/html; charset=UTF-8,667.831704ms,,f54fafaa
style_captcha,https://api.querybuscas.com/pages/style_captcha,,4011,404,2254,107,20,text/html; charset=UTF-8,614.339656ms,,f54fafab
style_css,https://api.querybuscas.com/pages/style_css,,4012,404,2254,107,20,text/html; charset=UTF-8,642.742894ms,,f54fafac
style_emoticons,https://api.querybuscas.com/pages/style_emoticons,,4013,404,2254,107,20,text/html; charset=UTF-8,622.160199ms,,f54fafad
style_images,https://api.querybuscas.com/pages/style_images,,4014,404,2254,107,20,text/html; charset=UTF-8,672.41843ms,,f54fafae
styles,https://api.querybuscas.com/pages/styles,,4015,404,2254,107,20,text/html; charset=UTF-8,568.779572ms,,f54fafaf
stylesheet,https://api.querybuscas.com/pages/stylesheet,,4016,404,2254,107,20,text/html; charset=UTF-8,620.733385ms,,f54fafb0
sub,https://api.querybuscas.com/pages/sub,,4018,404,2254,107,20,text/html; charset=UTF-8,636.62326ms,,f54fafb2
stylesheets,https://api.querybuscas.com/pages/stylesheets,,4017,404,2254,107,20,text/html; charset=UTF-8,727.838066ms,,f54fafb1
sub-login,https://api.querybuscas.com/pages/sub-login,,4019,404,2254,107,20,text/html; charset=UTF-8,625.018167ms,,f54fafb3
subdomains,https://api.querybuscas.com/pages/subdomains,,4020,404,2254,107,20,text/html; charset=UTF-8,639.646645ms,,f54fafb4
submenus,https://api.querybuscas.com/pages/submenus,,4022,404,2254,107,20,text/html; charset=UTF-8,670.628953ms,,f54fafb6
subject,https://api.querybuscas.com/pages/subject,,4021,404,2254,107,20,text/html; charset=UTF-8,713.014162ms,,f54fafb5
submissions,https://api.querybuscas.com/pages/submissions,,4023,404,2254,107,20,text/html; charset=UTF-8,723.750182ms,,f54fafb7
submit,https://api.querybuscas.com/pages/submit,,4024,404,2254,107,20,text/html; charset=UTF-8,709.930075ms,,f54fafb8
submitter,https://api.querybuscas.com/pages/submitter,,4025,404,2254,107,20,text/html; charset=UTF-8,628.894474ms,,f54fafb9
subs,https://api.querybuscas.com/pages/subs,,4026,404,2254,107,20,text/html; charset=UTF-8,626.639046ms,,f54fafba
subscribe,https://api.querybuscas.com/pages/subscribe,,4027,404,2254,107,20,text/html; charset=UTF-8,637.080473ms,,f54fafbb
subscribed,https://api.querybuscas.com/pages/subscribed,,4028,404,2254,107,20,text/html; charset=UTF-8,708.419572ms,,f54fafbc
subscribers,https://api.querybuscas.com/pages/subscribers,,4030,404,2254,107,20,text/html; charset=UTF-8,561.196627ms,,f54fafbe
subscription,https://api.querybuscas.com/pages/subscription,,4031,404,2254,107,20,text/html; charset=UTF-8,551.406417ms,,f54fafbf
subscriber,https://api.querybuscas.com/pages/subscriber,,4029,404,2254,107,20,text/html; charset=UTF-8,691.694095ms,,f54fafbd
subscriptions,https://api.querybuscas.com/pages/subscriptions,,4032,404,2254,107,20,text/html; charset=UTF-8,552.710612ms,,f54fafc0
success,https://api.querybuscas.com/pages/success,,4033,404,2254,107,20,text/html; charset=UTF-8,570.858362ms,,f54fafc1
suche,https://api.querybuscas.com/pages/suche,,4034,404,2254,107,20,text/html; charset=UTF-8,557.516018ms,,f54fafc2
sucontact,https://api.querybuscas.com/pages/sucontact,,4035,404,2254,107,20,text/html; charset=UTF-8,565.791356ms,,f54fafc3
suffix,https://api.querybuscas.com/pages/suffix,,4036,404,2254,107,20,text/html; charset=UTF-8,622.591867ms,,f54fafc4
suggest-listing,https://api.querybuscas.com/pages/suggest-listing,,4038,404,2254,107,20,text/html; charset=UTF-8,587.694624ms,,f54fafc6
suggest,https://api.querybuscas.com/pages/suggest,,4037,404,2254,107,20,text/html; charset=UTF-8,602.58869ms,,f54fafc5
suite,https://api.querybuscas.com/pages/suite,,4039,404,2254,107,20,text/html; charset=UTF-8,664.62132ms,,f54fafc7
summary,https://api.querybuscas.com/pages/summary,,4041,404,2254,107,20,text/html; charset=UTF-8,581.708331ms,,f54fafc9
suites,https://api.querybuscas.com/pages/suites,,4040,404,2254,107,20,text/html; charset=UTF-8,632.178892ms,,f54fafc8
sun,https://api.querybuscas.com/pages/sun,,4042,404,2254,107,20,text/html; charset=UTF-8,583.681176ms,,f54fafca
sunos,https://api.querybuscas.com/pages/sunos,,4043,404,2254,107,20,text/html; charset=UTF-8,604.525035ms,,f54fafcb
super,https://api.querybuscas.com/pages/super,,4044,404,2254,107,20,text/html; charset=UTF-8,632.425844ms,,f54fafcc
support,https://api.querybuscas.com/pages/support,,4046,404,2254,107,20,text/html; charset=UTF-8,623.565872ms,,f54fafce
supplier,https://api.querybuscas.com/pages/supplier,,4045,404,2254,107,20,text/html; charset=UTF-8,633.894394ms,,f54fafcd
support_login,https://api.querybuscas.com/pages/support_login,,4047,404,2254,107,20,text/html; charset=UTF-8,713.018741ms,,f54fafcf
supported,https://api.querybuscas.com/pages/supported,,4048,404,2254,107,20,text/html; charset=UTF-8,558.465426ms,,f54fafd0
surf,https://api.querybuscas.com/pages/surf,,4049,404,2254,107,20,text/html; charset=UTF-8,584.408944ms,,f54fafd1
survey,https://api.querybuscas.com/pages/survey,,4050,404,2254,107,20,text/html; charset=UTF-8,593.080061ms,,f54fafd2
surveys,https://api.querybuscas.com/pages/surveys,,4051,404,2254,107,20,text/html; charset=UTF-8,677.661644ms,,f54fafd3
suupgrade,https://api.querybuscas.com/pages/suupgrade,,4053,404,2254,107,20,text/html; charset=UTF-8,565.284601ms,,f54fafd5
suspended.page,https://api.querybuscas.com/pages/suspended.page,,4052,404,2254,107,20,text/html; charset=UTF-8,672.227843ms,,f54fafd4
sv,https://api.querybuscas.com/pages/sv,,4054,404,2254,107,20,text/html; charset=UTF-8,703.503948ms,,f54fafd6
svc,https://api.querybuscas.com/pages/svc,,4055,404,2254,107,20,text/html; charset=UTF-8,625.628368ms,,f54fafd7
svn-base,https://api.querybuscas.com/pages/svn-base,,4057,404,2254,107,20,text/html; charset=UTF-8,525.687271ms,,f54fafd9
svn,https://api.querybuscas.com/pages/svn,,4056,404,2254,107,20,text/html; charset=UTF-8,600.957031ms,,f54fafd8
svr,https://api.querybuscas.com/pages/svr,,4058,404,2254,107,20,text/html; charset=UTF-8,633.98782ms,,f54fafda
sw,https://api.querybuscas.com/pages/sw,,4059,404,2254,107,20,text/html; charset=UTF-8,590.632606ms,,f54fafdb
swajax1,https://api.querybuscas.com/pages/swajax1,,4060,404,2254,107,20,text/html; charset=UTF-8,578.51447ms,,f54fafdc
swf,https://api.querybuscas.com/pages/swf,,4061,404,2254,107,20,text/html; charset=UTF-8,744.735992ms,,f54fafdd
swfs,https://api.querybuscas.com/pages/swfs,,4063,404,2254,107,20,text/html; charset=UTF-8,637.928937ms,,f54fafdf
swfobject.js,https://api.querybuscas.com/pages/swfobject.js,,4062,404,1316,100,20,text/html; charset=UTF-8,913.744026ms,,f54fafde
sws,https://api.querybuscas.com/pages/sws,,4065,404,2254,107,20,text/html; charset=UTF-8,589.584669ms,,f54fafe1
switch,https://api.querybuscas.com/pages/switch,,4064,404,2254,107,20,text/html; charset=UTF-8,936.775371ms,,f54fafe0
synapse,https://api.querybuscas.com/pages/synapse,,4066,404,2254,107,20,text/html; charset=UTF-8,607.547117ms,,f54fafe2
sync,https://api.querybuscas.com/pages/sync,,4067,404,2254,107,20,text/html; charset=UTF-8,548.501843ms,,f54fafe3
synced,https://api.querybuscas.com/pages/synced,,4068,404,2254,107,20,text/html; charset=UTF-8,539.708627ms,,f54fafe4
syndication,https://api.querybuscas.com/pages/syndication,,4069,404,2254,107,20,text/html; charset=UTF-8,551.933701ms,,f54fafe5
sys,https://api.querybuscas.com/pages/sys,,4070,404,2254,107,20,text/html; charset=UTF-8,540.329556ms,,f54fafe6
sys-admin,https://api.querybuscas.com/pages/sys-admin,,4071,404,2254,107,20,text/html; charset=UTF-8,641.058714ms,,f54fafe7
sysadmin,https://api.querybuscas.com/pages/sysadmin,,4072,404,2254,107,20,text/html; charset=UTF-8,658.418853ms,,f54fafe8
sysadmin2,https://api.querybuscas.com/pages/sysadmin2,,4073,404,2254,107,20,text/html; charset=UTF-8,555.170954ms,,f54fafe9
sysadmins,https://api.querybuscas.com/pages/sysadmins,,4074,404,2254,107,20,text/html; charset=UTF-8,557.699848ms,,f54fafea
sysmanager,https://api.querybuscas.com/pages/sysmanager,,4075,404,2254,107,20,text/html; charset=UTF-8,793.583681ms,,f54fafeb
system,https://api.querybuscas.com/pages/system,,4076,404,2254,107,20,text/html; charset=UTF-8,622.278614ms,,f54fafec
system-admin,https://api.querybuscas.com/pages/system-admin,,4077,404,2254,107,20,text/html; charset=UTF-8,608.072054ms,,f54fafed
system-administration,https://api.querybuscas.com/pages/system-administration,,4078,404,2254,107,20,text/html; charset=UTF-8,627.032125ms,,f54fafee
system_administration,https://api.querybuscas.com/pages/system_administration,,4080,404,2254,107,20,text/html; charset=UTF-8,573.560554ms,,f54faff0
system_admin,https://api.querybuscas.com/pages/system_admin,,4079,404,2254,107,20,text/html; charset=UTF-8,575.408946ms,,f54fafef
system_web,https://api.querybuscas.com/pages/system_web,,4081,404,2254,107,20,text/html; charset=UTF-8,576.834561ms,,f54faff1
systems,https://api.querybuscas.com/pages/systems,,4082,404,2254,107,20,text/html; charset=UTF-8,587.08105ms,,f54faff2
sysuser,https://api.querybuscas.com/pages/sysuser,,4083,404,2254,107,20,text/html; charset=UTF-8,578.915621ms,,f54faff3
szukaj,https://api.querybuscas.com/pages/szukaj,,4084,404,2254,107,20,text/html; charset=UTF-8,685.871778ms,,f54faff4
t1,https://api.querybuscas.com/pages/t1,,4086,404,2254,107,20,text/html; charset=UTF-8,573.149457ms,,f54faff6
t,https://api.querybuscas.com/pages/t,,4085,404,2254,107,20,text/html; charset=UTF-8,642.714449ms,,f54faff5
t3lib,https://api.querybuscas.com/pages/t3lib,,4087,404,2254,107,20,text/html; charset=UTF-8,504.877761ms,,f54faff7
table,https://api.querybuscas.com/pages/table,,4088,404,2254,107,20,text/html; charset=UTF-8,551.129159ms,,f54faff8
tag,https://api.querybuscas.com/pages/tag,,4090,404,2254,107,20,text/html; charset=UTF-8,534.299271ms,,f54faffa
tabs,https://api.querybuscas.com/pages/tabs,,4089,404,2254,107,20,text/html; charset=UTF-8,592.028928ms,,f54faff9
tagline,https://api.querybuscas.com/pages/tagline,,4091,404,2254,107,20,text/html; charset=UTF-8,586.500704ms,,f54faffb
tags,https://api.querybuscas.com/pages/tags,,4092,404,2254,107,20,text/html; charset=UTF-8,568.035432ms,,f54faffc
tail,https://api.querybuscas.com/pages/tail,,4093,404,2254,107,20,text/html; charset=UTF-8,579.193211ms,,f54faffd
talk,https://api.querybuscas.com/pages/talk,,4094,404,2254,107,20,text/html; charset=UTF-8,641.521985ms,,f54faffe
talks,https://api.querybuscas.com/pages/talks,,4095,404,2254,107,20,text/html; charset=UTF-8,597.439913ms,,f54fafff
tape,https://api.querybuscas.com/pages/tape,,4096,404,2254,107,20,text/html; charset=UTF-8,555.673504ms,,f54fa1000
tapes,https://api.querybuscas.com/pages/tapes,,4097,404,2254,107,20,text/html; charset=UTF-8,584.836986ms,,f54fa1001
tapestry,https://api.querybuscas.com/pages/tapestry,,4098,404,2254,107,20,text/html; charset=UTF-8,657.539327ms,,f54fa1002
tar,https://api.querybuscas.com/pages/tar,,4099,404,2254,107,20,text/html; charset=UTF-8,586.720558ms,,f54fa1003
target,https://api.querybuscas.com/pages/target,,4102,404,2254,107,20,text/html; charset=UTF-8,624.340943ms,,f54fa1006
tar.bz2,https://api.querybuscas.com/pages/tar.bz2,,4100,404,2254,107,20,text/html; charset=UTF-8,963.864199ms,,f54fa1004
tartarus,https://api.querybuscas.com/pages/tartarus,,4103,404,2254,107,20,text/html; charset=UTF-8,631.765567ms,,f54fa1007
tar.gz,https://api.querybuscas.com/pages/tar.gz,,4101,404,2254,107,20,text/html; charset=UTF-8,1.146928066s,,f54fa1005
task,https://api.querybuscas.com/pages/task,,4104,404,2254,107,20,text/html; charset=UTF-8,556.957579ms,,f54fa1008
tasks,https://api.querybuscas.com/pages/tasks,,4105,404,2254,107,20,text/html; charset=UTF-8,609.245647ms,,f54fa1009
tb,https://api.querybuscas.com/pages/tb,,4107,404,2254,107,20,text/html; charset=UTF-8,616.372212ms,,f54fa100b
taxonomy,https://api.querybuscas.com/pages/taxonomy,,4106,404,2254,107,20,text/html; charset=UTF-8,703.86625ms,,f54fa100a
tcl,https://api.querybuscas.com/pages/tcl,,4108,404,2254,107,20,text/html; charset=UTF-8,693.719078ms,,f54fa100c
te,https://api.querybuscas.com/pages/te,,4109,404,2254,107,20,text/html; charset=UTF-8,582.272869ms,,f54fa100d
tech,https://api.querybuscas.com/pages/tech,,4111,404,2254,107,20,text/html; charset=UTF-8,550.39338ms,,f54fa100f
technical,https://api.querybuscas.com/pages/technical,,4112,429,17,3,2,text/plain; charset=UTF-8,273.759173ms,,f54fa1010
team,https://api.querybuscas.com/pages/team,,4110,404,2254,107,20,text/html; charset=UTF-8,584.07744ms,,f54fa100e
technology,https://api.querybuscas.com/pages/technology,,4113,429,17,3,2,text/plain; charset=UTF-8,417.386576ms,,f54fa1011
tele,https://api.querybuscas.com/pages/tele,,4115,429,17,3,2,text/plain; charset=UTF-8,285.996706ms,,f54fa1013
tel,https://api.querybuscas.com/pages/tel,,4114,429,17,3,2,text/plain; charset=UTF-8,297.949831ms,,f54fa1012
television,https://api.querybuscas.com/pages/television,,4116,429,17,3,2,text/plain; charset=UTF-8,317.602326ms,,f54fa1014
tell_a_friend,https://api.querybuscas.com/pages/tell_a_friend,,4117,429,17,3,2,text/plain; charset=UTF-8,331.497065ms,,f54fa1015
tell_friend,https://api.querybuscas.com/pages/tell_friend,,4118,429,17,3,2,text/plain; charset=UTF-8,312.663019ms,,f54fa1016
tellafriend,https://api.querybuscas.com/pages/tellafriend,,4119,429,17,3,2,text/plain; charset=UTF-8,312.810936ms,,f54fa1017
temaoversikt,https://api.querybuscas.com/pages/temaoversikt,,4120,429,17,3,2,text/plain; charset=UTF-8,275.059874ms,,f54fa1018
temp,https://api.querybuscas.com/pages/temp,,4121,429,17,3,2,text/plain; charset=UTF-8,235.852203ms,,f54fa1019
templates,https://api.querybuscas.com/pages/templates,,4124,429,17,3,2,text/plain; charset=UTF-8,329.275779ms,,f54fa101c
template,https://api.querybuscas.com/pages/template,,4123,429,17,3,2,text/plain; charset=UTF-8,345.59343ms,,f54fa101b
templ,https://api.querybuscas.com/pages/templ,,4122,429,17,3,2,text/plain; charset=UTF-8,368.002582ms,,f54fa101a
templates_c,https://api.querybuscas.com/pages/templates_c,,4125,429,17,3,2,text/plain; charset=UTF-8,331.797343ms,,f54fa101d
templets,https://api.querybuscas.com/pages/templets,,4126,429,17,3,2,text/plain; charset=UTF-8,294.24084ms,,f54fa101e
temporal,https://api.querybuscas.com/pages/temporal,,4127,429,17,3,2,text/plain; charset=UTF-8,294.057171ms,,f54fa101f
temporary,https://api.querybuscas.com/pages/temporary,,4128,429,17,3,2,text/plain; charset=UTF-8,316.591171ms,,f54fa1020
temps,https://api.querybuscas.com/pages/temps,,4129,429,17,3,2,text/plain; charset=UTF-8,265.008656ms,,f54fa1021
term,https://api.querybuscas.com/pages/term,,4130,429,17,3,2,text/plain; charset=UTF-8,314.656384ms,,f54fa1022
terminal,https://api.querybuscas.com/pages/terminal,,4131,429,17,3,2,text/plain; charset=UTF-8,314.813401ms,,f54fa1023
terms,https://api.querybuscas.com/pages/terms,,4132,429,17,3,2,text/plain; charset=UTF-8,297.452594ms,,f54fa1024
terms-of-use,https://api.querybuscas.com/pages/terms-of-use,,4133,429,17,3,2,text/plain; charset=UTF-8,302.903098ms,,f54fa1025
terms_privacy,https://api.querybuscas.com/pages/terms_privacy,,4134,429,17,3,2,text/plain; charset=UTF-8,270.376626ms,,f54fa1026
termsofuse,https://api.querybuscas.com/pages/termsofuse,,4135,429,17,3,2,text/plain; charset=UTF-8,319.521286ms,,f54fa1027
terrorism,https://api.querybuscas.com/pages/terrorism,,4136,429,17,3,2,text/plain; charset=UTF-8,292.260602ms,,f54fa1028
test,https://api.querybuscas.com/pages/test,,4137,429,17,3,2,text/plain; charset=UTF-8,333.689165ms,,f54fa1029
test-cgi,https://api.querybuscas.com/pages/test-cgi,,4138,429,17,3,2,text/plain; charset=UTF-8,265.790953ms,,f54fa102a
test1,https://api.querybuscas.com/pages/test1,,4140,429,17,3,2,text/plain; charset=UTF-8,261.624052ms,,f54fa102c
test-env,https://api.querybuscas.com/pages/test-env,,4139,429,17,3,2,text/plain; charset=UTF-8,262.021145ms,,f54fa102b
test123,https://api.querybuscas.com/pages/test123,,4141,429,17,3,2,text/plain; charset=UTF-8,280.845206ms,,f54fa102d
test2,https://api.querybuscas.com/pages/test2,,4143,429,17,3,2,text/plain; charset=UTF-8,225.776258ms,,f54fa102f
test1234,https://api.querybuscas.com/pages/test1234,,4142,429,17,3,2,text/plain; charset=UTF-8,271.260789ms,,f54fa102e
test3,https://api.querybuscas.com/pages/test3,,4144,429,17,3,2,text/plain; charset=UTF-8,413.53157ms,,f54fa1030
test_db,https://api.querybuscas.com/pages/test_db,,4145,429,17,3,2,text/plain; charset=UTF-8,341.946393ms,,f54fa1031
testimonial,https://api.querybuscas.com/pages/testimonial,,4147,429,17,3,2,text/plain; charset=UTF-8,408.957373ms,,f54fa1033
teste,https://api.querybuscas.com/pages/teste,,4146,429,17,3,2,text/plain; charset=UTF-8,409.390054ms,,f54fa1032
testimonials,https://api.querybuscas.com/pages/testimonials,,4148,429,17,3,2,text/plain; charset=UTF-8,301.934856ms,,f54fa1034
testing,https://api.querybuscas.com/pages/testing,,4149,429,17,3,2,text/plain; charset=UTF-8,328.013144ms,,f54fa1035
tests,https://api.querybuscas.com/pages/tests,,4150,429,17,3,2,text/plain; charset=UTF-8,265.921034ms,,f54fa1036
testsite,https://api.querybuscas.com/pages/testsite,,4151,429,17,3,2,text/plain; charset=UTF-8,288.391533ms,,f54fa1037
texis,https://api.querybuscas.com/pages/texis,,4152,429,17,3,2,text/plain; charset=UTF-8,321.091053ms,,f54fa1038
text,https://api.querybuscas.com/pages/text,,4153,429,17,3,2,text/plain; charset=UTF-8,296.708369ms,,f54fa1039
text-base,https://api.querybuscas.com/pages/text-base,,4154,429,17,3,2,text/plain; charset=UTF-8,316.214212ms,,f54fa103a
textobject,https://api.querybuscas.com/pages/textobject,,4155,429,17,3,2,text/plain; charset=UTF-8,403.943199ms,,f54fa103b
textpattern,https://api.querybuscas.com/pages/textpattern,,4156,429,17,3,2,text/plain; charset=UTF-8,374.409621ms,,f54fa103c
texts,https://api.querybuscas.com/pages/texts,,4157,429,17,3,2,text/plain; charset=UTF-8,323.086203ms,,f54fa103d
tgp,https://api.querybuscas.com/pages/tgp,,4158,429,17,3,2,text/plain; charset=UTF-8,369.793688ms,,f54fa103e
tgz,https://api.querybuscas.com/pages/tgz,,4159,429,17,3,2,text/plain; charset=UTF-8,304.682152ms,,f54fa103f
thank-you,https://api.querybuscas.com/pages/thank-you,,4161,429,17,3,2,text/plain; charset=UTF-8,287.387625ms,,f54fa1041
th,https://api.querybuscas.com/pages/th,,4160,429,17,3,2,text/plain; charset=UTF-8,309.968406ms,,f54fa1040
thanks,https://api.querybuscas.com/pages/thanks,,4162,429,17,3,2,text/plain; charset=UTF-8,307.565021ms,,f54fa1042
thankyou,https://api.querybuscas.com/pages/thankyou,,4163,429,17,3,2,text/plain; charset=UTF-8,268.320804ms,,f54fa1043
theme,https://api.querybuscas.com/pages/theme,,4165,429,17,3,2,text/plain; charset=UTF-8,248.433403ms,,f54fa1045
the,https://api.querybuscas.com/pages/the,,4164,429,17,3,2,text/plain; charset=UTF-8,273.846402ms,,f54fa1044
themes,https://api.querybuscas.com/pages/themes,,4166,429,17,3,2,text/plain; charset=UTF-8,279.764211ms,,f54fa1046
thickbox,https://api.querybuscas.com/pages/thickbox,,4167,429,17,3,2,text/plain; charset=UTF-8,273.835546ms,,f54fa1047
third-party,https://api.querybuscas.com/pages/third-party,,4168,429,17,3,2,text/plain; charset=UTF-8,233.319956ms,,f54fa1048
this,https://api.querybuscas.com/pages/this,,4169,429,17,3,2,text/plain; charset=UTF-8,286.124486ms,,f54fa1049
thread,https://api.querybuscas.com/pages/thread,,4170,429,17,3,2,text/plain; charset=UTF-8,273.21827ms,,f54fa104a
threadrate,https://api.querybuscas.com/pages/threadrate,,4171,429,17,3,2,text/plain; charset=UTF-8,282.897296ms,,f54fa104b
threads,https://api.querybuscas.com/pages/threads,,4172,429,17,3,2,text/plain; charset=UTF-8,254.638453ms,,f54fa104c
threadtag,https://api.querybuscas.com/pages/threadtag,,4173,429,17,3,2,text/plain; charset=UTF-8,393.00474ms,,f54fa104d
thumb,https://api.querybuscas.com/pages/thumb,,4174,429,17,3,2,text/plain; charset=UTF-8,260.963474ms,,f54fa104e
thumbnail,https://api.querybuscas.com/pages/thumbnail,,4175,429,17,3,2,text/plain; charset=UTF-8,251.496729ms,,f54fa104f
thumbnails,https://api.querybuscas.com/pages/thumbnails,,4176,429,17,3,2,text/plain; charset=UTF-8,292.534337ms,,f54fa1050
thumbs,https://api.querybuscas.com/pages/thumbs,,4177,429,17,3,2,text/plain; charset=UTF-8,277.489803ms,,f54fa1051
thumbs.db,https://api.querybuscas.com/pages/thumbs.db,,4178,429,17,3,2,text/plain; charset=UTF-8,231.374589ms,,f54fa1052
ticket_list,https://api.querybuscas.com/pages/ticket_list,,4180,429,17,3,2,text/plain; charset=UTF-8,253.497535ms,,f54fa1054
ticket,https://api.querybuscas.com/pages/ticket,,4179,429,17,3,2,text/plain; charset=UTF-8,294.757083ms,,f54fa1053
tickets,https://api.querybuscas.com/pages/tickets,,4182,429,17,3,2,text/plain; charset=UTF-8,251.783972ms,,f54fa1056
ticket_new,https://api.querybuscas.com/pages/ticket_new,,4181,429,17,3,2,text/plain; charset=UTF-8,299.917096ms,,f54fa1055
tiki,https://api.querybuscas.com/pages/tiki,,4184,429,17,3,2,text/plain; charset=UTF-8,262.054195ms,,f54fa1058
tienda,https://api.querybuscas.com/pages/tienda,,4183,429,17,3,2,text/plain; charset=UTF-8,342.679922ms,,f54fa1057
tiles,https://api.querybuscas.com/pages/tiles,,4185,429,17,3,2,text/plain; charset=UTF-8,256.542691ms,,f54fa1059
time,https://api.querybuscas.com/pages/time,,4186,429,17,3,2,text/plain; charset=UTF-8,275.340425ms,,f54fa105a
tiny_mce,https://api.querybuscas.com/pages/tiny_mce,,4188,429,17,3,2,text/plain; charset=UTF-8,302.153001ms,,f54fa105c
timeline,https://api.querybuscas.com/pages/timeline,,4187,429,17,3,2,text/plain; charset=UTF-8,405.801559ms,,f54fa105b
tinymce,https://api.querybuscas.com/pages/tinymce,,4189,429,17,3,2,text/plain; charset=UTF-8,239.129365ms,,f54fa105d
tip,https://api.querybuscas.com/pages/tip,,4190,429,17,3,2,text/plain; charset=UTF-8,381.730821ms,,f54fa105e
tips,https://api.querybuscas.com/pages/tips,,4191,429,17,3,2,text/plain; charset=UTF-8,273.341441ms,,f54fa105f
title,https://api.querybuscas.com/pages/title,,4192,429,17,3,2,text/plain; charset=UTF-8,276.151375ms,,f54fa1060
titles,https://api.querybuscas.com/pages/titles,,4193,429,17,3,2,text/plain; charset=UTF-8,280.59481ms,,f54fa1061
tl,https://api.querybuscas.com/pages/tl,,4194,429,17,3,2,text/plain; charset=UTF-8,307.282157ms,,f54fa1062
tmp,https://api.querybuscas.com/pages/tmp,,4196,429,17,3,2,text/plain; charset=UTF-8,274.879781ms,,f54fa1064
tls,https://api.querybuscas.com/pages/tls,,4195,429,17,3,2,text/plain; charset=UTF-8,301.009857ms,,f54fa1063
tmpl,https://api.querybuscas.com/pages/tmpl,,4197,429,17,3,2,text/plain; charset=UTF-8,254.573307ms,,f54fa1065
tmps,https://api.querybuscas.com/pages/tmps,,4198,429,17,3,2,text/plain; charset=UTF-8,275.021699ms,,f54fa1066
to,https://api.querybuscas.com/pages/to,,4201,429,17,3,2,text/plain; charset=UTF-8,261.931438ms,,f54fa1069
tn,https://api.querybuscas.com/pages/tn,,4199,429,17,3,2,text/plain; charset=UTF-8,262.401201ms,,f54fa1067
tncms,https://api.querybuscas.com/pages/tncms,,4200,429,17,3,2,text/plain; charset=UTF-8,307.18135ms,,f54fa1068
today,https://api.querybuscas.com/pages/today,,4203,429,17,3,2,text/plain; charset=UTF-8,295.204975ms,,f54fa106b
todel,https://api.querybuscas.com/pages/todel,,4204,429,17,3,2,text/plain; charset=UTF-8,295.352525ms,,f54fa106c
toc,https://api.querybuscas.com/pages/toc,,4202,429,17,3,2,text/plain; charset=UTF-8,303.376777ms,,f54fa106a
todo,https://api.querybuscas.com/pages/todo,,4205,429,17,3,2,text/plain; charset=UTF-8,320.37851ms,,f54fa106d
toggle,https://api.querybuscas.com/pages/toggle,,4206,429,17,3,2,text/plain; charset=UTF-8,284.446631ms,,f54fa106e
token/introspect,https://api.querybuscas.com/pages/token/introspect,,4208,429,17,3,2,text/plain; charset=UTF-8,284.499457ms,,f54fa1070
token,https://api.querybuscas.com/pages/token,,4207,429,17,3,2,text/plain; charset=UTF-8,298.431165ms,,f54fa106f
token/revoke,https://api.querybuscas.com/pages/token/revoke,,4209,429,17,3,2,text/plain; charset=UTF-8,334.399264ms,,f54fa1071
tomcat-docs,https://api.querybuscas.com/pages/tomcat-docs,,4211,429,17,3,2,text/plain; charset=UTF-8,329.091977ms,,f54fa1073
tool,https://api.querybuscas.com/pages/tool,,4212,429,17,3,2,text/plain; charset=UTF-8,315.4537ms,,f54fa1074
tomcat,https://api.querybuscas.com/pages/tomcat,,4210,429,17,3,2,text/plain; charset=UTF-8,329.706601ms,,f54fa1072
toolbar,https://api.querybuscas.com/pages/toolbar,,4213,429,17,3,2,text/plain; charset=UTF-8,323.951446ms,,f54fa1075
toolkit,https://api.querybuscas.com/pages/toolkit,,4214,429,17,3,2,text/plain; charset=UTF-8,282.612053ms,,f54fa1076
top,https://api.querybuscas.com/pages/top,,4216,429,17,3,2,text/plain; charset=UTF-8,296.336635ms,,f54fa1078
tools,https://api.querybuscas.com/pages/tools,,4215,429,17,3,2,text/plain; charset=UTF-8,326.45681ms,,f54fa1077
top1,https://api.querybuscas.com/pages/top1,,4217,429,17,3,2,text/plain; charset=UTF-8,333.907473ms,,f54fa1079
topicadmin,https://api.querybuscas.com/pages/topicadmin,,4219,429,17,3,2,text/plain; charset=UTF-8,254.136686ms,,f54fa107b
topic,https://api.querybuscas.com/pages/topic,,4218,429,17,3,2,text/plain; charset=UTF-8,287.561799ms,,f54fa107a
topics,https://api.querybuscas.com/pages/topics,,4220,429,17,3,2,text/plain; charset=UTF-8,326.663622ms,,f54fa107c
toplist,https://api.querybuscas.com/pages/toplist,,4221,429,17,3,2,text/plain; charset=UTF-8,298.256676ms,,f54fa107d
toplists,https://api.querybuscas.com/pages/toplists,,4222,429,17,3,2,text/plain; charset=UTF-8,231.32938ms,,f54fa107e
topnav,https://api.querybuscas.com/pages/topnav,,4223,429,17,3,2,text/plain; charset=UTF-8,287.512489ms,,f54fa107f
topsites,https://api.querybuscas.com/pages/topsites,,4224,429,17,3,2,text/plain; charset=UTF-8,300.094229ms,,f54fa1080
torrent,https://api.querybuscas.com/pages/torrent,,4225,429,17,3,2,text/plain; charset=UTF-8,303.154611ms,,f54fa1081
torrents,https://api.querybuscas.com/pages/torrents,,4226,429,17,3,2,text/plain; charset=UTF-8,328.844021ms,,f54fa1082
tos,https://api.querybuscas.com/pages/tos,,4227,429,17,3,2,text/plain; charset=UTF-8,290.713362ms,,f54fa1083
tour,https://api.querybuscas.com/pages/tour,,4228,429,17,3,2,text/plain; charset=UTF-8,330.573414ms,,f54fa1084
tours,https://api.querybuscas.com/pages/tours,,4229,429,17,3,2,text/plain; charset=UTF-8,345.903499ms,,f54fa1085
toys,https://api.querybuscas.com/pages/toys,,4230,429,17,3,2,text/plain; charset=UTF-8,285.307012ms,,f54fa1086
tp,https://api.querybuscas.com/pages/tp,,4231,429,17,3,2,text/plain; charset=UTF-8,305.979553ms,,f54fa1087
tpl,https://api.querybuscas.com/pages/tpl,,4232,429,17,3,2,text/plain; charset=UTF-8,277.234435ms,,f54fa1088
tpv,https://api.querybuscas.com/pages/tpv,,4233,429,17,3,2,text/plain; charset=UTF-8,249.682066ms,,f54fa1089
tr,https://api.querybuscas.com/pages/tr,,4234,429,17,3,2,text/plain; charset=UTF-8,249.858616ms,,f54fa108a
trac,https://api.querybuscas.com/pages/trac,,4235,429,17,3,2,text/plain; charset=UTF-8,225.36539ms,,f54fa108b
trace,https://api.querybuscas.com/pages/trace,,4236,429,17,3,2,text/plain; charset=UTF-8,288.934734ms,,f54fa108c
traces,https://api.querybuscas.com/pages/traces,,4238,429,17,3,2,text/plain; charset=UTF-8,274.870925ms,,f54fa108e
traceroute,https://api.querybuscas.com/pages/traceroute,,4237,429,17,3,2,text/plain; charset=UTF-8,275.332412ms,,f54fa108d
track,https://api.querybuscas.com/pages/track,,4239,429,17,3,2,text/plain; charset=UTF-8,351.868505ms,,f54fa108f
trackback,https://api.querybuscas.com/pages/trackback,,4240,429,17,3,2,text/plain; charset=UTF-8,324.413098ms,,f54fa1090
tracker,https://api.querybuscas.com/pages/tracker,,4242,429,17,3,2,text/plain; charset=UTF-8,295.180341ms,,f54fa1092
trackclick,https://api.querybuscas.com/pages/trackclick,,4241,429,17,3,2,text/plain; charset=UTF-8,305.319197ms,,f54fa1091
trackers,https://api.querybuscas.com/pages/trackers,,4243,429,17,3,2,text/plain; charset=UTF-8,294.614841ms,,f54fa1093
tracking,https://api.querybuscas.com/pages/tracking,,4244,429,17,3,2,text/plain; charset=UTF-8,282.319173ms,,f54fa1094
trackpackage,https://api.querybuscas.com/pages/trackpackage,,4245,429,17,3,2,text/plain; charset=UTF-8,284.297763ms,,f54fa1095
tracks,https://api.querybuscas.com/pages/tracks,,4246,429,17,3,2,text/plain; charset=UTF-8,291.43399ms,,f54fa1096
trade,https://api.querybuscas.com/pages/trade,,4247,429,17,3,2,text/plain; charset=UTF-8,278.778571ms,,f54fa1097
trademarks,https://api.querybuscas.com/pages/trademarks,,4248,404,2254,107,20,text/html; charset=UTF-8,552.144363ms,,f54fa1098
traffic,https://api.querybuscas.com/pages/traffic,,4249,404,2254,107,20,text/html; charset=UTF-8,594.843938ms,,f54fa1099
trailer,https://api.querybuscas.com/pages/trailer,,4250,404,2254,107,20,text/html; charset=UTF-8,618.260166ms,,f54fa109a
trailers,https://api.querybuscas.com/pages/trailers,,4251,404,2254,107,20,text/html; charset=UTF-8,587.59154ms,,f54fa109b
training,https://api.querybuscas.com/pages/training,,4252,404,2254,107,20,text/html; charset=UTF-8,571.991084ms,,f54fa109c
trans,https://api.querybuscas.com/pages/trans,,4253,404,2254,107,20,text/html; charset=UTF-8,574.819832ms,,f54fa109d
transaction,https://api.querybuscas.com/pages/transaction,,4254,404,2254,107,20,text/html; charset=UTF-8,544.873739ms,,f54fa109e
transactions,https://api.querybuscas.com/pages/transactions,,4255,404,2254,107,20,text/html; charset=UTF-8,569.868147ms,,f54fa109f
transfer,https://api.querybuscas.com/pages/transfer,,4256,404,2254,107,20,text/html; charset=UTF-8,547.444358ms,,f54fa10a0
translate,https://api.querybuscas.com/pages/translate,,4258,404,2254,107,20,text/html; charset=UTF-8,619.533639ms,,f54fa10a2
transformations,https://api.querybuscas.com/pages/transformations,,4257,404,2254,107,20,text/html; charset=UTF-8,645.347167ms,,f54fa10a1
translations,https://api.querybuscas.com/pages/translations,,4259,404,2254,107,20,text/html; charset=UTF-8,714.421538ms,,f54fa10a3
transparent,https://api.querybuscas.com/pages/transparent,,4260,404,2254,107,20,text/html; charset=UTF-8,516.419639ms,,f54fa10a4
transport,https://api.querybuscas.com/pages/transport,,4261,404,2254,107,20,text/html; charset=UTF-8,562.333871ms,,f54fa10a5
trap,https://api.querybuscas.com/pages/trap,,4262,404,2254,107,20,text/html; charset=UTF-8,635.675334ms,,f54fa10a6
trash,https://api.querybuscas.com/pages/trash,,4263,404,2254,107,20,text/html; charset=UTF-8,533.700025ms,,f54fa10a7
travel,https://api.querybuscas.com/pages/travel,,4264,404,2254,107,20,text/html; charset=UTF-8,658.970951ms,,f54fa10a8
treasury,https://api.querybuscas.com/pages/treasury,,4265,404,2254,107,20,text/html; charset=UTF-8,620.057726ms,,f54fa10a9
tree,https://api.querybuscas.com/pages/tree,,4266,404,2254,107,20,text/html; charset=UTF-8,542.547314ms,,f54fa10aa
trees,https://api.querybuscas.com/pages/trees,,4267,404,2254,107,20,text/html; charset=UTF-8,601.257168ms,,f54fa10ab
trends,https://api.querybuscas.com/pages/trends,,4268,404,2254,107,20,text/html; charset=UTF-8,657.868134ms,,f54fa10ac
true,https://api.querybuscas.com/pages/true,,4270,404,2254,107,20,text/html; charset=UTF-8,575.629183ms,,f54fa10ae
trial,https://api.querybuscas.com/pages/trial,,4269,404,2254,107,20,text/html; charset=UTF-8,651.040915ms,,f54fa10ad
trunk,https://api.querybuscas.com/pages/trunk,,4271,404,2254,107,20,text/html; charset=UTF-8,543.767305ms,,f54fa10af
tslib,https://api.querybuscas.com/pages/tslib,,4272,404,2254,107,20,text/html; charset=UTF-8,600.559503ms,,f54fa10b0
tsweb,https://api.querybuscas.com/pages/tsweb,,4273,404,2254,107,20,text/html; charset=UTF-8,519.918329ms,,f54fa10b1
tt,https://api.querybuscas.com/pages/tt,,4274,404,2254,107,20,text/html; charset=UTF-8,545.105937ms,,f54fa10b2
tuning,https://api.querybuscas.com/pages/tuning,,4275,404,2254,107,20,text/html; charset=UTF-8,543.039022ms,,f54fa10b3
turbine,https://api.querybuscas.com/pages/turbine,,4276,404,2254,107,20,text/html; charset=UTF-8,568.656901ms,,f54fa10b4
tuscany,https://api.querybuscas.com/pages/tuscany,,4277,404,2254,107,20,text/html; charset=UTF-8,599.804107ms,,f54fa10b5
tutorial,https://api.querybuscas.com/pages/tutorial,,4278,404,2254,107,20,text/html; charset=UTF-8,625.586558ms,,f54fa10b6
tutorials,https://api.querybuscas.com/pages/tutorials,,4279,404,2254,107,20,text/html; charset=UTF-8,613.627518ms,,f54fa10b7
tv,https://api.querybuscas.com/pages/tv,,4280,404,2254,107,20,text/html; charset=UTF-8,561.69094ms,,f54fa10b8
tw,https://api.querybuscas.com/pages/tw,,4281,404,2254,107,20,text/html; charset=UTF-8,547.549217ms,,f54fa10b9
twatch,https://api.querybuscas.com/pages/twatch,,4282,404,2254,107,20,text/html; charset=UTF-8,590.652784ms,,f54fa10ba
tweak,https://api.querybuscas.com/pages/tweak,,4283,404,2254,107,20,text/html; charset=UTF-8,678.658861ms,,f54fa10bb
twiki,https://api.querybuscas.com/pages/twiki,,4284,404,2254,107,20,text/html; charset=UTF-8,563.342889ms,,f54fa10bc
twitter,https://api.querybuscas.com/pages/twitter,,4285,404,2254,107,20,text/html; charset=UTF-8,642.628644ms,,f54fa10bd
tx,https://api.querybuscas.com/pages/tx,,4286,404,2254,107,20,text/html; charset=UTF-8,640.108007ms,,f54fa10be
txt,https://api.querybuscas.com/pages/txt,,4287,404,2254,107,20,text/html; charset=UTF-8,565.676211ms,,f54fa10bf
type,https://api.querybuscas.com/pages/type,,4288,404,2254,107,20,text/html; charset=UTF-8,562.759163ms,,f54fa10c0
typo3,https://api.querybuscas.com/pages/typo3,,4289,404,2254,107,20,text/html; charset=UTF-8,625.142056ms,,f54fa10c1
typo3_src,https://api.querybuscas.com/pages/typo3_src,,4290,404,2254,107,20,text/html; charset=UTF-8,562.46359ms,,f54fa10c2
typo3conf,https://api.querybuscas.com/pages/typo3conf,,4291,404,2254,107,20,text/html; charset=UTF-8,580.733143ms,,f54fa10c3
typo3temp,https://api.querybuscas.com/pages/typo3temp,,4292,404,2254,107,20,text/html; charset=UTF-8,628.98456ms,,f54fa10c4
u,https://api.querybuscas.com/pages/u,,4294,404,2254,107,20,text/html; charset=UTF-8,521.738592ms,,f54fa10c6
typolight,https://api.querybuscas.com/pages/typolight,,4293,404,2254,107,20,text/html; charset=UTF-8,663.78634ms,,f54fa10c5
ua,https://api.querybuscas.com/pages/ua,,4295,404,2254,107,20,text/html; charset=UTF-8,624.291867ms,,f54fa10c7
ubb,https://api.querybuscas.com/pages/ubb,,4296,404,2254,107,20,text/html; charset=UTF-8,546.560708ms,,f54fa10c8
uc,https://api.querybuscas.com/pages/uc,,4297,404,2254,107,20,text/html; charset=UTF-8,553.011517ms,,f54fa10c9
uc_client,https://api.querybuscas.com/pages/uc_client,,4298,404,2254,107,20,text/html; charset=UTF-8,601.276393ms,,f54fa10ca
uc_server,https://api.querybuscas.com/pages/uc_server,,4299,404,2254,107,20,text/html; charset=UTF-8,537.158043ms,,f54fa10cb
ucenter,https://api.querybuscas.com/pages/ucenter,,4300,404,2254,107,20,text/html; charset=UTF-8,494.693246ms,,f54fa10cc
ucp,https://api.querybuscas.com/pages/ucp,,4301,404,2254,107,20,text/html; charset=UTF-8,552.081221ms,,f54fa10cd
uddi,https://api.querybuscas.com/pages/uddi,,4302,404,2254,107,20,text/html; charset=UTF-8,586.992844ms,,f54fa10ce
uds,https://api.querybuscas.com/pages/uds,,4303,404,2254,107,20,text/html; charset=UTF-8,581.141963ms,,f54fa10cf
ui,https://api.querybuscas.com/pages/ui,,4304,404,2254,107,20,text/html; charset=UTF-8,841.796841ms,,f54fa10d0
ui_config.properties,https://api.querybuscas.com/pages/ui_config.properties,,4305,404,2254,107,20,text/html; charset=UTF-8,637.541526ms,,f54fa10d1
umbraco,https://api.querybuscas.com/pages/umbraco,,4307,404,2254,107,20,text/html; charset=UTF-8,607.589078ms,,f54fa10d3
uk,https://api.querybuscas.com/pages/uk,,4306,404,2254,107,20,text/html; charset=UTF-8,631.361831ms,,f54fa10d2
umts,https://api.querybuscas.com/pages/umts,,4309,429,17,3,2,text/plain; charset=UTF-8,273.373008ms,,f54fa10d5
umbraco_client,https://api.querybuscas.com/pages/umbraco_client,,4308,429,17,3,2,text/plain; charset=UTF-8,305.555585ms,,f54fa10d4
uncategorized,https://api.querybuscas.com/pages/uncategorized,,4310,429,17,3,2,text/plain; charset=UTF-8,253.182061ms,,f54fa10d6
under_update,https://api.querybuscas.com/pages/under_update,,4311,429,17,3,2,text/plain; charset=UTF-8,251.179252ms,,f54fa10d7
uninstall,https://api.querybuscas.com/pages/uninstall,,4312,429,17,3,2,text/plain; charset=UTF-8,355.642414ms,,f54fa10d8
union,https://api.querybuscas.com/pages/union,,4313,429,17,3,2,text/plain; charset=UTF-8,354.164532ms,,f54fa10d9
unlock,https://api.querybuscas.com/pages/unlock,,4315,429,17,3,2,text/plain; charset=UTF-8,358.10378ms,,f54fa10db
unix,https://api.querybuscas.com/pages/unix,,4314,429,17,3,2,text/plain; charset=UTF-8,358.731094ms,,f54fa10da
unpaid,https://api.querybuscas.com/pages/unpaid,,4316,429,17,3,2,text/plain; charset=UTF-8,242.295888ms,,f54fa10dc
unreg,https://api.querybuscas.com/pages/unreg,,4317,429,17,3,2,text/plain; charset=UTF-8,242.307874ms,,f54fa10dd
unsafe,https://api.querybuscas.com/pages/unsafe,,4319,429,17,3,2,text/plain; charset=UTF-8,295.561898ms,,f54fa10df
unregister,https://api.querybuscas.com/pages/unregister,,4318,429,17,3,2,text/plain; charset=UTF-8,305.499352ms,,f54fa10de
unsubscribe,https://api.querybuscas.com/pages/unsubscribe,,4320,429,17,3,2,text/plain; charset=UTF-8,237.819745ms,,f54fa10e0
unused,https://api.querybuscas.com/pages/unused,,4321,429,17,3,2,text/plain; charset=UTF-8,295.114363ms,,f54fa10e1
up,https://api.querybuscas.com/pages/up,,4322,429,17,3,2,text/plain; charset=UTF-8,258.777225ms,,f54fa10e2
upcoming,https://api.querybuscas.com/pages/upcoming,,4323,429,17,3,2,text/plain; charset=UTF-8,264.053622ms,,f54fa10e3
upd,https://api.querybuscas.com/pages/upd,,4324,429,17,3,2,text/plain; charset=UTF-8,225.5181ms,,f54fa10e4
update,https://api.querybuscas.com/pages/update,,4325,429,17,3,2,text/plain; charset=UTF-8,443.495718ms,,f54fa10e5
updated,https://api.querybuscas.com/pages/updated,,4326,429,17,3,2,text/plain; charset=UTF-8,340.805126ms,,f54fa10e6
updateinstaller,https://api.querybuscas.com/pages/updateinstaller,,4327,429,17,3,2,text/plain; charset=UTF-8,326.247045ms,,f54fa10e7
updater,https://api.querybuscas.com/pages/updater,,4328,429,17,3,2,text/plain; charset=UTF-8,298.132192ms,,f54fa10e8
updates,https://api.querybuscas.com/pages/updates,,4329,429,17,3,2,text/plain; charset=UTF-8,281.796359ms,,f54fa10e9
updates-topic,https://api.querybuscas.com/pages/updates-topic,,4330,429,17,3,2,text/plain; charset=UTF-8,288.595903ms,,f54fa10ea
upgrade,https://api.querybuscas.com/pages/upgrade,,4331,429,17,3,2,text/plain; charset=UTF-8,344.017229ms,,f54fa10eb
upgrade.readme,https://api.querybuscas.com/pages/upgrade.readme,,4332,429,17,3,2,text/plain; charset=UTF-8,344.328718ms,,f54fa10ec
upload,https://api.querybuscas.com/pages/upload,,4333,429,17,3,2,text/plain; charset=UTF-8,254.574841ms,,f54fa10ed
upload_file,https://api.querybuscas.com/pages/upload_file,,4334,429,17,3,2,text/plain; charset=UTF-8,289.429002ms,,f54fa10ee
uploaded,https://api.querybuscas.com/pages/uploaded,,4336,429,17,3,2,text/plain; charset=UTF-8,280.186392ms,,f54fa10f0
upload_files,https://api.querybuscas.com/pages/upload_files,,4335,429,17,3,2,text/plain; charset=UTF-8,300.169793ms,,f54fa10ef
uploadedfiles,https://api.querybuscas.com/pages/uploadedfiles,,4337,429,17,3,2,text/plain; charset=UTF-8,234.47978ms,,f54fa10f1
uploadedimages,https://api.querybuscas.com/pages/uploadedimages,,4338,429,17,3,2,text/plain; charset=UTF-8,321.583328ms,,f54fa10f2
uploadfile,https://api.querybuscas.com/pages/uploadfile,,4340,429,17,3,2,text/plain; charset=UTF-8,372.347327ms,,f54fa10f4
uploader,https://api.querybuscas.com/pages/uploader,,4339,429,17,3,2,text/plain; charset=UTF-8,401.012096ms,,f54fa10f3
uploadfiles,https://api.querybuscas.com/pages/uploadfiles,,4341,429,17,3,2,text/plain; charset=UTF-8,322.581511ms,,f54fa10f5
uploads,https://api.querybuscas.com/pages/uploads,,4342,429,17,3,2,text/plain; charset=UTF-8,331.965819ms,,f54fa10f6
ur-admin,https://api.querybuscas.com/pages/ur-admin,,4343,429,17,3,2,text/plain; charset=UTF-8,295.975577ms,,f54fa10f7
urchin,https://api.querybuscas.com/pages/urchin,,4344,429,17,3,2,text/plain; charset=UTF-8,310.034317ms,,f54fa10f8
url,https://api.querybuscas.com/pages/url,,4345,429,17,3,2,text/plain; charset=UTF-8,279.836028ms,,f54fa10f9
urlrewriter,https://api.querybuscas.com/pages/urlrewriter,,4346,429,17,3,2,text/plain; charset=UTF-8,277.335799ms,,f54fa10fa
us,https://api.querybuscas.com/pages/us,,4348,429,17,3,2,text/plain; charset=UTF-8,310.738158ms,,f54fa10fc
urls,https://api.querybuscas.com/pages/urls,,4347,429,17,3,2,text/plain; charset=UTF-8,345.931943ms,,f54fa10fb
usa,https://api.querybuscas.com/pages/usa,,4349,429,17,3,2,text/plain; charset=UTF-8,380.119506ms,,f54fa10fd
usage,https://api.querybuscas.com/pages/usage,,4350,429,17,3,2,text/plain; charset=UTF-8,335.348563ms,,f54fa10fe
user_upload,https://api.querybuscas.com/pages/user_upload,,4352,429,17,3,2,text/plain; charset=UTF-8,346.772208ms,,f54fa1100
useradmin,https://api.querybuscas.com/pages/useradmin,,4353,429,17,3,2,text/plain; charset=UTF-8,274.580521ms,,f54fa1101
user,https://api.querybuscas.com/pages/user,,4351,429,17,3,2,text/plain; charset=UTF-8,359.237424ms,,f54fa10ff
userapp,https://api.querybuscas.com/pages/userapp,,4354,429,17,3,2,text/plain; charset=UTF-8,252.67124ms,,f54fa1102
usercontrols,https://api.querybuscas.com/pages/usercontrols,,4355,429,17,3,2,text/plain; charset=UTF-8,262.8501ms,,f54fa1103
usercp2,https://api.querybuscas.com/pages/usercp2,,4357,429,17,3,2,text/plain; charset=UTF-8,318.687528ms,,f54fa1105
usercp,https://api.querybuscas.com/pages/usercp,,4356,429,17,3,2,text/plain; charset=UTF-8,325.419119ms,,f54fa1104
userdir,https://api.querybuscas.com/pages/userdir,,4358,429,17,3,2,text/plain; charset=UTF-8,265.606181ms,,f54fa1106
userfiles,https://api.querybuscas.com/pages/userfiles,,4359,429,17,3,2,text/plain; charset=UTF-8,266.097596ms,,f54fa1107
userimages,https://api.querybuscas.com/pages/userimages,,4360,429,17,3,2,text/plain; charset=UTF-8,289.652261ms,,f54fa1108
userlist,https://api.querybuscas.com/pages/userlist,,4362,429,17,3,2,text/plain; charset=UTF-8,251.249749ms,,f54fa110a
userinfo,https://api.querybuscas.com/pages/userinfo,,4361,429,17,3,2,text/plain; charset=UTF-8,283.333652ms,,f54fa1109
userlog,https://api.querybuscas.com/pages/userlog,,4363,429,17,3,2,text/plain; charset=UTF-8,307.057672ms,,f54fa110b
userlogin,https://api.querybuscas.com/pages/userlogin,,4364,429,17,3,2,text/plain; charset=UTF-8,235.778437ms,,f54fa110c
usermanager,https://api.querybuscas.com/pages/usermanager,,4365,429,17,3,2,text/plain; charset=UTF-8,235.829705ms,,f54fa110d
username,https://api.querybuscas.com/pages/username,,4366,429,17,3,2,text/plain; charset=UTF-8,235.504846ms,,f54fa110e
usernames,https://api.querybuscas.com/pages/usernames,,4367,429,17,3,2,text/plain; charset=UTF-8,269.676337ms,,f54fa110f
usernote,https://api.querybuscas.com/pages/usernote,,4368,429,17,3,2,text/plain; charset=UTF-8,325.336723ms,,f54fa1110
users,https://api.querybuscas.com/pages/users,,4369,429,17,3,2,text/plain; charset=UTF-8,325.17087ms,,f54fa1111
usr,https://api.querybuscas.com/pages/usr,,4370,429,17,3,2,text/plain; charset=UTF-8,388.869346ms,,f54fa1112
usrmgr,https://api.querybuscas.com/pages/usrmgr,,4371,429,17,3,2,text/plain; charset=UTF-8,262.402102ms,,f54fa1113
usrs,https://api.querybuscas.com/pages/usrs,,4372,429,17,3,2,text/plain; charset=UTF-8,282.550529ms,,f54fa1114
usuario,https://api.querybuscas.com/pages/usuario,,4374,429,17,3,2,text/plain; charset=UTF-8,286.893767ms,,f54fa1116
ustats,https://api.querybuscas.com/pages/ustats,,4373,429,17,3,2,text/plain; charset=UTF-8,388.740818ms,,f54fa1115
usuarios,https://api.querybuscas.com/pages/usuarios,,4375,429,17,3,2,text/plain; charset=UTF-8,228.100083ms,,f54fa1117
util,https://api.querybuscas.com/pages/util,,4376,429,17,3,2,text/plain; charset=UTF-8,350.057234ms,,f54fa1118
utilities,https://api.querybuscas.com/pages/utilities,,4377,429,17,3,2,text/plain; charset=UTF-8,309.230814ms,,f54fa1119
utility,https://api.querybuscas.com/pages/utility,,4378,429,17,3,2,text/plain; charset=UTF-8,273.422454ms,,f54fa111a
utility_login,https://api.querybuscas.com/pages/utility_login,,4379,429,17,3,2,text/plain; charset=UTF-8,263.791709ms,,f54fa111b
utils,https://api.querybuscas.com/pages/utils,,4380,429,17,3,2,text/plain; charset=UTF-8,305.566375ms,,f54fa111c
v,https://api.querybuscas.com/pages/v,,4381,429,17,3,2,text/plain; charset=UTF-8,288.354069ms,,f54fa111d
v1/client_configs,https://api.querybuscas.com/pages/v1/client_configs,,4383,429,17,3,2,text/plain; charset=UTF-8,259.868049ms,,f54fa111f
v1,https://api.querybuscas.com/pages/v1,,4382,429,17,3,2,text/plain; charset=UTF-8,295.396241ms,,f54fa111e
v2,https://api.querybuscas.com/pages/v2,,4384,429,17,3,2,text/plain; charset=UTF-8,255.308485ms,,f54fa1120
v2/client_configs,https://api.querybuscas.com/pages/v2/client_configs,,4385,429,17,3,2,text/plain; charset=UTF-8,254.990332ms,,f54fa1121
v3,https://api.querybuscas.com/pages/v3,,4386,429,17,3,2,text/plain; charset=UTF-8,252.916853ms,,f54fa1122
v4,https://api.querybuscas.com/pages/v4,,4387,429,17,3,2,text/plain; charset=UTF-8,318.803077ms,,f54fa1123
vadmind,https://api.querybuscas.com/pages/vadmind,,4388,429,17,3,2,text/plain; charset=UTF-8,251.997414ms,,f54fa1124
validatior,https://api.querybuscas.com/pages/validatior,,4390,429,17,3,2,text/plain; charset=UTF-8,296.995059ms,,f54fa1126
validation,https://api.querybuscas.com/pages/validation,,4389,429,17,3,2,text/plain; charset=UTF-8,359.205446ms,,f54fa1125
vap,https://api.querybuscas.com/pages/vap,,4391,429,17,3,2,text/plain; charset=UTF-8,295.428359ms,,f54fa1127
var,https://api.querybuscas.com/pages/var,,4392,429,17,3,2,text/plain; charset=UTF-8,384.331092ms,,f54fa1128
vault,https://api.querybuscas.com/pages/vault,,4393,429,17,3,2,text/plain; charset=UTF-8,329.73599ms,,f54fa1129
vbmodcp,https://api.querybuscas.com/pages/vbmodcp,,4395,429,17,3,2,text/plain; charset=UTF-8,379.222124ms,,f54fa112b
vb,https://api.querybuscas.com/pages/vb,,4394,429,17,3,2,text/plain; charset=UTF-8,388.909212ms,,f54fa112a
vbs,https://api.querybuscas.com/pages/vbs,,4396,429,17,3,2,text/plain; charset=UTF-8,256.063624ms,,f54fa112c
vbscript,https://api.querybuscas.com/pages/vbscript,,4397,429,17,3,2,text/plain; charset=UTF-8,256.208396ms,,f54fa112d
vbseo,https://api.querybuscas.com/pages/vbseo,,4399,429,17,3,2,text/plain; charset=UTF-8,254.696731ms,,f54fa112f
vbscripts,https://api.querybuscas.com/pages/vbscripts,,4398,429,17,3,2,text/plain; charset=UTF-8,254.825721ms,,f54fa112e
vbseocp,https://api.querybuscas.com/pages/vbseocp,,4400,429,17,3,2,text/plain; charset=UTF-8,326.354304ms,,f54fa1130
vcss,https://api.querybuscas.com/pages/vcss,,4401,429,17,3,2,text/plain; charset=UTF-8,326.42377ms,,f54fa1131
vector,https://api.querybuscas.com/pages/vector,,4403,429,17,3,2,text/plain; charset=UTF-8,242.493494ms,,f54fa1133
vdsbackup,https://api.querybuscas.com/pages/vdsbackup,,4402,429,17,3,2,text/plain; charset=UTF-8,282.609317ms,,f54fa1132
vehiclemakeoffer,https://api.querybuscas.com/pages/vehiclemakeoffer,,4405,429,17,3,2,text/plain; charset=UTF-8,272.439285ms,,f54fa1135
vehicle,https://api.querybuscas.com/pages/vehicle,,4404,429,17,3,2,text/plain; charset=UTF-8,278.283733ms,,f54fa1134
vehiclequote,https://api.querybuscas.com/pages/vehiclequote,,4406,429,17,3,2,text/plain; charset=UTF-8,388.13399ms,,f54fa1136
vehicletestdrive,https://api.querybuscas.com/pages/vehicletestdrive,,4407,429,17,3,2,text/plain; charset=UTF-8,373.770462ms,,f54fa1137
velocity,https://api.querybuscas.com/pages/velocity,,4408,429,17,3,2,text/plain; charset=UTF-8,275.112126ms,,f54fa1138
venda,https://api.querybuscas.com/pages/venda,,4409,429,17,3,2,text/plain; charset=UTF-8,356.916457ms,,f54fa1139
vendor,https://api.querybuscas.com/pages/vendor,,4410,429,17,3,2,text/plain; charset=UTF-8,268.776388ms,,f54fa113a
vendors,https://api.querybuscas.com/pages/vendors,,4411,429,17,3,2,text/plain; charset=UTF-8,355.803629ms,,f54fa113b
ver,https://api.querybuscas.com/pages/ver,,4412,429,17,3,2,text/plain; charset=UTF-8,343.066611ms,,f54fa113c
ver1,https://api.querybuscas.com/pages/ver1,,4413,429,17,3,2,text/plain; charset=UTF-8,298.574295ms,,f54fa113d
ver2,https://api.querybuscas.com/pages/ver2,,4414,429,17,3,2,text/plain; charset=UTF-8,364.06924ms,,f54fa113e
version,https://api.querybuscas.com/pages/version,,4415,429,17,3,2,text/plain; charset=UTF-8,261.327919ms,,f54fa113f
verwaltung,https://api.querybuscas.com/pages/verwaltung,,4417,429,17,3,2,text/plain; charset=UTF-8,252.799361ms,,f54fa1141
version.json,https://api.querybuscas.com/pages/version.json,,4416,429,17,3,2,text/plain; charset=UTF-8,351.185555ms,,f54fa1140
vfs,https://api.querybuscas.com/pages/vfs,,4418,429,17,3,2,text/plain; charset=UTF-8,311.369059ms,,f54fa1142
vi,https://api.querybuscas.com/pages/vi,,4419,429,17,3,2,text/plain; charset=UTF-8,385.930273ms,,f54fa1143
viagra,https://api.querybuscas.com/pages/viagra,,4420,429,17,3,2,text/plain; charset=UTF-8,318.20532ms,,f54fa1144
vid,https://api.querybuscas.com/pages/vid,,4421,429,17,3,2,text/plain; charset=UTF-8,303.563657ms,,f54fa1145
video,https://api.querybuscas.com/pages/video,,4422,429,17,3,2,text/plain; charset=UTF-8,351.518985ms,,f54fa1146
videos,https://api.querybuscas.com/pages/videos,,4423,429,17,3,2,text/plain; charset=UTF-8,336.834055ms,,f54fa1147
view,https://api.querybuscas.com/pages/view,,4424,429,17,3,2,text/plain; charset=UTF-8,284.842223ms,,f54fa1148
view-source,https://api.querybuscas.com/pages/view-source,,4425,429,17,3,2,text/plain; charset=UTF-8,407.107094ms,,f54fa1149
view_cart,https://api.querybuscas.com/pages/view_cart,,4426,429,17,3,2,text/plain; charset=UTF-8,316.467237ms,,f54fa114a
viewcvs,https://api.querybuscas.com/pages/viewcvs,,4428,429,17,3,2,text/plain; charset=UTF-8,329.376453ms,,f54fa114c
viewcart,https://api.querybuscas.com/pages/viewcart,,4427,429,17,3,2,text/plain; charset=UTF-8,329.852625ms,,f54fa114b
viewer,https://api.querybuscas.com/pages/viewer,,4429,429,17,3,2,text/plain; charset=UTF-8,278.790959ms,,f54fa114d
viewlogin,https://api.querybuscas.com/pages/viewlogin,,4432,429,17,3,2,text/plain; charset=UTF-8,413.025571ms,,f54fa1150
viewforum,https://api.querybuscas.com/pages/viewforum,,4431,429,17,3,2,text/plain; charset=UTF-8,413.431082ms,,f54fa114f
viewfile,https://api.querybuscas.com/pages/viewfile,,4430,429,17,3,2,text/plain; charset=UTF-8,495.939646ms,,f54fa114e
viewonline,https://api.querybuscas.com/pages/viewonline,,4433,429,17,3,2,text/plain; charset=UTF-8,389.379611ms,,f54fa1151
views,https://api.querybuscas.com/pages/views,,4434,429,17,3,2,text/plain; charset=UTF-8,248.218726ms,,f54fa1152
viewsource,https://api.querybuscas.com/pages/viewsource,,4435,429,17,3,2,text/plain; charset=UTF-8,248.378452ms,,f54fa1153
viewsvn,https://api.querybuscas.com/pages/viewsvn,,4436,429,17,3,2,text/plain; charset=UTF-8,248.312585ms,,f54fa1154
viewthread,https://api.querybuscas.com/pages/viewthread,,4437,429,17,3,2,text/plain; charset=UTF-8,352.907222ms,,f54fa1155
vip,https://api.querybuscas.com/pages/vip,,4440,429,17,3,2,text/plain; charset=UTF-8,336.786639ms,,f54fa1158
viewtopic,https://api.querybuscas.com/pages/viewtopic,,4438,429,17,3,2,text/plain; charset=UTF-8,337.302769ms,,f54fa1156
viewvc,https://api.querybuscas.com/pages/viewvc,,4439,429,17,3,2,text/plain; charset=UTF-8,337.175545ms,,f54fa1157
virtual,https://api.querybuscas.com/pages/virtual,,4441,404,2254,107,20,text/html; charset=UTF-8,613.872331ms,,f54fa1159
virus,https://api.querybuscas.com/pages/virus,,4442,404,2254,107,20,text/html; charset=UTF-8,653.77837ms,,f54fa115a
visitor,https://api.querybuscas.com/pages/visitor,,4444,404,2254,107,20,text/html; charset=UTF-8,669.409127ms,,f54fa115c
visit,https://api.querybuscas.com/pages/visit,,4443,404,2254,107,20,text/html; charset=UTF-8,711.211302ms,,f54fa115b
visitormessage,https://api.querybuscas.com/pages/visitormessage,,4445,404,2254,107,20,text/html; charset=UTF-8,754.856556ms,,f54fa115d
vite.config.ts,https://api.querybuscas.com/pages/vite.config.ts,,4448,404,1316,100,20,text/html; charset=UTF-8,681.068606ms,,f54fa1160
vista,https://api.querybuscas.com/pages/vista,,4446,404,2254,107,20,text/html; charset=UTF-8,787.43643ms,,f54fa115e
vite.config.js,https://api.querybuscas.com/pages/vite.config.js,,4447,404,1316,100,20,text/html; charset=UTF-8,1.012806902s,,f54fa115f
vm,https://api.querybuscas.com/pages/vm,,4449,404,2254,107,20,text/html; charset=UTF-8,680.313291ms,,f54fa1161
vmailadmin,https://api.querybuscas.com/pages/vmailadmin,,4450,404,2254,107,20,text/html; charset=UTF-8,616.248608ms,,f54fa1162
void,https://api.querybuscas.com/pages/void,,4451,404,2254,107,20,text/html; charset=UTF-8,638.856755ms,,f54fa1163
voip,https://api.querybuscas.com/pages/voip,,4452,404,2254,107,20,text/html; charset=UTF-8,618.175614ms,,f54fa1164
vol,https://api.querybuscas.com/pages/vol,,4453,404,2254,107,20,text/html; charset=UTF-8,517.059743ms,,f54fa1165
volunteer,https://api.querybuscas.com/pages/volunteer,,4454,404,2254,107,20,text/html; charset=UTF-8,584.324001ms,,f54fa1166
vote,https://api.querybuscas.com/pages/vote,,4455,404,2254,107,20,text/html; charset=UTF-8,684.822772ms,,f54fa1167
voted,https://api.querybuscas.com/pages/voted,,4456,404,2254,107,20,text/html; charset=UTF-8,635.034591ms,,f54fa1168
voter,https://api.querybuscas.com/pages/voter,,4457,404,2254,107,20,text/html; charset=UTF-8,684.471304ms,,f54fa1169
votes,https://api.querybuscas.com/pages/votes,,4458,404,2254,107,20,text/html; charset=UTF-8,655.502273ms,,f54fa116a
vp,https://api.querybuscas.com/pages/vp,,4459,404,2254,107,20,text/html; charset=UTF-8,683.445703ms,,f54fa116b
vpg,https://api.querybuscas.com/pages/vpg,,4460,404,2254,107,20,text/html; charset=UTF-8,684.530761ms,,f54fa116c
vpn,https://api.querybuscas.com/pages/vpn,,4461,404,2254,107,20,text/html; charset=UTF-8,632.148402ms,,f54fa116d
vs,https://api.querybuscas.com/pages/vs,,4462,404,2254,107,20,text/html; charset=UTF-8,571.876795ms,,f54fa116e
vsadmin,https://api.querybuscas.com/pages/vsadmin,,4463,404,2254,107,20,text/html; charset=UTF-8,684.429214ms,,f54fa116f
vvc_display,https://api.querybuscas.com/pages/vvc_display,,4465,404,2254,107,20,text/html; charset=UTF-8,569.749587ms,,f54fa1171
vuln,https://api.querybuscas.com/pages/vuln,,4464,404,2254,107,20,text/html; charset=UTF-8,798.160894ms,,f54fa1170
w,https://api.querybuscas.com/pages/w,,4466,404,2254,107,20,text/html; charset=UTF-8,610.545152ms,,f54fa1172
w3,https://api.querybuscas.com/pages/w3,,4467,404,2254,107,20,text/html; charset=UTF-8,688.16307ms,,f54fa1173
w3c,https://api.querybuscas.com/pages/w3c,,4468,404,2254,107,20,text/html; charset=UTF-8,681.29421ms,,f54fa1174
w3svc,https://api.querybuscas.com/pages/w3svc,,4469,404,2254,107,20,text/html; charset=UTF-8,611.933526ms,,f54fa1175
wa,https://api.querybuscas.com/pages/wa,,4470,404,2254,107,20,text/html; charset=UTF-8,615.98354ms,,f54fa1176
wallpaper,https://api.querybuscas.com/pages/wallpaper,,4471,404,2254,107,20,text/html; charset=UTF-8,543.474944ms,,f54fa1177
wap,https://api.querybuscas.com/pages/wap,,4473,404,2254,107,20,text/html; charset=UTF-8,562.276043ms,,f54fa1179
wallpapers,https://api.querybuscas.com/pages/wallpapers,,4472,404,2254,107,20,text/html; charset=UTF-8,608.68554ms,,f54fa1178
war,https://api.querybuscas.com/pages/war,,4474,404,2254,107,20,text/html; charset=UTF-8,622.896485ms,,f54fa117a
warenkorb,https://api.querybuscas.com/pages/warenkorb,,4475,404,2254,107,20,text/html; charset=UTF-8,572.982206ms,,f54fa117b
warn,https://api.querybuscas.com/pages/warn,,4477,404,2254,107,20,text/html; charset=UTF-8,567.515168ms,,f54fa117d
warez,https://api.querybuscas.com/pages/warez,,4476,404,2254,107,20,text/html; charset=UTF-8,590.107846ms,,f54fa117c
way-board,https://api.querybuscas.com/pages/way-board,,4478,404,2254,107,20,text/html; charset=UTF-8,585.337275ms,,f54fa117e
wbboard,https://api.querybuscas.com/pages/wbboard,,4479,404,2254,107,20,text/html; charset=UTF-8,711.742417ms,,f54fa117f
wbsadmin,https://api.querybuscas.com/pages/wbsadmin,,4480,404,2254,107,20,text/html; charset=UTF-8,574.051504ms,,f54fa1180
wc,https://api.querybuscas.com/pages/wc,,4481,404,2254,107,20,text/html; charset=UTF-8,724.363443ms,,f54fa1181
wcs,https://api.querybuscas.com/pages/wcs,,4482,404,2254,107,20,text/html; charset=UTF-8,658.08336ms,,f54fa1182
wdav,https://api.querybuscas.com/pages/wdav,,4483,404,2254,107,20,text/html; charset=UTF-8,604.155594ms,,f54fa1183
weather,https://api.querybuscas.com/pages/weather,,4484,404,2254,107,20,text/html; charset=UTF-8,590.432253ms,,f54fa1184
web,https://api.querybuscas.com/pages/web,,4485,404,2254,107,20,text/html; charset=UTF-8,563.10388ms,,f54fa1185
web-beans,https://api.querybuscas.com/pages/web-beans,,4486,404,2254,107,20,text/html; charset=UTF-8,559.770755ms,,f54fa1186
web-console,https://api.querybuscas.com/pages/web-console,,4487,404,2254,107,20,text/html; charset=UTF-8,517.535276ms,,f54fa1187
web-inf,https://api.querybuscas.com/pages/web-inf,,4488,404,2254,107,20,text/html; charset=UTF-8,608.562662ms,,f54fa1188
web.config,https://api.querybuscas.com/pages/web.config,,4489,404,2254,107,20,text/html; charset=UTF-8,647.187973ms,,f54fa1189
web.xml,https://api.querybuscas.com/pages/web.xml,,4490,404,2254,107,20,text/html; charset=UTF-8,616.990976ms,,f54fa118a
web1,https://api.querybuscas.com/pages/web1,,4491,404,2254,107,20,text/html; charset=UTF-8,739.891089ms,,f54fa118b
web2,https://api.querybuscas.com/pages/web2,,4492,404,2254,107,20,text/html; charset=UTF-8,698.044797ms,,f54fa118c
web3,https://api.querybuscas.com/pages/web3,,4493,404,2254,107,20,text/html; charset=UTF-8,768.833408ms,,f54fa118d
web_users,https://api.querybuscas.com/pages/web_users,,4494,404,2254,107,20,text/html; charset=UTF-8,721.41017ms,,f54fa118e
webaccess,https://api.querybuscas.com/pages/webaccess,,4495,404,2254,107,20,text/html; charset=UTF-8,641.166934ms,,f54fa118f
webadm,https://api.querybuscas.com/pages/webadm,,4496,404,2254,107,20,text/html; charset=UTF-8,744.693748ms,,f54fa1190
webagent,https://api.querybuscas.com/pages/webagent,,4498,429,17,3,2,text/plain; charset=UTF-8,323.983358ms,,f54fa1192
webadmin,https://api.querybuscas.com/pages/webadmin,,4497,404,2254,107,20,text/html; charset=UTF-8,514.69314ms,,f54fa1191
webalizer,https://api.querybuscas.com/pages/webalizer,,4499,429,17,3,2,text/plain; charset=UTF-8,422.878626ms,,f54fa1193
webapps,https://api.querybuscas.com/pages/webapps,,4501,429,17,3,2,text/plain; charset=UTF-8,453.541829ms,,f54fa1195
webapp,https://api.querybuscas.com/pages/webapp,,4500,429,17,3,2,text/plain; charset=UTF-8,454.000288ms,,f54fa1194
webb,https://api.querybuscas.com/pages/webb,,4502,429,17,3,2,text/plain; charset=UTF-8,603.688609ms,,f54fa1196
webbbs,https://api.querybuscas.com/pages/webbbs,,4503,429,17,3,2,text/plain; charset=UTF-8,535.782711ms,,f54fa1197
webcalendar,https://api.querybuscas.com/pages/webcalendar,,4505,429,17,3,2,text/plain; charset=UTF-8,503.788096ms,,f54fa1199
webboard,https://api.querybuscas.com/pages/webboard,,4504,429,17,3,2,text/plain; charset=UTF-8,504.304826ms,,f54fa1198
webcam,https://api.querybuscas.com/pages/webcam,,4506,429,17,3,2,text/plain; charset=UTF-8,387.516238ms,,f54fa119a
webcart,https://api.querybuscas.com/pages/webcart,,4507,429,17,3,2,text/plain; charset=UTF-8,410.21515ms,,f54fa119b
webcasts,https://api.querybuscas.com/pages/webcasts,,4509,429,17,3,2,text/plain; charset=UTF-8,260.159973ms,,f54fa119d
webcast,https://api.querybuscas.com/pages/webcast,,4508,429,17,3,2,text/plain; charset=UTF-8,349.7332ms,,f54fa119c
webcgi,https://api.querybuscas.com/pages/webcgi,,4510,429,17,3,2,text/plain; charset=UTF-8,467.547018ms,,f54fa119e
webcharts,https://api.querybuscas.com/pages/webcharts,,4511,429,17,3,2,text/plain; charset=UTF-8,463.435099ms,,f54fa119f
webchat,https://api.querybuscas.com/pages/webchat,,4512,429,17,3,2,text/plain; charset=UTF-8,432.697098ms,,f54fa11a0
webctrl_client,https://api.querybuscas.com/pages/webctrl_client,,4513,429,17,3,2,text/plain; charset=UTF-8,513.320103ms,,f54fa11a1
webdata,https://api.querybuscas.com/pages/webdata,,4514,429,17,3,2,text/plain; charset=UTF-8,437.103728ms,,f54fa11a2
webdav,https://api.querybuscas.com/pages/webdav,,4515,429,17,3,2,text/plain; charset=UTF-8,392.006186ms,,f54fa11a3
webdb,https://api.querybuscas.com/pages/webdb,,4516,429,17,3,2,text/plain; charset=UTF-8,400.756252ms,,f54fa11a4
webedit,https://api.querybuscas.com/pages/webedit,,4518,429,17,3,2,text/plain; charset=UTF-8,307.710414ms,,f54fa11a6
webdist,https://api.querybuscas.com/pages/webdist,,4517,429,17,3,2,text/plain; charset=UTF-8,513.336408ms,,f54fa11a5
webhits,https://api.querybuscas.com/pages/webhits,,4520,429,17,3,2,text/plain; charset=UTF-8,453.378585ms,,f54fa11a8
webfm_send,https://api.querybuscas.com/pages/webfm_send,,4519,429,17,3,2,text/plain; charset=UTF-8,513.52951ms,,f54fa11a7
webim,https://api.querybuscas.com/pages/webim,,4521,429,17,3,2,text/plain; charset=UTF-8,452.642827ms,,f54fa11a9
webinar,https://api.querybuscas.com/pages/webinar,,4522,429,17,3,2,text/plain; charset=UTF-8,434.700927ms,,f54fa11aa
weblog,https://api.querybuscas.com/pages/weblog,,4523,429,17,3,2,text/plain; charset=UTF-8,342.204254ms,,f54fa11ab
weblogic,https://api.querybuscas.com/pages/weblogic,,4524,429,17,3,2,text/plain; charset=UTF-8,342.298475ms,,f54fa11ac
weblogs,https://api.querybuscas.com/pages/weblogs,,4525,429,17,3,2,text/plain; charset=UTF-8,413.200923ms,,f54fa11ad
webmail,https://api.querybuscas.com/pages/webmail,,4526,429,17,3,2,text/plain; charset=UTF-8,419.074302ms,,f54fa11ae
webmaster,https://api.querybuscas.com/pages/webmaster,,4527,429,17,3,2,text/plain; charset=UTF-8,398.290781ms,,f54fa11af
webmasters,https://api.querybuscas.com/pages/webmasters,,4528,429,17,3,2,text/plain; charset=UTF-8,398.382668ms,,f54fa11b0
webpages,https://api.querybuscas.com/pages/webpages,,4530,429,17,3,2,text/plain; charset=UTF-8,252.691062ms,,f54fa11b2
webpack.manifest.json,https://api.querybuscas.com/pages/webpack.manifest.json,,4529,429,17,3,2,text/plain; charset=UTF-8,368.320943ms,,f54fa11b1
webresource,https://api.querybuscas.com/pages/webresource,,4532,429,17,3,2,text/plain; charset=UTF-8,344.388156ms,,f54fa11b4
webplus,https://api.querybuscas.com/pages/webplus,,4531,429,17,3,2,text/plain; charset=UTF-8,383.201661ms,,f54fa11b3
websearch,https://api.querybuscas.com/pages/websearch,,4533,429,17,3,2,text/plain; charset=UTF-8,360.064837ms,,f54fa11b5
webservice,https://api.querybuscas.com/pages/webservice,,4534,429,17,3,2,text/plain; charset=UTF-8,535.529783ms,,f54fa11b6
webshop,https://api.querybuscas.com/pages/webshop,,4536,429,17,3,2,text/plain; charset=UTF-8,399.709403ms,,f54fa11b8
webservices,https://api.querybuscas.com/pages/webservices,,4535,429,17,3,2,text/plain; charset=UTF-8,440.852964ms,,f54fa11b7
website,https://api.querybuscas.com/pages/website,,4537,429,17,3,2,text/plain; charset=UTF-8,359.322611ms,,f54fa11b9
websphere,https://api.querybuscas.com/pages/websphere,,4539,429,17,3,2,text/plain; charset=UTF-8,259.39705ms,,f54fa11bb
websites,https://api.querybuscas.com/pages/websites,,4538,429,17,3,2,text/plain; charset=UTF-8,331.968137ms,,f54fa11ba
websql,https://api.querybuscas.com/pages/websql,,4540,429,17,3,2,text/plain; charset=UTF-8,402.770012ms,,f54fa11bc
webstat,https://api.querybuscas.com/pages/webstat,,4541,429,17,3,2,text/plain; charset=UTF-8,445.934825ms,,f54fa11bd
websvn,https://api.querybuscas.com/pages/websvn,,4543,429,17,3,2,text/plain; charset=UTF-8,336.231431ms,,f54fa11bf
webstats,https://api.querybuscas.com/pages/webstats,,4542,429,17,3,2,text/plain; charset=UTF-8,488.296446ms,,f54fa11be
webtrends,https://api.querybuscas.com/pages/webtrends,,4544,429,17,3,2,text/plain; charset=UTF-8,513.642715ms,,f54fa11c0
webusers,https://api.querybuscas.com/pages/webusers,,4545,429,17,3,2,text/plain; charset=UTF-8,512.356004ms,,f54fa11c1
webvpn,https://api.querybuscas.com/pages/webvpn,,4546,429,17,3,2,text/plain; charset=UTF-8,456.954518ms,,f54fa11c2
webwork,https://api.querybuscas.com/pages/webwork,,4547,429,17,3,2,text/plain; charset=UTF-8,424.746937ms,,f54fa11c3
wedding,https://api.querybuscas.com/pages/wedding,,4548,429,17,3,2,text/plain; charset=UTF-8,448.588654ms,,f54fa11c4
weekly,https://api.querybuscas.com/pages/weekly,,4550,429,17,3,2,text/plain; charset=UTF-8,434.07861ms,,f54fa11c6
week,https://api.querybuscas.com/pages/week,,4549,429,17,3,2,text/plain; charset=UTF-8,434.691957ms,,f54fa11c5
welcome,https://api.querybuscas.com/pages/welcome,,4551,429,17,3,2,text/plain; charset=UTF-8,433.003588ms,,f54fa11c7
wellcome,https://api.querybuscas.com/pages/wellcome,,4552,429,17,3,2,text/plain; charset=UTF-8,408.335106ms,,f54fa11c8
wget,https://api.querybuscas.com/pages/wget,,4554,429,17,3,2,text/plain; charset=UTF-8,421.161428ms,,f54fa11ca
werbung,https://api.querybuscas.com/pages/werbung,,4553,429,17,3,2,text/plain; charset=UTF-8,421.380127ms,,f54fa11c9
what,https://api.querybuscas.com/pages/what,,4555,429,17,3,2,text/plain; charset=UTF-8,511.119731ms,,f54fa11cb
whatever,https://api.querybuscas.com/pages/whatever,,4556,429,17,3,2,text/plain; charset=UTF-8,511.880269ms,,f54fa11cc
whatsnew,https://api.querybuscas.com/pages/whatsnew,,4558,429,17,3,2,text/plain; charset=UTF-8,370.217935ms,,f54fa11ce
whatnot,https://api.querybuscas.com/pages/whatnot,,4557,429,17,3,2,text/plain; charset=UTF-8,428.736526ms,,f54fa11cd
white,https://api.querybuscas.com/pages/white,,4559,429,17,3,2,text/plain; charset=UTF-8,447.616179ms,,f54fa11cf
whitepaper,https://api.querybuscas.com/pages/whitepaper,,4560,429,17,3,2,text/plain; charset=UTF-8,449.920946ms,,f54fa11d0
whitepapers,https://api.querybuscas.com/pages/whitepapers,,4561,429,17,3,2,text/plain; charset=UTF-8,422.992454ms,,f54fa11d1
who,https://api.querybuscas.com/pages/who,,4562,429,17,3,2,text/plain; charset=UTF-8,427.190399ms,,f54fa11d2
whois,https://api.querybuscas.com/pages/whois,,4563,429,17,3,2,text/plain; charset=UTF-8,408.550267ms,,f54fa11d3
whosonline,https://api.querybuscas.com/pages/whosonline,,4565,429,17,3,2,text/plain; charset=UTF-8,405.292926ms,,f54fa11d5
wholesale,https://api.querybuscas.com/pages/wholesale,,4564,429,17,3,2,text/plain; charset=UTF-8,405.92164ms,,f54fa11d4
why,https://api.querybuscas.com/pages/why,,4566,429,17,3,2,text/plain; charset=UTF-8,513.375305ms,,f54fa11d6
wicket,https://api.querybuscas.com/pages/wicket,,4567,429,17,3,2,text/plain; charset=UTF-8,513.530319ms,,f54fa11d7
widget,https://api.querybuscas.com/pages/widget,,4569,429,17,3,2,text/plain; charset=UTF-8,483.564387ms,,f54fa11d9
wide_search,https://api.querybuscas.com/pages/wide_search,,4568,429,17,3,2,text/plain; charset=UTF-8,483.647261ms,,f54fa11d8
widgets,https://api.querybuscas.com/pages/widgets,,4570,429,17,3,2,text/plain; charset=UTF-8,513.492773ms,,f54fa11da
wifi,https://api.querybuscas.com/pages/wifi,,4571,429,17,3,2,text/plain; charset=UTF-8,499.091628ms,,f54fa11db
wiki,https://api.querybuscas.com/pages/wiki,,4573,429,17,3,2,text/plain; charset=UTF-8,371.233446ms,,f54fa11dd
wii,https://api.querybuscas.com/pages/wii,,4572,429,17,3,2,text/plain; charset=UTF-8,371.705601ms,,f54fa11dc
win,https://api.querybuscas.com/pages/win,,4575,429,17,3,2,text/plain; charset=UTF-8,356.128975ms,,f54fa11df
will,https://api.querybuscas.com/pages/will,,4574,429,17,3,2,text/plain; charset=UTF-8,513.795972ms,,f54fa11de
windows,https://api.querybuscas.com/pages/windows,,4577,429,17,3,2,text/plain; charset=UTF-8,494.733961ms,,f54fa11e1
win32,https://api.querybuscas.com/pages/win32,,4576,429,17,3,2,text/plain; charset=UTF-8,513.182959ms,,f54fa11e0
wink,https://api.querybuscas.com/pages/wink,,4578,429,17,3,2,text/plain; charset=UTF-8,391.764548ms,,f54fa11e2
winnt,https://api.querybuscas.com/pages/winnt,,4579,429,17,3,2,text/plain; charset=UTF-8,543.292329ms,,f54fa11e3
wishlist,https://api.querybuscas.com/pages/wishlist,,4581,429,17,3,2,text/plain; charset=UTF-8,389.850452ms,,f54fa11e5
wireless,https://api.querybuscas.com/pages/wireless,,4580,429,17,3,2,text/plain; charset=UTF-8,410.009446ms,,f54fa11e4
with,https://api.querybuscas.com/pages/with,,4582,429,17,3,2,text/plain; charset=UTF-8,489.063691ms,,f54fa11e6
wizmysqladmin,https://api.querybuscas.com/pages/wizmysqladmin,,4583,429,17,3,2,text/plain; charset=UTF-8,361.3531ms,,f54fa11e7
wolthuis,https://api.querybuscas.com/pages/wolthuis,,4585,429,17,3,2,text/plain; charset=UTF-8,462.901515ms,,f54fa11e9
wml,https://api.querybuscas.com/pages/wml,,4584,429,17,3,2,text/plain; charset=UTF-8,463.417149ms,,f54fa11e8
word,https://api.querybuscas.com/pages/word,,4586,429,17,3,2,text/plain; charset=UTF-8,365.391116ms,,f54fa11ea
wordpress,https://api.querybuscas.com/pages/wordpress,,4587,429,17,3,2,text/plain; charset=UTF-8,513.972485ms,,f54fa11eb
workarea,https://api.querybuscas.com/pages/workarea,,4589,429,17,3,2,text/plain; charset=UTF-8,542.434914ms,,f54fa11ed
work,https://api.querybuscas.com/pages/work,,4588,429,17,3,2,text/plain; charset=UTF-8,543.064849ms,,f54fa11ec
workflowtasks,https://api.querybuscas.com/pages/workflowtasks,,4590,429,17,3,2,text/plain; charset=UTF-8,342.683165ms,,f54fa11ee
working,https://api.querybuscas.com/pages/working,,4591,429,17,3,2,text/plain; charset=UTF-8,513.560925ms,,f54fa11ef
works,https://api.querybuscas.com/pages/works,,4593,429,17,3,2,text/plain; charset=UTF-8,363.88183ms,,f54fa11f1
workplace,https://api.querybuscas.com/pages/workplace,,4592,429,17,3,2,text/plain; charset=UTF-8,364.326144ms,,f54fa11f0
workshop,https://api.querybuscas.com/pages/workshop,,4594,429,17,3,2,text/plain; charset=UTF-8,513.610498ms,,f54fa11f2
workshops,https://api.querybuscas.com/pages/workshops,,4595,404,2254,107,20,text/html; charset=UTF-8,761.322799ms,,f54fa11f3
world,https://api.querybuscas.com/pages/world,,4596,404,2254,107,20,text/html; charset=UTF-8,805.361959ms,,f54fa11f4
worldpayreturn,https://api.querybuscas.com/pages/worldpayreturn,,4597,404,2254,107,20,text/html; charset=UTF-8,905.370108ms,,f54fa11f5
worldwide,https://api.querybuscas.com/pages/worldwide,,4598,404,2254,107,20,text/html; charset=UTF-8,954.52607ms,,f54fa11f6
wow,https://api.querybuscas.com/pages/wow,,4599,404,2254,107,20,text/html; charset=UTF-8,599.834862ms,,f54fa11f7
wp,https://api.querybuscas.com/pages/wp,,4600,404,2254,107,20,text/html; charset=UTF-8,662.237776ms,,f54fa11f8
wp-admin,https://api.querybuscas.com/pages/wp-admin,,4601,404,2254,107,20,text/html; charset=UTF-8,813.714236ms,,f54fa11f9
wp-app,https://api.querybuscas.com/pages/wp-app,,4602,404,2254,107,20,text/html; charset=UTF-8,701.271543ms,,f54fa11fa
wp-atom,https://api.querybuscas.com/pages/wp-atom,,4603,404,2254,107,20,text/html; charset=UTF-8,596.702787ms,,f54fa11fb
wp-blog-header,https://api.querybuscas.com/pages/wp-blog-header,,4604,404,2254,107,20,text/html; charset=UTF-8,722.28976ms,,f54fa11fc
wp-comments,https://api.querybuscas.com/pages/wp-comments,,4605,404,2254,107,20,text/html; charset=UTF-8,683.76368ms,,f54fa11fd
wp-commentsrss2,https://api.querybuscas.com/pages/wp-commentsrss2,,4606,404,2254,107,20,text/html; charset=UTF-8,747.888354ms,,f54fa11fe
wp-config,https://api.querybuscas.com/pages/wp-config,,4607,404,2254,107,20,text/html; charset=UTF-8,929.723996ms,,f54fa11ff
wp-content,https://api.querybuscas.com/pages/wp-content,,4608,404,2254,107,20,text/html; charset=UTF-8,754.530754ms,,f54fa1200
wp-cron,https://api.querybuscas.com/pages/wp-cron,,4609,404,2254,107,20,text/html; charset=UTF-8,883.237625ms,,f54fa1201
wp-dbmanager,https://api.querybuscas.com/pages/wp-dbmanager,,4610,404,2254,107,20,text/html; charset=UTF-8,729.006622ms,,f54fa1202
wp-feed,https://api.querybuscas.com/pages/wp-feed,,4611,404,2254,107,20,text/html; charset=UTF-8,590.615916ms,,f54fa1203
wp-icludes,https://api.querybuscas.com/pages/wp-icludes,,4612,404,2254,107,20,text/html; charset=UTF-8,791.568129ms,,f54fa1204
wp-images,https://api.querybuscas.com/pages/wp-images,,4613,404,2254,107,20,text/html; charset=UTF-8,663.186108ms,,f54fa1205
wp-includes,https://api.querybuscas.com/pages/wp-includes,,4614,404,2254,107,20,text/html; charset=UTF-8,816.758503ms,,f54fa1206
wp-links-opml,https://api.querybuscas.com/pages/wp-links-opml,,4615,404,2254,107,20,text/html; charset=UTF-8,658.132965ms,,f54fa1207
wp-load,https://api.querybuscas.com/pages/wp-load,,4616,404,2254,107,20,text/html; charset=UTF-8,725.210356ms,,f54fa1208
wp-login,https://api.querybuscas.com/pages/wp-login,,4617,404,2254,107,20,text/html; charset=UTF-8,685.140927ms,,f54fa1209
wp-mail,https://api.querybuscas.com/pages/wp-mail,,4618,404,2254,107,20,text/html; charset=UTF-8,668.513283ms,,f54fa120a
wp-pass,https://api.querybuscas.com/pages/wp-pass,,4619,404,2254,107,20,text/html; charset=UTF-8,629.22955ms,,f54fa120b
wp-rdf,https://api.querybuscas.com/pages/wp-rdf,,4620,404,2254,107,20,text/html; charset=UTF-8,521.094875ms,,f54fa120c
wp-register,https://api.querybuscas.com/pages/wp-register,,4621,404,2254,107,20,text/html; charset=UTF-8,561.758079ms,,f54fa120d
wp-rss,https://api.querybuscas.com/pages/wp-rss,,4622,404,2254,107,20,text/html; charset=UTF-8,578.297596ms,,f54fa120e
wp-rss2,https://api.querybuscas.com/pages/wp-rss2,,4623,404,2254,107,20,text/html; charset=UTF-8,732.607012ms,,f54fa120f
wp-settings,https://api.querybuscas.com/pages/wp-settings,,4624,404,2254,107,20,text/html; charset=UTF-8,722.820925ms,,f54fa1210
wp-signup,https://api.querybuscas.com/pages/wp-signup,,4625,404,2254,107,20,text/html; charset=UTF-8,710.417983ms,,f54fa1211
wp-syntax,https://api.querybuscas.com/pages/wp-syntax,,4626,404,2254,107,20,text/html; charset=UTF-8,666.540864ms,,f54fa1212
wp-trackback,https://api.querybuscas.com/pages/wp-trackback,,4627,404,2254,107,20,text/html; charset=UTF-8,666.962336ms,,f54fa1213
wpau-backup,https://api.querybuscas.com/pages/wpau-backup,,4628,404,2254,107,20,text/html; charset=UTF-8,582.796418ms,,f54fa1214
wpcallback,https://api.querybuscas.com/pages/wpcallback,,4629,404,2254,107,20,text/html; charset=UTF-8,553.983318ms,,f54fa1215
wpcontent,https://api.querybuscas.com/pages/wpcontent,,4630,404,2254,107,20,text/html; charset=UTF-8,641.197214ms,,f54fa1216
wps,https://api.querybuscas.com/pages/wps,,4631,404,2254,107,20,text/html; charset=UTF-8,640.567996ms,,f54fa1217
wrap,https://api.querybuscas.com/pages/wrap,,4632,404,2254,107,20,text/html; charset=UTF-8,727.692179ms,,f54fa1218
writing,https://api.querybuscas.com/pages/writing,,4633,404,2254,107,20,text/html; charset=UTF-8,706.741554ms,,f54fa1219
ws,https://api.querybuscas.com/pages/ws,,4634,404,2254,107,20,text/html; charset=UTF-8,691.792952ms,,f54fa121a
ws-client,https://api.querybuscas.com/pages/ws-client,,4635,404,2254,107,20,text/html; charset=UTF-8,744.853055ms,,f54fa121b
ws_ftp,https://api.querybuscas.com/pages/ws_ftp,,4636,404,2254,107,20,text/html; charset=UTF-8,662.065161ms,,f54fa121c
wsdl,https://api.querybuscas.com/pages/wsdl,,4637,404,2254,107,20,text/html; charset=UTF-8,542.026634ms,,f54fa121d
wss,https://api.querybuscas.com/pages/wss,,4638,404,2254,107,20,text/html; charset=UTF-8,560.998191ms,,f54fa121e
wstat,https://api.querybuscas.com/pages/wstat,,4639,404,2254,107,20,text/html; charset=UTF-8,548.817226ms,,f54fa121f
wstats,https://api.querybuscas.com/pages/wstats,,4640,404,2254,107,20,text/html; charset=UTF-8,631.669489ms,,f54fa1220
wt,https://api.querybuscas.com/pages/wt,,4641,404,2254,107,20,text/html; charset=UTF-8,773.318638ms,,f54fa1221
wtai,https://api.querybuscas.com/pages/wtai,,4642,404,2254,107,20,text/html; charset=UTF-8,766.711843ms,,f54fa1222
wusage,https://api.querybuscas.com/pages/wusage,,4643,404,2254,107,20,text/html; charset=UTF-8,725.875922ms,,f54fa1223
wwhelp,https://api.querybuscas.com/pages/wwhelp,,4644,404,2254,107,20,text/html; charset=UTF-8,603.475967ms,,f54fa1224
www,https://api.querybuscas.com/pages/www,,4645,404,2254,107,20,text/html; charset=UTF-8,618.303262ms,,f54fa1225
www-sql,https://api.querybuscas.com/pages/www-sql,,4646,429,17,3,2,text/plain; charset=UTF-8,513.293987ms,,f54fa1226
www2,https://api.querybuscas.com/pages/www2,,4648,429,17,3,2,text/plain; charset=UTF-8,366.622857ms,,f54fa1228
www1,https://api.querybuscas.com/pages/www1,,4647,429,17,3,2,text/plain; charset=UTF-8,513.282435ms,,f54fa1227
www3,https://api.querybuscas.com/pages/www3,,4649,429,17,3,2,text/plain; charset=UTF-8,448.942439ms,,f54fa1229
wwwjoin,https://api.querybuscas.com/pages/wwwjoin,,4651,429,17,3,2,text/plain; charset=UTF-8,440.000485ms,,f54fa122b
wwwboard,https://api.querybuscas.com/pages/wwwboard,,4650,429,17,3,2,text/plain; charset=UTF-8,513.439087ms,,f54fa122a
wwwlog,https://api.querybuscas.com/pages/wwwlog,,4652,429,17,3,2,text/plain; charset=UTF-8,444.268605ms,,f54fa122c
wwwroot,https://api.querybuscas.com/pages/wwwroot,,4653,429,17,3,2,text/plain; charset=UTF-8,513.462812ms,,f54fa122d
wwwstats,https://api.querybuscas.com/pages/wwwstats,,4655,429,17,3,2,text/plain; charset=UTF-8,365.338162ms,,f54fa122f
wwwstat,https://api.querybuscas.com/pages/wwwstat,,4654,429,17,3,2,text/plain; charset=UTF-8,416.389925ms,,f54fa122e
wwwthreads,https://api.querybuscas.com/pages/wwwthreads,,4656,429,17,3,2,text/plain; charset=UTF-8,411.429914ms,,f54fa1230
wwwuser,https://api.querybuscas.com/pages/wwwuser,,4657,429,17,3,2,text/plain; charset=UTF-8,342.139311ms,,f54fa1231
wysiwyg,https://api.querybuscas.com/pages/wysiwyg,,4658,429,17,3,2,text/plain; charset=UTF-8,391.807235ms,,f54fa1232
wysiwygpro,https://api.querybuscas.com/pages/wysiwygpro,,4659,429,17,3,2,text/plain; charset=UTF-8,439.197059ms,,f54fa1233
x,https://api.querybuscas.com/pages/x,,4660,429,17,3,2,text/plain; charset=UTF-8,513.191312ms,,f54fa1234
xajax_js,https://api.querybuscas.com/pages/xajax_js,,4662,429,17,3,2,text/plain; charset=UTF-8,440.580133ms,,f54fa1236
xajax,https://api.querybuscas.com/pages/xajax,,4661,429,17,3,2,text/plain; charset=UTF-8,513.262711ms,,f54fa1235
xalan,https://api.querybuscas.com/pages/xalan,,4663,429,17,3,2,text/plain; charset=UTF-8,513.298854ms,,f54fa1237
xbox,https://api.querybuscas.com/pages/xbox,,4664,429,17,3,2,text/plain; charset=UTF-8,513.23532ms,,f54fa1238
xcache,https://api.querybuscas.com/pages/xcache,,4665,429,17,3,2,text/plain; charset=UTF-8,404.651101ms,,f54fa1239
xcart,https://api.querybuscas.com/pages/xcart,,4666,429,17,3,2,text/plain; charset=UTF-8,404.721828ms,,f54fa123a
xd_receiver,https://api.querybuscas.com/pages/xd_receiver,,4667,429,17,3,2,text/plain; charset=UTF-8,513.070481ms,,f54fa123b
xdb,https://api.querybuscas.com/pages/xdb,,4668,429,17,3,2,text/plain; charset=UTF-8,412.01129ms,,f54fa123c
xerces,https://api.querybuscas.com/pages/xerces,,4669,429,17,3,2,text/plain; charset=UTF-8,450.526138ms,,f54fa123d
xhtml,https://api.querybuscas.com/pages/xhtml,,4671,429,17,3,2,text/plain; charset=UTF-8,452.292944ms,,f54fa123f
xlogin,https://api.querybuscas.com/pages/xlogin,,4672,429,17,3,2,text/plain; charset=UTF-8,382.374455ms,,f54fa1240
xls,https://api.querybuscas.com/pages/xls,,4673,429,17,3,2,text/plain; charset=UTF-8,452.260007ms,,f54fa1241
xmas,https://api.querybuscas.com/pages/xmas,,4674,429,17,3,2,text/plain; charset=UTF-8,452.247446ms,,f54fa1242
xml,https://api.querybuscas.com/pages/xml,,4675,429,17,3,2,text/plain; charset=UTF-8,406.244883ms,,f54fa1243
xml-rpc,https://api.querybuscas.com/pages/xml-rpc,,4676,429,17,3,2,text/plain; charset=UTF-8,406.307281ms,,f54fa1244
xmlfiles,https://api.querybuscas.com/pages/xmlfiles,,4677,429,17,3,2,text/plain; charset=UTF-8,342.232504ms,,f54fa1245
xmlimporter,https://api.querybuscas.com/pages/xmlimporter,,4678,429,17,3,2,text/plain; charset=UTF-8,342.297902ms,,f54fa1246
xmlrpc.php,https://api.querybuscas.com/pages/xmlrpc.php,,4680,429,17,3,2,text/plain; charset=UTF-8,348.101555ms,,f54fa1248
xmlrpc,https://api.querybuscas.com/pages/xmlrpc,,4679,429,17,3,2,text/plain; charset=UTF-8,449.251302ms,,f54fa1247
xn,https://api.querybuscas.com/pages/xn,,4681,429,17,3,2,text/plain; charset=UTF-8,513.185095ms,,f54fa1249
xsl,https://api.querybuscas.com/pages/xsl,,4682,429,17,3,2,text/plain; charset=UTF-8,513.289672ms,,f54fa124a
xslt,https://api.querybuscas.com/pages/xslt,,4683,429,17,3,2,text/plain; charset=UTF-8,443.200188ms,,f54fa124b
xsql,https://api.querybuscas.com/pages/xsql,,4684,429,17,3,2,text/plain; charset=UTF-8,513.278853ms,,f54fa124c
xxx,https://api.querybuscas.com/pages/xxx,,4686,429,17,3,2,text/plain; charset=UTF-8,419.373554ms,,f54fa124e
xx,https://api.querybuscas.com/pages/xx,,4685,429,17,3,2,text/plain; charset=UTF-8,513.382266ms,,f54fa124d
xyz,https://api.querybuscas.com/pages/xyz,,4687,429,17,3,2,text/plain; charset=UTF-8,482.525359ms,,f54fa124f
y,https://api.querybuscas.com/pages/y,,4689,429,17,3,2,text/plain; charset=UTF-8,264.876487ms,,f54fa1251
xyzzy,https://api.querybuscas.com/pages/xyzzy,,4688,429,17,3,2,text/plain; charset=UTF-8,342.144309ms,,f54fa1250
yahoo,https://api.querybuscas.com/pages/yahoo,,4690,429,17,3,2,text/plain; charset=UTF-8,412.058447ms,,f54fa1252
year,https://api.querybuscas.com/pages/year,,4691,429,17,3,2,text/plain; charset=UTF-8,373.26686ms,,f54fa1253
yesterday,https://api.querybuscas.com/pages/yesterday,,4693,429,17,3,2,text/plain; charset=UTF-8,513.694398ms,,f54fa1255
yearly,https://api.querybuscas.com/pages/yearly,,4692,429,17,3,2,text/plain; charset=UTF-8,513.768175ms,,f54fa1254
yml,https://api.querybuscas.com/pages/yml,,4694,429,17,3,2,text/plain; charset=UTF-8,443.848982ms,,f54fa1256
yonetici,https://api.querybuscas.com/pages/yonetici,,4695,429,17,3,2,text/plain; charset=UTF-8,513.373593ms,,f54fa1257
yonetim,https://api.querybuscas.com/pages/yonetim,,4696,429,17,3,2,text/plain; charset=UTF-8,503.335551ms,,f54fa1258
youtube,https://api.querybuscas.com/pages/youtube,,4697,429,17,3,2,text/plain; charset=UTF-8,503.360229ms,,f54fa1259
yshop,https://api.querybuscas.com/pages/yshop,,4698,429,17,3,2,text/plain; charset=UTF-8,535.004206ms,,f54fa125a
yt,https://api.querybuscas.com/pages/yt,,4699,429,17,3,2,text/plain; charset=UTF-8,449.467493ms,,f54fa125b
yui,https://api.querybuscas.com/pages/yui,,4700,429,17,3,2,text/plain; charset=UTF-8,374.374469ms,,f54fa125c
z,https://api.querybuscas.com/pages/z,,4701,429,17,3,2,text/plain; charset=UTF-8,374.607922ms,,f54fa125d
zap,https://api.querybuscas.com/pages/zap,,4702,429,17,3,2,text/plain; charset=UTF-8,342.8616ms,,f54fa125e
zboard,https://api.querybuscas.com/pages/zboard,,4703,429,17,3,2,text/plain; charset=UTF-8,428.519261ms,,f54fa125f
zend,https://api.querybuscas.com/pages/zend,,4705,429,17,3,2,text/plain; charset=UTF-8,513.32312ms,,f54fa1261
zencart,https://api.querybuscas.com/pages/zencart,,4704,429,17,3,2,text/plain; charset=UTF-8,581.914877ms,,f54fa1260
zeus,https://api.querybuscas.com/pages/zeus,,4707,429,17,3,2,text/plain; charset=UTF-8,342.096135ms,,f54fa1263
zero,https://api.querybuscas.com/pages/zero,,4706,429,17,3,2,text/plain; charset=UTF-8,513.523679ms,,f54fa1262
zh,https://api.querybuscas.com/pages/zh,,4708,429,17,3,2,text/plain; charset=UTF-8,449.051147ms,,f54fa1264
zh-cn,https://api.querybuscas.com/pages/zh-cn,,4709,429,17,3,2,text/plain; charset=UTF-8,444.488957ms,,f54fa1265
zh_CN,https://api.querybuscas.com/pages/zh_CN,,4711,429,17,3,2,text/plain; charset=UTF-8,440.935679ms,,f54fa1267
zh-tw,https://api.querybuscas.com/pages/zh-tw,,4710,429,17,3,2,text/plain; charset=UTF-8,441.047687ms,,f54fa1266
zh_TW,https://api.querybuscas.com/pages/zh_TW,,4712,429,17,3,2,text/plain; charset=UTF-8,406.64733ms,,f54fa1268
zimbra,https://api.querybuscas.com/pages/zimbra,,4713,429,17,3,2,text/plain; charset=UTF-8,486.761556ms,,f54fa1269
zipfiles,https://api.querybuscas.com/pages/zipfiles,,4715,429,17,3,2,text/plain; charset=UTF-8,415.155459ms,,f54fa126b
zip,https://api.querybuscas.com/pages/zip,,4714,429,17,3,2,text/plain; charset=UTF-8,415.148791ms,,f54fa126a
zips,https://api.querybuscas.com/pages/zips,,4716,429,17,3,2,text/plain; charset=UTF-8,342.699951ms,,f54fa126c
zoeken,https://api.querybuscas.com/pages/zoeken,,4717,429,17,3,2,text/plain; charset=UTF-8,369.422591ms,,f54fa126d
zope,https://api.querybuscas.com/pages/zope,,4719,429,17,3,2,text/plain; charset=UTF-8,411.814211ms,,f54fa126f
zoom,https://api.querybuscas.com/pages/zoom,,4718,429,17,3,2,text/plain; charset=UTF-8,513.532128ms,,f54fa126e
zorum,https://api.querybuscas.com/pages/zorum,,4720,429,17,3,2,text/plain; charset=UTF-8,513.558662ms,,f54fa1270
~adm,https://api.querybuscas.com/pages/~adm,,4722,429,17,3,2,text/plain; charset=UTF-8,317.887552ms,,f54fa1272
zt,https://api.querybuscas.com/pages/zt,,4721,429,17,3,2,text/plain; charset=UTF-8,387.377458ms,,f54fa1271
~admin,https://api.querybuscas.com/pages/~admin,,4723,429,17,3,2,text/plain; charset=UTF-8,479.113589ms,,f54fa1273
~apache,https://api.querybuscas.com/pages/~apache,,4726,429,17,3,2,text/plain; charset=UTF-8,275.139494ms,,f54fa1276
~administrator,https://api.querybuscas.com/pages/~administrator,,4724,429,17,3,2,text/plain; charset=UTF-8,342.247936ms,,f54fa1274
~amanda,https://api.querybuscas.com/pages/~amanda,,4725,429,17,3,2,text/plain; charset=UTF-8,468.38246ms,,f54fa1275
~ftp,https://api.querybuscas.com/pages/~ftp,,4728,429,17,3,2,text/plain; charset=UTF-8,273.855046ms,,f54fa1278
~bin,https://api.querybuscas.com/pages/~bin,,4727,429,17,3,2,text/plain; charset=UTF-8,376.711131ms,,f54fa1277
~guest,https://api.querybuscas.com/pages/~guest,,4729,429,17,3,2,text/plain; charset=UTF-8,513.463142ms,,f54fa1279
~http,https://api.querybuscas.com/pages/~http,,4730,429,17,3,2,text/plain; charset=UTF-8,395.36475ms,,f54fa127a
~httpd,https://api.querybuscas.com/pages/~httpd,,4731,429,17,3,2,text/plain; charset=UTF-8,432.777344ms,,f54fa127b
~log,https://api.querybuscas.com/pages/~log,,4732,429,17,3,2,text/plain; charset=UTF-8,513.454096ms,,f54fa127c
~logs,https://api.querybuscas.com/pages/~logs,,4733,429,17,3,2,text/plain; charset=UTF-8,435.219458ms,,f54fa127d
~lp,https://api.querybuscas.com/pages/~lp,,4734,429,17,3,2,text/plain; charset=UTF-8,380.844029ms,,f54fa127e
~mail,https://api.querybuscas.com/pages/~mail,,4735,429,17,3,2,text/plain; charset=UTF-8,512.090263ms,,f54fa127f
~root,https://api.querybuscas.com/pages/~root,,4738,429,17,3,2,text/plain; charset=UTF-8,249.272146ms,,f54fa1282
~nobody,https://api.querybuscas.com/pages/~nobody,,4736,429,17,3,2,text/plain; charset=UTF-8,389.786406ms,,f54fa1280
~operator,https://api.querybuscas.com/pages/~operator,,4737,429,17,3,2,text/plain; charset=UTF-8,420.290375ms,,f54fa1281
~sys,https://api.querybuscas.com/pages/~sys,,4739,429,17,3,2,text/plain; charset=UTF-8,343.251308ms,,f54fa1283
~sysadmin,https://api.querybuscas.com/pages/~sysadmin,,4741,404,2254,107,20,text/html; charset=UTF-8,691.717396ms,,f54fa1285
~sysadm,https://api.querybuscas.com/pages/~sysadm,,4740,404,2254,107,20,text/html; charset=UTF-8,858.407872ms,,f54fa1284
~test,https://api.querybuscas.com/pages/~test,,4742,404,2254,107,20,text/html; charset=UTF-8,707.944874ms,,f54fa1286
~tmp,https://api.querybuscas.com/pages/~tmp,,4743,404,2254,107,20,text/html; charset=UTF-8,708.91333ms,,f54fa1287
~user,https://api.querybuscas.com/pages/~user,,4744,404,2254,107,20,text/html; charset=UTF-8,667.390736ms,,f54fa1288
~webmaster,https://api.querybuscas.com/pages/~webmaster,,4745,404,2254,107,20,text/html; charset=UTF-8,590.096513ms,,f54fa1289
~www,https://api.querybuscas.com/pages/~www,,4746,404,2254,107,20,text/html; charset=UTF-8,800.595639ms,,f54fa128a
dns-query?dns=q80BAAABAAAAAAAAA3d3dwdleGFtcGxlA2NvbQAAAQAB,https://api.querybuscas.com/pages/dns-query?dns=q80BAAABAAAAAAAAA3d3dwdleGFtcGxlA2NvbQAAAQAB,,4747,404,2254,107,20,text/html; charset=UTF-8,862.385042ms,,f54fa128b
sse,https://api.querybuscas.com/pages/sse,,4749,404,2254,107,20,text/html; charset=UTF-8,610.630435ms,,f54fa128d
dns-query?name=google.com&type=A,https://api.querybuscas.com/pages/dns-query?name=google.com&type=A,,4748,404,2254,107,20,text/html; charset=UTF-8,657.773573ms,,f54fa128c
mcp,https://api.querybuscas.com/pages/mcp,,4750,404,2254,107,20,text/html; charset=UTF-8,676.857491ms,,f54fa128e
mcp/transport,https://api.querybuscas.com/pages/mcp/transport,,4751,404,2254,107,20,text/html; charset=UTF-8,696.191801ms,,f54fa128f
mcp/message,https://api.querybuscas.com/pages/mcp/message,,4752,404,2254,107,20,text/html; charset=UTF-8,639.276712ms,,f54fa1290
