FUZZ,url,redirectlocation,position,status_code,content_length,content_words,content_lines,content_type,duration,resultfile,Ffufhash
.bash_history,https://querybuscas.com/pages/.bash_history,,1,404,9,2,1,text/html; charset=utf-8,673.768115ms,,3a7dd1
.bashrc,https://querybuscas.com/pages/.bashrc,,2,404,9,2,1,text/html; charset=utf-8,546.666836ms,,3a7dd2
.cvs,https://querybuscas.com/pages/.cvs,,5,404,9,2,1,text/html; charset=utf-8,646.090578ms,,3a7dd5
.cache,https://querybuscas.com/pages/.cache,,3,404,9,2,1,text/html; charset=utf-8,561.281818ms,,3a7dd3
.config,https://querybuscas.com/pages/.config,,4,404,9,2,1,text/html; charset=utf-8,609.15486ms,,3a7dd4
.cvsignore,https://querybuscas.com/pages/.cvsignore,,6,404,9,2,1,text/html; charset=utf-8,772.909324ms,,3a7dd6
.forward,https://querybuscas.com/pages/.forward,,8,404,9,2,1,text/html; charset=utf-8,560.792034ms,,3a7dd8
.env,https://querybuscas.com/pages/.env,,7,404,9,2,1,text/html; charset=utf-8,679.310186ms,,3a7dd7
.git-rewrite,https://querybuscas.com/pages/.git-rewrite,,10,404,9,2,1,text/html; charset=utf-8,532.315222ms,,3a7dda
.git,https://querybuscas.com/pages/.git,,9,404,9,2,1,text/html; charset=utf-8,612.602839ms,,3a7dd9
.git/HEAD,https://querybuscas.com/pages/.git/HEAD,,11,404,9,2,1,text/html; charset=utf-8,769.263882ms,,3a7ddb
.git/config,https://querybuscas.com/pages/.git/config,,12,404,9,2,1,text/html; charset=utf-8,771.58509ms,,3a7ddc
.git/index,https://querybuscas.com/pages/.git/index,,13,404,9,2,1,text/html; charset=utf-8,639.70946ms,,3a7ddd
.git/logs/,https://querybuscas.com/pages/.git/logs/,,14,404,9,2,1,text/html; charset=utf-8,643.677219ms,,3a7dde
.gitattributes,https://querybuscas.com/pages/.gitattributes,,16,404,9,2,1,text/html; charset=utf-8,747.937609ms,,3a7dd10
.git_release,https://querybuscas.com/pages/.git_release,,15,404,9,2,1,text/html; charset=utf-8,810.823234ms,,3a7ddf
.gitconfig,https://querybuscas.com/pages/.gitconfig,,17,404,9,2,1,text/html; charset=utf-8,725.138436ms,,3a7dd11
.gitignore,https://querybuscas.com/pages/.gitignore,,18,404,9,2,1,text/html; charset=utf-8,722.804023ms,,3a7dd12
.gitk,https://querybuscas.com/pages/.gitk,,19,404,9,2,1,text/html; charset=utf-8,759.571162ms,,3a7dd13
.gitkeep,https://querybuscas.com/pages/.gitkeep,,20,404,9,2,1,text/html; charset=utf-8,722.997927ms,,3a7dd14
.gitreview,https://querybuscas.com/pages/.gitreview,,22,404,9,2,1,text/html; charset=utf-8,555.208422ms,,3a7dd16
.gitmodules,https://querybuscas.com/pages/.gitmodules,,21,404,9,2,1,text/html; charset=utf-8,605.959071ms,,3a7dd15
.history,https://querybuscas.com/pages/.history,,23,404,9,2,1,text/html; charset=utf-8,632.622516ms,,3a7dd17
.htaccess,https://querybuscas.com/pages/.htaccess,,25,404,9,2,1,text/html; charset=utf-8,525.863898ms,,3a7dd19
.hta,https://querybuscas.com/pages/.hta,,24,404,9,2,1,text/html; charset=utf-8,696.281571ms,,3a7dd18
.htpasswd,https://querybuscas.com/pages/.htpasswd,,26,404,9,2,1,text/html; charset=utf-8,743.062202ms,,3a7dd1a
.listing,https://querybuscas.com/pages/.listing,,27,404,9,2,1,text/html; charset=utf-8,729.963379ms,,3a7dd1b
.listings,https://querybuscas.com/pages/.listings,,28,404,9,2,1,text/html; charset=utf-8,756.901808ms,,3a7dd1c
.mysql_history,https://querybuscas.com/pages/.mysql_history,,29,404,9,2,1,text/html; charset=utf-8,751.11528ms,,3a7dd1d
.passwd,https://querybuscas.com/pages/.passwd,,30,404,9,2,1,text/html; charset=utf-8,594.933192ms,,3a7dd1e
.perf,https://querybuscas.com/pages/.perf,,31,404,9,2,1,text/html; charset=utf-8,533.886009ms,,3a7dd1f
.profile,https://querybuscas.com/pages/.profile,,32,404,9,2,1,text/html; charset=utf-8,640.657166ms,,3a7dd20
.rhosts,https://querybuscas.com/pages/.rhosts,,33,404,9,2,1,text/html; charset=utf-8,692.295256ms,,3a7dd21
.sh_history,https://querybuscas.com/pages/.sh_history,,34,404,9,2,1,text/html; charset=utf-8,622.713152ms,,3a7dd22
.ssh,https://querybuscas.com/pages/.ssh,,35,404,9,2,1,text/html; charset=utf-8,662.760956ms,,3a7dd23
.subversion,https://querybuscas.com/pages/.subversion,,36,404,9,2,1,text/html; charset=utf-8,668.530643ms,,3a7dd24
.svn,https://querybuscas.com/pages/.svn,,37,404,9,2,1,text/html; charset=utf-8,751.196513ms,,3a7dd25
.svn/entries,https://querybuscas.com/pages/.svn/entries,,38,404,9,2,1,text/html; charset=utf-8,637.002373ms,,3a7dd26
.svnignore,https://querybuscas.com/pages/.svnignore,,39,404,9,2,1,text/html; charset=utf-8,585.141313ms,,3a7dd27
.well-known/acme-challenge,https://querybuscas.com/pages/.well-known/acme-challenge,,42,404,9,2,1,text/html; charset=utf-8,613.164101ms,,3a7dd2a
.web,https://querybuscas.com/pages/.web,,41,404,9,2,1,text/html; charset=utf-8,705.286185ms,,3a7dd29
.swf,https://querybuscas.com/pages/.swf,,40,404,9,2,1,text/html; charset=utf-8,979.082581ms,,3a7dd28
.well-known/apple-app-site-association,https://querybuscas.com/pages/.well-known/apple-app-site-association,,43,404,9,2,1,text/html; charset=utf-8,583.650953ms,,3a7dd2b
.well-known/ashrae,https://querybuscas.com/pages/.well-known/ashrae,,45,404,9,2,1,text/html; charset=utf-8,651.649303ms,,3a7dd2d
.well-known/apple-developer-merchantid-domain-association,https://querybuscas.com/pages/.well-known/apple-developer-merchantid-domain-association,,44,404,9,2,1,text/html; charset=utf-8,701.657492ms,,3a7dd2c
.well-known/assetlinks.json,https://querybuscas.com/pages/.well-known/assetlinks.json,,46,404,9,2,1,text/html; charset=utf-8,642.969757ms,,3a7dd2e
.well-known/autoconfig/mail,https://querybuscas.com/pages/.well-known/autoconfig/mail,,47,404,9,2,1,text/html; charset=utf-8,574.567368ms,,3a7dd2f
.well-known/caldav,https://querybuscas.com/pages/.well-known/caldav,,49,404,9,2,1,text/html; charset=utf-8,560.257966ms,,3a7dd31
.well-known/browserid,https://querybuscas.com/pages/.well-known/browserid,,48,404,9,2,1,text/html; charset=utf-8,717.518731ms,,3a7dd30
.well-known/carddav,https://querybuscas.com/pages/.well-known/carddav,,50,404,9,2,1,text/html; charset=utf-8,624.063392ms,,3a7dd32
.well-known/change-password,https://querybuscas.com/pages/.well-known/change-password,,51,404,9,2,1,text/html; charset=utf-8,623.795534ms,,3a7dd33
.well-known/coap,https://querybuscas.com/pages/.well-known/coap,,52,404,9,2,1,text/html; charset=utf-8,618.990356ms,,3a7dd34
.well-known/core,https://querybuscas.com/pages/.well-known/core,,53,404,9,2,1,text/html; charset=utf-8,677.267558ms,,3a7dd35
.well-known/csvm,https://querybuscas.com/pages/.well-known/csvm,,54,404,9,2,1,text/html; charset=utf-8,703.318268ms,,3a7dd36
.well-known/dnt,https://querybuscas.com/pages/.well-known/dnt,,55,404,9,2,1,text/html; charset=utf-8,671.454543ms,,3a7dd37
.well-known/dnt-policy.txt,https://querybuscas.com/pages/.well-known/dnt-policy.txt,,56,404,9,2,1,text/html; charset=utf-8,540.650801ms,,3a7dd38
.well-known/dots,https://querybuscas.com/pages/.well-known/dots,,57,404,9,2,1,text/html; charset=utf-8,599.671167ms,,3a7dd39
.well-known/ecips,https://querybuscas.com/pages/.well-known/ecips,,58,404,9,2,1,text/html; charset=utf-8,686.123162ms,,3a7dd3a
.well-known/est,https://querybuscas.com/pages/.well-known/est,,60,404,9,2,1,text/html; charset=utf-8,554.18307ms,,3a7dd3c
.well-known/genid,https://querybuscas.com/pages/.well-known/genid,,61,404,9,2,1,text/html; charset=utf-8,554.219757ms,,3a7dd3d
.well-known/enterprise-transport-security,https://querybuscas.com/pages/.well-known/enterprise-transport-security,,59,404,9,2,1,text/html; charset=utf-8,678.063692ms,,3a7dd3b
.well-known/hoba,https://querybuscas.com/pages/.well-known/hoba,,62,404,9,2,1,text/html; charset=utf-8,573.353627ms,,3a7dd3e
.well-known/host-meta,https://querybuscas.com/pages/.well-known/host-meta,,63,404,9,2,1,text/html; charset=utf-8,685.710096ms,,3a7dd3f
.well-known/host-meta.json,https://querybuscas.com/pages/.well-known/host-meta.json,,64,404,9,2,1,text/html; charset=utf-8,678.054981ms,,3a7dd40
.well-known/idp-proxy,https://querybuscas.com/pages/.well-known/idp-proxy,,66,404,9,2,1,text/html; charset=utf-8,610.600362ms,,3a7dd42
.well-known/jmap,https://querybuscas.com/pages/.well-known/jmap,,67,404,9,2,1,text/html; charset=utf-8,608.75433ms,,3a7dd43
.well-known/http-opportunistic,https://querybuscas.com/pages/.well-known/http-opportunistic,,65,404,9,2,1,text/html; charset=utf-8,610.797703ms,,3a7dd41
.well-known/jwks.json,https://querybuscas.com/pages/.well-known/jwks.json,,68,404,9,2,1,text/html; charset=utf-8,690.550817ms,,3a7dd44
.well-known/keybase.txt,https://querybuscas.com/pages/.well-known/keybase.txt,,69,404,9,2,1,text/html; charset=utf-8,734.931851ms,,3a7dd45
.well-known/looking-glass,https://querybuscas.com/pages/.well-known/looking-glass,,70,404,9,2,1,text/html; charset=utf-8,674.93215ms,,3a7dd46
.well-known/matrix,https://querybuscas.com/pages/.well-known/matrix,,71,404,9,2,1,text/html; charset=utf-8,666.133225ms,,3a7dd47
.well-known/mta-sts.txt,https://querybuscas.com/pages/.well-known/mta-sts.txt,,73,404,9,2,1,text/html; charset=utf-8,649.0176ms,,3a7dd49
.well-known/mercure,https://querybuscas.com/pages/.well-known/mercure,,72,404,9,2,1,text/html; charset=utf-8,649.490593ms,,3a7dd48
.well-known/mud,https://querybuscas.com/pages/.well-known/mud,,74,404,9,2,1,text/html; charset=utf-8,765.761421ms,,3a7dd4a
.well-known/nfv-oauth-server-configuration,https://querybuscas.com/pages/.well-known/nfv-oauth-server-configuration,,75,404,9,2,1,text/html; charset=utf-8,721.416869ms,,3a7dd4b
.well-known/ni,https://querybuscas.com/pages/.well-known/ni,,76,404,9,2,1,text/html; charset=utf-8,565.932464ms,,3a7dd4c
.well-known/nodeinfo,https://querybuscas.com/pages/.well-known/nodeinfo,,77,404,9,2,1,text/html; charset=utf-8,619.537458ms,,3a7dd4d
.well-known/openid-configuration,https://querybuscas.com/pages/.well-known/openid-configuration,,79,404,9,2,1,text/html; charset=utf-8,591.585659ms,,3a7dd4f
.well-known/oauth-authorization-server,https://querybuscas.com/pages/.well-known/oauth-authorization-server,,78,404,9,2,1,text/html; charset=utf-8,720.227836ms,,3a7dd4e
.well-known/openid-federation,https://querybuscas.com/pages/.well-known/openid-federation,,80,404,9,2,1,text/html; charset=utf-8,685.696914ms,,3a7dd50
.well-known/openorg,https://querybuscas.com/pages/.well-known/openorg,,81,404,9,2,1,text/html; charset=utf-8,674.823595ms,,3a7dd51
.well-known/pki-validation,https://querybuscas.com/pages/.well-known/pki-validation,,83,404,9,2,1,text/html; charset=utf-8,727.168037ms,,3a7dd53
.well-known/openpgpkey,https://querybuscas.com/pages/.well-known/openpgpkey,,82,404,9,2,1,text/html; charset=utf-8,924.581846ms,,3a7dd52
.well-known/reload-config,https://querybuscas.com/pages/.well-known/reload-config,,86,404,9,2,1,text/html; charset=utf-8,563.463027ms,,3a7dd56
.well-known/pvd,https://querybuscas.com/pages/.well-known/pvd,,85,404,9,2,1,text/html; charset=utf-8,746.539399ms,,3a7dd55
.well-known/posh,https://querybuscas.com/pages/.well-known/posh,,84,404,9,2,1,text/html; charset=utf-8,872.988718ms,,3a7dd54
.well-known/repute-template,https://querybuscas.com/pages/.well-known/repute-template,,87,404,9,2,1,text/html; charset=utf-8,572.866509ms,,3a7dd57
.well-known/security.txt,https://querybuscas.com/pages/.well-known/security.txt,,89,404,9,2,1,text/html; charset=utf-8,602.70942ms,,3a7dd59
.well-known/resourcesync,https://querybuscas.com/pages/.well-known/resourcesync,,88,404,9,2,1,text/html; charset=utf-8,705.860037ms,,3a7dd58
.well-known/ssf-configuration,https://querybuscas.com/pages/.well-known/ssf-configuration,,90,404,9,2,1,text/html; charset=utf-8,607.90545ms,,3a7dd5a
.well-known/humans.txt,https://querybuscas.com/pages/.well-known/humans.txt,,91,404,9,2,1,text/html; charset=utf-8,655.600255ms,,3a7dd5b
.well-known/thread,https://querybuscas.com/pages/.well-known/thread,,93,404,9,2,1,text/html; charset=utf-8,591.255646ms,,3a7dd5d
.well-known/stun-key,https://querybuscas.com/pages/.well-known/stun-key,,92,404,9,2,1,text/html; charset=utf-8,644.57203ms,,3a7dd5c
.well-known/time,https://querybuscas.com/pages/.well-known/time,,94,404,9,2,1,text/html; charset=utf-8,522.149902ms,,3a7dd5e
.well-known/uma2-configuration,https://querybuscas.com/pages/.well-known/uma2-configuration,,96,404,9,2,1,text/html; charset=utf-8,582.982381ms,,3a7dd60
.well-known/timezone,https://querybuscas.com/pages/.well-known/timezone,,95,404,9,2,1,text/html; charset=utf-8,753.693228ms,,3a7dd5f
.well-known/webfinger,https://querybuscas.com/pages/.well-known/webfinger,,98,404,9,2,1,text/html; charset=utf-8,647.843873ms,,3a7dd62
0,https://querybuscas.com/pages/0,,99,404,69908,13101,980,text/html; charset=UTF-8,630.05795ms,,3a7dd63
.well-known/void,https://querybuscas.com/pages/.well-known/void,,97,404,9,2,1,text/html; charset=utf-8,866.668948ms,,3a7dd61
00,https://querybuscas.com/pages/00,,100,404,69908,13101,980,text/html; charset=UTF-8,711.626559ms,,3a7dd64
01,https://querybuscas.com/pages/01,,101,404,69908,13101,980,text/html; charset=UTF-8,716.806199ms,,3a7dd65
02,https://querybuscas.com/pages/02,,102,404,69908,13101,980,text/html; charset=UTF-8,611.942711ms,,3a7dd66
04,https://querybuscas.com/pages/04,,104,404,69908,13101,980,text/html; charset=UTF-8,666.824635ms,,3a7dd68
03,https://querybuscas.com/pages/03,,103,404,69908,13101,980,text/html; charset=UTF-8,669.913732ms,,3a7dd67
05,https://querybuscas.com/pages/05,,105,404,69908,13101,980,text/html; charset=UTF-8,774.855376ms,,3a7dd69
07,https://querybuscas.com/pages/07,,107,404,69908,13101,980,text/html; charset=UTF-8,578.968593ms,,3a7dd6b
06,https://querybuscas.com/pages/06,,106,404,69908,13101,980,text/html; charset=UTF-8,761.256142ms,,3a7dd6a
08,https://querybuscas.com/pages/08,,108,404,69908,13101,980,text/html; charset=UTF-8,698.576109ms,,3a7dd6c
09,https://querybuscas.com/pages/09,,109,404,69908,13101,980,text/html; charset=UTF-8,605.720658ms,,3a7dd6d
1,https://querybuscas.com/pages/1,,110,404,69908,13101,980,text/html; charset=UTF-8,676.889685ms,,3a7dd6e
10,https://querybuscas.com/pages/10,,111,404,69908,13101,980,text/html; charset=UTF-8,584.835428ms,,3a7dd6f
100,https://querybuscas.com/pages/100,,112,404,69908,13101,980,text/html; charset=UTF-8,637.256606ms,,3a7dd70
1000,https://querybuscas.com/pages/1000,,113,404,69908,13101,980,text/html; charset=UTF-8,575.943881ms,,3a7dd71
1001,https://querybuscas.com/pages/1001,,114,404,69908,13101,980,text/html; charset=UTF-8,688.461586ms,,3a7dd72
101,https://querybuscas.com/pages/101,,115,404,69908,13101,980,text/html; charset=UTF-8,615.111325ms,,3a7dd73
102,https://querybuscas.com/pages/102,,116,404,69908,13101,980,text/html; charset=UTF-8,684.75714ms,,3a7dd74
103,https://querybuscas.com/pages/103,,117,404,69908,13101,980,text/html; charset=UTF-8,640.426344ms,,3a7dd75
11,https://querybuscas.com/pages/11,,118,404,69908,13101,980,text/html; charset=UTF-8,709.306547ms,,3a7dd76
12,https://querybuscas.com/pages/12,,119,404,69908,13101,980,text/html; charset=UTF-8,661.048921ms,,3a7dd77
13,https://querybuscas.com/pages/13,,121,404,69908,13101,980,text/html; charset=UTF-8,637.783329ms,,3a7dd79
123,https://querybuscas.com/pages/123,,120,404,69908,13101,980,text/html; charset=UTF-8,735.629799ms,,3a7dd78
14,https://querybuscas.com/pages/14,,122,404,69908,13101,980,text/html; charset=UTF-8,619.064135ms,,3a7dd7a
15,https://querybuscas.com/pages/15,,123,404,69908,13101,980,text/html; charset=UTF-8,552.232298ms,,3a7dd7b
1990,https://querybuscas.com/pages/1990,,124,404,69908,13101,980,text/html; charset=UTF-8,614.660076ms,,3a7dd7c
1991,https://querybuscas.com/pages/1991,,125,404,69908,13101,980,text/html; charset=UTF-8,644.8813ms,,3a7dd7d
1992,https://querybuscas.com/pages/1992,,126,404,69908,13101,980,text/html; charset=UTF-8,549.715917ms,,3a7dd7e
1993,https://querybuscas.com/pages/1993,,127,404,69908,13101,980,text/html; charset=UTF-8,623.581598ms,,3a7dd7f
1994,https://querybuscas.com/pages/1994,,128,404,69908,13101,980,text/html; charset=UTF-8,581.090247ms,,3a7dd80
1995,https://querybuscas.com/pages/1995,,129,404,69908,13101,980,text/html; charset=UTF-8,614.323405ms,,3a7dd81
1996,https://querybuscas.com/pages/1996,,130,404,69908,13101,980,text/html; charset=UTF-8,724.76988ms,,3a7dd82
1997,https://querybuscas.com/pages/1997,,131,404,69908,13101,980,text/html; charset=UTF-8,592.502168ms,,3a7dd83
1998,https://querybuscas.com/pages/1998,,132,404,69908,13101,980,text/html; charset=UTF-8,600.515545ms,,3a7dd84
1999,https://querybuscas.com/pages/1999,,133,404,69908,13101,980,text/html; charset=UTF-8,621.282309ms,,3a7dd85
1x1,https://querybuscas.com/pages/1x1,,134,404,69908,13101,980,text/html; charset=UTF-8,638.112733ms,,3a7dd86
2,https://querybuscas.com/pages/2,,135,404,69908,13101,980,text/html; charset=UTF-8,620.905863ms,,3a7dd87
20,https://querybuscas.com/pages/20,,136,404,69908,13101,980,text/html; charset=UTF-8,589.070753ms,,3a7dd88
200,https://querybuscas.com/pages/200,,137,404,69908,13101,980,text/html; charset=UTF-8,586.855246ms,,3a7dd89
2001,https://querybuscas.com/pages/2001,,139,404,69908,13101,980,text/html; charset=UTF-8,673.610706ms,,3a7dd8b
2002,https://querybuscas.com/pages/2002,,140,404,69908,13101,980,text/html; charset=UTF-8,596.230705ms,,3a7dd8c
2000,https://querybuscas.com/pages/2000,,138,404,69908,13101,980,text/html; charset=UTF-8,715.562523ms,,3a7dd8a
2003,https://querybuscas.com/pages/2003,,141,404,69908,13101,980,text/html; charset=UTF-8,725.747406ms,,3a7dd8d
2005,https://querybuscas.com/pages/2005,,143,404,69908,13101,980,text/html; charset=UTF-8,528.276364ms,,3a7dd8f
2004,https://querybuscas.com/pages/2004,,142,404,69908,13101,980,text/html; charset=UTF-8,722.312528ms,,3a7dd8e
2006,https://querybuscas.com/pages/2006,,144,404,69908,13101,980,text/html; charset=UTF-8,578.340332ms,,3a7dd90
2007,https://querybuscas.com/pages/2007,,145,404,69908,13101,980,text/html; charset=UTF-8,637.92016ms,,3a7dd91
2008,https://querybuscas.com/pages/2008,,146,404,69908,13101,980,text/html; charset=UTF-8,639.767269ms,,3a7dd92
2009,https://querybuscas.com/pages/2009,,147,404,69908,13101,980,text/html; charset=UTF-8,633.010731ms,,3a7dd93
2010,https://querybuscas.com/pages/2010,,148,404,69908,13101,980,text/html; charset=UTF-8,719.274689ms,,3a7dd94
2011,https://querybuscas.com/pages/2011,,149,404,69908,13101,980,text/html; charset=UTF-8,643.697314ms,,3a7dd95
2012,https://querybuscas.com/pages/2012,,150,404,69908,13101,980,text/html; charset=UTF-8,615.15592ms,,3a7dd96
2013,https://querybuscas.com/pages/2013,,151,404,69908,13101,980,text/html; charset=UTF-8,628.515139ms,,3a7dd97
2014,https://querybuscas.com/pages/2014,,152,404,69908,13101,980,text/html; charset=UTF-8,672.235564ms,,3a7dd98
2015,https://querybuscas.com/pages/2015,,153,404,69908,13101,980,text/html; charset=UTF-8,615.151797ms,,3a7dd99
2016,https://querybuscas.com/pages/2016,,154,404,69908,13101,980,text/html; charset=UTF-8,642.469894ms,,3a7dd9a
2017,https://querybuscas.com/pages/2017,,155,404,69908,13101,980,text/html; charset=UTF-8,705.130595ms,,3a7dd9b
2018,https://querybuscas.com/pages/2018,,156,404,69908,13101,980,text/html; charset=UTF-8,662.62968ms,,3a7dd9c
2019,https://querybuscas.com/pages/2019,,157,404,69908,13101,980,text/html; charset=UTF-8,724.611133ms,,3a7dd9d
2021,https://querybuscas.com/pages/2021,,159,404,69908,13101,980,text/html; charset=UTF-8,630.309023ms,,3a7dd9f
2020,https://querybuscas.com/pages/2020,,158,404,69908,13101,980,text/html; charset=UTF-8,688.805016ms,,3a7dd9e
2022,https://querybuscas.com/pages/2022,,160,404,69908,13101,980,text/html; charset=UTF-8,692.29156ms,,3a7dda0
21,https://querybuscas.com/pages/21,,161,404,69908,13101,980,text/html; charset=UTF-8,668.52925ms,,3a7dda1
22,https://querybuscas.com/pages/22,,162,404,69908,13101,980,text/html; charset=UTF-8,620.851872ms,,3a7dda2
2257,https://querybuscas.com/pages/2257,,163,404,69908,13101,980,text/html; charset=UTF-8,563.077923ms,,3a7dda3
23,https://querybuscas.com/pages/23,,164,404,69908,13101,980,text/html; charset=UTF-8,725.370626ms,,3a7dda4
24,https://querybuscas.com/pages/24,,165,404,69908,13101,980,text/html; charset=UTF-8,670.590904ms,,3a7dda5
25,https://querybuscas.com/pages/25,,166,404,69908,13101,980,text/html; charset=UTF-8,779.973641ms,,3a7dda6
2g,https://querybuscas.com/pages/2g,,167,404,69908,13101,980,text/html; charset=UTF-8,954.537734ms,,3a7dda7
3,https://querybuscas.com/pages/3,,168,404,69908,13101,980,text/html; charset=UTF-8,1.017926594s,,3a7dda8
30,https://querybuscas.com/pages/30,,169,404,69908,13101,980,text/html; charset=UTF-8,1.049769655s,,3a7dda9
300,https://querybuscas.com/pages/300,,170,404,69908,13101,980,text/html; charset=UTF-8,909.051608ms,,3a7ddaa
32,https://querybuscas.com/pages/32,,171,404,69908,13101,980,text/html; charset=UTF-8,836.403456ms,,3a7ddab
3g,https://querybuscas.com/pages/3g,,172,404,69908,13101,980,text/html; charset=UTF-8,631.112517ms,,3a7ddac
3rdparty,https://querybuscas.com/pages/3rdparty,,173,404,69908,13101,980,text/html; charset=UTF-8,619.437547ms,,3a7ddad
4,https://querybuscas.com/pages/4,,174,404,69908,13101,980,text/html; charset=UTF-8,670.438503ms,,3a7ddae
400,https://querybuscas.com/pages/400,,175,404,69908,13101,980,text/html; charset=UTF-8,724.702671ms,,3a7ddaf
401,https://querybuscas.com/pages/401,,176,404,69908,13101,980,text/html; charset=UTF-8,619.721187ms,,3a7ddb0
403,https://querybuscas.com/pages/403,,177,404,69908,13101,980,text/html; charset=UTF-8,646.481804ms,,3a7ddb1
404,https://querybuscas.com/pages/404,,178,404,69908,13101,980,text/html; charset=UTF-8,714.607813ms,,3a7ddb2
42,https://querybuscas.com/pages/42,,179,404,69908,13101,980,text/html; charset=UTF-8,683.928693ms,,3a7ddb3
4DSTATS,https://querybuscas.com/pages/4DSTATS,,181,404,69908,13101,980,text/html; charset=UTF-8,573.777327ms,,3a7ddb5
4DWEBTEST,https://querybuscas.com/pages/4DWEBTEST,,180,404,69908,13101,980,text/html; charset=UTF-8,728.181412ms,,3a7ddb4
4DHTMLSTATS,https://querybuscas.com/pages/4DHTMLSTATS,,182,404,69908,13101,980,text/html; charset=UTF-8,769.723035ms,,3a7ddb6
5,https://querybuscas.com/pages/5,,183,404,69908,13101,980,text/html; charset=UTF-8,653.998452ms,,3a7ddb7
50,https://querybuscas.com/pages/50,,184,404,69908,13101,980,text/html; charset=UTF-8,693.643059ms,,3a7ddb8
500,https://querybuscas.com/pages/500,,185,404,69908,13101,980,text/html; charset=UTF-8,742.559019ms,,3a7ddb9
51,https://querybuscas.com/pages/51,,186,404,69908,13101,980,text/html; charset=UTF-8,671.489585ms,,3a7ddba
6,https://querybuscas.com/pages/6,,187,404,69908,13101,980,text/html; charset=UTF-8,810.419749ms,,3a7ddbb
64,https://querybuscas.com/pages/64,,188,404,69908,13101,980,text/html; charset=UTF-8,806.428641ms,,3a7ddbc
7,https://querybuscas.com/pages/7,,189,404,69908,13101,980,text/html; charset=UTF-8,735.020219ms,,3a7ddbd
7z,https://querybuscas.com/pages/7z,,190,404,69908,13101,980,text/html; charset=UTF-8,618.955687ms,,3a7ddbe
8,https://querybuscas.com/pages/8,,191,404,69908,13101,980,text/html; charset=UTF-8,649.120932ms,,3a7ddbf
9,https://querybuscas.com/pages/9,,192,404,69908,13101,980,text/html; charset=UTF-8,707.197775ms,,3a7ddc0
96,https://querybuscas.com/pages/96,,193,404,69908,13101,980,text/html; charset=UTF-8,753.175143ms,,3a7ddc1
@,https://querybuscas.com/pages/@,,194,404,69908,13101,980,text/html; charset=UTF-8,675.964176ms,,3a7ddc2
A,https://querybuscas.com/pages/A,,195,404,69908,13101,980,text/html; charset=UTF-8,731.528594ms,,3a7ddc3
ADM,https://querybuscas.com/pages/ADM,,196,404,69908,13101,980,text/html; charset=UTF-8,656.461773ms,,3a7ddc4
ADMIN,https://querybuscas.com/pages/ADMIN,/,197,302,23,4,1,text/plain; charset=utf-8,668.715933ms,,3a7ddc5
ADMON,https://querybuscas.com/pages/ADMON,,198,404,69908,13101,980,text/html; charset=UTF-8,775.560646ms,,3a7ddc6
AT-admin.cgi,https://querybuscas.com/pages/AT-admin.cgi,,199,404,69908,13101,980,text/html; charset=UTF-8,622.410866ms,,3a7ddc7
AboutUs,https://querybuscas.com/pages/AboutUs,,201,404,69908,13101,980,text/html; charset=UTF-8,637.574939ms,,3a7ddc9
About,https://querybuscas.com/pages/About,,200,404,69908,13101,980,text/html; charset=UTF-8,727.599114ms,,3a7ddc8
Admin,https://querybuscas.com/pages/Admin,/,202,302,23,4,1,text/plain; charset=utf-8,823.143005ms,,3a7ddca
AdminService,https://querybuscas.com/pages/AdminService,,203,404,69908,13101,980,text/html; charset=UTF-8,755.857752ms,,3a7ddcb
AdminTools,https://querybuscas.com/pages/AdminTools,,204,404,69908,13101,980,text/html; charset=UTF-8,701.059947ms,,3a7ddcc
Administration,https://querybuscas.com/pages/Administration,,205,404,69908,13101,980,text/html; charset=UTF-8,823.180041ms,,3a7ddcd
AggreSpy,https://querybuscas.com/pages/AggreSpy,,206,404,69908,13101,980,text/html; charset=UTF-8,695.269226ms,,3a7ddce
AppsLogin,https://querybuscas.com/pages/AppsLogin,,208,404,69908,13101,980,text/html; charset=UTF-8,751.080649ms,,3a7ddd0
AppsLocalLogin,https://querybuscas.com/pages/AppsLocalLogin,,207,404,69908,13101,980,text/html; charset=UTF-8,768.863185ms,,3a7ddcf
Archive,https://querybuscas.com/pages/Archive,,209,404,69908,13101,980,text/html; charset=UTF-8,685.37583ms,,3a7ddd1
Articles,https://querybuscas.com/pages/Articles,,210,404,69908,13101,980,text/html; charset=UTF-8,815.93738ms,,3a7ddd2
B,https://querybuscas.com/pages/B,,211,404,69908,13101,980,text/html; charset=UTF-8,792.380363ms,,3a7ddd3
BUILD,https://querybuscas.com/pages/BUILD,,212,404,69908,13101,980,text/html; charset=UTF-8,808.535745ms,,3a7ddd4
BackOffice,https://querybuscas.com/pages/BackOffice,,213,404,69908,13101,980,text/html; charset=UTF-8,930.729639ms,,3a7ddd5
Base,https://querybuscas.com/pages/Base,,214,404,69908,13101,980,text/html; charset=UTF-8,948.387943ms,,3a7ddd6
Blog,https://querybuscas.com/pages/Blog,,215,404,69908,13101,980,text/html; charset=UTF-8,881.42529ms,,3a7ddd7
Books,https://querybuscas.com/pages/Books,,216,404,69908,13101,980,text/html; charset=UTF-8,629.190274ms,,3a7ddd8
Browser,https://querybuscas.com/pages/Browser,,217,404,69908,13101,980,text/html; charset=UTF-8,643.533184ms,,3a7ddd9
C,https://querybuscas.com/pages/C,,219,404,69908,13101,980,text/html; charset=UTF-8,714.386299ms,,3a7dddb
Business,https://querybuscas.com/pages/Business,,218,404,69908,13101,980,text/html; charset=UTF-8,730.87709ms,,3a7ddda
CMS,https://querybuscas.com/pages/CMS,,220,404,69908,13101,980,text/html; charset=UTF-8,668.344964ms,,3a7dddc
CPAN,https://querybuscas.com/pages/CPAN,,221,404,69908,13101,980,text/html; charset=UTF-8,642.292344ms,,3a7dddd
CVS,https://querybuscas.com/pages/CVS,,222,404,69908,13101,980,text/html; charset=UTF-8,783.840729ms,,3a7ddde
CVS/Entries,https://querybuscas.com/pages/CVS/Entries,,223,404,69908,13101,980,text/html; charset=UTF-8,702.638047ms,,3a7dddf
CVS/Repository,https://querybuscas.com/pages/CVS/Repository,,224,404,69908,13101,980,text/html; charset=UTF-8,716.069079ms,,3a7dde0
CVS/Root,https://querybuscas.com/pages/CVS/Root,,225,404,69908,13101,980,text/html; charset=UTF-8,659.334137ms,,3a7dde1
CYBERDOCS,https://querybuscas.com/pages/CYBERDOCS,,226,404,69908,13101,980,text/html; charset=UTF-8,686.310583ms,,3a7dde2
CYBERDOCS25,https://querybuscas.com/pages/CYBERDOCS25,,227,404,69908,13101,980,text/html; charset=UTF-8,775.95769ms,,3a7dde3
CYBERDOCS31,https://querybuscas.com/pages/CYBERDOCS31,,228,404,69908,13101,980,text/html; charset=UTF-8,719.820786ms,,3a7dde4
Computers,https://querybuscas.com/pages/Computers,,230,404,69908,13101,980,text/html; charset=UTF-8,654.540143ms,,3a7dde6
ChangeLog,https://querybuscas.com/pages/ChangeLog,,229,404,69908,13101,980,text/html; charset=UTF-8,775.935592ms,,3a7dde5
Contact,https://querybuscas.com/pages/Contact,,231,404,69908,13101,980,text/html; charset=UTF-8,620.80078ms,,3a7dde7
ContactUs,https://querybuscas.com/pages/ContactUs,,232,404,69908,13101,980,text/html; charset=UTF-8,705.798474ms,,3a7dde8
Creatives,https://querybuscas.com/pages/Creatives,,234,404,69908,13101,980,text/html; charset=UTF-8,678.748182ms,,3a7ddea
Content,https://querybuscas.com/pages/Content,,233,404,69908,13101,980,text/html; charset=UTF-8,735.785348ms,,3a7dde9
D,https://querybuscas.com/pages/D,,235,404,69908,13101,980,text/html; charset=UTF-8,813.122032ms,,3a7ddeb
DMSDump,https://querybuscas.com/pages/DMSDump,,237,404,69908,13101,980,text/html; charset=UTF-8,1.010265106s,,3a7dded
DB,https://querybuscas.com/pages/DB,,236,404,69908,13101,980,text/html; charset=UTF-8,955.133287ms,,3a7ddec
Database_Administration,https://querybuscas.com/pages/Database_Administration,,238,404,69908,13101,980,text/html; charset=UTF-8,1.210761672s,,3a7ddee
Default,https://querybuscas.com/pages/Default,,239,404,69908,13101,980,text/html; charset=UTF-8,1.217853278s,,3a7ddef
Documents and Settings,https://querybuscas.com/pages/Documents and Settings,,240,404,69908,13101,980,text/html; charset=UTF-8,1.135759434s,,3a7ddf0
Download,https://querybuscas.com/pages/Download,,241,404,69908,13101,980,text/html; charset=UTF-8,709.249347ms,,3a7ddf1
Downloads,https://querybuscas.com/pages/Downloads,,242,404,69908,13101,980,text/html; charset=UTF-8,634.858265ms,,3a7ddf2
E,https://querybuscas.com/pages/E,,243,404,69908,13101,980,text/html; charset=UTF-8,684.604946ms,,3a7ddf3
Education,https://querybuscas.com/pages/Education,,244,404,69908,13101,980,text/html; charset=UTF-8,653.508196ms,,3a7ddf4
English,https://querybuscas.com/pages/English,,245,404,69908,13101,980,text/html; charset=UTF-8,725.967624ms,,3a7ddf5
Entertainment,https://querybuscas.com/pages/Entertainment,,246,404,69908,13101,980,text/html; charset=UTF-8,790.493553ms,,3a7ddf6
Entries,https://querybuscas.com/pages/Entries,,247,404,69908,13101,980,text/html; charset=UTF-8,802.610583ms,,3a7ddf7
Events,https://querybuscas.com/pages/Events,,248,404,69908,13101,980,text/html; charset=UTF-8,827.094215ms,,3a7ddf8
F,https://querybuscas.com/pages/F,,250,404,69908,13101,980,text/html; charset=UTF-8,648.612204ms,,3a7ddfa
Extranet,https://querybuscas.com/pages/Extranet,,249,404,69908,13101,980,text/html; charset=UTF-8,670.999749ms,,3a7ddf9
FAQ,https://querybuscas.com/pages/FAQ,,251,404,69908,13101,980,text/html; charset=UTF-8,604.574714ms,,3a7ddfb
FCKeditor,https://querybuscas.com/pages/FCKeditor,,252,404,69908,13101,980,text/html; charset=UTF-8,659.784585ms,,3a7ddfc
G,https://querybuscas.com/pages/G,,253,404,69908,13101,980,text/html; charset=UTF-8,685.998318ms,,3a7ddfd
Games,https://querybuscas.com/pages/Games,,254,404,69908,13101,980,text/html; charset=UTF-8,679.188298ms,,3a7ddfe
Graphics,https://querybuscas.com/pages/Graphics,,256,404,69908,13101,980,text/html; charset=UTF-8,749.389676ms,,3a7dd100
H,https://querybuscas.com/pages/H,,257,404,69908,13101,980,text/html; charset=UTF-8,733.107449ms,,3a7dd101
HTML,https://querybuscas.com/pages/HTML,,258,404,69908,13101,980,text/html; charset=UTF-8,631.907547ms,,3a7dd102
Global,https://querybuscas.com/pages/Global,,255,404,69908,13101,980,text/html; charset=UTF-8,795.627669ms,,3a7ddff
Health,https://querybuscas.com/pages/Health,,259,404,69908,13101,980,text/html; charset=UTF-8,611.986952ms,,3a7dd103
Home,https://querybuscas.com/pages/Home,,261,404,69908,13101,980,text/html; charset=UTF-8,631.122011ms,,3a7dd105
Help,https://querybuscas.com/pages/Help,,260,404,69908,13101,980,text/html; charset=UTF-8,801.927204ms,,3a7dd104
I,https://querybuscas.com/pages/I,,262,404,69908,13101,980,text/html; charset=UTF-8,625.950192ms,,3a7dd106
INSTALL_admin,https://querybuscas.com/pages/INSTALL_admin,,263,404,69908,13101,980,text/html; charset=UTF-8,749.051478ms,,3a7dd107
Image,https://querybuscas.com/pages/Image,,264,404,69908,13101,980,text/html; charset=UTF-8,669.176189ms,,3a7dd108
Images,https://querybuscas.com/pages/Images,,265,404,69908,13101,980,text/html; charset=UTF-8,576.608396ms,,3a7dd109
Index,https://querybuscas.com/pages/Index,,266,404,69908,13101,980,text/html; charset=UTF-8,599.865195ms,,3a7dd10a
Internet,https://querybuscas.com/pages/Internet,,268,404,69908,13101,980,text/html; charset=UTF-8,617.992788ms,,3a7dd10c
Indy_admin,https://querybuscas.com/pages/Indy_admin,,267,404,69908,13101,980,text/html; charset=UTF-8,638.888036ms,,3a7dd10b
J,https://querybuscas.com/pages/J,,269,404,69908,13101,980,text/html; charset=UTF-8,763.003113ms,,3a7dd10d
JMXSoapAdapter,https://querybuscas.com/pages/JMXSoapAdapter,,270,404,69908,13101,980,text/html; charset=UTF-8,581.546229ms,,3a7dd10e
Java,https://querybuscas.com/pages/Java,,271,404,69908,13101,980,text/html; charset=UTF-8,666.636955ms,,3a7dd10f
L,https://querybuscas.com/pages/L,,272,404,69908,13101,980,text/html; charset=UTF-8,763.532504ms,,3a7dd110
LICENSE,https://querybuscas.com/pages/LICENSE,,273,404,69908,13101,980,text/html; charset=UTF-8,719.127878ms,,3a7dd111
Legal,https://querybuscas.com/pages/Legal,,274,404,69908,13101,980,text/html; charset=UTF-8,634.09347ms,,3a7dd112
Links,https://querybuscas.com/pages/Links,,275,404,69908,13101,980,text/html; charset=UTF-8,674.412088ms,,3a7dd113
Linux,https://querybuscas.com/pages/Linux,,276,404,69908,13101,980,text/html; charset=UTF-8,721.614113ms,,3a7dd114
Log,https://querybuscas.com/pages/Log,,277,404,69908,13101,980,text/html; charset=UTF-8,735.996969ms,,3a7dd115
Login,https://querybuscas.com/pages/Login,,279,404,69908,13101,980,text/html; charset=UTF-8,590.899154ms,,3a7dd117
LogFiles,https://querybuscas.com/pages/LogFiles,,278,404,69908,13101,980,text/html; charset=UTF-8,659.612229ms,,3a7dd116
Logs,https://querybuscas.com/pages/Logs,,280,404,69908,13101,980,text/html; charset=UTF-8,720.318171ms,,3a7dd118
Lotus_Domino_Admin,https://querybuscas.com/pages/Lotus_Domino_Admin,,281,404,69908,13101,980,text/html; charset=UTF-8,723.425181ms,,3a7dd119
M,https://querybuscas.com/pages/M,,282,404,69908,13101,980,text/html; charset=UTF-8,684.376409ms,,3a7dd11a
MANIFEST.MF,https://querybuscas.com/pages/MANIFEST.MF,,283,404,69908,13101,980,text/html; charset=UTF-8,660.621374ms,,3a7dd11b
META-INF,https://querybuscas.com/pages/META-INF,,284,404,69908,13101,980,text/html; charset=UTF-8,622.237429ms,,3a7dd11c
Main,https://querybuscas.com/pages/Main,,285,404,69908,13101,980,text/html; charset=UTF-8,637.012867ms,,3a7dd11d
Main_Page,https://querybuscas.com/pages/Main_Page,,286,404,69908,13101,980,text/html; charset=UTF-8,707.53284ms,,3a7dd11e
Makefile,https://querybuscas.com/pages/Makefile,,287,404,69908,13101,980,text/html; charset=UTF-8,622.047581ms,,3a7dd11f
Members,https://querybuscas.com/pages/Members,,289,404,69908,13101,980,text/html; charset=UTF-8,657.913637ms,,3a7dd121
Media,https://querybuscas.com/pages/Media,,288,404,69908,13101,980,text/html; charset=UTF-8,738.056044ms,,3a7dd120
Menus,https://querybuscas.com/pages/Menus,,290,404,69908,13101,980,text/html; charset=UTF-8,650.654314ms,,3a7dd122
Misc,https://querybuscas.com/pages/Misc,,291,404,69908,13101,980,text/html; charset=UTF-8,804.679761ms,,3a7dd123
Music,https://querybuscas.com/pages/Music,,292,404,69908,13101,980,text/html; charset=UTF-8,661.205351ms,,3a7dd124
N,https://querybuscas.com/pages/N,,293,404,69908,13101,980,text/html; charset=UTF-8,733.530484ms,,3a7dd125
News,https://querybuscas.com/pages/News,,294,404,69908,13101,980,text/html; charset=UTF-8,642.149485ms,,3a7dd126
OA,https://querybuscas.com/pages/OA,,296,404,69908,13101,980,text/html; charset=UTF-8,670.039418ms,,3a7dd128
O,https://querybuscas.com/pages/O,,295,404,69908,13101,980,text/html; charset=UTF-8,867.752236ms,,3a7dd127
OAErrorDetailPage,https://querybuscas.com/pages/OAErrorDetailPage,,297,404,69908,13101,980,text/html; charset=UTF-8,758.041818ms,,3a7dd129
OA_HTML,https://querybuscas.com/pages/OA_HTML,,298,404,69908,13101,980,text/html; charset=UTF-8,553.567875ms,,3a7dd12a
OasDefault,https://querybuscas.com/pages/OasDefault,,299,404,69908,13101,980,text/html; charset=UTF-8,674.037418ms,,3a7dd12b
Office,https://querybuscas.com/pages/Office,,300,404,69908,13101,980,text/html; charset=UTF-8,689.329762ms,,3a7dd12c
PDF,https://querybuscas.com/pages/PDF,,302,404,69908,13101,980,text/html; charset=UTF-8,997.915354ms,,3a7dd12e
P,https://querybuscas.com/pages/P,,301,404,69908,13101,980,text/html; charset=UTF-8,1.0949294s,,3a7dd12d
PHP,https://querybuscas.com/pages/PHP,,303,404,69908,13101,980,text/html; charset=UTF-8,1.387574709s,,3a7dd12f
Pipfile,https://querybuscas.com/pages/Pipfile,,304,404,69908,13101,980,text/html; charset=UTF-8,1.252183144s,,3a7dd130
Pipfile.lock,https://querybuscas.com/pages/Pipfile.lock,,305,404,69908,13101,980,text/html; charset=UTF-8,1.187235633s,,3a7dd131
PMA,https://querybuscas.com/pages/PMA,,306,404,69908,13101,980,text/html; charset=UTF-8,1.19131817s,,3a7dd132
People,https://querybuscas.com/pages/People,,308,404,69908,13101,980,text/html; charset=UTF-8,738.053732ms,,3a7dd134
Pages,https://querybuscas.com/pages/Pages,,307,404,69908,13101,980,text/html; charset=UTF-8,795.351611ms,,3a7dd133
Privacy,https://querybuscas.com/pages/Privacy,,310,404,69908,13101,980,text/html; charset=UTF-8,632.023912ms,,3a7dd136
Press,https://querybuscas.com/pages/Press,,309,404,69908,13101,980,text/html; charset=UTF-8,722.925208ms,,3a7dd135
Products,https://querybuscas.com/pages/Products,,311,404,69908,13101,980,text/html; charset=UTF-8,651.991699ms,,3a7dd137
Program Files,https://querybuscas.com/pages/Program Files,,312,404,69908,13101,980,text/html; charset=UTF-8,714.266283ms,,3a7dd138
Projects,https://querybuscas.com/pages/Projects,,313,404,69908,13101,980,text/html; charset=UTF-8,749.323456ms,,3a7dd139
Publications,https://querybuscas.com/pages/Publications,,314,404,69908,13101,980,text/html; charset=UTF-8,673.475403ms,,3a7dd13a
RCS,https://querybuscas.com/pages/RCS,,316,404,69908,13101,980,text/html; charset=UTF-8,803.98563ms,,3a7dd13c
R,https://querybuscas.com/pages/R,,315,404,69908,13101,980,text/html; charset=UTF-8,724.734566ms,,3a7dd13b
README,https://querybuscas.com/pages/README,,317,404,69908,13101,980,text/html; charset=UTF-8,748.265314ms,,3a7dd13d
RSS,https://querybuscas.com/pages/RSS,,318,404,69908,13101,980,text/html; charset=UTF-8,729.186188ms,,3a7dd13e
Rakefile,https://querybuscas.com/pages/Rakefile,,319,404,69908,13101,980,text/html; charset=UTF-8,694.929356ms,,3a7dd13f
Readme,https://querybuscas.com/pages/Readme,,320,404,69908,13101,980,text/html; charset=UTF-8,676.0658ms,,3a7dd140
RealMedia,https://querybuscas.com/pages/RealMedia,,321,404,69908,13101,980,text/html; charset=UTF-8,634.514537ms,,3a7dd141
Research,https://querybuscas.com/pages/Research,,323,404,69908,13101,980,text/html; charset=UTF-8,940.437127ms,,3a7dd143
Recycled,https://querybuscas.com/pages/Recycled,,322,404,69908,13101,980,text/html; charset=UTF-8,1.094491444s,,3a7dd142
Resources,https://querybuscas.com/pages/Resources,,324,404,69908,13101,980,text/html; charset=UTF-8,1.1294122s,,3a7dd144
S,https://querybuscas.com/pages/S,,326,404,69908,13101,980,text/html; charset=UTF-8,846.975122ms,,3a7dd146
Root,https://querybuscas.com/pages/Root,,325,404,69908,13101,980,text/html; charset=UTF-8,904.460077ms,,3a7dd145
SERVER-INF,https://querybuscas.com/pages/SERVER-INF,,327,404,69908,13101,980,text/html; charset=UTF-8,801.78846ms,,3a7dd147
SOAPMonitor,https://querybuscas.com/pages/SOAPMonitor,,328,404,69908,13101,980,text/html; charset=UTF-8,603.235378ms,,3a7dd148
SQL,https://querybuscas.com/pages/SQL,,329,404,69908,13101,980,text/html; charset=UTF-8,703.806479ms,,3a7dd149
SUNWmc,https://querybuscas.com/pages/SUNWmc,,330,404,69908,13101,980,text/html; charset=UTF-8,647.395113ms,,3a7dd14a
Scripts,https://querybuscas.com/pages/Scripts,,331,404,69908,13101,980,text/html; charset=UTF-8,696.355401ms,,3a7dd14b
Search,https://querybuscas.com/pages/Search,,332,404,69908,13101,980,text/html; charset=UTF-8,718.626526ms,,3a7dd14c
Security,https://querybuscas.com/pages/Security,,333,404,69908,13101,980,text/html; charset=UTF-8,756.733649ms,,3a7dd14d
Server,https://querybuscas.com/pages/Server,,334,404,69908,13101,980,text/html; charset=UTF-8,633.705742ms,,3a7dd14e
Services,https://querybuscas.com/pages/Services,,336,404,69908,13101,980,text/html; charset=UTF-8,659.41288ms,,3a7dd150
ServerAdministrator,https://querybuscas.com/pages/ServerAdministrator,,335,404,69908,13101,980,text/html; charset=UTF-8,672.130307ms,,3a7dd14f
Servlet,https://querybuscas.com/pages/Servlet,,337,404,69908,13101,980,text/html; charset=UTF-8,647.865655ms,,3a7dd151
Shibboleth.sso/Metadata,https://querybuscas.com/pages/Shibboleth.sso/Metadata,,339,404,69908,13101,980,text/html; charset=UTF-8,603.642211ms,,3a7dd153
Servlets,https://querybuscas.com/pages/Servlets,,338,404,69908,13101,980,text/html; charset=UTF-8,716.42581ms,,3a7dd152
SiteMap,https://querybuscas.com/pages/SiteMap,,340,404,69908,13101,980,text/html; charset=UTF-8,723.365547ms,,3a7dd154
SiteServer,https://querybuscas.com/pages/SiteServer,,342,404,69908,13101,980,text/html; charset=UTF-8,723.792024ms,,3a7dd156
SiteScope,https://querybuscas.com/pages/SiteScope,,341,404,69908,13101,980,text/html; charset=UTF-8,738.039591ms,,3a7dd155
Sites,https://querybuscas.com/pages/Sites,,343,404,69908,13101,980,text/html; charset=UTF-8,745.383018ms,,3a7dd157
Software,https://querybuscas.com/pages/Software,,344,404,69908,13101,980,text/html; charset=UTF-8,672.444013ms,,3a7dd158
Sources,https://querybuscas.com/pages/Sources,,345,404,69908,13101,980,text/html; charset=UTF-8,628.332315ms,,3a7dd159
Spy,https://querybuscas.com/pages/Spy,,347,404,69908,13101,980,text/html; charset=UTF-8,653.50975ms,,3a7dd15b
Statistics,https://querybuscas.com/pages/Statistics,,348,404,69908,13101,980,text/html; charset=UTF-8,716.773666ms,,3a7dd15c
Sports,https://querybuscas.com/pages/Sports,,346,404,69908,13101,980,text/html; charset=UTF-8,739.77015ms,,3a7dd15a
Stats,https://querybuscas.com/pages/Stats,,349,404,69908,13101,980,text/html; charset=UTF-8,691.363245ms,,3a7dd15d
Super-Admin,https://querybuscas.com/pages/Super-Admin,,350,404,69908,13101,980,text/html; charset=UTF-8,634.989934ms,,3a7dd15e
Support,https://querybuscas.com/pages/Support,,351,404,69908,13101,980,text/html; charset=UTF-8,651.218675ms,,3a7dd15f
SysAdmin,https://querybuscas.com/pages/SysAdmin,,352,404,69908,13101,980,text/html; charset=UTF-8,588.898621ms,,3a7dd160
T,https://querybuscas.com/pages/T,,354,404,69908,13101,980,text/html; charset=UTF-8,598.549412ms,,3a7dd162
SysAdmin2,https://querybuscas.com/pages/SysAdmin2,,353,404,69908,13101,980,text/html; charset=UTF-8,641.223018ms,,3a7dd161
TEMP,https://querybuscas.com/pages/TEMP,,355,404,69908,13101,980,text/html; charset=UTF-8,706.798561ms,,3a7dd163
TMP,https://querybuscas.com/pages/TMP,,356,404,69908,13101,980,text/html; charset=UTF-8,705.288898ms,,3a7dd164
TODO,https://querybuscas.com/pages/TODO,,357,404,69908,13101,980,text/html; charset=UTF-8,677.434989ms,,3a7dd165
Technology,https://querybuscas.com/pages/Technology,,358,404,69908,13101,980,text/html; charset=UTF-8,637.102538ms,,3a7dd166
Themes,https://querybuscas.com/pages/Themes,,359,404,69908,13101,980,text/html; charset=UTF-8,587.546308ms,,3a7dd167
Thumbs.db,https://querybuscas.com/pages/Thumbs.db,,360,404,69908,13101,980,text/html; charset=UTF-8,580.093223ms,,3a7dd168
Travel,https://querybuscas.com/pages/Travel,,361,404,69908,13101,980,text/html; charset=UTF-8,679.021354ms,,3a7dd169
U,https://querybuscas.com/pages/U,,362,404,69908,13101,980,text/html; charset=UTF-8,696.464811ms,,3a7dd16a
Utilities,https://querybuscas.com/pages/Utilities,,365,404,69908,13101,980,text/html; charset=UTF-8,926.34651ms,,3a7dd16d
UserFiles,https://querybuscas.com/pages/UserFiles,,364,404,69908,13101,980,text/html; charset=UTF-8,1.082056084s,,3a7dd16c
US,https://querybuscas.com/pages/US,,363,404,69908,13101,980,text/html; charset=UTF-8,1.103573208s,,3a7dd16b
V,https://querybuscas.com/pages/V,,366,404,69908,13101,980,text/html; charset=UTF-8,968.29734ms,,3a7dd16e
Video,https://querybuscas.com/pages/Video,,367,404,69908,13101,980,text/html; charset=UTF-8,980.639492ms,,3a7dd16f
W,https://querybuscas.com/pages/W,,368,404,69908,13101,980,text/html; charset=UTF-8,849.364158ms,,3a7dd170
W3SVC,https://querybuscas.com/pages/W3SVC,,369,404,69908,13101,980,text/html; charset=UTF-8,575.788713ms,,3a7dd171
W3SVC3,https://querybuscas.com/pages/W3SVC3,,372,404,69908,13101,980,text/html; charset=UTF-8,630.782085ms,,3a7dd174
W3SVC2,https://querybuscas.com/pages/W3SVC2,,371,404,69908,13101,980,text/html; charset=UTF-8,602.605046ms,,3a7dd173
W3SVC1,https://querybuscas.com/pages/W3SVC1,,370,404,69908,13101,980,text/html; charset=UTF-8,614.445006ms,,3a7dd172
WS_FTP,https://querybuscas.com/pages/WS_FTP,,374,404,69908,13101,980,text/html; charset=UTF-8,578.729308ms,,3a7dd176
WEB-INF,https://querybuscas.com/pages/WEB-INF,,373,404,69908,13101,980,text/html; charset=UTF-8,680.80465ms,,3a7dd175
WS_FTP.LOG,https://querybuscas.com/pages/WS_FTP.LOG,,375,404,69908,13101,980,text/html; charset=UTF-8,527.366639ms,,3a7dd177
WebAdmin,https://querybuscas.com/pages/WebAdmin,,376,404,69908,13101,980,text/html; charset=UTF-8,636.43592ms,,3a7dd178
X,https://querybuscas.com/pages/X,,378,404,69908,13101,980,text/html; charset=UTF-8,601.619089ms,,3a7dd17a
Windows,https://querybuscas.com/pages/Windows,,377,404,69908,13101,980,text/html; charset=UTF-8,608.138287ms,,3a7dd179
XML,https://querybuscas.com/pages/XML,,379,404,69908,13101,980,text/html; charset=UTF-8,698.624973ms,,3a7dd17b
_,https://querybuscas.com/pages/_,,381,404,69908,13101,980,text/html; charset=UTF-8,569.308272ms,,3a7dd17d
XXX,https://querybuscas.com/pages/XXX,,380,404,69908,13101,980,text/html; charset=UTF-8,853.402012ms,,3a7dd17c
_adm,https://querybuscas.com/pages/_adm,,382,404,69908,13101,980,text/html; charset=UTF-8,695.212248ms,,3a7dd17e
_admin,https://querybuscas.com/pages/_admin,,383,404,69908,13101,980,text/html; charset=UTF-8,653.327471ms,,3a7dd17f
_ajax,https://querybuscas.com/pages/_ajax,,384,404,69908,13101,980,text/html; charset=UTF-8,701.815082ms,,3a7dd180
_archive,https://querybuscas.com/pages/_archive,,385,404,69908,13101,980,text/html; charset=UTF-8,651.332462ms,,3a7dd181
_assets,https://querybuscas.com/pages/_assets,,386,404,69908,13101,980,text/html; charset=UTF-8,616.382261ms,,3a7dd182
_backup,https://querybuscas.com/pages/_backup,,387,404,69908,13101,980,text/html; charset=UTF-8,600.563768ms,,3a7dd183
_borders,https://querybuscas.com/pages/_borders,,389,404,69908,13101,980,text/html; charset=UTF-8,653.854265ms,,3a7dd185
_baks,https://querybuscas.com/pages/_baks,,388,404,69908,13101,980,text/html; charset=UTF-8,681.97095ms,,3a7dd184
_cache,https://querybuscas.com/pages/_cache,,390,404,69908,13101,980,text/html; charset=UTF-8,688.524942ms,,3a7dd186
_catalogs,https://querybuscas.com/pages/_catalogs,,391,404,69908,13101,980,text/html; charset=UTF-8,660.408039ms,,3a7dd187
_common,https://querybuscas.com/pages/_common,,392,404,69908,13101,980,text/html; charset=UTF-8,614.430575ms,,3a7dd188
_conf,https://querybuscas.com/pages/_conf,,393,404,69908,13101,980,text/html; charset=UTF-8,756.866865ms,,3a7dd189
_css,https://querybuscas.com/pages/_css,,395,404,69908,13101,980,text/html; charset=UTF-8,655.517483ms,,3a7dd18b
_config,https://querybuscas.com/pages/_config,,394,404,69908,13101,980,text/html; charset=UTF-8,633.043116ms,,3a7dd18a
_data,https://querybuscas.com/pages/_data,,396,404,69908,13101,980,text/html; charset=UTF-8,613.10297ms,,3a7dd18c
_database,https://querybuscas.com/pages/_database,,397,404,69908,13101,980,text/html; charset=UTF-8,644.683007ms,,3a7dd18d
_db_backups,https://querybuscas.com/pages/_db_backups,,398,404,69908,13101,980,text/html; charset=UTF-8,587.13926ms,,3a7dd18e
_derived,https://querybuscas.com/pages/_derived,,399,404,69908,13101,980,text/html; charset=UTF-8,703.466045ms,,3a7dd18f
_dummy,https://querybuscas.com/pages/_dummy,,401,404,69908,13101,980,text/html; charset=UTF-8,573.934355ms,,3a7dd191
_dev,https://querybuscas.com/pages/_dev,,400,404,69908,13101,980,text/html; charset=UTF-8,587.965489ms,,3a7dd190
_files,https://querybuscas.com/pages/_files,,402,404,69908,13101,980,text/html; charset=UTF-8,703.502878ms,,3a7dd192
_flash,https://querybuscas.com/pages/_flash,,403,404,69908,13101,980,text/html; charset=UTF-8,665.087061ms,,3a7dd193
_fpclass,https://querybuscas.com/pages/_fpclass,,404,404,69908,13101,980,text/html; charset=UTF-8,598.075047ms,,3a7dd194
_framework/blazor.boot.json,https://querybuscas.com/pages/_framework/blazor.boot.json,,405,404,69908,13101,980,text/html; charset=UTF-8,640.841978ms,,3a7dd195
_framework/wasm/dotnet.wasm,https://querybuscas.com/pages/_framework/wasm/dotnet.wasm,,407,404,69908,13101,980,text/html; charset=UTF-8,615.544697ms,,3a7dd197
_framework/_bin/WebAssembly.Bindings.dll,https://querybuscas.com/pages/_framework/_bin/WebAssembly.Bindings.dll,,408,404,69908,13101,980,text/html; charset=UTF-8,608.163014ms,,3a7dd198
_images,https://querybuscas.com/pages/_images,,409,404,69908,13101,980,text/html; charset=UTF-8,669.79892ms,,3a7dd199
_framework/blazor.webassembly.js,https://querybuscas.com/pages/_framework/blazor.webassembly.js,,406,404,68970,13094,980,text/html; charset=UTF-8,1.052113817s,,3a7dd196
_img,https://querybuscas.com/pages/_img,,410,404,69908,13101,980,text/html; charset=UTF-8,616.53111ms,,3a7dd19a
_inc,https://querybuscas.com/pages/_inc,,411,404,69908,13101,980,text/html; charset=UTF-8,674.365341ms,,3a7dd19b
_include,https://querybuscas.com/pages/_include,,412,404,69908,13101,980,text/html; charset=UTF-8,657.267945ms,,3a7dd19c
_includes,https://querybuscas.com/pages/_includes,,413,404,69908,13101,980,text/html; charset=UTF-8,691.701737ms,,3a7dd19d
_install,https://querybuscas.com/pages/_install,,414,404,69908,13101,980,text/html; charset=UTF-8,658.331167ms,,3a7dd19e
_layouts,https://querybuscas.com/pages/_layouts,,416,404,69908,13101,980,text/html; charset=UTF-8,664.603557ms,,3a7dd1a0
_js,https://querybuscas.com/pages/_js,,415,404,69908,13101,980,text/html; charset=UTF-8,642.253138ms,,3a7dd19f
_lib,https://querybuscas.com/pages/_lib,,417,404,69908,13101,980,text/html; charset=UTF-8,697.70078ms,,3a7dd1a1
_media,https://querybuscas.com/pages/_media,,418,404,69908,13101,980,text/html; charset=UTF-8,712.435282ms,,3a7dd1a2
_mem_bin,https://querybuscas.com/pages/_mem_bin,,419,404,69908,13101,980,text/html; charset=UTF-8,615.467106ms,,3a7dd1a3
_mm,https://querybuscas.com/pages/_mm,,420,404,69908,13101,980,text/html; charset=UTF-8,602.347344ms,,3a7dd1a4
_mygallery,https://querybuscas.com/pages/_mygallery,,422,404,69908,13101,980,text/html; charset=UTF-8,576.095552ms,,3a7dd1a6
_mmserverscripts,https://querybuscas.com/pages/_mmserverscripts,,421,404,69908,13101,980,text/html; charset=UTF-8,671.693144ms,,3a7dd1a5
_old,https://querybuscas.com/pages/_old,,424,404,69908,13101,980,text/html; charset=UTF-8,587.382899ms,,3a7dd1a8
_notes,https://querybuscas.com/pages/_notes,,423,404,69908,13101,980,text/html; charset=UTF-8,691.191106ms,,3a7dd1a7
_overlay,https://querybuscas.com/pages/_overlay,,425,404,69908,13101,980,text/html; charset=UTF-8,682.744237ms,,3a7dd1a9
_pages,https://querybuscas.com/pages/_pages,,426,404,69908,13101,980,text/html; charset=UTF-8,790.395152ms,,3a7dd1aa
_private,https://querybuscas.com/pages/_private,,427,404,69908,13101,980,text/html; charset=UTF-8,625.953491ms,,3a7dd1ab
_reports,https://querybuscas.com/pages/_reports,,428,404,69908,13101,980,text/html; charset=UTF-8,622.115186ms,,3a7dd1ac
_res,https://querybuscas.com/pages/_res,,429,404,69908,13101,980,text/html; charset=UTF-8,542.959716ms,,3a7dd1ad
_resources,https://querybuscas.com/pages/_resources,,430,404,69908,13101,980,text/html; charset=UTF-8,628.874897ms,,3a7dd1ae
_scripts,https://querybuscas.com/pages/_scripts,,432,404,69908,13101,980,text/html; charset=UTF-8,590.278089ms,,3a7dd1b0
_source,https://querybuscas.com/pages/_source,,433,404,69908,13101,980,text/html; charset=UTF-8,583.830455ms,,3a7dd1b1
_scriptlibrary,https://querybuscas.com/pages/_scriptlibrary,,431,404,69908,13101,980,text/html; charset=UTF-8,691.541413ms,,3a7dd1af
_src,https://querybuscas.com/pages/_src,,434,404,69908,13101,980,text/html; charset=UTF-8,656.915108ms,,3a7dd1b2
_stats,https://querybuscas.com/pages/_stats,,435,404,69908,13101,980,text/html; charset=UTF-8,681.55155ms,,3a7dd1b3
_styles,https://querybuscas.com/pages/_styles,,436,404,69908,13101,980,text/html; charset=UTF-8,696.193459ms,,3a7dd1b4
_swf,https://querybuscas.com/pages/_swf,,437,404,69908,13101,980,text/html; charset=UTF-8,653.948771ms,,3a7dd1b5
_temp,https://querybuscas.com/pages/_temp,,438,404,69908,13101,980,text/html; charset=UTF-8,593.731503ms,,3a7dd1b6
_tempalbums,https://querybuscas.com/pages/_tempalbums,,439,404,69908,13101,980,text/html; charset=UTF-8,569.684203ms,,3a7dd1b7
_template,https://querybuscas.com/pages/_template,,440,404,69908,13101,980,text/html; charset=UTF-8,592.551359ms,,3a7dd1b8
_templates,https://querybuscas.com/pages/_templates,,441,404,69908,13101,980,text/html; charset=UTF-8,631.526019ms,,3a7dd1b9
_themes,https://querybuscas.com/pages/_themes,,443,404,69908,13101,980,text/html; charset=UTF-8,603.976403ms,,3a7dd1bb
_test,https://querybuscas.com/pages/_test,,442,404,69908,13101,980,text/html; charset=UTF-8,620.372315ms,,3a7dd1ba
_tmpfileop,https://querybuscas.com/pages/_tmpfileop,,445,404,69908,13101,980,text/html; charset=UTF-8,566.967207ms,,3a7dd1bd
_tmp,https://querybuscas.com/pages/_tmp,,444,404,69908,13101,980,text/html; charset=UTF-8,573.436842ms,,3a7dd1bc
_vti_aut,https://querybuscas.com/pages/_vti_aut,,446,404,69908,13101,980,text/html; charset=UTF-8,651.147799ms,,3a7dd1be
_vti_bin,https://querybuscas.com/pages/_vti_bin,,447,404,69908,13101,980,text/html; charset=UTF-8,599.503249ms,,3a7dd1bf
_vti_bin/_vti_aut/author.dll,https://querybuscas.com/pages/_vti_bin/_vti_aut/author.dll,,449,404,69908,13101,980,text/html; charset=UTF-8,597.48655ms,,3a7dd1c1
_vti_bin/_vti_adm/admin.dll,https://querybuscas.com/pages/_vti_bin/_vti_adm/admin.dll,,448,404,69908,13101,980,text/html; charset=UTF-8,567.080922ms,,3a7dd1c0
_vti_bin/shtml.dll,https://querybuscas.com/pages/_vti_bin/shtml.dll,,450,404,69908,13101,980,text/html; charset=UTF-8,619.905777ms,,3a7dd1c2
_vti_inf,https://querybuscas.com/pages/_vti_inf,,452,404,69908,13101,980,text/html; charset=UTF-8,575.894316ms,,3a7dd1c4
_vti_cnf,https://querybuscas.com/pages/_vti_cnf,,451,404,69908,13101,980,text/html; charset=UTF-8,604.554526ms,,3a7dd1c3
_vti_log,https://querybuscas.com/pages/_vti_log,,453,404,69908,13101,980,text/html; charset=UTF-8,752.773605ms,,3a7dd1c5
_vti_pvt,https://querybuscas.com/pages/_vti_pvt,,455,404,69908,13101,980,text/html; charset=UTF-8,637.366793ms,,3a7dd1c7
_vti_map,https://querybuscas.com/pages/_vti_map,,454,404,69908,13101,980,text/html; charset=UTF-8,698.27021ms,,3a7dd1c6
_vti_rpc,https://querybuscas.com/pages/_vti_rpc,,456,404,69908,13101,980,text/html; charset=UTF-8,643.0397ms,,3a7dd1c8
_vti_script,https://querybuscas.com/pages/_vti_script,,457,404,69908,13101,980,text/html; charset=UTF-8,635.445474ms,,3a7dd1c9
_vti_txt,https://querybuscas.com/pages/_vti_txt,,458,404,69908,13101,980,text/html; charset=UTF-8,642.370432ms,,3a7dd1ca
_www,https://querybuscas.com/pages/_www,,459,404,69908,13101,980,text/html; charset=UTF-8,590.722631ms,,3a7dd1cb
a,https://querybuscas.com/pages/a,,460,404,69908,13101,980,text/html; charset=UTF-8,565.115209ms,,3a7dd1cc
aa,https://querybuscas.com/pages/aa,,461,404,69908,13101,980,text/html; charset=UTF-8,611.891764ms,,3a7dd1cd
abc,https://querybuscas.com/pages/abc,,463,404,69908,13101,980,text/html; charset=UTF-8,655.453331ms,,3a7dd1cf
aaa,https://querybuscas.com/pages/aaa,,462,404,69908,13101,980,text/html; charset=UTF-8,648.936115ms,,3a7dd1ce
abc123,https://querybuscas.com/pages/abc123,,464,404,69908,13101,980,text/html; charset=UTF-8,695.826556ms,,3a7dd1d0
abcd,https://querybuscas.com/pages/abcd,,465,404,69908,13101,980,text/html; charset=UTF-8,654.174154ms,,3a7dd1d1
abcd1234,https://querybuscas.com/pages/abcd1234,,466,404,69908,13101,980,text/html; charset=UTF-8,650.658586ms,,3a7dd1d2
about,https://querybuscas.com/pages/about,,467,404,69908,13101,980,text/html; charset=UTF-8,758.287505ms,,3a7dd1d3
about-us,https://querybuscas.com/pages/about-us,,468,404,69908,13101,980,text/html; charset=UTF-8,608.362054ms,,3a7dd1d4
about_us,https://querybuscas.com/pages/about_us,,469,404,69908,13101,980,text/html; charset=UTF-8,599.841515ms,,3a7dd1d5
aboutus,https://querybuscas.com/pages/aboutus,,470,404,69908,13101,980,text/html; charset=UTF-8,576.736848ms,,3a7dd1d6
abstract,https://querybuscas.com/pages/abstract,,471,404,69908,13101,980,text/html; charset=UTF-8,611.137899ms,,3a7dd1d7
abuse,https://querybuscas.com/pages/abuse,,472,404,69908,13101,980,text/html; charset=UTF-8,653.748661ms,,3a7dd1d8
ac,https://querybuscas.com/pages/ac,,473,404,69908,13101,980,text/html; charset=UTF-8,571.717495ms,,3a7dd1d9
academics,https://querybuscas.com/pages/academics,,475,404,69908,13101,980,text/html; charset=UTF-8,617.902835ms,,3a7dd1db
acatalog,https://querybuscas.com/pages/acatalog,,476,404,69908,13101,980,text/html; charset=UTF-8,539.791834ms,,3a7dd1dc
academic,https://querybuscas.com/pages/academic,,474,404,69908,13101,980,text/html; charset=UTF-8,684.497596ms,,3a7dd1da
acc,https://querybuscas.com/pages/acc,,477,404,69908,13101,980,text/html; charset=UTF-8,763.809991ms,,3a7dd1dd
access,https://querybuscas.com/pages/access,,478,404,69908,13101,980,text/html; charset=UTF-8,574.726734ms,,3a7dd1de
access-log,https://querybuscas.com/pages/access-log,,479,404,69908,13101,980,text/html; charset=UTF-8,728.88096ms,,3a7dd1df
access.1,https://querybuscas.com/pages/access.1,,481,404,69908,13101,980,text/html; charset=UTF-8,568.740922ms,,3a7dd1e1
access-log.1,https://querybuscas.com/pages/access-log.1,,480,404,69908,13101,980,text/html; charset=UTF-8,650.747333ms,,3a7dd1e0
access_db,https://querybuscas.com/pages/access_db,,482,404,69908,13101,980,text/html; charset=UTF-8,876.84833ms,,3a7dd1e2
access_log,https://querybuscas.com/pages/access_log,,483,404,69908,13101,980,text/html; charset=UTF-8,774.428435ms,,3a7dd1e3
accessgranted,https://querybuscas.com/pages/accessgranted,,485,404,69908,13101,980,text/html; charset=UTF-8,726.678649ms,,3a7dd1e5
access_log.1,https://querybuscas.com/pages/access_log.1,,484,404,69908,13101,980,text/html; charset=UTF-8,810.24474ms,,3a7dd1e4
accessibility,https://querybuscas.com/pages/accessibility,,486,404,69908,13101,980,text/html; charset=UTF-8,764.012723ms,,3a7dd1e6
accessories,https://querybuscas.com/pages/accessories,,487,404,69908,13101,980,text/html; charset=UTF-8,780.417901ms,,3a7dd1e7
accommodation,https://querybuscas.com/pages/accommodation,,488,404,69908,13101,980,text/html; charset=UTF-8,685.44909ms,,3a7dd1e8
account,https://querybuscas.com/pages/account,,489,404,69908,13101,980,text/html; charset=UTF-8,632.032062ms,,3a7dd1e9
account_history,https://querybuscas.com/pages/account_history,,491,404,69908,13101,980,text/html; charset=UTF-8,650.427639ms,,3a7dd1eb
accountants,https://querybuscas.com/pages/accountants,,492,404,69908,13101,980,text/html; charset=UTF-8,630.765139ms,,3a7dd1ec
account_edit,https://querybuscas.com/pages/account_edit,,490,404,69908,13101,980,text/html; charset=UTF-8,743.183139ms,,3a7dd1ea
accounting,https://querybuscas.com/pages/accounting,,493,404,69908,13101,980,text/html; charset=UTF-8,615.438171ms,,3a7dd1ed
accounts,https://querybuscas.com/pages/accounts,,494,404,69908,13101,980,text/html; charset=UTF-8,587.492152ms,,3a7dd1ee
accountsettings,https://querybuscas.com/pages/accountsettings,,495,404,69908,13101,980,text/html; charset=UTF-8,647.868811ms,,3a7dd1ef
acct_login,https://querybuscas.com/pages/acct_login,,496,404,69908,13101,980,text/html; charset=UTF-8,628.799684ms,,3a7dd1f0
achitecture,https://querybuscas.com/pages/achitecture,,497,404,69908,13101,980,text/html; charset=UTF-8,605.463984ms,,3a7dd1f1
acp,https://querybuscas.com/pages/acp,,498,404,69908,13101,980,text/html; charset=UTF-8,705.496963ms,,3a7dd1f2
act,https://querybuscas.com/pages/act,,499,404,69908,13101,980,text/html; charset=UTF-8,738.464572ms,,3a7dd1f3
action,https://querybuscas.com/pages/action,,500,404,69908,13101,980,text/html; charset=UTF-8,715.425955ms,,3a7dd1f4
actions,https://querybuscas.com/pages/actions,,501,404,69908,13101,980,text/html; charset=UTF-8,639.303812ms,,3a7dd1f5
activation,https://querybuscas.com/pages/activation,,503,404,69908,13101,980,text/html; charset=UTF-8,592.450603ms,,3a7dd1f7
activate,https://querybuscas.com/pages/activate,,502,404,69908,13101,980,text/html; charset=UTF-8,673.532143ms,,3a7dd1f6
active,https://querybuscas.com/pages/active,,504,404,69908,13101,980,text/html; charset=UTF-8,650.211467ms,,3a7dd1f8
activeCollab,https://querybuscas.com/pages/activeCollab,,505,404,69908,13101,980,text/html; charset=UTF-8,612.942228ms,,3a7dd1f9
activex,https://querybuscas.com/pages/activex,,506,404,69908,13101,980,text/html; charset=UTF-8,773.269166ms,,3a7dd1fa
activities,https://querybuscas.com/pages/activities,,507,404,69908,13101,980,text/html; charset=UTF-8,654.468136ms,,3a7dd1fb
ad,https://querybuscas.com/pages/ad,,509,404,69908,13101,980,text/html; charset=UTF-8,651.725745ms,,3a7dd1fd
activity,https://querybuscas.com/pages/activity,,508,404,69908,13101,980,text/html; charset=UTF-8,743.78039ms,,3a7dd1fc
ad_js,https://querybuscas.com/pages/ad_js,,510,404,69908,13101,980,text/html; charset=UTF-8,689.363683ms,,3a7dd1fe
adaptive,https://querybuscas.com/pages/adaptive,,511,404,69908,13101,980,text/html; charset=UTF-8,667.0602ms,,3a7dd1ff
adclick,https://querybuscas.com/pages/adclick,,512,404,69908,13101,980,text/html; charset=UTF-8,683.627412ms,,3a7dd200
add,https://querybuscas.com/pages/add,,513,404,69908,13101,980,text/html; charset=UTF-8,573.064493ms,,3a7dd201
add_cart,https://querybuscas.com/pages/add_cart,,514,404,69908,13101,980,text/html; charset=UTF-8,601.116447ms,,3a7dd202
addnews,https://querybuscas.com/pages/addnews,,516,404,69908,13101,980,text/html; charset=UTF-8,700.152686ms,,3a7dd204
addons,https://querybuscas.com/pages/addons,,517,404,69908,13101,980,text/html; charset=UTF-8,624.57483ms,,3a7dd205
addpost,https://querybuscas.com/pages/addpost,,518,404,69908,13101,980,text/html; charset=UTF-8,668.90515ms,,3a7dd206
addfav,https://querybuscas.com/pages/addfav,,515,404,69908,13101,980,text/html; charset=UTF-8,604.474921ms,,3a7dd203
addreply,https://querybuscas.com/pages/addreply,,519,404,69908,13101,980,text/html; charset=UTF-8,624.026481ms,,3a7dd207
address,https://querybuscas.com/pages/address,,520,404,69908,13101,980,text/html; charset=UTF-8,714.708315ms,,3a7dd208
address_book,https://querybuscas.com/pages/address_book,,521,404,69908,13101,980,text/html; charset=UTF-8,617.517324ms,,3a7dd209
addressbook,https://querybuscas.com/pages/addressbook,,522,404,69908,13101,980,text/html; charset=UTF-8,679.307375ms,,3a7dd20a
addresses,https://querybuscas.com/pages/addresses,,523,404,69908,13101,980,text/html; charset=UTF-8,667.167006ms,,3a7dd20b
addtocart,https://querybuscas.com/pages/addtocart,,524,404,69908,13101,980,text/html; charset=UTF-8,704.026503ms,,3a7dd20c
adlog,https://querybuscas.com/pages/adlog,,525,404,69908,13101,980,text/html; charset=UTF-8,633.526322ms,,3a7dd20d
adlogger,https://querybuscas.com/pages/adlogger,,526,404,69908,13101,980,text/html; charset=UTF-8,649.926978ms,,3a7dd20e
adm,https://querybuscas.com/pages/adm,,527,404,69908,13101,980,text/html; charset=UTF-8,624.892083ms,,3a7dd20f
admin,https://querybuscas.com/pages/admin,/,528,302,23,4,1,text/plain; charset=utf-8,695.587241ms,,3a7dd210
admin-admin,https://querybuscas.com/pages/admin-admin,,529,404,69908,13101,980,text/html; charset=UTF-8,592.457929ms,,3a7dd211
admin-interface,https://querybuscas.com/pages/admin-interface,,531,404,69908,13101,980,text/html; charset=UTF-8,634.201389ms,,3a7dd213
admin-console,https://querybuscas.com/pages/admin-console,,530,404,69908,13101,980,text/html; charset=UTF-8,804.829275ms,,3a7dd212
administrator-panel,https://querybuscas.com/pages/administrator-panel,,532,404,69908,13101,980,text/html; charset=UTF-8,695.990351ms,,3a7dd214
admin.php,https://querybuscas.com/pages/admin.php,,534,404,69908,13101,980,text/html; charset=UTF-8,767.193237ms,,3a7dd216
admin.cgi,https://querybuscas.com/pages/admin.cgi,,533,404,69908,13101,980,text/html; charset=UTF-8,750.423971ms,,3a7dd215
admin.pl,https://querybuscas.com/pages/admin.pl,,535,404,69908,13101,980,text/html; charset=UTF-8,626.819355ms,,3a7dd217
admin1,https://querybuscas.com/pages/admin1,,536,404,69908,13101,980,text/html; charset=UTF-8,687.10754ms,,3a7dd218
admin2,https://querybuscas.com/pages/admin2,,537,404,69908,13101,980,text/html; charset=UTF-8,601.057801ms,,3a7dd219
admin3,https://querybuscas.com/pages/admin3,,538,404,69908,13101,980,text/html; charset=UTF-8,577.635704ms,,3a7dd21a
admin4_account,https://querybuscas.com/pages/admin4_account,,539,404,69908,13101,980,text/html; charset=UTF-8,609.615598ms,,3a7dd21b
admin_,https://querybuscas.com/pages/admin_,,541,404,69908,13101,980,text/html; charset=UTF-8,613.777476ms,,3a7dd21d
admin4_colon,https://querybuscas.com/pages/admin4_colon,,540,404,69908,13101,980,text/html; charset=UTF-8,725.654694ms,,3a7dd21c
admin_banner,https://querybuscas.com/pages/admin_banner,,543,404,69908,13101,980,text/html; charset=UTF-8,699.378579ms,,3a7dd21f
admin_area,https://querybuscas.com/pages/admin_area,,542,404,69908,13101,980,text/html; charset=UTF-8,683.561964ms,,3a7dd21e
admin_c,https://querybuscas.com/pages/admin_c,,544,404,69908,13101,980,text/html; charset=UTF-8,767.093745ms,,3a7dd220
admin_index,https://querybuscas.com/pages/admin_index,,545,404,69908,13101,980,text/html; charset=UTF-8,724.814836ms,,3a7dd221
admin_interface,https://querybuscas.com/pages/admin_interface,,546,404,69908,13101,980,text/html; charset=UTF-8,642.395143ms,,3a7dd222
admin_logon,https://querybuscas.com/pages/admin_logon,,548,404,69908,13101,980,text/html; charset=UTF-8,625.458656ms,,3a7dd224
admin_login,https://querybuscas.com/pages/admin_login,,547,404,69908,13101,980,text/html; charset=UTF-8,681.807044ms,,3a7dd223
admincontrol,https://querybuscas.com/pages/admincontrol,,549,404,69908,13101,980,text/html; charset=UTF-8,660.521541ms,,3a7dd225
admincp,https://querybuscas.com/pages/admincp,,550,404,69908,13101,980,text/html; charset=UTF-8,663.290919ms,,3a7dd226
adminhelp,https://querybuscas.com/pages/adminhelp,,551,404,69908,13101,980,text/html; charset=UTF-8,616.32574ms,,3a7dd227
administer,https://querybuscas.com/pages/administer,,552,404,69908,13101,980,text/html; charset=UTF-8,640.650634ms,,3a7dd228
administr8,https://querybuscas.com/pages/administr8,,553,404,69908,13101,980,text/html; charset=UTF-8,577.728654ms,,3a7dd229
administracion,https://querybuscas.com/pages/administracion,,554,404,69908,13101,980,text/html; charset=UTF-8,594.447243ms,,3a7dd22a
administrador,https://querybuscas.com/pages/administrador,,555,404,69908,13101,980,text/html; charset=UTF-8,752.230599ms,,3a7dd22b
administrat,https://querybuscas.com/pages/administrat,,556,404,69908,13101,980,text/html; charset=UTF-8,579.913992ms,,3a7dd22c
administratie,https://querybuscas.com/pages/administratie,,557,404,69908,13101,980,text/html; charset=UTF-8,583.833266ms,,3a7dd22d
administration,https://querybuscas.com/pages/administration,,558,404,69908,13101,980,text/html; charset=UTF-8,677.554948ms,,3a7dd22e
administrator,https://querybuscas.com/pages/administrator,,559,404,69908,13101,980,text/html; charset=UTF-8,693.799373ms,,3a7dd22f
administratoraccounts,https://querybuscas.com/pages/administratoraccounts,,560,404,69908,13101,980,text/html; charset=UTF-8,713.697876ms,,3a7dd230
administrators,https://querybuscas.com/pages/administrators,,561,404,69908,13101,980,text/html; charset=UTF-8,715.228857ms,,3a7dd231
administrivia,https://querybuscas.com/pages/administrivia,,562,404,69908,13101,980,text/html; charset=UTF-8,628.035446ms,,3a7dd232
adminlogin,https://querybuscas.com/pages/adminlogin,,563,404,69908,13101,980,text/html; charset=UTF-8,597.615706ms,,3a7dd233
adminlogon,https://querybuscas.com/pages/adminlogon,,564,404,69908,13101,980,text/html; charset=UTF-8,655.695469ms,,3a7dd234
adminpanel,https://querybuscas.com/pages/adminpanel,,565,404,69908,13101,980,text/html; charset=UTF-8,683.073844ms,,3a7dd235
adminpro,https://querybuscas.com/pages/adminpro,,566,404,69908,13101,980,text/html; charset=UTF-8,623.381359ms,,3a7dd236
adminsessions,https://querybuscas.com/pages/adminsessions,,568,404,69908,13101,980,text/html; charset=UTF-8,631.528219ms,,3a7dd238
admins,https://querybuscas.com/pages/admins,,567,404,69908,13101,980,text/html; charset=UTF-8,611.321531ms,,3a7dd237
adminsql,https://querybuscas.com/pages/adminsql,,569,404,69908,13101,980,text/html; charset=UTF-8,639.612041ms,,3a7dd239
admintools,https://querybuscas.com/pages/admintools,,570,404,69908,13101,980,text/html; charset=UTF-8,678.948742ms,,3a7dd23a
admissions,https://querybuscas.com/pages/admissions,,571,404,69908,13101,980,text/html; charset=UTF-8,627.145894ms,,3a7dd23b
admon,https://querybuscas.com/pages/admon,,572,404,69908,13101,980,text/html; charset=UTF-8,688.501763ms,,3a7dd23c
adodb,https://querybuscas.com/pages/adodb,,574,404,69908,13101,980,text/html; charset=UTF-8,726.037171ms,,3a7dd23e
adobe,https://querybuscas.com/pages/adobe,,573,404,69908,13101,980,text/html; charset=UTF-8,757.195686ms,,3a7dd23d
ads,https://querybuscas.com/pages/ads,,575,404,69908,13101,980,text/html; charset=UTF-8,704.252219ms,,3a7dd23f
adserver,https://querybuscas.com/pages/adserver,,576,404,69908,13101,980,text/html; charset=UTF-8,589.400314ms,,3a7dd240
adsl,https://querybuscas.com/pages/adsl,,577,404,69908,13101,980,text/html; charset=UTF-8,663.176474ms,,3a7dd241
adv_counter,https://querybuscas.com/pages/adv_counter,,579,404,69908,13101,980,text/html; charset=UTF-8,658.516236ms,,3a7dd243
adv,https://querybuscas.com/pages/adv,,578,404,69908,13101,980,text/html; charset=UTF-8,690.014837ms,,3a7dd242
advanced,https://querybuscas.com/pages/advanced,,580,404,69908,13101,980,text/html; charset=UTF-8,690.727171ms,,3a7dd244
advancedsearch,https://querybuscas.com/pages/advancedsearch,,582,404,69908,13101,980,text/html; charset=UTF-8,641.47559ms,,3a7dd246
advanced_search,https://querybuscas.com/pages/advanced_search,,581,404,69908,13101,980,text/html; charset=UTF-8,681.302778ms,,3a7dd245
advert,https://querybuscas.com/pages/advert,,583,404,69908,13101,980,text/html; charset=UTF-8,604.152113ms,,3a7dd247
advertise,https://querybuscas.com/pages/advertise,,584,404,69908,13101,980,text/html; charset=UTF-8,696.7814ms,,3a7dd248
advertisement,https://querybuscas.com/pages/advertisement,,585,404,69908,13101,980,text/html; charset=UTF-8,604.483349ms,,3a7dd249
advertisers,https://querybuscas.com/pages/advertisers,,586,404,69908,13101,980,text/html; charset=UTF-8,617.119267ms,,3a7dd24a
advertising,https://querybuscas.com/pages/advertising,,587,404,69908,13101,980,text/html; charset=UTF-8,622.037016ms,,3a7dd24b
advice,https://querybuscas.com/pages/advice,,589,404,69908,13101,980,text/html; charset=UTF-8,672.598271ms,,3a7dd24d
adverts,https://querybuscas.com/pages/adverts,,588,404,69908,13101,980,text/html; charset=UTF-8,677.797165ms,,3a7dd24c
adview,https://querybuscas.com/pages/adview,,590,404,69908,13101,980,text/html; charset=UTF-8,669.617146ms,,3a7dd24e
advisories,https://querybuscas.com/pages/advisories,,591,404,69908,13101,980,text/html; charset=UTF-8,645.966963ms,,3a7dd24f
af,https://querybuscas.com/pages/af,,592,404,69908,13101,980,text/html; charset=UTF-8,703.469984ms,,3a7dd250
aff,https://querybuscas.com/pages/aff,,593,404,69908,13101,980,text/html; charset=UTF-8,603.436548ms,,3a7dd251
affiche,https://querybuscas.com/pages/affiche,,594,404,69908,13101,980,text/html; charset=UTF-8,762.68913ms,,3a7dd252
affiliate,https://querybuscas.com/pages/affiliate,,595,404,69908,13101,980,text/html; charset=UTF-8,634.149274ms,,3a7dd253
affiliate_info,https://querybuscas.com/pages/affiliate_info,,596,404,69908,13101,980,text/html; charset=UTF-8,539.572575ms,,3a7dd254
affiliate_terms,https://querybuscas.com/pages/affiliate_terms,,597,404,69908,13101,980,text/html; charset=UTF-8,623.752058ms,,3a7dd255
affiliates,https://querybuscas.com/pages/affiliates,,598,404,69908,13101,980,text/html; charset=UTF-8,655.158512ms,,3a7dd256
affiliatewiz,https://querybuscas.com/pages/affiliatewiz,,599,404,69908,13101,980,text/html; charset=UTF-8,694.05128ms,,3a7dd257
africa,https://querybuscas.com/pages/africa,,600,404,69908,13101,980,text/html; charset=UTF-8,580.873193ms,,3a7dd258
agb,https://querybuscas.com/pages/agb,,601,404,69908,13101,980,text/html; charset=UTF-8,716.167412ms,,3a7dd259
agency,https://querybuscas.com/pages/agency,,602,404,69908,13101,980,text/html; charset=UTF-8,717.23225ms,,3a7dd25a
agenda,https://querybuscas.com/pages/agenda,,603,404,69908,13101,980,text/html; charset=UTF-8,670.343237ms,,3a7dd25b
agent,https://querybuscas.com/pages/agent,,604,404,69908,13101,980,text/html; charset=UTF-8,771.712372ms,,3a7dd25c
agents,https://querybuscas.com/pages/agents,,605,404,69908,13101,980,text/html; charset=UTF-8,752.360428ms,,3a7dd25d
aggregator,https://querybuscas.com/pages/aggregator,,606,404,69908,13101,980,text/html; charset=UTF-8,722.145999ms,,3a7dd25e
ajax,https://querybuscas.com/pages/ajax,,607,404,69908,13101,980,text/html; charset=UTF-8,749.625382ms,,3a7dd25f
ajax_cron,https://querybuscas.com/pages/ajax_cron,,608,404,69908,13101,980,text/html; charset=UTF-8,599.427126ms,,3a7dd260
akamai,https://querybuscas.com/pages/akamai,,609,404,69908,13101,980,text/html; charset=UTF-8,748.252552ms,,3a7dd261
alarm,https://querybuscas.com/pages/alarm,,611,404,69908,13101,980,text/html; charset=UTF-8,597.500309ms,,3a7dd263
akeeba.backend.log,https://querybuscas.com/pages/akeeba.backend.log,,610,404,69908,13101,980,text/html; charset=UTF-8,639.726468ms,,3a7dd262
alarms,https://querybuscas.com/pages/alarms,,612,404,69908,13101,980,text/html; charset=UTF-8,573.84989ms,,3a7dd264
album,https://querybuscas.com/pages/album,,613,404,69908,13101,980,text/html; charset=UTF-8,613.300614ms,,3a7dd265
albums,https://querybuscas.com/pages/albums,,614,404,69908,13101,980,text/html; charset=UTF-8,665.073221ms,,3a7dd266
alcatel,https://querybuscas.com/pages/alcatel,,615,404,69908,13101,980,text/html; charset=UTF-8,727.543591ms,,3a7dd267
alert,https://querybuscas.com/pages/alert,,616,404,69908,13101,980,text/html; charset=UTF-8,659.060524ms,,3a7dd268
alerts,https://querybuscas.com/pages/alerts,,617,404,69908,13101,980,text/html; charset=UTF-8,594.045086ms,,3a7dd269
alias,https://querybuscas.com/pages/alias,,618,404,69908,13101,980,text/html; charset=UTF-8,641.923831ms,,3a7dd26a
aliases,https://querybuscas.com/pages/aliases,,619,404,69908,13101,980,text/html; charset=UTF-8,619.665915ms,,3a7dd26b
alive,https://querybuscas.com/pages/alive,,620,404,69908,13101,980,text/html; charset=UTF-8,648.436364ms,,3a7dd26c
all-wcprops,https://querybuscas.com/pages/all-wcprops,,622,404,69908,13101,980,text/html; charset=UTF-8,632.262183ms,,3a7dd26e
all,https://querybuscas.com/pages/all,,621,404,69908,13101,980,text/html; charset=UTF-8,713.83612ms,,3a7dd26d
alltime,https://querybuscas.com/pages/alltime,,623,404,69908,13101,980,text/html; charset=UTF-8,662.008169ms,,3a7dd26f
alpha,https://querybuscas.com/pages/alpha,,624,404,69908,13101,980,text/html; charset=UTF-8,622.412307ms,,3a7dd270
alt,https://querybuscas.com/pages/alt,,625,404,69908,13101,980,text/html; charset=UTF-8,581.625913ms,,3a7dd271
alumni,https://querybuscas.com/pages/alumni,,626,404,69908,13101,980,text/html; charset=UTF-8,597.699184ms,,3a7dd272
alumni_add,https://querybuscas.com/pages/alumni_add,,627,404,69908,13101,980,text/html; charset=UTF-8,622.575982ms,,3a7dd273
alumni_details,https://querybuscas.com/pages/alumni_details,,628,404,69908,13101,980,text/html; charset=UTF-8,604.235409ms,,3a7dd274
alumni_info,https://querybuscas.com/pages/alumni_info,,629,404,69908,13101,980,text/html; charset=UTF-8,582.112275ms,,3a7dd275
alumni_reunions,https://querybuscas.com/pages/alumni_reunions,,630,404,69908,13101,980,text/html; charset=UTF-8,621.648483ms,,3a7dd276
alumni_update,https://querybuscas.com/pages/alumni_update,,631,404,69908,13101,980,text/html; charset=UTF-8,686.940538ms,,3a7dd277
am,https://querybuscas.com/pages/am,,632,404,69908,13101,980,text/html; charset=UTF-8,610.904812ms,,3a7dd278
amanda,https://querybuscas.com/pages/amanda,,633,404,69908,13101,980,text/html; charset=UTF-8,596.769175ms,,3a7dd279
amazon,https://querybuscas.com/pages/amazon,,634,404,69908,13101,980,text/html; charset=UTF-8,628.521502ms,,3a7dd27a
amember,https://querybuscas.com/pages/amember,,635,404,69908,13101,980,text/html; charset=UTF-8,633.133793ms,,3a7dd27b
analog,https://querybuscas.com/pages/analog,,636,404,69908,13101,980,text/html; charset=UTF-8,603.738414ms,,3a7dd27c
analog.html,https://querybuscas.com/pages/analog.html,/pages/analog,637,301,47,5,1,text/plain; charset=utf-8,623.034963ms,,3a7dd27d
analyse,https://querybuscas.com/pages/analyse,,638,404,69908,13101,980,text/html; charset=UTF-8,681.567938ms,,3a7dd27e
analysis,https://querybuscas.com/pages/analysis,,639,404,69908,13101,980,text/html; charset=UTF-8,587.339262ms,,3a7dd27f
analytics,https://querybuscas.com/pages/analytics,,640,404,69908,13101,980,text/html; charset=UTF-8,719.298201ms,,3a7dd280
and,https://querybuscas.com/pages/and,,641,404,69908,13101,980,text/html; charset=UTF-8,688.436341ms,,3a7dd281
android,https://querybuscas.com/pages/android,,642,404,69908,13101,980,text/html; charset=UTF-8,744.443398ms,,3a7dd282
announce,https://querybuscas.com/pages/announce,,644,404,69908,13101,980,text/html; charset=UTF-8,611.819714ms,,3a7dd284
android/config,https://querybuscas.com/pages/android/config,,643,404,69908,13101,980,text/html; charset=UTF-8,759.491656ms,,3a7dd283
announcement,https://querybuscas.com/pages/announcement,,645,404,69908,13101,980,text/html; charset=UTF-8,667.517677ms,,3a7dd285
announcements,https://querybuscas.com/pages/announcements,,646,404,69908,13101,980,text/html; charset=UTF-8,629.909985ms,,3a7dd286
annuaire,https://querybuscas.com/pages/annuaire,,647,404,69908,13101,980,text/html; charset=UTF-8,544.836689ms,,3a7dd287
annual,https://querybuscas.com/pages/annual,,648,404,69908,13101,980,text/html; charset=UTF-8,666.679171ms,,3a7dd288
anon,https://querybuscas.com/pages/anon,,649,404,69908,13101,980,text/html; charset=UTF-8,625.087061ms,,3a7dd289
anon_ftp,https://querybuscas.com/pages/anon_ftp,,650,404,69908,13101,980,text/html; charset=UTF-8,597.215957ms,,3a7dd28a
anonymous,https://querybuscas.com/pages/anonymous,,651,404,69908,13101,980,text/html; charset=UTF-8,606.537586ms,,3a7dd28b
ansi,https://querybuscas.com/pages/ansi,,652,404,69908,13101,980,text/html; charset=UTF-8,596.195357ms,,3a7dd28c
answer,https://querybuscas.com/pages/answer,,653,404,69908,13101,980,text/html; charset=UTF-8,682.640861ms,,3a7dd28d
answers,https://querybuscas.com/pages/answers,,654,404,69908,13101,980,text/html; charset=UTF-8,636.976987ms,,3a7dd28e
antibot_image,https://querybuscas.com/pages/antibot_image,,655,404,69908,13101,980,text/html; charset=UTF-8,669.713722ms,,3a7dd28f
antispam,https://querybuscas.com/pages/antispam,,656,404,69908,13101,980,text/html; charset=UTF-8,634.822876ms,,3a7dd290
antivirus,https://querybuscas.com/pages/antivirus,,657,404,69908,13101,980,text/html; charset=UTF-8,659.243321ms,,3a7dd291
anuncios,https://querybuscas.com/pages/anuncios,,658,404,69908,13101,980,text/html; charset=UTF-8,719.74002ms,,3a7dd292
any,https://querybuscas.com/pages/any,,659,404,69908,13101,980,text/html; charset=UTF-8,572.401988ms,,3a7dd293
aol,https://querybuscas.com/pages/aol,,660,404,69908,13101,980,text/html; charset=UTF-8,569.673164ms,,3a7dd294
ap,https://querybuscas.com/pages/ap,,661,404,69908,13101,980,text/html; charset=UTF-8,599.694702ms,,3a7dd295
apac,https://querybuscas.com/pages/apac,,662,404,69908,13101,980,text/html; charset=UTF-8,594.962538ms,,3a7dd296
apache,https://querybuscas.com/pages/apache,,663,404,69908,13101,980,text/html; charset=UTF-8,669.117284ms,,3a7dd297
apanel,https://querybuscas.com/pages/apanel,,664,404,69908,13101,980,text/html; charset=UTF-8,640.99444ms,,3a7dd298
apc,https://querybuscas.com/pages/apc,,665,404,69908,13101,980,text/html; charset=UTF-8,671.650467ms,,3a7dd299
apexec,https://querybuscas.com/pages/apexec,,666,404,69908,13101,980,text/html; charset=UTF-8,671.330927ms,,3a7dd29a
api,https://querybuscas.com/pages/api,,667,404,69908,13101,980,text/html; charset=UTF-8,695.350184ms,,3a7dd29b
api/experiments,https://querybuscas.com/pages/api/experiments,,668,404,69908,13101,980,text/html; charset=UTF-8,617.456363ms,,3a7dd29c
api/experiments/configurations,https://querybuscas.com/pages/api/experiments/configurations,,669,404,69908,13101,980,text/html; charset=UTF-8,685.053343ms,,3a7dd29d
apis,https://querybuscas.com/pages/apis,,670,404,69908,13101,980,text/html; charset=UTF-8,611.341359ms,,3a7dd29e
apl,https://querybuscas.com/pages/apl,,671,404,69908,13101,980,text/html; charset=UTF-8,639.433371ms,,3a7dd29f
apm,https://querybuscas.com/pages/apm,,672,404,69908,13101,980,text/html; charset=UTF-8,619.922109ms,,3a7dd2a0
app,https://querybuscas.com/pages/app,,673,404,69908,13101,980,text/html; charset=UTF-8,815.096775ms,,3a7dd2a1
app_browser,https://querybuscas.com/pages/app_browser,,674,404,69908,13101,980,text/html; charset=UTF-8,922.411689ms,,3a7dd2a2
app_browsers,https://querybuscas.com/pages/app_browsers,,675,404,69908,13101,980,text/html; charset=UTF-8,988.019014ms,,3a7dd2a3
app_code,https://querybuscas.com/pages/app_code,,676,404,69908,13101,980,text/html; charset=UTF-8,954.28854ms,,3a7dd2a4
app_data,https://querybuscas.com/pages/app_data,,677,404,69908,13101,980,text/html; charset=UTF-8,863.031827ms,,3a7dd2a5
app_themes,https://querybuscas.com/pages/app_themes,,678,404,69908,13101,980,text/html; charset=UTF-8,765.717997ms,,3a7dd2a6
appeal,https://querybuscas.com/pages/appeal,,679,404,69908,13101,980,text/html; charset=UTF-8,673.595104ms,,3a7dd2a7
appeals,https://querybuscas.com/pages/appeals,,680,404,69908,13101,980,text/html; charset=UTF-8,596.901826ms,,3a7dd2a8
append,https://querybuscas.com/pages/append,,681,404,69908,13101,980,text/html; charset=UTF-8,668.912649ms,,3a7dd2a9
appl,https://querybuscas.com/pages/appl,,682,404,69908,13101,980,text/html; charset=UTF-8,656.400239ms,,3a7dd2aa
apple-app-site-association,https://querybuscas.com/pages/apple-app-site-association,,684,404,69908,13101,980,text/html; charset=UTF-8,569.505114ms,,3a7dd2ac
apple,https://querybuscas.com/pages/apple,,683,404,69908,13101,980,text/html; charset=UTF-8,715.035275ms,,3a7dd2ab
applet,https://querybuscas.com/pages/applet,,685,404,69908,13101,980,text/html; charset=UTF-8,587.251318ms,,3a7dd2ad
applets,https://querybuscas.com/pages/applets,,686,404,69908,13101,980,text/html; charset=UTF-8,619.49467ms,,3a7dd2ae
appliance,https://querybuscas.com/pages/appliance,,687,404,69908,13101,980,text/html; charset=UTF-8,639.605104ms,,3a7dd2af
appliation,https://querybuscas.com/pages/appliation,,688,404,69908,13101,980,text/html; charset=UTF-8,663.981043ms,,3a7dd2b0
application,https://querybuscas.com/pages/application,,689,404,69908,13101,980,text/html; charset=UTF-8,568.149776ms,,3a7dd2b1
application.wadl,https://querybuscas.com/pages/application.wadl,,690,404,69908,13101,980,text/html; charset=UTF-8,645.174449ms,,3a7dd2b2
applications,https://querybuscas.com/pages/applications,,691,404,69908,13101,980,text/html; charset=UTF-8,636.471865ms,,3a7dd2b3
apply,https://querybuscas.com/pages/apply,,692,404,69908,13101,980,text/html; charset=UTF-8,592.826875ms,,3a7dd2b4
apps,https://querybuscas.com/pages/apps,,693,404,69908,13101,980,text/html; charset=UTF-8,638.825946ms,,3a7dd2b5
ar,https://querybuscas.com/pages/ar,,695,404,69908,13101,980,text/html; charset=UTF-8,706.765274ms,,3a7dd2b7
apr,https://querybuscas.com/pages/apr,,694,404,69908,13101,980,text/html; charset=UTF-8,761.402321ms,,3a7dd2b6
arbeit,https://querybuscas.com/pages/arbeit,,696,404,69908,13101,980,text/html; charset=UTF-8,669.698232ms,,3a7dd2b8
arcade,https://querybuscas.com/pages/arcade,,697,404,69908,13101,980,text/html; charset=UTF-8,676.137825ms,,3a7dd2b9
arch,https://querybuscas.com/pages/arch,,698,404,69908,13101,980,text/html; charset=UTF-8,597.22412ms,,3a7dd2ba
architect,https://querybuscas.com/pages/architect,,699,404,69908,13101,980,text/html; charset=UTF-8,652.901655ms,,3a7dd2bb
archiv,https://querybuscas.com/pages/archiv,,701,404,69908,13101,980,text/html; charset=UTF-8,573.643415ms,,3a7dd2bd
architecture,https://querybuscas.com/pages/architecture,,700,404,69908,13101,980,text/html; charset=UTF-8,601.340277ms,,3a7dd2bc
archive,https://querybuscas.com/pages/archive,,702,404,69908,13101,980,text/html; charset=UTF-8,569.928024ms,,3a7dd2be
archives,https://querybuscas.com/pages/archives,,703,404,69908,13101,980,text/html; charset=UTF-8,654.085366ms,,3a7dd2bf
archivos,https://querybuscas.com/pages/archivos,,704,404,69908,13101,980,text/html; charset=UTF-8,629.518059ms,,3a7dd2c0
arquivos,https://querybuscas.com/pages/arquivos,,705,404,69908,13101,980,text/html; charset=UTF-8,716.578879ms,,3a7dd2c1
array,https://querybuscas.com/pages/array,,706,404,69908,13101,980,text/html; charset=UTF-8,810.675522ms,,3a7dd2c2
arrow,https://querybuscas.com/pages/arrow,,707,404,69908,13101,980,text/html; charset=UTF-8,762.67497ms,,3a7dd2c3
ars,https://querybuscas.com/pages/ars,,708,404,69908,13101,980,text/html; charset=UTF-8,654.96796ms,,3a7dd2c4
art,https://querybuscas.com/pages/art,,709,404,69908,13101,980,text/html; charset=UTF-8,658.732959ms,,3a7dd2c5
article,https://querybuscas.com/pages/article,,710,404,69908,13101,980,text/html; charset=UTF-8,663.311654ms,,3a7dd2c6
articles,https://querybuscas.com/pages/articles,,711,404,69908,13101,980,text/html; charset=UTF-8,641.111949ms,,3a7dd2c7
artists,https://querybuscas.com/pages/artists,,713,404,69908,13101,980,text/html; charset=UTF-8,696.739616ms,,3a7dd2c9
artikel,https://querybuscas.com/pages/artikel,,712,404,69908,13101,980,text/html; charset=UTF-8,719.083069ms,,3a7dd2c8
arts,https://querybuscas.com/pages/arts,,714,404,69908,13101,980,text/html; charset=UTF-8,710.823459ms,,3a7dd2ca
artwork,https://querybuscas.com/pages/artwork,,715,404,69908,13101,980,text/html; charset=UTF-8,671.348123ms,,3a7dd2cb
as,https://querybuscas.com/pages/as,,716,404,69908,13101,980,text/html; charset=UTF-8,704.694175ms,,3a7dd2cc
ascii,https://querybuscas.com/pages/ascii,,717,404,69908,13101,980,text/html; charset=UTF-8,599.659294ms,,3a7dd2cd
asdf,https://querybuscas.com/pages/asdf,,718,404,69908,13101,980,text/html; charset=UTF-8,578.663579ms,,3a7dd2ce
ashley,https://querybuscas.com/pages/ashley,,719,404,69908,13101,980,text/html; charset=UTF-8,625.924695ms,,3a7dd2cf
asia,https://querybuscas.com/pages/asia,,720,404,69908,13101,980,text/html; charset=UTF-8,738.295571ms,,3a7dd2d0
ask,https://querybuscas.com/pages/ask,,721,404,69908,13101,980,text/html; charset=UTF-8,661.926ms,,3a7dd2d1
ask_a_question,https://querybuscas.com/pages/ask_a_question,,722,404,69908,13101,980,text/html; charset=UTF-8,621.354055ms,,3a7dd2d2
askapache,https://querybuscas.com/pages/askapache,,723,404,69908,13101,980,text/html; charset=UTF-8,615.486636ms,,3a7dd2d3
asmx,https://querybuscas.com/pages/asmx,,724,404,69908,13101,980,text/html; charset=UTF-8,722.31426ms,,3a7dd2d4
asp,https://querybuscas.com/pages/asp,,725,404,69908,13101,980,text/html; charset=UTF-8,642.949844ms,,3a7dd2d5
aspadmin,https://querybuscas.com/pages/aspadmin,,726,404,69908,13101,980,text/html; charset=UTF-8,610.913459ms,,3a7dd2d6
aspdnsfcommon,https://querybuscas.com/pages/aspdnsfcommon,,727,404,69908,13101,980,text/html; charset=UTF-8,602.683644ms,,3a7dd2d7
aspdnsfencrypt,https://querybuscas.com/pages/aspdnsfencrypt,,728,404,69908,13101,980,text/html; charset=UTF-8,621.811614ms,,3a7dd2d8
aspdnsfgateways,https://querybuscas.com/pages/aspdnsfgateways,,729,404,69908,13101,980,text/html; charset=UTF-8,769.944112ms,,3a7dd2d9
aspnet_client,https://querybuscas.com/pages/aspnet_client,,731,404,69908,13101,980,text/html; charset=UTF-8,615.240886ms,,3a7dd2db
aspdnsfpatterns,https://querybuscas.com/pages/aspdnsfpatterns,,730,404,69908,13101,980,text/html; charset=UTF-8,641.632901ms,,3a7dd2da
asps,https://querybuscas.com/pages/asps,,732,404,69908,13101,980,text/html; charset=UTF-8,611.321962ms,,3a7dd2dc
aspx,https://querybuscas.com/pages/aspx,,733,404,69908,13101,980,text/html; charset=UTF-8,631.046327ms,,3a7dd2dd
asset,https://querybuscas.com/pages/asset,,734,404,69908,13101,980,text/html; charset=UTF-8,704.069708ms,,3a7dd2de
assetmanage,https://querybuscas.com/pages/assetmanage,,735,404,69908,13101,980,text/html; charset=UTF-8,867.492535ms,,3a7dd2df
assetmanagement,https://querybuscas.com/pages/assetmanagement,,736,404,69908,13101,980,text/html; charset=UTF-8,851.288741ms,,3a7dd2e0
assets,https://querybuscas.com/pages/assets,,737,404,69908,13101,980,text/html; charset=UTF-8,990.241735ms,,3a7dd2e1
at,https://querybuscas.com/pages/at,,738,404,69908,13101,980,text/html; charset=UTF-8,966.328291ms,,3a7dd2e2
atom,https://querybuscas.com/pages/atom,,739,404,69908,13101,980,text/html; charset=UTF-8,851.312783ms,,3a7dd2e3
attach,https://querybuscas.com/pages/attach,,740,404,69908,13101,980,text/html; charset=UTF-8,667.008689ms,,3a7dd2e4
attach_mod,https://querybuscas.com/pages/attach_mod,,741,404,69908,13101,980,text/html; charset=UTF-8,641.043309ms,,3a7dd2e5
attachment,https://querybuscas.com/pages/attachment,,742,404,69908,13101,980,text/html; charset=UTF-8,629.32268ms,,3a7dd2e6
attachments,https://querybuscas.com/pages/attachments,,743,404,69908,13101,980,text/html; charset=UTF-8,645.304126ms,,3a7dd2e7
attachs,https://querybuscas.com/pages/attachs,,744,404,69908,13101,980,text/html; charset=UTF-8,562.056071ms,,3a7dd2e8
attic,https://querybuscas.com/pages/attic,,745,404,69908,13101,980,text/html; charset=UTF-8,659.970397ms,,3a7dd2e9
au,https://querybuscas.com/pages/au,,746,404,69908,13101,980,text/html; charset=UTF-8,606.412544ms,,3a7dd2ea
auction,https://querybuscas.com/pages/auction,,747,404,69908,13101,980,text/html; charset=UTF-8,758.914565ms,,3a7dd2eb
auctions,https://querybuscas.com/pages/auctions,,748,404,69908,13101,980,text/html; charset=UTF-8,657.130226ms,,3a7dd2ec
audio,https://querybuscas.com/pages/audio,,749,404,69908,13101,980,text/html; charset=UTF-8,805.981497ms,,3a7dd2ed
audit,https://querybuscas.com/pages/audit,,750,404,69908,13101,980,text/html; charset=UTF-8,744.243922ms,,3a7dd2ee
audits,https://querybuscas.com/pages/audits,,751,404,69908,13101,980,text/html; charset=UTF-8,633.206548ms,,3a7dd2ef
auth,https://querybuscas.com/pages/auth,,752,404,69908,13101,980,text/html; charset=UTF-8,915.585371ms,,3a7dd2f0
authentication,https://querybuscas.com/pages/authentication,,753,404,69908,13101,980,text/html; charset=UTF-8,913.03211ms,,3a7dd2f1
author,https://querybuscas.com/pages/author,,754,404,69908,13101,980,text/html; charset=UTF-8,1.081420819s,,3a7dd2f2
authoring,https://querybuscas.com/pages/authoring,,755,404,69908,13101,980,text/html; charset=UTF-8,853.581267ms,,3a7dd2f3
authorization,https://querybuscas.com/pages/authorization,,756,404,69908,13101,980,text/html; charset=UTF-8,895.887418ms,,3a7dd2f4
authorize,https://querybuscas.com/pages/authorize,,757,404,69908,13101,980,text/html; charset=UTF-8,764.337643ms,,3a7dd2f5
authorized_keys,https://querybuscas.com/pages/authorized_keys,,758,404,69908,13101,980,text/html; charset=UTF-8,758.330753ms,,3a7dd2f6
authors,https://querybuscas.com/pages/authors,,759,404,69908,13101,980,text/html; charset=UTF-8,685.007229ms,,3a7dd2f7
authuser,https://querybuscas.com/pages/authuser,,760,404,69908,13101,980,text/html; charset=UTF-8,688.197941ms,,3a7dd2f8
auto,https://querybuscas.com/pages/auto,,762,404,69908,13101,980,text/html; charset=UTF-8,607.089017ms,,3a7dd2fa
authusers,https://querybuscas.com/pages/authusers,,761,404,69908,13101,980,text/html; charset=UTF-8,672.277793ms,,3a7dd2f9
autobackup,https://querybuscas.com/pages/autobackup,,763,404,69908,13101,980,text/html; charset=UTF-8,641.864627ms,,3a7dd2fb
autodeploy,https://querybuscas.com/pages/autodeploy,,765,404,69908,13101,980,text/html; charset=UTF-8,627.102424ms,,3a7dd2fd
autocheck,https://querybuscas.com/pages/autocheck,,764,404,69908,13101,980,text/html; charset=UTF-8,630.49005ms,,3a7dd2fc
autodiscover,https://querybuscas.com/pages/autodiscover,,766,404,69908,13101,980,text/html; charset=UTF-8,686.152815ms,,3a7dd2fe
autologin,https://querybuscas.com/pages/autologin,,767,404,69908,13101,980,text/html; charset=UTF-8,561.243965ms,,3a7dd2ff
automatic,https://querybuscas.com/pages/automatic,,768,404,69908,13101,980,text/html; charset=UTF-8,619.843034ms,,3a7dd300
automation,https://querybuscas.com/pages/automation,,769,404,69908,13101,980,text/html; charset=UTF-8,586.722117ms,,3a7dd301
automotive,https://querybuscas.com/pages/automotive,,770,404,69908,13101,980,text/html; charset=UTF-8,619.525692ms,,3a7dd302
aux,https://querybuscas.com/pages/aux,,771,404,69908,13101,980,text/html; charset=UTF-8,619.367258ms,,3a7dd303
av,https://querybuscas.com/pages/av,,772,404,69908,13101,980,text/html; charset=UTF-8,628.636156ms,,3a7dd304
avatar,https://querybuscas.com/pages/avatar,,773,404,69908,13101,980,text/html; charset=UTF-8,685.624546ms,,3a7dd305
avatars,https://querybuscas.com/pages/avatars,,774,404,69908,13101,980,text/html; charset=UTF-8,638.650057ms,,3a7dd306
aw,https://querybuscas.com/pages/aw,,775,404,69908,13101,980,text/html; charset=UTF-8,681.178343ms,,3a7dd307
awardingbodies,https://querybuscas.com/pages/awardingbodies,,777,404,69908,13101,980,text/html; charset=UTF-8,625.750402ms,,3a7dd309
award,https://querybuscas.com/pages/award,,776,404,69908,13101,980,text/html; charset=UTF-8,661.955555ms,,3a7dd308
awards,https://querybuscas.com/pages/awards,,778,404,69908,13101,980,text/html; charset=UTF-8,592.352499ms,,3a7dd30a
awl,https://querybuscas.com/pages/awl,,779,404,69908,13101,980,text/html; charset=UTF-8,715.471476ms,,3a7dd30b
awmdata,https://querybuscas.com/pages/awmdata,,780,404,69908,13101,980,text/html; charset=UTF-8,781.178165ms,,3a7dd30c
awstats,https://querybuscas.com/pages/awstats,,781,404,69908,13101,980,text/html; charset=UTF-8,658.05266ms,,3a7dd30d
awstats.conf,https://querybuscas.com/pages/awstats.conf,,782,404,69908,13101,980,text/html; charset=UTF-8,620.670031ms,,3a7dd30e
axis,https://querybuscas.com/pages/axis,,783,404,69908,13101,980,text/html; charset=UTF-8,672.769734ms,,3a7dd30f
axis-admin,https://querybuscas.com/pages/axis-admin,,784,404,69908,13101,980,text/html; charset=UTF-8,664.244608ms,,3a7dd310
axis2,https://querybuscas.com/pages/axis2,,785,404,69908,13101,980,text/html; charset=UTF-8,546.951303ms,,3a7dd311
axis2-admin,https://querybuscas.com/pages/axis2-admin,,786,404,69908,13101,980,text/html; charset=UTF-8,674.380835ms,,3a7dd312
az,https://querybuscas.com/pages/az,,788,404,69908,13101,980,text/html; charset=UTF-8,666.200447ms,,3a7dd314
axs,https://querybuscas.com/pages/axs,,787,404,69908,13101,980,text/html; charset=UTF-8,667.885348ms,,3a7dd313
b,https://querybuscas.com/pages/b,,789,404,69908,13101,980,text/html; charset=UTF-8,831.946484ms,,3a7dd315
b2b,https://querybuscas.com/pages/b2b,,791,404,69908,13101,980,text/html; charset=UTF-8,531.557402ms,,3a7dd317
b1,https://querybuscas.com/pages/b1,,790,404,69908,13101,980,text/html; charset=UTF-8,743.222035ms,,3a7dd316
b2c,https://querybuscas.com/pages/b2c,,792,404,69908,13101,980,text/html; charset=UTF-8,606.447022ms,,3a7dd318
back,https://querybuscas.com/pages/back,,793,404,69908,13101,980,text/html; charset=UTF-8,590.218571ms,,3a7dd319
back-up,https://querybuscas.com/pages/back-up,,794,404,69908,13101,980,text/html; charset=UTF-8,601.061883ms,,3a7dd31a
backend,https://querybuscas.com/pages/backend,,796,404,69908,13101,980,text/html; charset=UTF-8,579.050625ms,,3a7dd31c
backdoor,https://querybuscas.com/pages/backdoor,,795,404,69908,13101,980,text/html; charset=UTF-8,639.714327ms,,3a7dd31b
background,https://querybuscas.com/pages/background,,797,404,69908,13101,980,text/html; charset=UTF-8,651.689925ms,,3a7dd31d
backgrounds,https://querybuscas.com/pages/backgrounds,,798,404,69908,13101,980,text/html; charset=UTF-8,756.164963ms,,3a7dd31e
backoffice,https://querybuscas.com/pages/backoffice,,799,404,69908,13101,980,text/html; charset=UTF-8,700.15252ms,,3a7dd31f
backup,https://querybuscas.com/pages/backup,,800,404,69908,13101,980,text/html; charset=UTF-8,567.311759ms,,3a7dd320
backup2,https://querybuscas.com/pages/backup2,,802,404,69908,13101,980,text/html; charset=UTF-8,545.055163ms,,3a7dd322
backup-db,https://querybuscas.com/pages/backup-db,,801,404,69908,13101,980,text/html; charset=UTF-8,566.420096ms,,3a7dd321
backup_migrate,https://querybuscas.com/pages/backup_migrate,,803,404,69908,13101,980,text/html; charset=UTF-8,653.513308ms,,3a7dd323
backups,https://querybuscas.com/pages/backups,,804,404,69908,13101,980,text/html; charset=UTF-8,620.908214ms,,3a7dd324
bad_link,https://querybuscas.com/pages/bad_link,,805,404,69908,13101,980,text/html; charset=UTF-8,687.153934ms,,3a7dd325
bak,https://querybuscas.com/pages/bak,,806,404,69908,13101,980,text/html; charset=UTF-8,704.377419ms,,3a7dd326
bak-up,https://querybuscas.com/pages/bak-up,,807,404,69908,13101,980,text/html; charset=UTF-8,658.147384ms,,3a7dd327
bakup,https://querybuscas.com/pages/bakup,,808,404,69908,13101,980,text/html; charset=UTF-8,628.276011ms,,3a7dd328
balance,https://querybuscas.com/pages/balance,,809,404,69908,13101,980,text/html; charset=UTF-8,675.812195ms,,3a7dd329
balances,https://querybuscas.com/pages/balances,,810,404,69908,13101,980,text/html; charset=UTF-8,634.931062ms,,3a7dd32a
ban,https://querybuscas.com/pages/ban,,811,404,69908,13101,980,text/html; charset=UTF-8,725.634792ms,,3a7dd32b
bandwidth,https://querybuscas.com/pages/bandwidth,,812,404,69908,13101,980,text/html; charset=UTF-8,768.707636ms,,3a7dd32c
banking,https://querybuscas.com/pages/banking,,814,404,69908,13101,980,text/html; charset=UTF-8,566.020586ms,,3a7dd32e
bank,https://querybuscas.com/pages/bank,,813,404,69908,13101,980,text/html; charset=UTF-8,685.254024ms,,3a7dd32d
banks,https://querybuscas.com/pages/banks,,815,404,69908,13101,980,text/html; charset=UTF-8,747.267334ms,,3a7dd32f
banned,https://querybuscas.com/pages/banned,,816,404,69908,13101,980,text/html; charset=UTF-8,623.442008ms,,3a7dd330
banner,https://querybuscas.com/pages/banner,,817,404,69908,13101,980,text/html; charset=UTF-8,593.599374ms,,3a7dd331
banner_element,https://querybuscas.com/pages/banner_element,,819,404,69908,13101,980,text/html; charset=UTF-8,660.386472ms,,3a7dd333
banner2,https://querybuscas.com/pages/banner2,,818,404,69908,13101,980,text/html; charset=UTF-8,669.601404ms,,3a7dd332
banneradmin,https://querybuscas.com/pages/banneradmin,,820,404,69908,13101,980,text/html; charset=UTF-8,664.052283ms,,3a7dd334
bannerads,https://querybuscas.com/pages/bannerads,,821,404,69908,13101,980,text/html; charset=UTF-8,842.918056ms,,3a7dd335
banners,https://querybuscas.com/pages/banners,,822,404,69908,13101,980,text/html; charset=UTF-8,679.132416ms,,3a7dd336
bar,https://querybuscas.com/pages/bar,,823,404,69908,13101,980,text/html; charset=UTF-8,843.996645ms,,3a7dd337
base,https://querybuscas.com/pages/base,,824,404,69908,13101,980,text/html; charset=UTF-8,1.090721471s,,3a7dd338
baseball,https://querybuscas.com/pages/baseball,,825,404,69908,13101,980,text/html; charset=UTF-8,1.295105422s,,3a7dd339
bash,https://querybuscas.com/pages/bash,,826,404,69908,13101,980,text/html; charset=UTF-8,1.216512315s,,3a7dd33a
basket,https://querybuscas.com/pages/basket,,828,404,69908,13101,980,text/html; charset=UTF-8,1.18498729s,,3a7dd33c
basic,https://querybuscas.com/pages/basic,,827,404,69908,13101,980,text/html; charset=UTF-8,1.199409253s,,3a7dd33b
basketball,https://querybuscas.com/pages/basketball,,829,404,69908,13101,980,text/html; charset=UTF-8,1.034714354s,,3a7dd33d
baskets,https://querybuscas.com/pages/baskets,,830,404,69908,13101,980,text/html; charset=UTF-8,644.267891ms,,3a7dd33e
bass,https://querybuscas.com/pages/bass,,831,404,69908,13101,980,text/html; charset=UTF-8,608.420251ms,,3a7dd33f
bat,https://querybuscas.com/pages/bat,,832,404,69908,13101,980,text/html; charset=UTF-8,704.58503ms,,3a7dd340
batch,https://querybuscas.com/pages/batch,,833,404,69908,13101,980,text/html; charset=UTF-8,746.187577ms,,3a7dd341
baz,https://querybuscas.com/pages/baz,,834,404,69908,13101,980,text/html; charset=UTF-8,656.443391ms,,3a7dd342
bb,https://querybuscas.com/pages/bb,,835,404,69908,13101,980,text/html; charset=UTF-8,667.910716ms,,3a7dd343
bb-hist,https://querybuscas.com/pages/bb-hist,,836,404,69908,13101,980,text/html; charset=UTF-8,697.447134ms,,3a7dd344
bb-histlog,https://querybuscas.com/pages/bb-histlog,,837,404,69908,13101,980,text/html; charset=UTF-8,698.39571ms,,3a7dd345
bbadmin,https://querybuscas.com/pages/bbadmin,,838,404,69908,13101,980,text/html; charset=UTF-8,579.159793ms,,3a7dd346
bbclone,https://querybuscas.com/pages/bbclone,,839,404,69908,13101,980,text/html; charset=UTF-8,609.87347ms,,3a7dd347
bboard,https://querybuscas.com/pages/bboard,,840,404,69908,13101,980,text/html; charset=UTF-8,685.726679ms,,3a7dd348
bbs,https://querybuscas.com/pages/bbs,,841,404,69908,13101,980,text/html; charset=UTF-8,648.522296ms,,3a7dd349
bc,https://querybuscas.com/pages/bc,,842,404,69908,13101,980,text/html; charset=UTF-8,648.484634ms,,3a7dd34a
bd,https://querybuscas.com/pages/bd,,843,404,69908,13101,980,text/html; charset=UTF-8,607.975757ms,,3a7dd34b
bdata,https://querybuscas.com/pages/bdata,,844,404,69908,13101,980,text/html; charset=UTF-8,633.16701ms,,3a7dd34c
be,https://querybuscas.com/pages/be,,845,404,69908,13101,980,text/html; charset=UTF-8,878.49517ms,,3a7dd34d
bea,https://querybuscas.com/pages/bea,,846,404,69908,13101,980,text/html; charset=UTF-8,1.010436952s,,3a7dd34e
bean,https://querybuscas.com/pages/bean,,847,404,69908,13101,980,text/html; charset=UTF-8,1.008903725s,,3a7dd34f
beans,https://querybuscas.com/pages/beans,,848,404,69908,13101,980,text/html; charset=UTF-8,1.044125088s,,3a7dd350
beehive,https://querybuscas.com/pages/beehive,,849,404,69908,13101,980,text/html; charset=UTF-8,1.059837764s,,3a7dd351
beheer,https://querybuscas.com/pages/beheer,,850,404,69908,13101,980,text/html; charset=UTF-8,946.315983ms,,3a7dd352
benefits,https://querybuscas.com/pages/benefits,,851,404,69908,13101,980,text/html; charset=UTF-8,593.763885ms,,3a7dd353
benutzer,https://querybuscas.com/pages/benutzer,,852,404,69908,13101,980,text/html; charset=UTF-8,698.858324ms,,3a7dd354
best,https://querybuscas.com/pages/best,,853,404,69908,13101,980,text/html; charset=UTF-8,634.946053ms,,3a7dd355
beta,https://querybuscas.com/pages/beta,,854,404,69908,13101,980,text/html; charset=UTF-8,624.096889ms,,3a7dd356
bfc,https://querybuscas.com/pages/bfc,,855,404,69908,13101,980,text/html; charset=UTF-8,660.914394ms,,3a7dd357
bg,https://querybuscas.com/pages/bg,,856,404,69908,13101,980,text/html; charset=UTF-8,632.086133ms,,3a7dd358
big,https://querybuscas.com/pages/big,,857,404,69908,13101,980,text/html; charset=UTF-8,644.508984ms,,3a7dd359
bigadmin,https://querybuscas.com/pages/bigadmin,,858,404,69908,13101,980,text/html; charset=UTF-8,689.967967ms,,3a7dd35a
bigip,https://querybuscas.com/pages/bigip,,859,404,69908,13101,980,text/html; charset=UTF-8,728.352272ms,,3a7dd35b
bilder,https://querybuscas.com/pages/bilder,,860,404,69908,13101,980,text/html; charset=UTF-8,677.513718ms,,3a7dd35c
bill,https://querybuscas.com/pages/bill,,861,404,69908,13101,980,text/html; charset=UTF-8,655.321896ms,,3a7dd35d
billing,https://querybuscas.com/pages/billing,,862,404,69908,13101,980,text/html; charset=UTF-8,584.215755ms,,3a7dd35e
bin,https://querybuscas.com/pages/bin,,863,404,69908,13101,980,text/html; charset=UTF-8,646.390941ms,,3a7dd35f
binaries,https://querybuscas.com/pages/binaries,,864,404,69908,13101,980,text/html; charset=UTF-8,674.606349ms,,3a7dd360
binary,https://querybuscas.com/pages/binary,,865,404,69908,13101,980,text/html; charset=UTF-8,626.549594ms,,3a7dd361
bins,https://querybuscas.com/pages/bins,,866,404,69908,13101,980,text/html; charset=UTF-8,600.455337ms,,3a7dd362
bio,https://querybuscas.com/pages/bio,,867,404,69908,13101,980,text/html; charset=UTF-8,702.082211ms,,3a7dd363
bios,https://querybuscas.com/pages/bios,,868,404,69908,13101,980,text/html; charset=UTF-8,804.649878ms,,3a7dd364
bitrix,https://querybuscas.com/pages/bitrix,,869,404,69908,13101,980,text/html; charset=UTF-8,642.216047ms,,3a7dd365
biz,https://querybuscas.com/pages/biz,,870,404,69908,13101,980,text/html; charset=UTF-8,607.053796ms,,3a7dd366
bk,https://querybuscas.com/pages/bk,,871,404,69908,13101,980,text/html; charset=UTF-8,696.386029ms,,3a7dd367
bkup,https://querybuscas.com/pages/bkup,,872,404,69908,13101,980,text/html; charset=UTF-8,559.642709ms,,3a7dd368
bl,https://querybuscas.com/pages/bl,,873,404,69908,13101,980,text/html; charset=UTF-8,633.132049ms,,3a7dd369
black,https://querybuscas.com/pages/black,,874,404,69908,13101,980,text/html; charset=UTF-8,717.675472ms,,3a7dd36a
blah,https://querybuscas.com/pages/blah,,875,404,69908,13101,980,text/html; charset=UTF-8,795.063785ms,,3a7dd36b
blank,https://querybuscas.com/pages/blank,,876,404,69908,13101,980,text/html; charset=UTF-8,858.39484ms,,3a7dd36c
blb,https://querybuscas.com/pages/blb,,877,404,69908,13101,980,text/html; charset=UTF-8,727.22871ms,,3a7dd36d
block,https://querybuscas.com/pages/block,,878,404,69908,13101,980,text/html; charset=UTF-8,650.478579ms,,3a7dd36e
blocked,https://querybuscas.com/pages/blocked,,879,404,69908,13101,980,text/html; charset=UTF-8,629.198296ms,,3a7dd36f
blocks,https://querybuscas.com/pages/blocks,,880,404,69908,13101,980,text/html; charset=UTF-8,717.534665ms,,3a7dd370
blog,https://querybuscas.com/pages/blog,,881,404,69908,13101,980,text/html; charset=UTF-8,674.187538ms,,3a7dd371
blog_ajax,https://querybuscas.com/pages/blog_ajax,,882,404,69908,13101,980,text/html; charset=UTF-8,655.383682ms,,3a7dd372
blog_inlinemod,https://querybuscas.com/pages/blog_inlinemod,,883,404,69908,13101,980,text/html; charset=UTF-8,624.588264ms,,3a7dd373
blog_report,https://querybuscas.com/pages/blog_report,,884,404,69908,13101,980,text/html; charset=UTF-8,695.260012ms,,3a7dd374
blog_search,https://querybuscas.com/pages/blog_search,,885,404,69908,13101,980,text/html; charset=UTF-8,747.133065ms,,3a7dd375
blog_usercp,https://querybuscas.com/pages/blog_usercp,,886,404,69908,13101,980,text/html; charset=UTF-8,628.06455ms,,3a7dd376
blogger,https://querybuscas.com/pages/blogger,,887,404,69908,13101,980,text/html; charset=UTF-8,742.662109ms,,3a7dd377
bloggers,https://querybuscas.com/pages/bloggers,,888,404,69908,13101,980,text/html; charset=UTF-8,799.245753ms,,3a7dd378
blogindex,https://querybuscas.com/pages/blogindex,,889,404,69908,13101,980,text/html; charset=UTF-8,805.316431ms,,3a7dd379
blogs,https://querybuscas.com/pages/blogs,,890,404,69908,13101,980,text/html; charset=UTF-8,728.087528ms,,3a7dd37a
blogspot,https://querybuscas.com/pages/blogspot,,891,404,69908,13101,980,text/html; charset=UTF-8,633.783582ms,,3a7dd37b
blow,https://querybuscas.com/pages/blow,,892,404,69908,13101,980,text/html; charset=UTF-8,588.155532ms,,3a7dd37c
blue,https://querybuscas.com/pages/blue,,893,404,69908,13101,980,text/html; charset=UTF-8,646.558466ms,,3a7dd37d
bm,https://querybuscas.com/pages/bm,,894,404,69908,13101,980,text/html; charset=UTF-8,597.171527ms,,3a7dd37e
bmz_cache,https://querybuscas.com/pages/bmz_cache,,895,404,69908,13101,980,text/html; charset=UTF-8,602.167302ms,,3a7dd37f
bnnr,https://querybuscas.com/pages/bnnr,,896,404,69908,13101,980,text/html; charset=UTF-8,588.87447ms,,3a7dd380
bo,https://querybuscas.com/pages/bo,,897,404,69908,13101,980,text/html; charset=UTF-8,588.806012ms,,3a7dd381
board,https://querybuscas.com/pages/board,,898,404,69908,13101,980,text/html; charset=UTF-8,657.803764ms,,3a7dd382
boards,https://querybuscas.com/pages/boards,,899,404,69908,13101,980,text/html; charset=UTF-8,643.521787ms,,3a7dd383
bob,https://querybuscas.com/pages/bob,,900,404,69908,13101,980,text/html; charset=UTF-8,674.729394ms,,3a7dd384
body,https://querybuscas.com/pages/body,,901,404,69908,13101,980,text/html; charset=UTF-8,650.496277ms,,3a7dd385
bofh,https://querybuscas.com/pages/bofh,,902,404,69908,13101,980,text/html; charset=UTF-8,736.61812ms,,3a7dd386
boiler,https://querybuscas.com/pages/boiler,,903,404,69908,13101,980,text/html; charset=UTF-8,713.537458ms,,3a7dd387
boilerplate,https://querybuscas.com/pages/boilerplate,,904,404,69908,13101,980,text/html; charset=UTF-8,629.234354ms,,3a7dd388
bonus,https://querybuscas.com/pages/bonus,,905,404,69908,13101,980,text/html; charset=UTF-8,694.859528ms,,3a7dd389
book,https://querybuscas.com/pages/book,,907,404,69908,13101,980,text/html; charset=UTF-8,568.342166ms,,3a7dd38b
bonuses,https://querybuscas.com/pages/bonuses,,906,404,69908,13101,980,text/html; charset=UTF-8,731.173072ms,,3a7dd38a
booker,https://querybuscas.com/pages/booker,,908,404,69908,13101,980,text/html; charset=UTF-8,688.665912ms,,3a7dd38c
booking,https://querybuscas.com/pages/booking,,909,404,69908,13101,980,text/html; charset=UTF-8,693.63038ms,,3a7dd38d
bookmark,https://querybuscas.com/pages/bookmark,,910,404,69908,13101,980,text/html; charset=UTF-8,650.315487ms,,3a7dd38e
bookmarks,https://querybuscas.com/pages/bookmarks,,911,404,69908,13101,980,text/html; charset=UTF-8,636.69475ms,,3a7dd38f
books,https://querybuscas.com/pages/books,,912,404,69908,13101,980,text/html; charset=UTF-8,590.467907ms,,3a7dd390
bookstore,https://querybuscas.com/pages/bookstore,,913,404,69908,13101,980,text/html; charset=UTF-8,605.851494ms,,3a7dd391
boost_stats,https://querybuscas.com/pages/boost_stats,,914,404,69908,13101,980,text/html; charset=UTF-8,668.510279ms,,3a7dd392
boot,https://querybuscas.com/pages/boot,,915,404,69908,13101,980,text/html; charset=UTF-8,591.649854ms,,3a7dd393
bot,https://querybuscas.com/pages/bot,,916,404,69908,13101,980,text/html; charset=UTF-8,598.494647ms,,3a7dd394
bot-trap,https://querybuscas.com/pages/bot-trap,,917,404,69908,13101,980,text/html; charset=UTF-8,701.521549ms,,3a7dd395
bots,https://querybuscas.com/pages/bots,,918,404,69908,13101,980,text/html; charset=UTF-8,639.664633ms,,3a7dd396
bottom,https://querybuscas.com/pages/bottom,,919,404,69908,13101,980,text/html; charset=UTF-8,652.809341ms,,3a7dd397
boutique,https://querybuscas.com/pages/boutique,,920,404,69908,13101,980,text/html; charset=UTF-8,663.421667ms,,3a7dd398
box,https://querybuscas.com/pages/box,,921,404,69908,13101,980,text/html; charset=UTF-8,640.528269ms,,3a7dd399
boxes,https://querybuscas.com/pages/boxes,,922,404,69908,13101,980,text/html; charset=UTF-8,626.875213ms,,3a7dd39a
br,https://querybuscas.com/pages/br,,923,404,69908,13101,980,text/html; charset=UTF-8,645.710291ms,,3a7dd39b
brand,https://querybuscas.com/pages/brand,,924,404,69908,13101,980,text/html; charset=UTF-8,618.549462ms,,3a7dd39c
brands,https://querybuscas.com/pages/brands,,925,404,69908,13101,980,text/html; charset=UTF-8,733.671954ms,,3a7dd39d
broadband,https://querybuscas.com/pages/broadband,,926,404,69908,13101,980,text/html; charset=UTF-8,809.566188ms,,3a7dd39e
brochure,https://querybuscas.com/pages/brochure,,927,404,69908,13101,980,text/html; charset=UTF-8,849.276626ms,,3a7dd39f
brochures,https://querybuscas.com/pages/brochures,,928,404,69908,13101,980,text/html; charset=UTF-8,838.271356ms,,3a7dd3a0
broken,https://querybuscas.com/pages/broken,,929,404,69908,13101,980,text/html; charset=UTF-8,792.889882ms,,3a7dd3a1
broken_link,https://querybuscas.com/pages/broken_link,,930,404,69908,13101,980,text/html; charset=UTF-8,689.866592ms,,3a7dd3a2
broker,https://querybuscas.com/pages/broker,,931,404,69908,13101,980,text/html; charset=UTF-8,639.567772ms,,3a7dd3a3
browse,https://querybuscas.com/pages/browse,,932,404,69908,13101,980,text/html; charset=UTF-8,651.856764ms,,3a7dd3a4
browser,https://querybuscas.com/pages/browser,,933,404,69908,13101,980,text/html; charset=UTF-8,675.184398ms,,3a7dd3a5
bs,https://querybuscas.com/pages/bs,,934,404,69908,13101,980,text/html; charset=UTF-8,620.024515ms,,3a7dd3a6
bsd,https://querybuscas.com/pages/bsd,,935,404,69908,13101,980,text/html; charset=UTF-8,577.843443ms,,3a7dd3a7
bt,https://querybuscas.com/pages/bt,,936,404,69908,13101,980,text/html; charset=UTF-8,704.708016ms,,3a7dd3a8
bug,https://querybuscas.com/pages/bug,,937,404,69908,13101,980,text/html; charset=UTF-8,647.641079ms,,3a7dd3a9
bugs,https://querybuscas.com/pages/bugs,,938,404,69908,13101,980,text/html; charset=UTF-8,650.755079ms,,3a7dd3aa
build,https://querybuscas.com/pages/build,,939,404,69908,13101,980,text/html; charset=UTF-8,562.059572ms,,3a7dd3ab
builder,https://querybuscas.com/pages/builder,,940,404,69908,13101,980,text/html; charset=UTF-8,612.299023ms,,3a7dd3ac
buildr,https://querybuscas.com/pages/buildr,,941,404,69908,13101,980,text/html; charset=UTF-8,772.347966ms,,3a7dd3ad
bulk,https://querybuscas.com/pages/bulk,,942,404,69908,13101,980,text/html; charset=UTF-8,776.741145ms,,3a7dd3ae
bulksms,https://querybuscas.com/pages/bulksms,,943,404,69908,13101,980,text/html; charset=UTF-8,678.712255ms,,3a7dd3af
bullet,https://querybuscas.com/pages/bullet,,944,404,69908,13101,980,text/html; charset=UTF-8,644.513441ms,,3a7dd3b0
busca,https://querybuscas.com/pages/busca,,945,404,69908,13101,980,text/html; charset=UTF-8,728.605647ms,,3a7dd3b1
buscador,https://querybuscas.com/pages/buscador,,946,404,69908,13101,980,text/html; charset=UTF-8,748.026595ms,,3a7dd3b2
buscar,https://querybuscas.com/pages/buscar,,947,404,69908,13101,980,text/html; charset=UTF-8,661.207793ms,,3a7dd3b3
business,https://querybuscas.com/pages/business,,948,404,69908,13101,980,text/html; charset=UTF-8,602.512526ms,,3a7dd3b4
button,https://querybuscas.com/pages/button,,949,404,69908,13101,980,text/html; charset=UTF-8,667.157165ms,,3a7dd3b5
buttons,https://querybuscas.com/pages/buttons,,950,404,69908,13101,980,text/html; charset=UTF-8,705.952636ms,,3a7dd3b6
buy,https://querybuscas.com/pages/buy,,951,404,69908,13101,980,text/html; charset=UTF-8,651.761304ms,,3a7dd3b7
buynow,https://querybuscas.com/pages/buynow,,952,404,69908,13101,980,text/html; charset=UTF-8,675.076546ms,,3a7dd3b8
buyproduct,https://querybuscas.com/pages/buyproduct,,953,404,69908,13101,980,text/html; charset=UTF-8,659.347963ms,,3a7dd3b9
bypass,https://querybuscas.com/pages/bypass,,954,404,69908,13101,980,text/html; charset=UTF-8,636.593352ms,,3a7dd3ba
bz2,https://querybuscas.com/pages/bz2,,955,404,69908,13101,980,text/html; charset=UTF-8,625.865496ms,,3a7dd3bb
cPanel,https://querybuscas.com/pages/cPanel,,957,404,69908,13101,980,text/html; charset=UTF-8,579.188184ms,,3a7dd3bd
c,https://querybuscas.com/pages/c,,956,404,69908,13101,980,text/html; charset=UTF-8,692.067264ms,,3a7dd3bc
ca,https://querybuscas.com/pages/ca,,958,404,69908,13101,980,text/html; charset=UTF-8,602.301223ms,,3a7dd3be
cabinet,https://querybuscas.com/pages/cabinet,,959,404,69908,13101,980,text/html; charset=UTF-8,695.106907ms,,3a7dd3bf
cache,https://querybuscas.com/pages/cache,,960,404,69908,13101,980,text/html; charset=UTF-8,885.657809ms,,3a7dd3c0
cachemgr,https://querybuscas.com/pages/cachemgr,,961,404,69908,13101,980,text/html; charset=UTF-8,932.043182ms,,3a7dd3c1
cachemgr.cgi,https://querybuscas.com/pages/cachemgr.cgi,,962,404,69908,13101,980,text/html; charset=UTF-8,1.106051822s,,3a7dd3c2
caching,https://querybuscas.com/pages/caching,,963,404,69908,13101,980,text/html; charset=UTF-8,1.193523092s,,3a7dd3c3
cad,https://querybuscas.com/pages/cad,,964,404,69908,13101,980,text/html; charset=UTF-8,1.043910048s,,3a7dd3c4
cadmins,https://querybuscas.com/pages/cadmins,,965,404,69908,13101,980,text/html; charset=UTF-8,955.708974ms,,3a7dd3c5
cal,https://querybuscas.com/pages/cal,,966,404,69908,13101,980,text/html; charset=UTF-8,673.943823ms,,3a7dd3c6
calc,https://querybuscas.com/pages/calc,,967,404,69908,13101,980,text/html; charset=UTF-8,633.832127ms,,3a7dd3c7
calendar,https://querybuscas.com/pages/calendar,,968,404,69908,13101,980,text/html; charset=UTF-8,650.531645ms,,3a7dd3c8
calendar_events,https://querybuscas.com/pages/calendar_events,,969,404,69908,13101,980,text/html; charset=UTF-8,663.729528ms,,3a7dd3c9
calendar_sports,https://querybuscas.com/pages/calendar_sports,,970,404,69908,13101,980,text/html; charset=UTF-8,609.101917ms,,3a7dd3ca
calendarevents,https://querybuscas.com/pages/calendarevents,,971,404,69908,13101,980,text/html; charset=UTF-8,927.62193ms,,3a7dd3cb
calendars,https://querybuscas.com/pages/calendars,,972,404,69908,13101,980,text/html; charset=UTF-8,819.398766ms,,3a7dd3cc
call,https://querybuscas.com/pages/call,,973,404,69908,13101,980,text/html; charset=UTF-8,981.968738ms,,3a7dd3cd
callback,https://querybuscas.com/pages/callback,,974,404,69908,13101,980,text/html; charset=UTF-8,936.941852ms,,3a7dd3ce
callee,https://querybuscas.com/pages/callee,,975,404,69908,13101,980,text/html; charset=UTF-8,970.010002ms,,3a7dd3cf
caller,https://querybuscas.com/pages/caller,,976,404,69908,13101,980,text/html; charset=UTF-8,895.512112ms,,3a7dd3d0
callin,https://querybuscas.com/pages/callin,,977,404,69908,13101,980,text/html; charset=UTF-8,624.999883ms,,3a7dd3d1
calling,https://querybuscas.com/pages/calling,,978,404,69908,13101,980,text/html; charset=UTF-8,579.640088ms,,3a7dd3d2
callout,https://querybuscas.com/pages/callout,,979,404,69908,13101,980,text/html; charset=UTF-8,686.912842ms,,3a7dd3d3
cam,https://querybuscas.com/pages/cam,,980,404,69908,13101,980,text/html; charset=UTF-8,742.110394ms,,3a7dd3d4
camel,https://querybuscas.com/pages/camel,,981,404,69908,13101,980,text/html; charset=UTF-8,660.641623ms,,3a7dd3d5
campaign,https://querybuscas.com/pages/campaign,,982,404,69908,13101,980,text/html; charset=UTF-8,610.351925ms,,3a7dd3d6
campaigns,https://querybuscas.com/pages/campaigns,,983,404,69908,13101,980,text/html; charset=UTF-8,610.84364ms,,3a7dd3d7
can,https://querybuscas.com/pages/can,,984,404,69908,13101,980,text/html; charset=UTF-8,732.032924ms,,3a7dd3d8
canada,https://querybuscas.com/pages/canada,,985,404,69908,13101,980,text/html; charset=UTF-8,728.787699ms,,3a7dd3d9
captcha,https://querybuscas.com/pages/captcha,,986,404,69908,13101,980,text/html; charset=UTF-8,705.546029ms,,3a7dd3da
car,https://querybuscas.com/pages/car,,987,404,69908,13101,980,text/html; charset=UTF-8,850.719161ms,,3a7dd3db
carbuyaction,https://querybuscas.com/pages/carbuyaction,,988,404,69908,13101,980,text/html; charset=UTF-8,857.937798ms,,3a7dd3dc
card,https://querybuscas.com/pages/card,,989,404,69908,13101,980,text/html; charset=UTF-8,845.685484ms,,3a7dd3dd
cardinal,https://querybuscas.com/pages/cardinal,,990,404,69908,13101,980,text/html; charset=UTF-8,685.786562ms,,3a7dd3de
cardinalauth,https://querybuscas.com/pages/cardinalauth,,991,404,69908,13101,980,text/html; charset=UTF-8,707.291155ms,,3a7dd3df
cardinalform,https://querybuscas.com/pages/cardinalform,,992,404,69908,13101,980,text/html; charset=UTF-8,645.07802ms,,3a7dd3e0
cards,https://querybuscas.com/pages/cards,,993,404,69908,13101,980,text/html; charset=UTF-8,648.399056ms,,3a7dd3e1
careers,https://querybuscas.com/pages/careers,,995,404,69908,13101,980,text/html; charset=UTF-8,627.48963ms,,3a7dd3e3
career,https://querybuscas.com/pages/career,,994,404,69908,13101,980,text/html; charset=UTF-8,627.909667ms,,3a7dd3e2
carp,https://querybuscas.com/pages/carp,,996,404,69908,13101,980,text/html; charset=UTF-8,853.958525ms,,3a7dd3e4
carpet,https://querybuscas.com/pages/carpet,,997,404,69908,13101,980,text/html; charset=UTF-8,647.39827ms,,3a7dd3e5
cars,https://querybuscas.com/pages/cars,,998,404,69908,13101,980,text/html; charset=UTF-8,649.418938ms,,3a7dd3e6
cart,https://querybuscas.com/pages/cart,,999,404,69908,13101,980,text/html; charset=UTF-8,621.001628ms,,3a7dd3e7
carts,https://querybuscas.com/pages/carts,,1001,404,69908,13101,980,text/html; charset=UTF-8,960.876063ms,,3a7dd3e9
carthandler,https://querybuscas.com/pages/carthandler,,1000,404,69908,13101,980,text/html; charset=UTF-8,925.515719ms,,3a7dd3e8
cas,https://querybuscas.com/pages/cas,,1002,404,69908,13101,980,text/html; charset=UTF-8,1.308264249s,,3a7dd3ea
cases,https://querybuscas.com/pages/cases,,1003,404,69908,13101,980,text/html; charset=UTF-8,1.36020666s,,3a7dd3eb
casestudies,https://querybuscas.com/pages/casestudies,,1004,404,69908,13101,980,text/html; charset=UTF-8,1.444518498s,,3a7dd3ec
cat,https://querybuscas.com/pages/cat,,1006,404,69908,13101,980,text/html; charset=UTF-8,651.510009ms,,3a7dd3ee
cash,https://querybuscas.com/pages/cash,,1005,404,69908,13101,980,text/html; charset=UTF-8,1.247149368s,,3a7dd3ed
catalog,https://querybuscas.com/pages/catalog,,1007,404,69908,13101,980,text/html; charset=UTF-8,642.1523ms,,3a7dd3ef
catalog.wci,https://querybuscas.com/pages/catalog.wci,,1008,404,69908,13101,980,text/html; charset=UTF-8,619.690502ms,,3a7dd3f0
catalogsearch,https://querybuscas.com/pages/catalogsearch,,1010,404,69908,13101,980,text/html; charset=UTF-8,569.195023ms,,3a7dd3f2
catalogs,https://querybuscas.com/pages/catalogs,,1009,404,69908,13101,980,text/html; charset=UTF-8,615.853855ms,,3a7dd3f1
catalogue,https://querybuscas.com/pages/catalogue,,1011,404,69908,13101,980,text/html; charset=UTF-8,640.453171ms,,3a7dd3f3
catalyst,https://querybuscas.com/pages/catalyst,,1012,404,69908,13101,980,text/html; charset=UTF-8,673.91891ms,,3a7dd3f4
catch,https://querybuscas.com/pages/catch,,1013,404,69908,13101,980,text/html; charset=UTF-8,622.319365ms,,3a7dd3f5
categoria,https://querybuscas.com/pages/categoria,,1014,404,69908,13101,980,text/html; charset=UTF-8,629.430807ms,,3a7dd3f6
categories,https://querybuscas.com/pages/categories,,1015,404,69908,13101,980,text/html; charset=UTF-8,611.108009ms,,3a7dd3f7
category,https://querybuscas.com/pages/category,,1016,404,69908,13101,980,text/html; charset=UTF-8,585.376306ms,,3a7dd3f8
catinfo,https://querybuscas.com/pages/catinfo,,1017,404,69908,13101,980,text/html; charset=UTF-8,647.41424ms,,3a7dd3f9
cb,https://querybuscas.com/pages/cb,,1019,404,69908,13101,980,text/html; charset=UTF-8,664.660031ms,,3a7dd3fb
cats,https://querybuscas.com/pages/cats,,1018,404,69908,13101,980,text/html; charset=UTF-8,723.601665ms,,3a7dd3fa
ccbill,https://querybuscas.com/pages/ccbill,,1021,404,69908,13101,980,text/html; charset=UTF-8,571.747196ms,,3a7dd3fd
cc,https://querybuscas.com/pages/cc,,1020,404,69908,13101,980,text/html; charset=UTF-8,638.806085ms,,3a7dd3fc
ccount,https://querybuscas.com/pages/ccount,,1022,404,69908,13101,980,text/html; charset=UTF-8,646.026076ms,,3a7dd3fe
ccp14admin,https://querybuscas.com/pages/ccp14admin,,1023,404,69908,13101,980,text/html; charset=UTF-8,651.156152ms,,3a7dd3ff
cd,https://querybuscas.com/pages/cd,,1025,404,69908,13101,980,text/html; charset=UTF-8,657.346458ms,,3a7dd401
ccs,https://querybuscas.com/pages/ccs,,1024,404,69908,13101,980,text/html; charset=UTF-8,682.124373ms,,3a7dd400
cdrom,https://querybuscas.com/pages/cdrom,,1026,404,69908,13101,980,text/html; charset=UTF-8,702.601436ms,,3a7dd402
centres,https://querybuscas.com/pages/centres,,1027,404,69908,13101,980,text/html; charset=UTF-8,692.712668ms,,3a7dd403
cert,https://querybuscas.com/pages/cert,,1028,404,69908,13101,980,text/html; charset=UTF-8,613.182629ms,,3a7dd404
certenroll,https://querybuscas.com/pages/certenroll,,1029,404,69908,13101,980,text/html; charset=UTF-8,633.327047ms,,3a7dd405
certificate,https://querybuscas.com/pages/certificate,,1030,404,69908,13101,980,text/html; charset=UTF-8,659.69033ms,,3a7dd406
certificates,https://querybuscas.com/pages/certificates,,1031,404,69908,13101,980,text/html; charset=UTF-8,592.450074ms,,3a7dd407
certification,https://querybuscas.com/pages/certification,,1032,404,69908,13101,980,text/html; charset=UTF-8,606.131544ms,,3a7dd408
certified,https://querybuscas.com/pages/certified,,1033,404,69908,13101,980,text/html; charset=UTF-8,631.388802ms,,3a7dd409
certs,https://querybuscas.com/pages/certs,,1034,404,69908,13101,980,text/html; charset=UTF-8,693.480204ms,,3a7dd40a
certserver,https://querybuscas.com/pages/certserver,,1035,404,69908,13101,980,text/html; charset=UTF-8,688.827344ms,,3a7dd40b
certsrv,https://querybuscas.com/pages/certsrv,,1036,404,69908,13101,980,text/html; charset=UTF-8,605.621194ms,,3a7dd40c
cf,https://querybuscas.com/pages/cf,,1037,404,69908,13101,980,text/html; charset=UTF-8,648.572733ms,,3a7dd40d
cfc,https://querybuscas.com/pages/cfc,,1038,404,69908,13101,980,text/html; charset=UTF-8,611.26812ms,,3a7dd40e
cfcache,https://querybuscas.com/pages/cfcache,,1039,404,69908,13101,980,text/html; charset=UTF-8,776.942001ms,,3a7dd40f
cfg,https://querybuscas.com/pages/cfg,,1041,404,69908,13101,980,text/html; charset=UTF-8,629.033968ms,,3a7dd411
cfdocs,https://querybuscas.com/pages/cfdocs,,1040,404,69908,13101,980,text/html; charset=UTF-8,705.833998ms,,3a7dd410
cfide,https://querybuscas.com/pages/cfide,,1042,404,69908,13101,980,text/html; charset=UTF-8,654.58883ms,,3a7dd412
cfm,https://querybuscas.com/pages/cfm,,1043,404,69908,13101,980,text/html; charset=UTF-8,666.144924ms,,3a7dd413
cfusion,https://querybuscas.com/pages/cfusion,,1044,404,69908,13101,980,text/html; charset=UTF-8,615.567569ms,,3a7dd414
cgi,https://querybuscas.com/pages/cgi,,1045,404,69908,13101,980,text/html; charset=UTF-8,740.277939ms,,3a7dd415
cgi-bin,https://querybuscas.com/pages/cgi-bin,,1046,404,69908,13101,980,text/html; charset=UTF-8,623.821939ms,,3a7dd416
cgi-bin/,https://querybuscas.com/pages/cgi-bin/,,1047,404,69908,13101,980,text/html; charset=UTF-8,738.146705ms,,3a7dd417
cgi-bin2,https://querybuscas.com/pages/cgi-bin2,,1048,404,69908,13101,980,text/html; charset=UTF-8,646.098312ms,,3a7dd418
cgi-data,https://querybuscas.com/pages/cgi-data,,1049,404,69908,13101,980,text/html; charset=UTF-8,699.113933ms,,3a7dd419
cgi-exe,https://querybuscas.com/pages/cgi-exe,,1050,404,69908,13101,980,text/html; charset=UTF-8,719.44786ms,,3a7dd41a
cgi-home,https://querybuscas.com/pages/cgi-home,,1051,404,69908,13101,980,text/html; charset=UTF-8,634.728628ms,,3a7dd41b
cgi-image,https://querybuscas.com/pages/cgi-image,,1052,404,69908,13101,980,text/html; charset=UTF-8,635.492504ms,,3a7dd41c
cgi-local,https://querybuscas.com/pages/cgi-local,,1053,404,69908,13101,980,text/html; charset=UTF-8,664.846875ms,,3a7dd41d
cgi-perl,https://querybuscas.com/pages/cgi-perl,,1054,404,69908,13101,980,text/html; charset=UTF-8,665.993119ms,,3a7dd41e
cgi-pub,https://querybuscas.com/pages/cgi-pub,,1055,404,69908,13101,980,text/html; charset=UTF-8,685.487159ms,,3a7dd41f
cgi-script,https://querybuscas.com/pages/cgi-script,,1056,404,69908,13101,980,text/html; charset=UTF-8,714.463328ms,,3a7dd420
cgi-shl,https://querybuscas.com/pages/cgi-shl,,1057,404,69908,13101,980,text/html; charset=UTF-8,629.525393ms,,3a7dd421
cgi-win,https://querybuscas.com/pages/cgi-win,,1060,404,69908,13101,980,text/html; charset=UTF-8,566.224152ms,,3a7dd424
cgi-sys,https://querybuscas.com/pages/cgi-sys,,1058,404,69908,13101,980,text/html; charset=UTF-8,712.942728ms,,3a7dd422
cgi-web,https://querybuscas.com/pages/cgi-web,,1059,404,69908,13101,980,text/html; charset=UTF-8,638.858741ms,,3a7dd423
cgi_bin,https://querybuscas.com/pages/cgi_bin,,1061,404,69908,13101,980,text/html; charset=UTF-8,759.735204ms,,3a7dd425
cgibin,https://querybuscas.com/pages/cgibin,,1062,404,69908,13101,980,text/html; charset=UTF-8,611.945661ms,,3a7dd426
cgis,https://querybuscas.com/pages/cgis,,1063,404,69908,13101,980,text/html; charset=UTF-8,758.372685ms,,3a7dd427
cgiwrap,https://querybuscas.com/pages/cgiwrap,,1064,404,69908,13101,980,text/html; charset=UTF-8,595.530215ms,,3a7dd428
cgm-web,https://querybuscas.com/pages/cgm-web,,1065,404,69908,13101,980,text/html; charset=UTF-8,641.588447ms,,3a7dd429
ch,https://querybuscas.com/pages/ch,,1066,404,69908,13101,980,text/html; charset=UTF-8,801.896868ms,,3a7dd42a
chan,https://querybuscas.com/pages/chan,,1067,404,69908,13101,980,text/html; charset=UTF-8,592.47545ms,,3a7dd42b
change,https://querybuscas.com/pages/change,,1068,404,69908,13101,980,text/html; charset=UTF-8,561.137313ms,,3a7dd42c
change_password,https://querybuscas.com/pages/change_password,,1069,404,69908,13101,980,text/html; charset=UTF-8,557.588167ms,,3a7dd42d
changed,https://querybuscas.com/pages/changed,,1071,404,69908,13101,980,text/html; charset=UTF-8,534.721097ms,,3a7dd42f
change-password,https://querybuscas.com/pages/change-password,,1070,404,69908,13101,980,text/html; charset=UTF-8,585.367891ms,,3a7dd42e
changelog,https://querybuscas.com/pages/changelog,,1072,404,69908,13101,980,text/html; charset=UTF-8,549.243446ms,,3a7dd430
changepw,https://querybuscas.com/pages/changepw,,1073,404,69908,13101,980,text/html; charset=UTF-8,599.477023ms,,3a7dd431
changes,https://querybuscas.com/pages/changes,,1074,404,69908,13101,980,text/html; charset=UTF-8,630.269125ms,,3a7dd432
channel,https://querybuscas.com/pages/channel,,1075,404,69908,13101,980,text/html; charset=UTF-8,685.237432ms,,3a7dd433
charge,https://querybuscas.com/pages/charge,,1076,404,69908,13101,980,text/html; charset=UTF-8,603.241792ms,,3a7dd434
charges,https://querybuscas.com/pages/charges,,1077,404,69908,13101,980,text/html; charset=UTF-8,681.368052ms,,3a7dd435
chart,https://querybuscas.com/pages/chart,,1078,404,69908,13101,980,text/html; charset=UTF-8,663.182688ms,,3a7dd436
charts,https://querybuscas.com/pages/charts,,1079,404,69908,13101,980,text/html; charset=UTF-8,659.776636ms,,3a7dd437
chat,https://querybuscas.com/pages/chat,,1080,404,69908,13101,980,text/html; charset=UTF-8,673.670445ms,,3a7dd438
chats,https://querybuscas.com/pages/chats,,1081,404,69908,13101,980,text/html; charset=UTF-8,652.294533ms,,3a7dd439
check,https://querybuscas.com/pages/check,,1082,404,69908,13101,980,text/html; charset=UTF-8,645.406368ms,,3a7dd43a
checking,https://querybuscas.com/pages/checking,,1083,404,69908,13101,980,text/html; charset=UTF-8,666.513142ms,,3a7dd43b
checkout,https://querybuscas.com/pages/checkout,,1084,200,45750,7698,702,text/html; charset=UTF-8,633.482911ms,,3a7dd43c
checkout_iclear,https://querybuscas.com/pages/checkout_iclear,,1085,404,69908,13101,980,text/html; charset=UTF-8,651.629081ms,,3a7dd43d
checkoutanon,https://querybuscas.com/pages/checkoutanon,,1086,404,69908,13101,980,text/html; charset=UTF-8,674.882247ms,,3a7dd43e
checkoutreview,https://querybuscas.com/pages/checkoutreview,,1087,404,69908,13101,980,text/html; charset=UTF-8,636.714705ms,,3a7dd43f
checkpoint,https://querybuscas.com/pages/checkpoint,,1088,404,69908,13101,980,text/html; charset=UTF-8,627.402777ms,,3a7dd440
checks,https://querybuscas.com/pages/checks,,1089,404,69908,13101,980,text/html; charset=UTF-8,598.27504ms,,3a7dd441
check-email,https://querybuscas.com/pages/check-email,,1090,404,69908,13101,980,text/html; charset=UTF-8,596.47844ms,,3a7dd442
child,https://querybuscas.com/pages/child,,1091,404,69908,13101,980,text/html; charset=UTF-8,567.552664ms,,3a7dd443
children,https://querybuscas.com/pages/children,,1092,404,69908,13101,980,text/html; charset=UTF-8,584.727832ms,,3a7dd444
china,https://querybuscas.com/pages/china,,1093,404,69908,13101,980,text/html; charset=UTF-8,651.402925ms,,3a7dd445
chk,https://querybuscas.com/pages/chk,,1094,404,69908,13101,980,text/html; charset=UTF-8,654.936904ms,,3a7dd446
chris,https://querybuscas.com/pages/chris,,1096,404,69908,13101,980,text/html; charset=UTF-8,619.97129ms,,3a7dd448
choosing,https://querybuscas.com/pages/choosing,,1095,404,69908,13101,980,text/html; charset=UTF-8,672.88791ms,,3a7dd447
chrome,https://querybuscas.com/pages/chrome,,1097,404,69908,13101,980,text/html; charset=UTF-8,686.707418ms,,3a7dd449
cinema,https://querybuscas.com/pages/cinema,,1098,404,69908,13101,980,text/html; charset=UTF-8,615.164042ms,,3a7dd44a
cisweb,https://querybuscas.com/pages/cisweb,,1100,404,69908,13101,980,text/html; charset=UTF-8,574.245403ms,,3a7dd44c
cisco,https://querybuscas.com/pages/cisco,,1099,404,69908,13101,980,text/html; charset=UTF-8,715.176934ms,,3a7dd44b
cities,https://querybuscas.com/pages/cities,,1101,404,69908,13101,980,text/html; charset=UTF-8,580.509068ms,,3a7dd44d
citrix,https://querybuscas.com/pages/citrix,,1102,404,69908,13101,980,text/html; charset=UTF-8,711.232351ms,,3a7dd44e
city,https://querybuscas.com/pages/city,,1103,404,69908,13101,980,text/html; charset=UTF-8,699.529192ms,,3a7dd44f
ckfinder,https://querybuscas.com/pages/ckfinder,,1106,404,69908,13101,980,text/html; charset=UTF-8,531.027009ms,,3a7dd452
ckeditor,https://querybuscas.com/pages/ckeditor,,1105,404,69908,13101,980,text/html; charset=UTF-8,563.807976ms,,3a7dd451
ck,https://querybuscas.com/pages/ck,,1104,404,69908,13101,980,text/html; charset=UTF-8,686.714664ms,,3a7dd450
cl,https://querybuscas.com/pages/cl,,1107,404,69908,13101,980,text/html; charset=UTF-8,599.225066ms,,3a7dd453
claim,https://querybuscas.com/pages/claim,,1108,404,69908,13101,980,text/html; charset=UTF-8,605.084722ms,,3a7dd454
claims,https://querybuscas.com/pages/claims,,1109,404,69908,13101,980,text/html; charset=UTF-8,759.526419ms,,3a7dd455
class,https://querybuscas.com/pages/class,,1110,404,69908,13101,980,text/html; charset=UTF-8,682.543952ms,,3a7dd456
classic,https://querybuscas.com/pages/classic,,1112,404,69908,13101,980,text/html; charset=UTF-8,640.340528ms,,3a7dd458
classes,https://querybuscas.com/pages/classes,,1111,404,69908,13101,980,text/html; charset=UTF-8,632.795666ms,,3a7dd457
classified,https://querybuscas.com/pages/classified,,1113,404,69908,13101,980,text/html; charset=UTF-8,641.102849ms,,3a7dd459
classifieds,https://querybuscas.com/pages/classifieds,,1114,404,69908,13101,980,text/html; charset=UTF-8,727.660152ms,,3a7dd45a
classroompages,https://querybuscas.com/pages/classroompages,,1115,404,69908,13101,980,text/html; charset=UTF-8,610.134574ms,,3a7dd45b
cleanup,https://querybuscas.com/pages/cleanup,,1116,404,69908,13101,980,text/html; charset=UTF-8,616.554279ms,,3a7dd45c
clear,https://querybuscas.com/pages/clear,,1117,404,69908,13101,980,text/html; charset=UTF-8,608.6115ms,,3a7dd45d
clearcookies,https://querybuscas.com/pages/clearcookies,,1118,404,69908,13101,980,text/html; charset=UTF-8,593.892828ms,,3a7dd45e
clearpixel,https://querybuscas.com/pages/clearpixel,,1119,404,69908,13101,980,text/html; charset=UTF-8,655.875535ms,,3a7dd45f
click,https://querybuscas.com/pages/click,,1120,404,69908,13101,980,text/html; charset=UTF-8,673.552041ms,,3a7dd460
clickheat,https://querybuscas.com/pages/clickheat,,1121,404,69908,13101,980,text/html; charset=UTF-8,608.018842ms,,3a7dd461
clickout,https://querybuscas.com/pages/clickout,,1122,404,69908,13101,980,text/html; charset=UTF-8,532.222443ms,,3a7dd462
clicks,https://querybuscas.com/pages/clicks,,1123,404,69908,13101,980,text/html; charset=UTF-8,607.394434ms,,3a7dd463
client,https://querybuscas.com/pages/client,,1124,404,69908,13101,980,text/html; charset=UTF-8,745.4533ms,,3a7dd464
client_configs,https://querybuscas.com/pages/client_configs,,1125,404,69908,13101,980,text/html; charset=UTF-8,665.19364ms,,3a7dd465
clientaccesspolicy,https://querybuscas.com/pages/clientaccesspolicy,,1126,404,69908,13101,980,text/html; charset=UTF-8,610.518352ms,,3a7dd466
clientapi,https://querybuscas.com/pages/clientapi,,1127,404,69908,13101,980,text/html; charset=UTF-8,691.817195ms,,3a7dd467
clientes,https://querybuscas.com/pages/clientes,,1128,404,69908,13101,980,text/html; charset=UTF-8,580.727088ms,,3a7dd468
clients,https://querybuscas.com/pages/clients,,1129,404,69908,13101,980,text/html; charset=UTF-8,543.398854ms,,3a7dd469
clientscript,https://querybuscas.com/pages/clientscript,,1130,404,69908,13101,980,text/html; charset=UTF-8,651.708985ms,,3a7dd46a
clipart,https://querybuscas.com/pages/clipart,,1131,404,69908,13101,980,text/html; charset=UTF-8,633.211759ms,,3a7dd46b
clips,https://querybuscas.com/pages/clips,,1132,404,69908,13101,980,text/html; charset=UTF-8,807.813153ms,,3a7dd46c
clk,https://querybuscas.com/pages/clk,,1133,404,69908,13101,980,text/html; charset=UTF-8,1.439812185s,,3a7dd46d
close,https://querybuscas.com/pages/close,,1135,404,69908,13101,980,text/html; charset=UTF-8,1.30637545s,,3a7dd46f
clock,https://querybuscas.com/pages/clock,,1134,404,69908,13101,980,text/html; charset=UTF-8,1.415817462s,,3a7dd46e
closed,https://querybuscas.com/pages/closed,,1136,404,69908,13101,980,text/html; charset=UTF-8,1.221925687s,,3a7dd470
closing,https://querybuscas.com/pages/closing,,1137,404,69908,13101,980,text/html; charset=UTF-8,1.006680535s,,3a7dd471
club,https://querybuscas.com/pages/club,,1138,404,69908,13101,980,text/html; charset=UTF-8,647.714094ms,,3a7dd472
clusters,https://querybuscas.com/pages/clusters,,1140,404,69908,13101,980,text/html; charset=UTF-8,594.691173ms,,3a7dd474
cluster,https://querybuscas.com/pages/cluster,,1139,404,69908,13101,980,text/html; charset=UTF-8,706.771811ms,,3a7dd473
cm,https://querybuscas.com/pages/cm,,1141,404,69908,13101,980,text/html; charset=UTF-8,593.602141ms,,3a7dd475
cmd,https://querybuscas.com/pages/cmd,,1142,404,69908,13101,980,text/html; charset=UTF-8,762.818207ms,,3a7dd476
cms,https://querybuscas.com/pages/cms,,1144,404,69908,13101,980,text/html; charset=UTF-8,614.97872ms,,3a7dd478
cmpi_popup,https://querybuscas.com/pages/cmpi_popup,,1143,404,69908,13101,980,text/html; charset=UTF-8,724.000483ms,,3a7dd477
cmsadmin,https://querybuscas.com/pages/cmsadmin,,1145,404,69908,13101,980,text/html; charset=UTF-8,688.901869ms,,3a7dd479
cnf,https://querybuscas.com/pages/cnf,,1147,404,69908,13101,980,text/html; charset=UTF-8,587.626339ms,,3a7dd47b
cn,https://querybuscas.com/pages/cn,,1146,404,69908,13101,980,text/html; charset=UTF-8,630.303329ms,,3a7dd47a
cnstats,https://querybuscas.com/pages/cnstats,,1148,404,69908,13101,980,text/html; charset=UTF-8,641.733496ms,,3a7dd47c
cnt,https://querybuscas.com/pages/cnt,,1149,404,69908,13101,980,text/html; charset=UTF-8,638.321572ms,,3a7dd47d
co,https://querybuscas.com/pages/co,,1150,404,69908,13101,980,text/html; charset=UTF-8,816.846117ms,,3a7dd47e
code,https://querybuscas.com/pages/code,,1152,404,69908,13101,980,text/html; charset=UTF-8,584.321286ms,,3a7dd480
cocoon,https://querybuscas.com/pages/cocoon,,1151,404,69908,13101,980,text/html; charset=UTF-8,598.978039ms,,3a7dd47f
codec,https://querybuscas.com/pages/codec,,1153,404,69908,13101,980,text/html; charset=UTF-8,594.89229ms,,3a7dd481
codecs,https://querybuscas.com/pages/codecs,,1154,404,69908,13101,980,text/html; charset=UTF-8,672.676174ms,,3a7dd482
codepages,https://querybuscas.com/pages/codepages,,1155,404,69908,13101,980,text/html; charset=UTF-8,780.608013ms,,3a7dd483
codes,https://querybuscas.com/pages/codes,,1156,404,69908,13101,980,text/html; charset=UTF-8,895.265685ms,,3a7dd484
cognos,https://querybuscas.com/pages/cognos,,1158,404,69908,13101,980,text/html; charset=UTF-8,726.564254ms,,3a7dd486
coffee,https://querybuscas.com/pages/coffee,,1157,404,69908,13101,980,text/html; charset=UTF-8,763.533545ms,,3a7dd485
coke,https://querybuscas.com/pages/coke,,1159,404,69908,13101,980,text/html; charset=UTF-8,862.563713ms,,3a7dd487
coldfusion,https://querybuscas.com/pages/coldfusion,,1160,404,69908,13101,980,text/html; charset=UTF-8,888.444945ms,,3a7dd488
collapse,https://querybuscas.com/pages/collapse,,1161,404,69908,13101,980,text/html; charset=UTF-8,608.028409ms,,3a7dd489
collection,https://querybuscas.com/pages/collection,,1162,404,69908,13101,980,text/html; charset=UTF-8,685.732847ms,,3a7dd48a
college,https://querybuscas.com/pages/college,,1163,404,69908,13101,980,text/html; charset=UTF-8,653.553745ms,,3a7dd48b
columnists,https://querybuscas.com/pages/columnists,,1164,404,69908,13101,980,text/html; charset=UTF-8,725.209513ms,,3a7dd48c
columns,https://querybuscas.com/pages/columns,,1165,404,69908,13101,980,text/html; charset=UTF-8,591.659724ms,,3a7dd48d
com,https://querybuscas.com/pages/com,,1166,404,69908,13101,980,text/html; charset=UTF-8,637.248962ms,,3a7dd48e
com1,https://querybuscas.com/pages/com1,,1167,404,69908,13101,980,text/html; charset=UTF-8,595.365567ms,,3a7dd48f
com2,https://querybuscas.com/pages/com2,,1168,404,69908,13101,980,text/html; charset=UTF-8,793.693174ms,,3a7dd490
com3,https://querybuscas.com/pages/com3,,1169,404,69908,13101,980,text/html; charset=UTF-8,871.221203ms,,3a7dd491
com4,https://querybuscas.com/pages/com4,,1170,404,69908,13101,980,text/html; charset=UTF-8,984.857805ms,,3a7dd492
com_sun_web_ui,https://querybuscas.com/pages/com_sun_web_ui,,1171,404,69908,13101,980,text/html; charset=UTF-8,984.17726ms,,3a7dd493
comics,https://querybuscas.com/pages/comics,,1172,404,69908,13101,980,text/html; charset=UTF-8,987.341884ms,,3a7dd494
comm,https://querybuscas.com/pages/comm,,1173,404,69908,13101,980,text/html; charset=UTF-8,848.819478ms,,3a7dd495
command,https://querybuscas.com/pages/command,,1174,404,69908,13101,980,text/html; charset=UTF-8,693.607478ms,,3a7dd496
comment,https://querybuscas.com/pages/comment,,1175,404,69908,13101,980,text/html; charset=UTF-8,779.041912ms,,3a7dd497
comment-page,https://querybuscas.com/pages/comment-page,,1176,404,69908,13101,980,text/html; charset=UTF-8,702.436031ms,,3a7dd498
comment-page-1,https://querybuscas.com/pages/comment-page-1,,1177,404,69908,13101,980,text/html; charset=UTF-8,684.765511ms,,3a7dd499
commentary,https://querybuscas.com/pages/commentary,,1178,404,69908,13101,980,text/html; charset=UTF-8,715.674753ms,,3a7dd49a
commented,https://querybuscas.com/pages/commented,,1179,404,69908,13101,980,text/html; charset=UTF-8,689.342385ms,,3a7dd49b
comments,https://querybuscas.com/pages/comments,,1180,404,69908,13101,980,text/html; charset=UTF-8,651.423389ms,,3a7dd49c
commerce,https://querybuscas.com/pages/commerce,,1181,404,69908,13101,980,text/html; charset=UTF-8,638.087312ms,,3a7dd49d
commercial,https://querybuscas.com/pages/commercial,,1182,404,69908,13101,980,text/html; charset=UTF-8,702.634463ms,,3a7dd49e
common,https://querybuscas.com/pages/common,,1183,404,69908,13101,980,text/html; charset=UTF-8,639.756765ms,,3a7dd49f
commoncontrols,https://querybuscas.com/pages/commoncontrols,,1184,404,69908,13101,980,text/html; charset=UTF-8,689.097277ms,,3a7dd4a0
commun,https://querybuscas.com/pages/commun,,1185,404,69908,13101,980,text/html; charset=UTF-8,694.685326ms,,3a7dd4a1
communication,https://querybuscas.com/pages/communication,,1186,404,69908,13101,980,text/html; charset=UTF-8,615.515692ms,,3a7dd4a2
communications,https://querybuscas.com/pages/communications,,1187,404,69908,13101,980,text/html; charset=UTF-8,652.616886ms,,3a7dd4a3
communicator,https://querybuscas.com/pages/communicator,,1188,404,69908,13101,980,text/html; charset=UTF-8,702.030705ms,,3a7dd4a4
communities,https://querybuscas.com/pages/communities,,1189,404,69908,13101,980,text/html; charset=UTF-8,615.061182ms,,3a7dd4a5
community,https://querybuscas.com/pages/community,,1190,404,69908,13101,980,text/html; charset=UTF-8,854.082439ms,,3a7dd4a6
comp,https://querybuscas.com/pages/comp,,1191,404,69908,13101,980,text/html; charset=UTF-8,716.00252ms,,3a7dd4a7
compact,https://querybuscas.com/pages/compact,,1192,404,69908,13101,980,text/html; charset=UTF-8,624.286736ms,,3a7dd4a8
companies,https://querybuscas.com/pages/companies,,1193,404,69908,13101,980,text/html; charset=UTF-8,627.848041ms,,3a7dd4a9
company,https://querybuscas.com/pages/company,,1194,404,69908,13101,980,text/html; charset=UTF-8,840.636286ms,,3a7dd4aa
compare,https://querybuscas.com/pages/compare,,1195,404,69908,13101,980,text/html; charset=UTF-8,643.993409ms,,3a7dd4ab
compare_product,https://querybuscas.com/pages/compare_product,,1196,404,69908,13101,980,text/html; charset=UTF-8,813.958791ms,,3a7dd4ac
comparison,https://querybuscas.com/pages/comparison,,1197,404,69908,13101,980,text/html; charset=UTF-8,787.917388ms,,3a7dd4ad
comparison_list,https://querybuscas.com/pages/comparison_list,,1198,404,69908,13101,980,text/html; charset=UTF-8,632.184504ms,,3a7dd4ae
compat,https://querybuscas.com/pages/compat,,1199,404,69908,13101,980,text/html; charset=UTF-8,615.088181ms,,3a7dd4af
compiled,https://querybuscas.com/pages/compiled,,1200,404,69908,13101,980,text/html; charset=UTF-8,683.199587ms,,3a7dd4b0
complaint,https://querybuscas.com/pages/complaint,,1201,404,69908,13101,980,text/html; charset=UTF-8,703.324482ms,,3a7dd4b1
complaints,https://querybuscas.com/pages/complaints,,1202,404,69908,13101,980,text/html; charset=UTF-8,661.814482ms,,3a7dd4b2
compliance,https://querybuscas.com/pages/compliance,,1203,404,69908,13101,980,text/html; charset=UTF-8,647.742254ms,,3a7dd4b3
component,https://querybuscas.com/pages/component,,1204,404,69908,13101,980,text/html; charset=UTF-8,791.221782ms,,3a7dd4b4
components,https://querybuscas.com/pages/components,,1205,404,69908,13101,980,text/html; charset=UTF-8,812.037061ms,,3a7dd4b5
compose,https://querybuscas.com/pages/compose,,1206,404,69908,13101,980,text/html; charset=UTF-8,716.579009ms,,3a7dd4b6
composer,https://querybuscas.com/pages/composer,,1207,404,69908,13101,980,text/html; charset=UTF-8,703.648629ms,,3a7dd4b7
compress,https://querybuscas.com/pages/compress,,1208,404,69908,13101,980,text/html; charset=UTF-8,735.477674ms,,3a7dd4b8
compressed,https://querybuscas.com/pages/compressed,,1209,404,69908,13101,980,text/html; charset=UTF-8,601.134078ms,,3a7dd4b9
computer,https://querybuscas.com/pages/computer,,1210,404,69908,13101,980,text/html; charset=UTF-8,705.501792ms,,3a7dd4ba
computers,https://querybuscas.com/pages/computers,,1211,404,69908,13101,980,text/html; charset=UTF-8,711.625427ms,,3a7dd4bb
computing,https://querybuscas.com/pages/computing,,1212,404,69908,13101,980,text/html; charset=UTF-8,801.802584ms,,3a7dd4bc
comunicator,https://querybuscas.com/pages/comunicator,,1213,404,69908,13101,980,text/html; charset=UTF-8,826.348118ms,,3a7dd4bd
con,https://querybuscas.com/pages/con,,1214,404,69908,13101,980,text/html; charset=UTF-8,931.077781ms,,3a7dd4be
concrete,https://querybuscas.com/pages/concrete,,1215,404,69908,13101,980,text/html; charset=UTF-8,807.75003ms,,3a7dd4bf
conditions,https://querybuscas.com/pages/conditions,,1216,404,69908,13101,980,text/html; charset=UTF-8,674.775748ms,,3a7dd4c0
conf,https://querybuscas.com/pages/conf,,1217,404,69908,13101,980,text/html; charset=UTF-8,745.244094ms,,3a7dd4c1
conference,https://querybuscas.com/pages/conference,,1218,404,69908,13101,980,text/html; charset=UTF-8,671.534902ms,,3a7dd4c2
config,https://querybuscas.com/pages/config,,1220,404,69908,13101,980,text/html; charset=UTF-8,658.275021ms,,3a7dd4c4
conferences,https://querybuscas.com/pages/conferences,,1219,404,69908,13101,980,text/html; charset=UTF-8,698.23691ms,,3a7dd4c3
config.local,https://querybuscas.com/pages/config.local,,1221,404,69908,13101,980,text/html; charset=UTF-8,695.541295ms,,3a7dd4c5
config.properties,https://querybuscas.com/pages/config.properties,,1222,404,69908,13101,980,text/html; charset=UTF-8,815.002578ms,,3a7dd4c6
configs,https://querybuscas.com/pages/configs,,1223,404,69908,13101,980,text/html; charset=UTF-8,724.481899ms,,3a7dd4c7
configuration,https://querybuscas.com/pages/configuration,,1224,404,69908,13101,980,text/html; charset=UTF-8,737.483376ms,,3a7dd4c8
configure,https://querybuscas.com/pages/configure,,1225,404,69908,13101,980,text/html; charset=UTF-8,720.621273ms,,3a7dd4c9
confirm,https://querybuscas.com/pages/confirm,,1226,404,69908,13101,980,text/html; charset=UTF-8,648.042416ms,,3a7dd4ca
confirmed,https://querybuscas.com/pages/confirmed,,1227,404,69908,13101,980,text/html; charset=UTF-8,667.068353ms,,3a7dd4cb
conlib,https://querybuscas.com/pages/conlib,,1228,404,69908,13101,980,text/html; charset=UTF-8,780.512525ms,,3a7dd4cc
conn,https://querybuscas.com/pages/conn,,1229,404,69908,13101,980,text/html; charset=UTF-8,922.504673ms,,3a7dd4cd
connect,https://querybuscas.com/pages/connect,,1230,404,69908,13101,980,text/html; charset=UTF-8,954.869638ms,,3a7dd4ce
connections,https://querybuscas.com/pages/connections,,1231,404,69908,13101,980,text/html; charset=UTF-8,1.022319836s,,3a7dd4cf
connectors,https://querybuscas.com/pages/connectors,,1233,404,69908,13101,980,text/html; charset=UTF-8,824.889154ms,,3a7dd4d1
connector,https://querybuscas.com/pages/connector,,1232,404,69908,13101,980,text/html; charset=UTF-8,966.189645ms,,3a7dd4d0
console,https://querybuscas.com/pages/console,,1234,404,69908,13101,980,text/html; charset=UTF-8,938.966848ms,,3a7dd4d2
constant,https://querybuscas.com/pages/constant,,1235,404,69908,13101,980,text/html; charset=UTF-8,845.376223ms,,3a7dd4d3
constants,https://querybuscas.com/pages/constants,,1236,404,69908,13101,980,text/html; charset=UTF-8,736.918149ms,,3a7dd4d4
consulting,https://querybuscas.com/pages/consulting,,1237,404,69908,13101,980,text/html; charset=UTF-8,757.40934ms,,3a7dd4d5
consumer,https://querybuscas.com/pages/consumer,,1238,404,69908,13101,980,text/html; charset=UTF-8,671.249116ms,,3a7dd4d6
cont,https://querybuscas.com/pages/cont,,1239,404,69908,13101,980,text/html; charset=UTF-8,738.255168ms,,3a7dd4d7
contact,https://querybuscas.com/pages/contact,,1240,404,69908,13101,980,text/html; charset=UTF-8,629.798094ms,,3a7dd4d8
contact-form,https://querybuscas.com/pages/contact-form,,1241,404,69908,13101,980,text/html; charset=UTF-8,731.138914ms,,3a7dd4d9
contact-us,https://querybuscas.com/pages/contact-us,,1242,404,69908,13101,980,text/html; charset=UTF-8,672.863133ms,,3a7dd4da
contact_bean,https://querybuscas.com/pages/contact_bean,,1243,404,69908,13101,980,text/html; charset=UTF-8,788.996473ms,,3a7dd4db
contact_us,https://querybuscas.com/pages/contact_us,,1244,404,69908,13101,980,text/html; charset=UTF-8,742.774569ms,,3a7dd4dc
contactinfo,https://querybuscas.com/pages/contactinfo,,1245,404,69908,13101,980,text/html; charset=UTF-8,762.317732ms,,3a7dd4dd
contacto,https://querybuscas.com/pages/contacto,,1246,404,69908,13101,980,text/html; charset=UTF-8,726.053099ms,,3a7dd4de
contacts,https://querybuscas.com/pages/contacts,,1247,404,69908,13101,980,text/html; charset=UTF-8,732.162249ms,,3a7dd4df
contacts.txt,https://querybuscas.com/pages/contacts.txt,,1248,404,68970,13094,980,text/html; charset=UTF-8,774.472034ms,,3a7dd4e0
contactus,https://querybuscas.com/pages/contactus,,1249,404,69908,13101,980,text/html; charset=UTF-8,707.841645ms,,3a7dd4e1
contao,https://querybuscas.com/pages/contao,,1250,404,69908,13101,980,text/html; charset=UTF-8,764.53956ms,,3a7dd4e2
contato,https://querybuscas.com/pages/contato,,1251,404,69908,13101,980,text/html; charset=UTF-8,642.787131ms,,3a7dd4e3
contenido,https://querybuscas.com/pages/contenido,,1252,404,69908,13101,980,text/html; charset=UTF-8,696.509289ms,,3a7dd4e4
content,https://querybuscas.com/pages/content,,1253,404,69908,13101,980,text/html; charset=UTF-8,667.975202ms,,3a7dd4e5
contents,https://querybuscas.com/pages/contents,,1254,404,69908,13101,980,text/html; charset=UTF-8,649.355721ms,,3a7dd4e6
contest,https://querybuscas.com/pages/contest,,1255,404,69908,13101,980,text/html; charset=UTF-8,698.483369ms,,3a7dd4e7
contests,https://querybuscas.com/pages/contests,,1256,404,69908,13101,980,text/html; charset=UTF-8,676.788921ms,,3a7dd4e8
contract,https://querybuscas.com/pages/contract,,1257,404,69908,13101,980,text/html; charset=UTF-8,609.244844ms,,3a7dd4e9
contrib,https://querybuscas.com/pages/contrib,,1259,404,69908,13101,980,text/html; charset=UTF-8,687.317402ms,,3a7dd4eb
contracts,https://querybuscas.com/pages/contracts,,1258,404,69908,13101,980,text/html; charset=UTF-8,841.349808ms,,3a7dd4ea
contribute,https://querybuscas.com/pages/contribute,,1260,404,69908,13101,980,text/html; charset=UTF-8,777.114319ms,,3a7dd4ec
contribute.json,https://querybuscas.com/pages/contribute.json,,1261,404,69908,13101,980,text/html; charset=UTF-8,603.964115ms,,3a7dd4ed
contributor,https://querybuscas.com/pages/contributor,,1262,404,69908,13101,980,text/html; charset=UTF-8,611.672644ms,,3a7dd4ee
control,https://querybuscas.com/pages/control,,1263,404,69908,13101,980,text/html; charset=UTF-8,679.068551ms,,3a7dd4ef
controller,https://querybuscas.com/pages/controller,,1264,404,69908,13101,980,text/html; charset=UTF-8,605.83773ms,,3a7dd4f0
controllers,https://querybuscas.com/pages/controllers,,1265,404,69908,13101,980,text/html; charset=UTF-8,640.206628ms,,3a7dd4f1
controlpanel,https://querybuscas.com/pages/controlpanel,,1266,404,69908,13101,980,text/html; charset=UTF-8,782.613393ms,,3a7dd4f2
controls,https://querybuscas.com/pages/controls,,1267,404,69908,13101,980,text/html; charset=UTF-8,728.80355ms,,3a7dd4f3
converge_local,https://querybuscas.com/pages/converge_local,,1268,404,69908,13101,980,text/html; charset=UTF-8,691.192332ms,,3a7dd4f4
converse,https://querybuscas.com/pages/converse,,1269,404,69908,13101,980,text/html; charset=UTF-8,695.465442ms,,3a7dd4f5
cookie,https://querybuscas.com/pages/cookie,,1270,404,69908,13101,980,text/html; charset=UTF-8,823.134368ms,,3a7dd4f6
cookie_usage,https://querybuscas.com/pages/cookie_usage,,1271,404,69908,13101,980,text/html; charset=UTF-8,712.024168ms,,3a7dd4f7
cookies,https://querybuscas.com/pages/cookies,,1272,404,69908,13101,980,text/html; charset=UTF-8,745.965269ms,,3a7dd4f8
cool,https://querybuscas.com/pages/cool,,1273,404,69908,13101,980,text/html; charset=UTF-8,772.569303ms,,3a7dd4f9
copies,https://querybuscas.com/pages/copies,,1274,404,69908,13101,980,text/html; charset=UTF-8,836.858737ms,,3a7dd4fa
copy,https://querybuscas.com/pages/copy,,1275,404,69908,13101,980,text/html; charset=UTF-8,686.550858ms,,3a7dd4fb
copyright,https://querybuscas.com/pages/copyright,,1276,404,69908,13101,980,text/html; charset=UTF-8,670.073487ms,,3a7dd4fc
copyright-policy,https://querybuscas.com/pages/copyright-policy,,1277,404,69908,13101,980,text/html; charset=UTF-8,749.243173ms,,3a7dd4fd
corba,https://querybuscas.com/pages/corba,,1278,404,69908,13101,980,text/html; charset=UTF-8,698.94233ms,,3a7dd4fe
core,https://querybuscas.com/pages/core,,1279,404,69908,13101,980,text/html; charset=UTF-8,714.388795ms,,3a7dd4ff
coreg,https://querybuscas.com/pages/coreg,,1280,404,69908,13101,980,text/html; charset=UTF-8,692.634106ms,,3a7dd500
corp,https://querybuscas.com/pages/corp,,1281,404,69908,13101,980,text/html; charset=UTF-8,709.694861ms,,3a7dd501
corpo,https://querybuscas.com/pages/corpo,,1282,404,69908,13101,980,text/html; charset=UTF-8,714.60268ms,,3a7dd502
corporate,https://querybuscas.com/pages/corporate,,1283,404,69908,13101,980,text/html; charset=UTF-8,674.418369ms,,3a7dd503
corporation,https://querybuscas.com/pages/corporation,,1284,404,69908,13101,980,text/html; charset=UTF-8,644.326184ms,,3a7dd504
corrections,https://querybuscas.com/pages/corrections,,1285,404,69908,13101,980,text/html; charset=UTF-8,662.70304ms,,3a7dd505
cosign.key,https://querybuscas.com/pages/cosign.key,,1286,404,69908,13101,980,text/html; charset=UTF-8,777.802103ms,,3a7dd506
cosign.pub,https://querybuscas.com/pages/cosign.pub,,1287,404,69908,13101,980,text/html; charset=UTF-8,672.040931ms,,3a7dd507
count,https://querybuscas.com/pages/count,,1288,404,69908,13101,980,text/html; charset=UTF-8,799.297988ms,,3a7dd508
counter,https://querybuscas.com/pages/counter,,1289,404,69908,13101,980,text/html; charset=UTF-8,679.448765ms,,3a7dd509
counters,https://querybuscas.com/pages/counters,,1290,404,69908,13101,980,text/html; charset=UTF-8,679.387989ms,,3a7dd50a
country,https://querybuscas.com/pages/country,,1291,404,69908,13101,980,text/html; charset=UTF-8,628.203053ms,,3a7dd50b
counts,https://querybuscas.com/pages/counts,,1292,404,69908,13101,980,text/html; charset=UTF-8,612.476002ms,,3a7dd50c
coupon,https://querybuscas.com/pages/coupon,,1293,404,69908,13101,980,text/html; charset=UTF-8,707.761671ms,,3a7dd50d
coupons,https://querybuscas.com/pages/coupons,,1294,404,69908,13101,980,text/html; charset=UTF-8,714.629249ms,,3a7dd50e
coupons1,https://querybuscas.com/pages/coupons1,,1295,404,69908,13101,980,text/html; charset=UTF-8,712.976461ms,,3a7dd50f
course,https://querybuscas.com/pages/course,,1296,404,69908,13101,980,text/html; charset=UTF-8,680.44356ms,,3a7dd510
courses,https://querybuscas.com/pages/courses,,1297,404,69908,13101,980,text/html; charset=UTF-8,633.780369ms,,3a7dd511
cover,https://querybuscas.com/pages/cover,,1298,404,69908,13101,980,text/html; charset=UTF-8,754.38569ms,,3a7dd512
covers,https://querybuscas.com/pages/covers,,1299,404,69908,13101,980,text/html; charset=UTF-8,655.602979ms,,3a7dd513
cp,https://querybuscas.com/pages/cp,,1300,404,69908,13101,980,text/html; charset=UTF-8,637.965143ms,,3a7dd514
cpadmin,https://querybuscas.com/pages/cpadmin,,1301,404,69908,13101,980,text/html; charset=UTF-8,762.157717ms,,3a7dd515
cpanel,https://querybuscas.com/pages/cpanel,,1302,404,69908,13101,980,text/html; charset=UTF-8,734.059531ms,,3a7dd516
cpanel_file,https://querybuscas.com/pages/cpanel_file,,1303,404,69908,13101,980,text/html; charset=UTF-8,738.603386ms,,3a7dd517
cpath,https://querybuscas.com/pages/cpath,,1304,404,69908,13101,980,text/html; charset=UTF-8,765.752641ms,,3a7dd518
cpp,https://querybuscas.com/pages/cpp,,1305,404,69908,13101,980,text/html; charset=UTF-8,715.852006ms,,3a7dd519
cps,https://querybuscas.com/pages/cps,,1306,404,69908,13101,980,text/html; charset=UTF-8,720.315963ms,,3a7dd51a
cpstyles,https://querybuscas.com/pages/cpstyles,,1307,404,69908,13101,980,text/html; charset=UTF-8,752.563024ms,,3a7dd51b
cr,https://querybuscas.com/pages/cr,,1308,404,69908,13101,980,text/html; charset=UTF-8,671.542935ms,,3a7dd51c
crack,https://querybuscas.com/pages/crack,,1309,404,69908,13101,980,text/html; charset=UTF-8,597.489091ms,,3a7dd51d
crash,https://querybuscas.com/pages/crash,,1310,404,69908,13101,980,text/html; charset=UTF-8,897.894176ms,,3a7dd51e
crashes,https://querybuscas.com/pages/crashes,,1311,404,69908,13101,980,text/html; charset=UTF-8,892.022215ms,,3a7dd51f
create,https://querybuscas.com/pages/create,,1312,404,69908,13101,980,text/html; charset=UTF-8,890.699609ms,,3a7dd520
create_account,https://querybuscas.com/pages/create_account,,1313,404,69908,13101,980,text/html; charset=UTF-8,931.990996ms,,3a7dd521
createaccount,https://querybuscas.com/pages/createaccount,,1314,404,69908,13101,980,text/html; charset=UTF-8,881.067643ms,,3a7dd522
createbutton,https://querybuscas.com/pages/createbutton,,1315,404,69908,13101,980,text/html; charset=UTF-8,849.031342ms,,3a7dd523
creation,https://querybuscas.com/pages/creation,,1316,404,69908,13101,980,text/html; charset=UTF-8,645.461678ms,,3a7dd524
creator,https://querybuscas.com/pages/creator,,1317,404,69908,13101,980,text/html; charset=UTF-8,657.308269ms,,3a7dd525
credentials,https://querybuscas.com/pages/credentials,,1318,404,69908,13101,980,text/html; charset=UTF-8,645.447184ms,,3a7dd526
credentials.txt,https://querybuscas.com/pages/credentials.txt,,1319,404,68970,13094,980,text/html; charset=UTF-8,647.276659ms,,3a7dd527
credit,https://querybuscas.com/pages/credit,,1320,404,69908,13101,980,text/html; charset=UTF-8,594.71561ms,,3a7dd528
creditcards,https://querybuscas.com/pages/creditcards,,1321,404,69908,13101,980,text/html; charset=UTF-8,679.181066ms,,3a7dd529
credits,https://querybuscas.com/pages/credits,,1322,404,69908,13101,980,text/html; charset=UTF-8,716.343632ms,,3a7dd52a
crime,https://querybuscas.com/pages/crime,,1323,404,69908,13101,980,text/html; charset=UTF-8,657.607045ms,,3a7dd52b
crm,https://querybuscas.com/pages/crm,,1324,404,69908,13101,980,text/html; charset=UTF-8,656.536836ms,,3a7dd52c
crms,https://querybuscas.com/pages/crms,,1325,404,69908,13101,980,text/html; charset=UTF-8,686.436777ms,,3a7dd52d
cronjobs,https://querybuscas.com/pages/cronjobs,,1327,404,69908,13101,980,text/html; charset=UTF-8,676.334031ms,,3a7dd52f
cron,https://querybuscas.com/pages/cron,,1326,404,69908,13101,980,text/html; charset=UTF-8,735.980229ms,,3a7dd52e
crons,https://querybuscas.com/pages/crons,,1328,404,69908,13101,980,text/html; charset=UTF-8,702.528653ms,,3a7dd530
crontab,https://querybuscas.com/pages/crontab,,1329,404,69908,13101,980,text/html; charset=UTF-8,662.309143ms,,3a7dd531
crontabs,https://querybuscas.com/pages/crontabs,,1330,404,69908,13101,980,text/html; charset=UTF-8,656.028129ms,,3a7dd532
crossdomain,https://querybuscas.com/pages/crossdomain,,1331,404,69908,13101,980,text/html; charset=UTF-8,674.784073ms,,3a7dd533
crossdomain.xml,https://querybuscas.com/pages/crossdomain.xml,,1332,404,69908,13101,980,text/html; charset=UTF-8,648.869112ms,,3a7dd534
crs,https://querybuscas.com/pages/crs,,1333,404,69908,13101,980,text/html; charset=UTF-8,624.440509ms,,3a7dd535
crtr,https://querybuscas.com/pages/crtr,,1334,404,69908,13101,980,text/html; charset=UTF-8,593.314112ms,,3a7dd536
crypt,https://querybuscas.com/pages/crypt,,1335,404,69908,13101,980,text/html; charset=UTF-8,657.261892ms,,3a7dd537
crypto,https://querybuscas.com/pages/crypto,,1336,404,69908,13101,980,text/html; charset=UTF-8,575.494622ms,,3a7dd538
cs,https://querybuscas.com/pages/cs,,1337,404,69908,13101,980,text/html; charset=UTF-8,711.598178ms,,3a7dd539
cse,https://querybuscas.com/pages/cse,,1338,404,69908,13101,980,text/html; charset=UTF-8,583.575093ms,,3a7dd53a
csproj,https://querybuscas.com/pages/csproj,,1339,404,69908,13101,980,text/html; charset=UTF-8,634.332844ms,,3a7dd53b
css,https://querybuscas.com/pages/css,,1340,404,69908,13101,980,text/html; charset=UTF-8,643.476873ms,,3a7dd53c
csv,https://querybuscas.com/pages/csv,,1341,404,69908,13101,980,text/html; charset=UTF-8,797.642884ms,,3a7dd53d
ct,https://querybuscas.com/pages/ct,,1342,404,69908,13101,980,text/html; charset=UTF-8,606.291877ms,,3a7dd53e
ctl,https://querybuscas.com/pages/ctl,,1343,404,69908,13101,980,text/html; charset=UTF-8,788.688572ms,,3a7dd53f
culture,https://querybuscas.com/pages/culture,,1344,404,69908,13101,980,text/html; charset=UTF-8,757.412931ms,,3a7dd540
currency,https://querybuscas.com/pages/currency,,1345,404,69908,13101,980,text/html; charset=UTF-8,845.515494ms,,3a7dd541
current,https://querybuscas.com/pages/current,,1346,404,69908,13101,980,text/html; charset=UTF-8,795.697397ms,,3a7dd542
custom,https://querybuscas.com/pages/custom,,1347,404,69908,13101,980,text/html; charset=UTF-8,698.765317ms,,3a7dd543
custom-log,https://querybuscas.com/pages/custom-log,,1348,404,69908,13101,980,text/html; charset=UTF-8,627.583727ms,,3a7dd544
custom_log,https://querybuscas.com/pages/custom_log,,1349,404,69908,13101,980,text/html; charset=UTF-8,700.085263ms,,3a7dd545
customavatars,https://querybuscas.com/pages/customavatars,,1350,404,69908,13101,980,text/html; charset=UTF-8,642.960905ms,,3a7dd546
customcode,https://querybuscas.com/pages/customcode,,1351,404,69908,13101,980,text/html; charset=UTF-8,614.351202ms,,3a7dd547
customer,https://querybuscas.com/pages/customer,,1352,404,69908,13101,980,text/html; charset=UTF-8,653.100479ms,,3a7dd548
customers,https://querybuscas.com/pages/customers,,1354,404,69908,13101,980,text/html; charset=UTF-8,649.233314ms,,3a7dd54a
customer_login,https://querybuscas.com/pages/customer_login,,1353,404,69908,13101,980,text/html; charset=UTF-8,786.745624ms,,3a7dd549
customgroupicons,https://querybuscas.com/pages/customgroupicons,,1355,404,69908,13101,980,text/html; charset=UTF-8,643.787599ms,,3a7dd54b
customize,https://querybuscas.com/pages/customize,,1356,404,69908,13101,980,text/html; charset=UTF-8,652.958165ms,,3a7dd54c
cute,https://querybuscas.com/pages/cute,,1357,404,69908,13101,980,text/html; charset=UTF-8,659.006087ms,,3a7dd54d
cutesoft_client,https://querybuscas.com/pages/cutesoft_client,,1358,404,69908,13101,980,text/html; charset=UTF-8,633.998261ms,,3a7dd54e
cv,https://querybuscas.com/pages/cv,,1359,404,69908,13101,980,text/html; charset=UTF-8,630.746219ms,,3a7dd54f
cvs,https://querybuscas.com/pages/cvs,,1360,404,69908,13101,980,text/html; charset=UTF-8,663.332734ms,,3a7dd550
cxf,https://querybuscas.com/pages/cxf,,1361,404,69908,13101,980,text/html; charset=UTF-8,643.339362ms,,3a7dd551
cy,https://querybuscas.com/pages/cy,,1362,404,69908,13101,980,text/html; charset=UTF-8,625.007881ms,,3a7dd552
cyberworld,https://querybuscas.com/pages/cyberworld,,1363,404,69908,13101,980,text/html; charset=UTF-8,664.258554ms,,3a7dd553
cycle_image,https://querybuscas.com/pages/cycle_image,,1364,404,69908,13101,980,text/html; charset=UTF-8,734.306096ms,,3a7dd554
cz,https://querybuscas.com/pages/cz,,1365,404,69908,13101,980,text/html; charset=UTF-8,614.367716ms,,3a7dd555
czcmdcvt,https://querybuscas.com/pages/czcmdcvt,,1366,404,69908,13101,980,text/html; charset=UTF-8,625.86211ms,,3a7dd556
d,https://querybuscas.com/pages/d,,1367,404,69908,13101,980,text/html; charset=UTF-8,664.210449ms,,3a7dd557
da,https://querybuscas.com/pages/da,,1368,404,69908,13101,980,text/html; charset=UTF-8,569.243082ms,,3a7dd558
daemon,https://querybuscas.com/pages/daemon,,1369,404,69908,13101,980,text/html; charset=UTF-8,599.811144ms,,3a7dd559
daily,https://querybuscas.com/pages/daily,,1370,404,69908,13101,980,text/html; charset=UTF-8,761.587152ms,,3a7dd55a
daloradius,https://querybuscas.com/pages/daloradius,,1371,404,69908,13101,980,text/html; charset=UTF-8,735.925338ms,,3a7dd55b
dan,https://querybuscas.com/pages/dan,,1372,404,69908,13101,980,text/html; charset=UTF-8,835.542321ms,,3a7dd55c
dana-na,https://querybuscas.com/pages/dana-na,,1373,404,69908,13101,980,text/html; charset=UTF-8,788.172156ms,,3a7dd55d
dark,https://querybuscas.com/pages/dark,,1374,404,69908,13101,980,text/html; charset=UTF-8,788.317756ms,,3a7dd55e
dashboard,https://querybuscas.com/pages/dashboard,/,1375,302,23,4,1,text/plain; charset=utf-8,678.95258ms,,3a7dd55f
dat,https://querybuscas.com/pages/dat,,1376,404,69908,13101,980,text/html; charset=UTF-8,557.711703ms,,3a7dd560
data,https://querybuscas.com/pages/data,,1377,404,69908,13101,980,text/html; charset=UTF-8,613.811897ms,,3a7dd561
database,https://querybuscas.com/pages/database,,1378,404,69908,13101,980,text/html; charset=UTF-8,717.318401ms,,3a7dd562
database_administration,https://querybuscas.com/pages/database_administration,,1379,404,69908,13101,980,text/html; charset=UTF-8,670.560855ms,,3a7dd563
databases,https://querybuscas.com/pages/databases,,1380,404,69908,13101,980,text/html; charset=UTF-8,703.956205ms,,3a7dd564
datafiles,https://querybuscas.com/pages/datafiles,,1381,404,69908,13101,980,text/html; charset=UTF-8,747.231571ms,,3a7dd565
datas,https://querybuscas.com/pages/datas,,1382,404,69908,13101,980,text/html; charset=UTF-8,629.714329ms,,3a7dd566
date,https://querybuscas.com/pages/date,,1383,404,69908,13101,980,text/html; charset=UTF-8,653.161242ms,,3a7dd567
daten,https://querybuscas.com/pages/daten,,1384,404,69908,13101,980,text/html; charset=UTF-8,681.456825ms,,3a7dd568
datenschutz,https://querybuscas.com/pages/datenschutz,,1385,404,69908,13101,980,text/html; charset=UTF-8,668.39306ms,,3a7dd569
dating,https://querybuscas.com/pages/dating,,1386,404,69908,13101,980,text/html; charset=UTF-8,651.401786ms,,3a7dd56a
dav,https://querybuscas.com/pages/dav,,1387,404,69908,13101,980,text/html; charset=UTF-8,624.972553ms,,3a7dd56b
day,https://querybuscas.com/pages/day,,1388,404,69908,13101,980,text/html; charset=UTF-8,647.400909ms,,3a7dd56c
db,https://querybuscas.com/pages/db,,1389,404,69908,13101,980,text/html; charset=UTF-8,612.115343ms,,3a7dd56d
db_connect,https://querybuscas.com/pages/db_connect,,1390,404,69908,13101,980,text/html; charset=UTF-8,652.48361ms,,3a7dd56e
dba,https://querybuscas.com/pages/dba,,1391,404,69908,13101,980,text/html; charset=UTF-8,636.475841ms,,3a7dd56f
dbadmin,https://querybuscas.com/pages/dbadmin,,1392,404,69908,13101,980,text/html; charset=UTF-8,629.526849ms,,3a7dd570
dbase,https://querybuscas.com/pages/dbase,,1393,404,69908,13101,980,text/html; charset=UTF-8,587.177367ms,,3a7dd571
dbboon,https://querybuscas.com/pages/dbboon,,1394,404,69908,13101,980,text/html; charset=UTF-8,783.83225ms,,3a7dd572
dbg,https://querybuscas.com/pages/dbg,,1395,404,69908,13101,980,text/html; charset=UTF-8,641.355367ms,,3a7dd573
dbi,https://querybuscas.com/pages/dbi,,1396,404,69908,13101,980,text/html; charset=UTF-8,597.402949ms,,3a7dd574
dblclk,https://querybuscas.com/pages/dblclk,,1397,404,69908,13101,980,text/html; charset=UTF-8,589.758153ms,,3a7dd575
dbm,https://querybuscas.com/pages/dbm,,1398,404,69908,13101,980,text/html; charset=UTF-8,702.069795ms,,3a7dd576
dbman,https://querybuscas.com/pages/dbman,,1399,404,69908,13101,980,text/html; charset=UTF-8,623.474899ms,,3a7dd577
dbms,https://querybuscas.com/pages/dbms,,1401,404,69908,13101,980,text/html; charset=UTF-8,592.11927ms,,3a7dd579
dbmodules,https://querybuscas.com/pages/dbmodules,,1400,404,69908,13101,980,text/html; charset=UTF-8,571.982176ms,,3a7dd578
dbutil,https://querybuscas.com/pages/dbutil,,1402,404,69908,13101,980,text/html; charset=UTF-8,611.080236ms,,3a7dd57a
dc,https://querybuscas.com/pages/dc,,1403,404,69908,13101,980,text/html; charset=UTF-8,704.072998ms,,3a7dd57b
dcforum,https://querybuscas.com/pages/dcforum,,1404,404,69908,13101,980,text/html; charset=UTF-8,642.967826ms,,3a7dd57c
dclk,https://querybuscas.com/pages/dclk,,1405,404,69908,13101,980,text/html; charset=UTF-8,637.609986ms,,3a7dd57d
de,https://querybuscas.com/pages/de,,1406,404,69908,13101,980,text/html; charset=UTF-8,661.562394ms,,3a7dd57e
deal,https://querybuscas.com/pages/deal,,1408,404,69908,13101,980,text/html; charset=UTF-8,598.527416ms,,3a7dd580
de_DE,https://querybuscas.com/pages/de_DE,,1407,404,69908,13101,980,text/html; charset=UTF-8,687.532639ms,,3a7dd57f
dealer,https://querybuscas.com/pages/dealer,,1409,404,69908,13101,980,text/html; charset=UTF-8,720.199033ms,,3a7dd581
dealers,https://querybuscas.com/pages/dealers,,1410,404,69908,13101,980,text/html; charset=UTF-8,696.250703ms,,3a7dd582
deals,https://querybuscas.com/pages/deals,,1411,404,69908,13101,980,text/html; charset=UTF-8,713.928744ms,,3a7dd583
debian,https://querybuscas.com/pages/debian,,1412,404,69908,13101,980,text/html; charset=UTF-8,791.355422ms,,3a7dd584
debug,https://querybuscas.com/pages/debug,,1413,404,69908,13101,980,text/html; charset=UTF-8,672.123943ms,,3a7dd585
dec,https://querybuscas.com/pages/dec,,1414,404,69908,13101,980,text/html; charset=UTF-8,666.629249ms,,3a7dd586
decl,https://querybuscas.com/pages/decl,,1415,404,69908,13101,980,text/html; charset=UTF-8,673.512131ms,,3a7dd587
declaration,https://querybuscas.com/pages/declaration,,1416,404,69908,13101,980,text/html; charset=UTF-8,678.528549ms,,3a7dd588
declarations,https://querybuscas.com/pages/declarations,,1417,404,69908,13101,980,text/html; charset=UTF-8,638.781691ms,,3a7dd589
decode,https://querybuscas.com/pages/decode,,1418,404,69908,13101,980,text/html; charset=UTF-8,601.723624ms,,3a7dd58a
decoder,https://querybuscas.com/pages/decoder,,1419,404,69908,13101,980,text/html; charset=UTF-8,574.048126ms,,3a7dd58b
decrypted,https://querybuscas.com/pages/decrypted,,1421,404,69908,13101,980,text/html; charset=UTF-8,691.194584ms,,3a7dd58d
decrypt,https://querybuscas.com/pages/decrypt,,1420,404,69908,13101,980,text/html; charset=UTF-8,686.715991ms,,3a7dd58c
decryption,https://querybuscas.com/pages/decryption,,1422,404,69908,13101,980,text/html; charset=UTF-8,685.35065ms,,3a7dd58e
def,https://querybuscas.com/pages/def,,1423,404,69908,13101,980,text/html; charset=UTF-8,610.307176ms,,3a7dd58f
default,https://querybuscas.com/pages/default,,1424,404,69908,13101,980,text/html; charset=UTF-8,684.278449ms,,3a7dd590
default_icon,https://querybuscas.com/pages/default_icon,,1425,404,69908,13101,980,text/html; charset=UTF-8,663.131816ms,,3a7dd591
default_image,https://querybuscas.com/pages/default_image,,1426,404,69908,13101,980,text/html; charset=UTF-8,605.809849ms,,3a7dd592
default_page,https://querybuscas.com/pages/default_page,,1428,404,69908,13101,980,text/html; charset=UTF-8,661.83698ms,,3a7dd594
default_logo,https://querybuscas.com/pages/default_logo,,1427,404,69908,13101,980,text/html; charset=UTF-8,815.462746ms,,3a7dd593
default_pages,https://querybuscas.com/pages/default_pages,,1429,404,69908,13101,980,text/html; charset=UTF-8,798.923717ms,,3a7dd595
defaults,https://querybuscas.com/pages/defaults,,1430,404,69908,13101,980,text/html; charset=UTF-8,679.908881ms,,3a7dd596
definition,https://querybuscas.com/pages/definition,,1431,404,69908,13101,980,text/html; charset=UTF-8,746.616802ms,,3a7dd597
definitions,https://querybuscas.com/pages/definitions,,1432,404,69908,13101,980,text/html; charset=UTF-8,705.408663ms,,3a7dd598
del,https://querybuscas.com/pages/del,,1433,404,69908,13101,980,text/html; charset=UTF-8,713.141935ms,,3a7dd599
delete,https://querybuscas.com/pages/delete,,1434,404,69908,13101,980,text/html; charset=UTF-8,716.255ms,,3a7dd59a
deleted,https://querybuscas.com/pages/deleted,,1435,404,69908,13101,980,text/html; charset=UTF-8,734.707076ms,,3a7dd59b
deleteme,https://querybuscas.com/pages/deleteme,,1436,404,69908,13101,980,text/html; charset=UTF-8,700.943851ms,,3a7dd59c
deletion,https://querybuscas.com/pages/deletion,,1437,404,69908,13101,980,text/html; charset=UTF-8,648.109565ms,,3a7dd59d
delicious,https://querybuscas.com/pages/delicious,,1438,404,69908,13101,980,text/html; charset=UTF-8,741.954608ms,,3a7dd59e
demo,https://querybuscas.com/pages/demo,,1439,404,69908,13101,980,text/html; charset=UTF-8,823.463316ms,,3a7dd59f
demo2,https://querybuscas.com/pages/demo2,,1440,404,69908,13101,980,text/html; charset=UTF-8,630.36022ms,,3a7dd5a0
demos,https://querybuscas.com/pages/demos,,1441,404,69908,13101,980,text/html; charset=UTF-8,669.859472ms,,3a7dd5a1
denied,https://querybuscas.com/pages/denied,,1442,404,69908,13101,980,text/html; charset=UTF-8,642.062824ms,,3a7dd5a2
deny,https://querybuscas.com/pages/deny,,1443,404,69908,13101,980,text/html; charset=UTF-8,852.266263ms,,3a7dd5a3
departments,https://querybuscas.com/pages/departments,,1444,404,69908,13101,980,text/html; charset=UTF-8,751.496339ms,,3a7dd5a4
deploy,https://querybuscas.com/pages/deploy,,1445,404,69908,13101,980,text/html; charset=UTF-8,778.325685ms,,3a7dd5a5
deployment,https://querybuscas.com/pages/deployment,,1446,404,69908,13101,980,text/html; charset=UTF-8,1.069336133s,,3a7dd5a6
descargas,https://querybuscas.com/pages/descargas,,1447,404,69908,13101,980,text/html; charset=UTF-8,1.171679828s,,3a7dd5a7
design,https://querybuscas.com/pages/design,,1448,404,69908,13101,980,text/html; charset=UTF-8,1.120443348s,,3a7dd5a8
designs,https://querybuscas.com/pages/designs,,1449,404,69908,13101,980,text/html; charset=UTF-8,1.07726s,,3a7dd5a9
desktop,https://querybuscas.com/pages/desktop,,1450,404,69908,13101,980,text/html; charset=UTF-8,919.591525ms,,3a7dd5aa
desktopmodules,https://querybuscas.com/pages/desktopmodules,,1451,404,69908,13101,980,text/html; charset=UTF-8,805.776195ms,,3a7dd5ab
desktops,https://querybuscas.com/pages/desktops,,1452,404,69908,13101,980,text/html; charset=UTF-8,730.227549ms,,3a7dd5ac
destinations,https://querybuscas.com/pages/destinations,,1453,404,69908,13101,980,text/html; charset=UTF-8,635.837559ms,,3a7dd5ad
detail,https://querybuscas.com/pages/detail,,1454,404,69908,13101,980,text/html; charset=UTF-8,685.84529ms,,3a7dd5ae
details,https://querybuscas.com/pages/details,,1455,404,69908,13101,980,text/html; charset=UTF-8,843.306108ms,,3a7dd5af
deutsch,https://querybuscas.com/pages/deutsch,,1456,404,69908,13101,980,text/html; charset=UTF-8,797.597538ms,,3a7dd5b0
dev,https://querybuscas.com/pages/dev,,1457,404,69908,13101,980,text/html; charset=UTF-8,728.904422ms,,3a7dd5b1
dev2,https://querybuscas.com/pages/dev2,,1458,404,69908,13101,980,text/html; charset=UTF-8,671.188737ms,,3a7dd5b2
dev60cgi,https://querybuscas.com/pages/dev60cgi,,1459,404,69908,13101,980,text/html; charset=UTF-8,674.268951ms,,3a7dd5b3
devel,https://querybuscas.com/pages/devel,,1460,404,69908,13101,980,text/html; charset=UTF-8,693.444743ms,,3a7dd5b4
develop,https://querybuscas.com/pages/develop,,1461,404,69908,13101,980,text/html; charset=UTF-8,768.701887ms,,3a7dd5b5
developement,https://querybuscas.com/pages/developement,,1462,404,69908,13101,980,text/html; charset=UTF-8,792.351169ms,,3a7dd5b6
developer,https://querybuscas.com/pages/developer,,1463,404,69908,13101,980,text/html; charset=UTF-8,769.167948ms,,3a7dd5b7
developers,https://querybuscas.com/pages/developers,,1464,404,69908,13101,980,text/html; charset=UTF-8,787.875011ms,,3a7dd5b8
development,https://querybuscas.com/pages/development,,1465,404,69908,13101,980,text/html; charset=UTF-8,759.450176ms,,3a7dd5b9
development.log,https://querybuscas.com/pages/development.log,,1466,404,69908,13101,980,text/html; charset=UTF-8,675.962867ms,,3a7dd5ba
device,https://querybuscas.com/pages/device,,1467,404,69908,13101,980,text/html; charset=UTF-8,708.550478ms,,3a7dd5bb
devices,https://querybuscas.com/pages/devices,,1468,404,69908,13101,980,text/html; charset=UTF-8,758.098263ms,,3a7dd5bc
devs,https://querybuscas.com/pages/devs,,1469,404,69908,13101,980,text/html; charset=UTF-8,738.391313ms,,3a7dd5bd
devtools,https://querybuscas.com/pages/devtools,,1470,404,69908,13101,980,text/html; charset=UTF-8,827.588652ms,,3a7dd5be
df,https://querybuscas.com/pages/df,,1471,404,69908,13101,980,text/html; charset=UTF-8,734.912286ms,,3a7dd5bf
dh_,https://querybuscas.com/pages/dh_,,1472,404,69908,13101,980,text/html; charset=UTF-8,745.597499ms,,3a7dd5c0
dh_phpmyadmin,https://querybuscas.com/pages/dh_phpmyadmin,,1473,404,69908,13101,980,text/html; charset=UTF-8,777.175693ms,,3a7dd5c1
di,https://querybuscas.com/pages/di,,1474,404,69908,13101,980,text/html; charset=UTF-8,657.852902ms,,3a7dd5c2
diag,https://querybuscas.com/pages/diag,,1475,404,69908,13101,980,text/html; charset=UTF-8,672.509278ms,,3a7dd5c3
diagnostics,https://querybuscas.com/pages/diagnostics,,1476,404,69908,13101,980,text/html; charset=UTF-8,627.524962ms,,3a7dd5c4
dial,https://querybuscas.com/pages/dial,,1477,404,69908,13101,980,text/html; charset=UTF-8,657.650655ms,,3a7dd5c5
dialog,https://querybuscas.com/pages/dialog,,1478,404,69908,13101,980,text/html; charset=UTF-8,599.653142ms,,3a7dd5c6
dialogs,https://querybuscas.com/pages/dialogs,,1479,404,69908,13101,980,text/html; charset=UTF-8,680.445264ms,,3a7dd5c7
diary,https://querybuscas.com/pages/diary,,1480,404,69908,13101,980,text/html; charset=UTF-8,768.690493ms,,3a7dd5c8
dictionary,https://querybuscas.com/pages/dictionary,,1481,404,69908,13101,980,text/html; charset=UTF-8,635.586178ms,,3a7dd5c9
diff,https://querybuscas.com/pages/diff,,1482,404,69908,13101,980,text/html; charset=UTF-8,683.677476ms,,3a7dd5ca
diffs,https://querybuscas.com/pages/diffs,,1483,404,69908,13101,980,text/html; charset=UTF-8,645.993768ms,,3a7dd5cb
dig,https://querybuscas.com/pages/dig,,1484,404,69908,13101,980,text/html; charset=UTF-8,652.207085ms,,3a7dd5cc
digest,https://querybuscas.com/pages/digest,,1485,404,69908,13101,980,text/html; charset=UTF-8,724.574737ms,,3a7dd5cd
digg,https://querybuscas.com/pages/digg,,1486,404,69908,13101,980,text/html; charset=UTF-8,626.238213ms,,3a7dd5ce
digital,https://querybuscas.com/pages/digital,,1487,404,69908,13101,980,text/html; charset=UTF-8,669.489695ms,,3a7dd5cf
dir,https://querybuscas.com/pages/dir,,1488,404,69908,13101,980,text/html; charset=UTF-8,598.765526ms,,3a7dd5d0
dir-login,https://querybuscas.com/pages/dir-login,,1489,404,69908,13101,980,text/html; charset=UTF-8,645.658229ms,,3a7dd5d1
dir-prop-base,https://querybuscas.com/pages/dir-prop-base,,1490,404,69908,13101,980,text/html; charset=UTF-8,703.693711ms,,3a7dd5d2
dirbmark,https://querybuscas.com/pages/dirbmark,,1491,404,69908,13101,980,text/html; charset=UTF-8,686.115329ms,,3a7dd5d3
direct,https://querybuscas.com/pages/direct,,1492,404,69908,13101,980,text/html; charset=UTF-8,642.76468ms,,3a7dd5d4
directadmin,https://querybuscas.com/pages/directadmin,,1493,404,69908,13101,980,text/html; charset=UTF-8,809.370069ms,,3a7dd5d5
directions,https://querybuscas.com/pages/directions,,1494,404,69908,13101,980,text/html; charset=UTF-8,947.897642ms,,3a7dd5d6
directories,https://querybuscas.com/pages/directories,,1495,404,69908,13101,980,text/html; charset=UTF-8,919.547554ms,,3a7dd5d7
directorio,https://querybuscas.com/pages/directorio,,1496,404,69908,13101,980,text/html; charset=UTF-8,911.343733ms,,3a7dd5d8
directory,https://querybuscas.com/pages/directory,,1497,404,69908,13101,980,text/html; charset=UTF-8,870.617394ms,,3a7dd5d9
dirs,https://querybuscas.com/pages/dirs,,1498,404,69908,13101,980,text/html; charset=UTF-8,700.681665ms,,3a7dd5da
disabled,https://querybuscas.com/pages/disabled,,1499,404,69908,13101,980,text/html; charset=UTF-8,712.79875ms,,3a7dd5db
disallow,https://querybuscas.com/pages/disallow,,1500,404,69908,13101,980,text/html; charset=UTF-8,661.401928ms,,3a7dd5dc
disclaimer,https://querybuscas.com/pages/disclaimer,,1501,404,69908,13101,980,text/html; charset=UTF-8,656.694453ms,,3a7dd5dd
disclosure,https://querybuscas.com/pages/disclosure,,1502,404,69908,13101,980,text/html; charset=UTF-8,758.039076ms,,3a7dd5de
discootra,https://querybuscas.com/pages/discootra,,1503,404,69908,13101,980,text/html; charset=UTF-8,622.515957ms,,3a7dd5df
discount,https://querybuscas.com/pages/discount,,1504,404,69908,13101,980,text/html; charset=UTF-8,783.304968ms,,3a7dd5e0
discovery,https://querybuscas.com/pages/discovery,,1505,404,69908,13101,980,text/html; charset=UTF-8,761.267481ms,,3a7dd5e1
discus,https://querybuscas.com/pages/discus,,1506,404,69908,13101,980,text/html; charset=UTF-8,707.488845ms,,3a7dd5e2
discuss,https://querybuscas.com/pages/discuss,,1507,404,69908,13101,980,text/html; charset=UTF-8,648.26181ms,,3a7dd5e3
discussion,https://querybuscas.com/pages/discussion,,1508,404,69908,13101,980,text/html; charset=UTF-8,619.638546ms,,3a7dd5e4
disdls,https://querybuscas.com/pages/disdls,,1509,404,69908,13101,980,text/html; charset=UTF-8,674.023725ms,,3a7dd5e5
disk,https://querybuscas.com/pages/disk,,1510,404,69908,13101,980,text/html; charset=UTF-8,787.489575ms,,3a7dd5e6
dispatch,https://querybuscas.com/pages/dispatch,,1511,404,69908,13101,980,text/html; charset=UTF-8,685.376458ms,,3a7dd5e7
dispatcher,https://querybuscas.com/pages/dispatcher,,1512,404,69908,13101,980,text/html; charset=UTF-8,650.486458ms,,3a7dd5e8
display,https://querybuscas.com/pages/display,,1513,404,69908,13101,980,text/html; charset=UTF-8,666.918525ms,,3a7dd5e9
display_vvcodes,https://querybuscas.com/pages/display_vvcodes,,1514,404,69908,13101,980,text/html; charset=UTF-8,611.588569ms,,3a7dd5ea
dist,https://querybuscas.com/pages/dist,,1515,404,69908,13101,980,text/html; charset=UTF-8,603.278896ms,,3a7dd5eb
divider,https://querybuscas.com/pages/divider,,1516,404,69908,13101,980,text/html; charset=UTF-8,641.479919ms,,3a7dd5ec
django,https://querybuscas.com/pages/django,,1517,404,69908,13101,980,text/html; charset=UTF-8,624.426303ms,,3a7dd5ed
dk,https://querybuscas.com/pages/dk,,1518,404,69908,13101,980,text/html; charset=UTF-8,709.108157ms,,3a7dd5ee
dl,https://querybuscas.com/pages/dl,,1519,404,69908,13101,980,text/html; charset=UTF-8,706.768969ms,,3a7dd5ef
dll,https://querybuscas.com/pages/dll,,1520,404,69908,13101,980,text/html; charset=UTF-8,601.566447ms,,3a7dd5f0
dm,https://querybuscas.com/pages/dm,,1521,404,69908,13101,980,text/html; charset=UTF-8,743.6265ms,,3a7dd5f1
dm-config,https://querybuscas.com/pages/dm-config,,1522,404,69908,13101,980,text/html; charset=UTF-8,646.839336ms,,3a7dd5f2
dmdocuments,https://querybuscas.com/pages/dmdocuments,,1523,404,69908,13101,980,text/html; charset=UTF-8,680.14289ms,,3a7dd5f3
dms,https://querybuscas.com/pages/dms,,1524,404,69908,13101,980,text/html; charset=UTF-8,704.753133ms,,3a7dd5f4
dms0,https://querybuscas.com/pages/dms0,,1525,404,69908,13101,980,text/html; charset=UTF-8,603.295332ms,,3a7dd5f5
dns,https://querybuscas.com/pages/dns,,1526,404,69908,13101,980,text/html; charset=UTF-8,712.645169ms,,3a7dd5f6
do,https://querybuscas.com/pages/do,,1527,404,69908,13101,980,text/html; charset=UTF-8,653.363487ms,,3a7dd5f7
doc,https://querybuscas.com/pages/doc,,1528,404,69908,13101,980,text/html; charset=UTF-8,662.129114ms,,3a7dd5f8
docebo,https://querybuscas.com/pages/docebo,,1529,404,69908,13101,980,text/html; charset=UTF-8,684.554806ms,,3a7dd5f9
docedit,https://querybuscas.com/pages/docedit,,1530,404,69908,13101,980,text/html; charset=UTF-8,584.702856ms,,3a7dd5fa
dock,https://querybuscas.com/pages/dock,,1531,404,69908,13101,980,text/html; charset=UTF-8,752.370293ms,,3a7dd5fb
docroot,https://querybuscas.com/pages/docroot,,1532,404,69908,13101,980,text/html; charset=UTF-8,643.003023ms,,3a7dd5fc
docs,https://querybuscas.com/pages/docs,,1533,404,69908,13101,980,text/html; charset=UTF-8,634.091546ms,,3a7dd5fd
docs41,https://querybuscas.com/pages/docs41,,1534,404,69908,13101,980,text/html; charset=UTF-8,718.722236ms,,3a7dd5fe
docs51,https://querybuscas.com/pages/docs51,,1535,404,69908,13101,980,text/html; charset=UTF-8,736.791455ms,,3a7dd5ff
document,https://querybuscas.com/pages/document,,1536,404,69908,13101,980,text/html; charset=UTF-8,717.614784ms,,3a7dd600
documentation,https://querybuscas.com/pages/documentation,,1538,404,69908,13101,980,text/html; charset=UTF-8,643.853848ms,,3a7dd602
document_library,https://querybuscas.com/pages/document_library,,1537,404,69908,13101,980,text/html; charset=UTF-8,676.524276ms,,3a7dd601
documents,https://querybuscas.com/pages/documents,,1539,404,69908,13101,980,text/html; charset=UTF-8,722.372352ms,,3a7dd603
doinfo,https://querybuscas.com/pages/doinfo,,1540,404,69908,13101,980,text/html; charset=UTF-8,656.055448ms,,3a7dd604
domain,https://querybuscas.com/pages/domain,,1542,404,69908,13101,980,text/html; charset=UTF-8,554.909738ms,,3a7dd606
dokuwiki,https://querybuscas.com/pages/dokuwiki,,1541,404,69908,13101,980,text/html; charset=UTF-8,714.138364ms,,3a7dd605
domains,https://querybuscas.com/pages/domains,,1543,404,69908,13101,980,text/html; charset=UTF-8,616.985969ms,,3a7dd607
donate,https://querybuscas.com/pages/donate,,1544,404,69908,13101,980,text/html; charset=UTF-8,783.347567ms,,3a7dd608
donations,https://querybuscas.com/pages/donations,,1545,404,69908,13101,980,text/html; charset=UTF-8,608.36567ms,,3a7dd609
done,https://querybuscas.com/pages/done,,1546,404,69908,13101,980,text/html; charset=UTF-8,659.892483ms,,3a7dd60a
dot,https://querybuscas.com/pages/dot,,1547,404,69908,13101,980,text/html; charset=UTF-8,591.567116ms,,3a7dd60b
doubleclick,https://querybuscas.com/pages/doubleclick,,1548,404,69908,13101,980,text/html; charset=UTF-8,724.337325ms,,3a7dd60c
down,https://querybuscas.com/pages/down,,1549,404,69908,13101,980,text/html; charset=UTF-8,667.036696ms,,3a7dd60d
download,https://querybuscas.com/pages/download,,1550,404,69908,13101,980,text/html; charset=UTF-8,692.856272ms,,3a7dd60e
download_private,https://querybuscas.com/pages/download_private,,1551,404,69908,13101,980,text/html; charset=UTF-8,565.991744ms,,3a7dd60f
downloader,https://querybuscas.com/pages/downloader,,1552,404,69908,13101,980,text/html; charset=UTF-8,636.055822ms,,3a7dd610
downloads,https://querybuscas.com/pages/downloads,,1553,404,69908,13101,980,text/html; charset=UTF-8,595.099698ms,,3a7dd611
downsys,https://querybuscas.com/pages/downsys,,1554,404,69908,13101,980,text/html; charset=UTF-8,596.489307ms,,3a7dd612
draft,https://querybuscas.com/pages/draft,,1555,404,69908,13101,980,text/html; charset=UTF-8,584.880271ms,,3a7dd613
drafts,https://querybuscas.com/pages/drafts,,1556,404,69908,13101,980,text/html; charset=UTF-8,610.224002ms,,3a7dd614
dragon,https://querybuscas.com/pages/dragon,,1557,404,69908,13101,980,text/html; charset=UTF-8,653.349723ms,,3a7dd615
draver,https://querybuscas.com/pages/draver,,1558,404,69908,13101,980,text/html; charset=UTF-8,754.483763ms,,3a7dd616
driver,https://querybuscas.com/pages/driver,,1559,404,69908,13101,980,text/html; charset=UTF-8,914.973813ms,,3a7dd617
drivers,https://querybuscas.com/pages/drivers,,1560,404,69908,13101,980,text/html; charset=UTF-8,945.411695ms,,3a7dd618
drop,https://querybuscas.com/pages/drop,,1561,404,69908,13101,980,text/html; charset=UTF-8,956.56724ms,,3a7dd619
dropped,https://querybuscas.com/pages/dropped,,1562,404,69908,13101,980,text/html; charset=UTF-8,894.261147ms,,3a7dd61a
drupal,https://querybuscas.com/pages/drupal,,1563,404,69908,13101,980,text/html; charset=UTF-8,897.099109ms,,3a7dd61b
ds,https://querybuscas.com/pages/ds,,1564,404,69908,13101,980,text/html; charset=UTF-8,722.929722ms,,3a7dd61c
dummy,https://querybuscas.com/pages/dummy,,1565,404,69908,13101,980,text/html; charset=UTF-8,704.658402ms,,3a7dd61d
dump,https://querybuscas.com/pages/dump,,1566,404,69908,13101,980,text/html; charset=UTF-8,694.430084ms,,3a7dd61e
dumpenv,https://querybuscas.com/pages/dumpenv,,1567,404,69908,13101,980,text/html; charset=UTF-8,642.524996ms,,3a7dd61f
dumps,https://querybuscas.com/pages/dumps,,1568,404,69908,13101,980,text/html; charset=UTF-8,643.999685ms,,3a7dd620
dumpuser,https://querybuscas.com/pages/dumpuser,,1569,404,69908,13101,980,text/html; charset=UTF-8,742.602012ms,,3a7dd621
dvd,https://querybuscas.com/pages/dvd,,1570,404,69908,13101,980,text/html; charset=UTF-8,687.283686ms,,3a7dd622
dwr,https://querybuscas.com/pages/dwr,,1571,404,69908,13101,980,text/html; charset=UTF-8,670.449561ms,,3a7dd623
dyn,https://querybuscas.com/pages/dyn,,1572,404,69908,13101,980,text/html; charset=UTF-8,726.938955ms,,3a7dd624
dynamic,https://querybuscas.com/pages/dynamic,,1573,404,69908,13101,980,text/html; charset=UTF-8,720.650454ms,,3a7dd625
dyop_addtocart,https://querybuscas.com/pages/dyop_addtocart,,1574,404,69908,13101,980,text/html; charset=UTF-8,747.508466ms,,3a7dd626
dyop_delete,https://querybuscas.com/pages/dyop_delete,,1575,404,69908,13101,980,text/html; charset=UTF-8,681.847305ms,,3a7dd627
dyop_quan,https://querybuscas.com/pages/dyop_quan,,1576,404,69908,13101,980,text/html; charset=UTF-8,657.389037ms,,3a7dd628
e,https://querybuscas.com/pages/e,,1577,404,69908,13101,980,text/html; charset=UTF-8,686.8756ms,,3a7dd629
e-mail,https://querybuscas.com/pages/e-mail,,1578,404,69908,13101,980,text/html; charset=UTF-8,634.545212ms,,3a7dd62a
e-store,https://querybuscas.com/pages/e-store,,1579,404,69908,13101,980,text/html; charset=UTF-8,679.908848ms,,3a7dd62b
e107_admin,https://querybuscas.com/pages/e107_admin,,1580,404,69908,13101,980,text/html; charset=UTF-8,657.202183ms,,3a7dd62c
e107_files,https://querybuscas.com/pages/e107_files,,1581,404,69908,13101,980,text/html; charset=UTF-8,617.48492ms,,3a7dd62d
e107_handlers,https://querybuscas.com/pages/e107_handlers,,1582,404,69908,13101,980,text/html; charset=UTF-8,700.43073ms,,3a7dd62e
e2fs,https://querybuscas.com/pages/e2fs,,1583,404,69908,13101,980,text/html; charset=UTF-8,642.956813ms,,3a7dd62f
ear,https://querybuscas.com/pages/ear,,1584,404,69908,13101,980,text/html; charset=UTF-8,631.289755ms,,3a7dd630
easy,https://querybuscas.com/pages/easy,,1585,404,69908,13101,980,text/html; charset=UTF-8,670.703011ms,,3a7dd631
ebay,https://querybuscas.com/pages/ebay,,1586,404,69908,13101,980,text/html; charset=UTF-8,710.244388ms,,3a7dd632
eblast,https://querybuscas.com/pages/eblast,,1587,404,69908,13101,980,text/html; charset=UTF-8,727.121932ms,,3a7dd633
ebook,https://querybuscas.com/pages/ebook,,1588,404,69908,13101,980,text/html; charset=UTF-8,863.276833ms,,3a7dd634
ebooks,https://querybuscas.com/pages/ebooks,,1589,404,69908,13101,980,text/html; charset=UTF-8,839.005586ms,,3a7dd635
ebriefs,https://querybuscas.com/pages/ebriefs,,1590,404,69908,13101,980,text/html; charset=UTF-8,857.179496ms,,3a7dd636
ec,https://querybuscas.com/pages/ec,,1591,404,69908,13101,980,text/html; charset=UTF-8,743.775651ms,,3a7dd637
ecard,https://querybuscas.com/pages/ecard,,1592,404,69908,13101,980,text/html; charset=UTF-8,734.248985ms,,3a7dd638
ecards,https://querybuscas.com/pages/ecards,,1593,404,69908,13101,980,text/html; charset=UTF-8,618.743859ms,,3a7dd639
echannel,https://querybuscas.com/pages/echannel,,1594,404,69908,13101,980,text/html; charset=UTF-8,595.826503ms,,3a7dd63a
ecommerce,https://querybuscas.com/pages/ecommerce,,1595,404,69908,13101,980,text/html; charset=UTF-8,681.142301ms,,3a7dd63b
ecrire,https://querybuscas.com/pages/ecrire,,1596,404,69908,13101,980,text/html; charset=UTF-8,701.382672ms,,3a7dd63c
edge,https://querybuscas.com/pages/edge,,1597,404,69908,13101,980,text/html; charset=UTF-8,589.273737ms,,3a7dd63d
edgy,https://querybuscas.com/pages/edgy,,1598,404,69908,13101,980,text/html; charset=UTF-8,810.872165ms,,3a7dd63e
edit,https://querybuscas.com/pages/edit,,1599,404,69908,13101,980,text/html; charset=UTF-8,738.781542ms,,3a7dd63f
edit_link,https://querybuscas.com/pages/edit_link,,1600,404,69908,13101,980,text/html; charset=UTF-8,803.229833ms,,3a7dd640
edit_profile,https://querybuscas.com/pages/edit_profile,,1601,404,69908,13101,980,text/html; charset=UTF-8,737.194329ms,,3a7dd641
editaddress,https://querybuscas.com/pages/editaddress,,1602,404,69908,13101,980,text/html; charset=UTF-8,736.550608ms,,3a7dd642
editor,https://querybuscas.com/pages/editor,,1603,404,69908,13101,980,text/html; charset=UTF-8,679.766713ms,,3a7dd643
editorial,https://querybuscas.com/pages/editorial,,1604,404,69908,13101,980,text/html; charset=UTF-8,741.214993ms,,3a7dd644
editorials,https://querybuscas.com/pages/editorials,,1605,404,69908,13101,980,text/html; charset=UTF-8,753.468838ms,,3a7dd645
editors,https://querybuscas.com/pages/editors,,1606,404,69908,13101,980,text/html; charset=UTF-8,689.30214ms,,3a7dd646
editpost,https://querybuscas.com/pages/editpost,,1607,404,69908,13101,980,text/html; charset=UTF-8,719.884652ms,,3a7dd647
edits,https://querybuscas.com/pages/edits,,1608,404,69908,13101,980,text/html; charset=UTF-8,631.855907ms,,3a7dd648
edp,https://querybuscas.com/pages/edp,,1609,404,69908,13101,980,text/html; charset=UTF-8,805.345671ms,,3a7dd649
edu,https://querybuscas.com/pages/edu,,1610,404,69908,13101,980,text/html; charset=UTF-8,811.109483ms,,3a7dd64a
ee,https://querybuscas.com/pages/ee,,1612,404,69908,13101,980,text/html; charset=UTF-8,719.997975ms,,3a7dd64c
education,https://querybuscas.com/pages/education,,1611,404,69908,13101,980,text/html; charset=UTF-8,806.792555ms,,3a7dd64b
effort,https://querybuscas.com/pages/effort,,1613,404,69908,13101,980,text/html; charset=UTF-8,650.511787ms,,3a7dd64d
efforts,https://querybuscas.com/pages/efforts,,1614,404,69908,13101,980,text/html; charset=UTF-8,788.118119ms,,3a7dd64e
egress,https://querybuscas.com/pages/egress,,1615,404,69908,13101,980,text/html; charset=UTF-8,685.807994ms,,3a7dd64f
ehdaa,https://querybuscas.com/pages/ehdaa,,1616,404,69908,13101,980,text/html; charset=UTF-8,895.737086ms,,3a7dd650
ejb,https://querybuscas.com/pages/ejb,,1617,404,69908,13101,980,text/html; charset=UTF-8,738.552437ms,,3a7dd651
el,https://querybuscas.com/pages/el,,1618,404,69908,13101,980,text/html; charset=UTF-8,687.629803ms,,3a7dd652
electronics,https://querybuscas.com/pages/electronics,,1619,404,69908,13101,980,text/html; charset=UTF-8,672.384344ms,,3a7dd653
element,https://querybuscas.com/pages/element,,1620,404,69908,13101,980,text/html; charset=UTF-8,634.460103ms,,3a7dd654
elements,https://querybuscas.com/pages/elements,,1621,404,69908,13101,980,text/html; charset=UTF-8,640.023601ms,,3a7dd655
em,https://querybuscas.com/pages/em,,1623,404,69908,13101,980,text/html; charset=UTF-8,704.5493ms,,3a7dd657
email,https://querybuscas.com/pages/email,,1624,404,69908,13101,980,text/html; charset=UTF-8,663.546516ms,,3a7dd658
elmar,https://querybuscas.com/pages/elmar,,1622,404,69908,13101,980,text/html; charset=UTF-8,663.708761ms,,3a7dd656
email-a-friend,https://querybuscas.com/pages/email-a-friend,,1625,404,69908,13101,980,text/html; charset=UTF-8,737.481304ms,,3a7dd659
email-addresses,https://querybuscas.com/pages/email-addresses,,1626,404,69908,13101,980,text/html; charset=UTF-8,761.419774ms,,3a7dd65a
emailafriend,https://querybuscas.com/pages/emailafriend,,1627,404,69908,13101,980,text/html; charset=UTF-8,732.200852ms,,3a7dd65b
emailer,https://querybuscas.com/pages/emailer,,1628,404,69908,13101,980,text/html; charset=UTF-8,670.623877ms,,3a7dd65c
emailhandler,https://querybuscas.com/pages/emailhandler,,1629,404,69908,13101,980,text/html; charset=UTF-8,610.133929ms,,3a7dd65d
emailing,https://querybuscas.com/pages/emailing,,1630,404,69908,13101,980,text/html; charset=UTF-8,738.578905ms,,3a7dd65e
emailproduct,https://querybuscas.com/pages/emailproduct,,1631,404,69908,13101,980,text/html; charset=UTF-8,700.488679ms,,3a7dd65f
emails,https://querybuscas.com/pages/emails,,1632,404,69908,13101,980,text/html; charset=UTF-8,692.050707ms,,3a7dd660
emailsignup,https://querybuscas.com/pages/emailsignup,,1633,404,69908,13101,980,text/html; charset=UTF-8,723.903365ms,,3a7dd661
embed,https://querybuscas.com/pages/embed,,1635,404,69908,13101,980,text/html; charset=UTF-8,726.292503ms,,3a7dd663
emailtemplates,https://querybuscas.com/pages/emailtemplates,,1634,404,69908,13101,980,text/html; charset=UTF-8,700.224891ms,,3a7dd662
embedd,https://querybuscas.com/pages/embedd,,1636,404,69908,13101,980,text/html; charset=UTF-8,599.841702ms,,3a7dd664
emea,https://querybuscas.com/pages/emea,,1638,404,69908,13101,980,text/html; charset=UTF-8,662.057596ms,,3a7dd666
emergency,https://querybuscas.com/pages/emergency,,1639,404,69908,13101,980,text/html; charset=UTF-8,637.321611ms,,3a7dd667
embedded,https://querybuscas.com/pages/embedded,,1637,404,69908,13101,980,text/html; charset=UTF-8,620.202392ms,,3a7dd665
emoticons,https://querybuscas.com/pages/emoticons,,1640,404,69908,13101,980,text/html; charset=UTF-8,630.279997ms,,3a7dd668
employee,https://querybuscas.com/pages/employee,,1641,404,69908,13101,980,text/html; charset=UTF-8,621.397976ms,,3a7dd669
employees,https://querybuscas.com/pages/employees,,1642,404,69908,13101,980,text/html; charset=UTF-8,680.276306ms,,3a7dd66a
employers,https://querybuscas.com/pages/employers,,1643,404,69908,13101,980,text/html; charset=UTF-8,636.457304ms,,3a7dd66b
employment,https://querybuscas.com/pages/employment,,1644,404,69908,13101,980,text/html; charset=UTF-8,621.802786ms,,3a7dd66c
empty,https://querybuscas.com/pages/empty,,1645,404,69908,13101,980,text/html; charset=UTF-8,565.956239ms,,3a7dd66d
emu,https://querybuscas.com/pages/emu,,1646,404,69908,13101,980,text/html; charset=UTF-8,656.870736ms,,3a7dd66e
emulator,https://querybuscas.com/pages/emulator,,1647,404,69908,13101,980,text/html; charset=UTF-8,654.900768ms,,3a7dd66f
en,https://querybuscas.com/pages/en,,1648,404,69908,13101,980,text/html; charset=UTF-8,650.02429ms,,3a7dd670
en_US,https://querybuscas.com/pages/en_US,,1649,404,69908,13101,980,text/html; charset=UTF-8,703.234051ms,,3a7dd671
en_us,https://querybuscas.com/pages/en_us,,1650,404,69908,13101,980,text/html; charset=UTF-8,637.075957ms,,3a7dd672
enable-cookies,https://querybuscas.com/pages/enable-cookies,,1651,404,69908,13101,980,text/html; charset=UTF-8,565.424709ms,,3a7dd673
enc,https://querybuscas.com/pages/enc,,1652,404,69908,13101,980,text/html; charset=UTF-8,655.507289ms,,3a7dd674
encode,https://querybuscas.com/pages/encode,,1653,404,69908,13101,980,text/html; charset=UTF-8,661.418564ms,,3a7dd675
encoder,https://querybuscas.com/pages/encoder,,1654,404,69908,13101,980,text/html; charset=UTF-8,702.666191ms,,3a7dd676
encrypt,https://querybuscas.com/pages/encrypt,,1655,404,69908,13101,980,text/html; charset=UTF-8,604.560519ms,,3a7dd677
encrypted,https://querybuscas.com/pages/encrypted,,1656,404,69908,13101,980,text/html; charset=UTF-8,678.364624ms,,3a7dd678
encryption,https://querybuscas.com/pages/encryption,,1657,404,69908,13101,980,text/html; charset=UTF-8,687.506686ms,,3a7dd679
encyption,https://querybuscas.com/pages/encyption,,1658,404,69908,13101,980,text/html; charset=UTF-8,620.974234ms,,3a7dd67a
end,https://querybuscas.com/pages/end,,1659,404,69908,13101,980,text/html; charset=UTF-8,602.468888ms,,3a7dd67b
enduser,https://querybuscas.com/pages/enduser,,1660,404,69908,13101,980,text/html; charset=UTF-8,595.570366ms,,3a7dd67c
endusers,https://querybuscas.com/pages/endusers,,1661,404,69908,13101,980,text/html; charset=UTF-8,636.949911ms,,3a7dd67d
energy,https://querybuscas.com/pages/energy,,1662,404,69908,13101,980,text/html; charset=UTF-8,702.397149ms,,3a7dd67e
enews,https://querybuscas.com/pages/enews,,1663,404,69908,13101,980,text/html; charset=UTF-8,681.41674ms,,3a7dd67f
eng,https://querybuscas.com/pages/eng,,1664,404,69908,13101,980,text/html; charset=UTF-8,695.769832ms,,3a7dd680
engine,https://querybuscas.com/pages/engine,,1665,404,69908,13101,980,text/html; charset=UTF-8,575.945596ms,,3a7dd681
engines,https://querybuscas.com/pages/engines,,1666,404,69908,13101,980,text/html; charset=UTF-8,744.324481ms,,3a7dd682
english,https://querybuscas.com/pages/english,,1667,404,69908,13101,980,text/html; charset=UTF-8,655.069482ms,,3a7dd683
enterprise,https://querybuscas.com/pages/enterprise,,1668,404,69908,13101,980,text/html; charset=UTF-8,678.414267ms,,3a7dd684
entertainment,https://querybuscas.com/pages/entertainment,,1669,404,69908,13101,980,text/html; charset=UTF-8,669.760315ms,,3a7dd685
entries,https://querybuscas.com/pages/entries,,1670,404,69908,13101,980,text/html; charset=UTF-8,697.536499ms,,3a7dd686
entropybanner,https://querybuscas.com/pages/entropybanner,,1671,404,69908,13101,980,text/html; charset=UTF-8,719.153914ms,,3a7dd687
env,https://querybuscas.com/pages/env,,1673,404,69908,13101,980,text/html; charset=UTF-8,866.551279ms,,3a7dd689
entry,https://querybuscas.com/pages/entry,,1672,404,69908,13101,980,text/html; charset=UTF-8,891.790482ms,,3a7dd688
environ,https://querybuscas.com/pages/environ,,1674,404,69908,13101,980,text/html; charset=UTF-8,1.036244692s,,3a7dd68a
environment,https://querybuscas.com/pages/environment,,1675,404,69908,13101,980,text/html; charset=UTF-8,988.16692ms,,3a7dd68b
ep,https://querybuscas.com/pages/ep,,1676,404,69908,13101,980,text/html; charset=UTF-8,1.05789483s,,3a7dd68c
eproducts,https://querybuscas.com/pages/eproducts,,1677,404,69908,13101,980,text/html; charset=UTF-8,999.241296ms,,3a7dd68d
eric,https://querybuscas.com/pages/eric,,1679,404,69908,13101,980,text/html; charset=UTF-8,734.576344ms,,3a7dd68f
equipment,https://querybuscas.com/pages/equipment,,1678,404,69908,13101,980,text/html; charset=UTF-8,726.791326ms,,3a7dd68e
err,https://querybuscas.com/pages/err,,1680,404,69908,13101,980,text/html; charset=UTF-8,774.071024ms,,3a7dd690
erraddsave,https://querybuscas.com/pages/erraddsave,,1681,404,69908,13101,980,text/html; charset=UTF-8,683.560154ms,,3a7dd691
errata,https://querybuscas.com/pages/errata,,1682,404,69908,13101,980,text/html; charset=UTF-8,641.851045ms,,3a7dd692
error,https://querybuscas.com/pages/error,,1683,404,69908,13101,980,text/html; charset=UTF-8,879.627511ms,,3a7dd693
error-espanol,https://querybuscas.com/pages/error-espanol,,1684,404,69908,13101,980,text/html; charset=UTF-8,698.043364ms,,3a7dd694
error-log,https://querybuscas.com/pages/error-log,,1685,404,69908,13101,980,text/html; charset=UTF-8,683.965313ms,,3a7dd695
error404,https://querybuscas.com/pages/error404,,1686,404,69908,13101,980,text/html; charset=UTF-8,637.601424ms,,3a7dd696
error_docs,https://querybuscas.com/pages/error_docs,,1687,404,69908,13101,980,text/html; charset=UTF-8,722.294495ms,,3a7dd697
error_log,https://querybuscas.com/pages/error_log,,1688,404,69908,13101,980,text/html; charset=UTF-8,732.793374ms,,3a7dd698
error_message,https://querybuscas.com/pages/error_message,,1689,404,69908,13101,980,text/html; charset=UTF-8,753.930947ms,,3a7dd699
error_pages,https://querybuscas.com/pages/error_pages,,1690,404,69908,13101,980,text/html; charset=UTF-8,651.736768ms,,3a7dd69a
errordocs,https://querybuscas.com/pages/errordocs,,1691,404,69908,13101,980,text/html; charset=UTF-8,671.749514ms,,3a7dd69b
errorpage,https://querybuscas.com/pages/errorpage,,1692,404,69908,13101,980,text/html; charset=UTF-8,748.15248ms,,3a7dd69c
errorpages,https://querybuscas.com/pages/errorpages,,1693,404,69908,13101,980,text/html; charset=UTF-8,714.278091ms,,3a7dd69d
errors,https://querybuscas.com/pages/errors,,1694,404,69908,13101,980,text/html; charset=UTF-8,641.329495ms,,3a7dd69e
erros,https://querybuscas.com/pages/erros,,1695,404,69908,13101,980,text/html; charset=UTF-8,658.352414ms,,3a7dd69f
es,https://querybuscas.com/pages/es,,1696,404,69908,13101,980,text/html; charset=UTF-8,686.347104ms,,3a7dd6a0
es_ES,https://querybuscas.com/pages/es_ES,,1697,404,69908,13101,980,text/html; charset=UTF-8,647.453853ms,,3a7dd6a1
esales,https://querybuscas.com/pages/esales,,1699,404,69908,13101,980,text/html; charset=UTF-8,654.106831ms,,3a7dd6a3
esale,https://querybuscas.com/pages/esale,,1698,404,69908,13101,980,text/html; charset=UTF-8,811.547113ms,,3a7dd6a2
eshop,https://querybuscas.com/pages/eshop,,1700,404,69908,13101,980,text/html; charset=UTF-8,743.415668ms,,3a7dd6a4
esp,https://querybuscas.com/pages/esp,,1701,404,69908,13101,980,text/html; charset=UTF-8,696.46049ms,,3a7dd6a5
espanol,https://querybuscas.com/pages/espanol,,1702,404,69908,13101,980,text/html; charset=UTF-8,647.292776ms,,3a7dd6a6
established,https://querybuscas.com/pages/established,,1703,404,69908,13101,980,text/html; charset=UTF-8,768.797551ms,,3a7dd6a7
estilos,https://querybuscas.com/pages/estilos,,1704,404,69908,13101,980,text/html; charset=UTF-8,687.156855ms,,3a7dd6a8
estore,https://querybuscas.com/pages/estore,,1705,404,69908,13101,980,text/html; charset=UTF-8,888.04177ms,,3a7dd6a9
esupport,https://querybuscas.com/pages/esupport,,1706,404,69908,13101,980,text/html; charset=UTF-8,700.997302ms,,3a7dd6aa
etc,https://querybuscas.com/pages/etc,,1708,404,69908,13101,980,text/html; charset=UTF-8,698.518091ms,,3a7dd6ac
et,https://querybuscas.com/pages/et,,1707,404,69908,13101,980,text/html; charset=UTF-8,728.350446ms,,3a7dd6ab
ethics,https://querybuscas.com/pages/ethics,,1709,404,69908,13101,980,text/html; charset=UTF-8,680.491808ms,,3a7dd6ad
eu,https://querybuscas.com/pages/eu,,1710,404,69908,13101,980,text/html; charset=UTF-8,650.465812ms,,3a7dd6ae
europe,https://querybuscas.com/pages/europe,,1711,404,69908,13101,980,text/html; charset=UTF-8,670.91772ms,,3a7dd6af
evb,https://querybuscas.com/pages/evb,,1712,404,69908,13101,980,text/html; charset=UTF-8,746.310665ms,,3a7dd6b0
event,https://querybuscas.com/pages/event,,1713,404,69908,13101,980,text/html; charset=UTF-8,899.026077ms,,3a7dd6b1
events,https://querybuscas.com/pages/events,,1714,404,69908,13101,980,text/html; charset=UTF-8,956.901983ms,,3a7dd6b2
evil,https://querybuscas.com/pages/evil,,1715,404,69908,13101,980,text/html; charset=UTF-8,836.749444ms,,3a7dd6b3
evt,https://querybuscas.com/pages/evt,,1716,404,69908,13101,980,text/html; charset=UTF-8,741.874533ms,,3a7dd6b4
ewebeditor,https://querybuscas.com/pages/ewebeditor,,1717,404,69908,13101,980,text/html; charset=UTF-8,726.267745ms,,3a7dd6b5
ews,https://querybuscas.com/pages/ews,,1718,404,69908,13101,980,text/html; charset=UTF-8,711.606863ms,,3a7dd6b6
examples,https://querybuscas.com/pages/examples,,1721,404,69908,13101,980,text/html; charset=UTF-8,683.133415ms,,3a7dd6b9
excalibur,https://querybuscas.com/pages/excalibur,,1722,404,69908,13101,980,text/html; charset=UTF-8,638.434132ms,,3a7dd6ba
ex,https://querybuscas.com/pages/ex,,1719,404,69908,13101,980,text/html; charset=UTF-8,621.183131ms,,3a7dd6b7
example,https://querybuscas.com/pages/example,,1720,404,69908,13101,980,text/html; charset=UTF-8,614.754926ms,,3a7dd6b8
excel,https://querybuscas.com/pages/excel,,1723,404,69908,13101,980,text/html; charset=UTF-8,699.580222ms,,3a7dd6bb
exception_log,https://querybuscas.com/pages/exception_log,,1724,404,69908,13101,980,text/html; charset=UTF-8,698.49641ms,,3a7dd6bc
exch,https://querybuscas.com/pages/exch,,1725,404,69908,13101,980,text/html; charset=UTF-8,733.211046ms,,3a7dd6bd
exchweb,https://querybuscas.com/pages/exchweb,,1727,404,69908,13101,980,text/html; charset=UTF-8,792.857193ms,,3a7dd6bf
exchange,https://querybuscas.com/pages/exchange,,1726,404,69908,13101,980,text/html; charset=UTF-8,792.857657ms,,3a7dd6be
exclude,https://querybuscas.com/pages/exclude,,1728,404,69908,13101,980,text/html; charset=UTF-8,752.076571ms,,3a7dd6c0
exe,https://querybuscas.com/pages/exe,,1729,404,69908,13101,980,text/html; charset=UTF-8,693.049299ms,,3a7dd6c1
exec,https://querybuscas.com/pages/exec,,1730,404,69908,13101,980,text/html; charset=UTF-8,670.991682ms,,3a7dd6c2
executable,https://querybuscas.com/pages/executable,,1731,404,69908,13101,980,text/html; charset=UTF-8,663.203007ms,,3a7dd6c3
executables,https://querybuscas.com/pages/executables,,1732,404,69908,13101,980,text/html; charset=UTF-8,693.373851ms,,3a7dd6c4
exiar,https://querybuscas.com/pages/exiar,,1733,404,69908,13101,980,text/html; charset=UTF-8,792.06939ms,,3a7dd6c5
exit,https://querybuscas.com/pages/exit,,1734,404,69908,13101,980,text/html; charset=UTF-8,734.392217ms,,3a7dd6c6
expert,https://querybuscas.com/pages/expert,,1735,404,69908,13101,980,text/html; charset=UTF-8,608.944818ms,,3a7dd6c7
experts,https://querybuscas.com/pages/experts,,1736,404,69908,13101,980,text/html; charset=UTF-8,709.784792ms,,3a7dd6c8
exploits,https://querybuscas.com/pages/exploits,,1737,404,69908,13101,980,text/html; charset=UTF-8,813.135557ms,,3a7dd6c9
explore,https://querybuscas.com/pages/explore,,1738,404,69908,13101,980,text/html; charset=UTF-8,719.05128ms,,3a7dd6ca
explorer,https://querybuscas.com/pages/explorer,,1739,404,69908,13101,980,text/html; charset=UTF-8,704.921747ms,,3a7dd6cb
exports,https://querybuscas.com/pages/exports,,1741,404,69908,13101,980,text/html; charset=UTF-8,707.864513ms,,3a7dd6cd
export,https://querybuscas.com/pages/export,,1740,404,69908,13101,980,text/html; charset=UTF-8,786.94459ms,,3a7dd6cc
ext,https://querybuscas.com/pages/ext,,1742,404,69908,13101,980,text/html; charset=UTF-8,900.721043ms,,3a7dd6ce
ext2,https://querybuscas.com/pages/ext2,,1743,404,69908,13101,980,text/html; charset=UTF-8,738.323205ms,,3a7dd6cf
extension,https://querybuscas.com/pages/extension,,1744,404,69908,13101,980,text/html; charset=UTF-8,672.339891ms,,3a7dd6d0
extensions,https://querybuscas.com/pages/extensions,,1745,404,69908,13101,980,text/html; charset=UTF-8,751.508912ms,,3a7dd6d1
extern,https://querybuscas.com/pages/extern,,1746,404,69908,13101,980,text/html; charset=UTF-8,701.154315ms,,3a7dd6d2
external,https://querybuscas.com/pages/external,,1747,404,69908,13101,980,text/html; charset=UTF-8,915.927177ms,,3a7dd6d3
externalid,https://querybuscas.com/pages/externalid,,1748,404,69908,13101,980,text/html; charset=UTF-8,746.511478ms,,3a7dd6d4
externalisation,https://querybuscas.com/pages/externalisation,,1749,404,69908,13101,980,text/html; charset=UTF-8,699.742282ms,,3a7dd6d5
externalization,https://querybuscas.com/pages/externalization,,1750,404,69908,13101,980,text/html; charset=UTF-8,786.482688ms,,3a7dd6d6
extra,https://querybuscas.com/pages/extra,,1751,404,69908,13101,980,text/html; charset=UTF-8,648.411588ms,,3a7dd6d7
extranet,https://querybuscas.com/pages/extranet,,1752,404,69908,13101,980,text/html; charset=UTF-8,691.174567ms,,3a7dd6d8
extras,https://querybuscas.com/pages/extras,,1753,404,69908,13101,980,text/html; charset=UTF-8,744.452445ms,,3a7dd6d9
ezshopper,https://querybuscas.com/pages/ezshopper,,1754,404,69908,13101,980,text/html; charset=UTF-8,685.002666ms,,3a7dd6da
ezsqliteadmin,https://querybuscas.com/pages/ezsqliteadmin,,1755,404,69908,13101,980,text/html; charset=UTF-8,658.008684ms,,3a7dd6db
f,https://querybuscas.com/pages/f,,1756,404,69908,13101,980,text/html; charset=UTF-8,768.32072ms,,3a7dd6dc
fa,https://querybuscas.com/pages/fa,,1757,404,69908,13101,980,text/html; charset=UTF-8,631.514902ms,,3a7dd6dd
fabric,https://querybuscas.com/pages/fabric,,1758,404,69908,13101,980,text/html; charset=UTF-8,643.441012ms,,3a7dd6de
face,https://querybuscas.com/pages/face,,1759,404,69908,13101,980,text/html; charset=UTF-8,749.806169ms,,3a7dd6df
facebook,https://querybuscas.com/pages/facebook,,1760,404,69908,13101,980,text/html; charset=UTF-8,714.461851ms,,3a7dd6e0
faces,https://querybuscas.com/pages/faces,,1761,404,69908,13101,980,text/html; charset=UTF-8,577.430057ms,,3a7dd6e1
facts,https://querybuscas.com/pages/facts,,1762,404,69908,13101,980,text/html; charset=UTF-8,651.403783ms,,3a7dd6e2
faculty,https://querybuscas.com/pages/faculty,,1763,404,69908,13101,980,text/html; charset=UTF-8,628.99859ms,,3a7dd6e3
fail,https://querybuscas.com/pages/fail,,1764,404,69908,13101,980,text/html; charset=UTF-8,705.604326ms,,3a7dd6e4
failed,https://querybuscas.com/pages/failed,,1765,404,69908,13101,980,text/html; charset=UTF-8,753.332605ms,,3a7dd6e5
failure,https://querybuscas.com/pages/failure,,1766,404,69908,13101,980,text/html; charset=UTF-8,806.263318ms,,3a7dd6e6
fake,https://querybuscas.com/pages/fake,,1767,404,69908,13101,980,text/html; charset=UTF-8,749.967253ms,,3a7dd6e7
family,https://querybuscas.com/pages/family,,1768,404,69908,13101,980,text/html; charset=UTF-8,931.305626ms,,3a7dd6e8
fancybox,https://querybuscas.com/pages/fancybox,,1769,404,69908,13101,980,text/html; charset=UTF-8,1.076734352s,,3a7dd6e9
faq,https://querybuscas.com/pages/faq,,1770,404,69908,13101,980,text/html; charset=UTF-8,1.163309003s,,3a7dd6ea
faqs,https://querybuscas.com/pages/faqs,,1771,404,69908,13101,980,text/html; charset=UTF-8,1.046937385s,,3a7dd6eb
fashion,https://querybuscas.com/pages/fashion,,1772,404,69908,13101,980,text/html; charset=UTF-8,968.339471ms,,3a7dd6ec
favicon.ico,https://querybuscas.com/pages/favicon.ico,,1773,404,68970,13094,980,text/html; charset=UTF-8,1.059109647s,,3a7dd6ed
favorite,https://querybuscas.com/pages/favorite,,1774,404,69908,13101,980,text/html; charset=UTF-8,771.14632ms,,3a7dd6ee
fb,https://querybuscas.com/pages/fb,,1776,404,69908,13101,980,text/html; charset=UTF-8,689.343888ms,,3a7dd6f0
favorites,https://querybuscas.com/pages/favorites,,1775,404,69908,13101,980,text/html; charset=UTF-8,787.548782ms,,3a7dd6ef
fc,https://querybuscas.com/pages/fc,,1778,404,69908,13101,980,text/html; charset=UTF-8,673.541292ms,,3a7dd6f2
fbook,https://querybuscas.com/pages/fbook,,1777,404,69908,13101,980,text/html; charset=UTF-8,773.323256ms,,3a7dd6f1
fcategory,https://querybuscas.com/pages/fcategory,,1779,404,69908,13101,980,text/html; charset=UTF-8,750.410455ms,,3a7dd6f3
fcgi,https://querybuscas.com/pages/fcgi,,1780,404,69908,13101,980,text/html; charset=UTF-8,708.606845ms,,3a7dd6f4
fcgi-bin,https://querybuscas.com/pages/fcgi-bin,,1781,404,69908,13101,980,text/html; charset=UTF-8,679.178922ms,,3a7dd6f5
fck,https://querybuscas.com/pages/fck,,1782,404,69908,13101,980,text/html; charset=UTF-8,642.541103ms,,3a7dd6f6
fckeditor,https://querybuscas.com/pages/fckeditor,,1783,404,69908,13101,980,text/html; charset=UTF-8,601.629102ms,,3a7dd6f7
fdcp,https://querybuscas.com/pages/fdcp,,1784,404,69908,13101,980,text/html; charset=UTF-8,651.585858ms,,3a7dd6f8
feature,https://querybuscas.com/pages/feature,,1785,404,69908,13101,980,text/html; charset=UTF-8,627.38309ms,,3a7dd6f9
featured,https://querybuscas.com/pages/featured,,1786,404,69908,13101,980,text/html; charset=UTF-8,701.223574ms,,3a7dd6fa
features,https://querybuscas.com/pages/features,,1787,404,69908,13101,980,text/html; charset=UTF-8,625.777312ms,,3a7dd6fb
federation/clients,https://querybuscas.com/pages/federation/clients,,1788,404,69908,13101,980,text/html; charset=UTF-8,624.675118ms,,3a7dd6fc
feed,https://querybuscas.com/pages/feed,,1790,404,69908,13101,980,text/html; charset=UTF-8,591.237176ms,,3a7dd6fe
fedora,https://querybuscas.com/pages/fedora,,1789,404,69908,13101,980,text/html; charset=UTF-8,701.387809ms,,3a7dd6fd
feedback,https://querybuscas.com/pages/feedback,,1791,404,69908,13101,980,text/html; charset=UTF-8,692.180639ms,,3a7dd6ff
feedback_js,https://querybuscas.com/pages/feedback_js,,1792,404,69908,13101,980,text/html; charset=UTF-8,645.779544ms,,3a7dd700
feeds,https://querybuscas.com/pages/feeds,,1793,404,69908,13101,980,text/html; charset=UTF-8,690.373787ms,,3a7dd701
felix,https://querybuscas.com/pages/felix,,1794,404,69908,13101,980,text/html; charset=UTF-8,696.939835ms,,3a7dd702
fi,https://querybuscas.com/pages/fi,,1796,404,69908,13101,980,text/html; charset=UTF-8,598.291766ms,,3a7dd704
fetch,https://querybuscas.com/pages/fetch,,1795,404,69908,13101,980,text/html; charset=UTF-8,689.477777ms,,3a7dd703
field,https://querybuscas.com/pages/field,,1797,404,69908,13101,980,text/html; charset=UTF-8,605.516696ms,,3a7dd705
fields,https://querybuscas.com/pages/fields,,1798,404,69908,13101,980,text/html; charset=UTF-8,653.874667ms,,3a7dd706
file,https://querybuscas.com/pages/file,,1799,404,69908,13101,980,text/html; charset=UTF-8,673.396772ms,,3a7dd707
fileadmin,https://querybuscas.com/pages/fileadmin,,1800,404,69908,13101,980,text/html; charset=UTF-8,663.532193ms,,3a7dd708
filemanager,https://querybuscas.com/pages/filemanager,,1802,404,69908,13101,980,text/html; charset=UTF-8,648.72998ms,,3a7dd70a
filelist,https://querybuscas.com/pages/filelist,,1801,404,69908,13101,980,text/html; charset=UTF-8,656.506154ms,,3a7dd709
fileupload,https://querybuscas.com/pages/fileupload,,1804,404,69908,13101,980,text/html; charset=UTF-8,647.527742ms,,3a7dd70c
files,https://querybuscas.com/pages/files,,1803,404,69908,13101,980,text/html; charset=UTF-8,692.451957ms,,3a7dd70b
fileuploads,https://querybuscas.com/pages/fileuploads,,1805,404,69908,13101,980,text/html; charset=UTF-8,720.795005ms,,3a7dd70d
filez,https://querybuscas.com/pages/filez,,1806,404,69908,13101,980,text/html; charset=UTF-8,645.368023ms,,3a7dd70e
film,https://querybuscas.com/pages/film,,1807,404,69908,13101,980,text/html; charset=UTF-8,649.459109ms,,3a7dd70f
films,https://querybuscas.com/pages/films,,1808,404,69908,13101,980,text/html; charset=UTF-8,659.962839ms,,3a7dd710
filter,https://querybuscas.com/pages/filter,,1809,404,69908,13101,980,text/html; charset=UTF-8,586.063014ms,,3a7dd711
finance,https://querybuscas.com/pages/finance,,1810,404,69908,13101,980,text/html; charset=UTF-8,719.249744ms,,3a7dd712
find,https://querybuscas.com/pages/find,,1812,404,69908,13101,980,text/html; charset=UTF-8,557.050341ms,,3a7dd714
financial,https://querybuscas.com/pages/financial,,1811,404,69908,13101,980,text/html; charset=UTF-8,660.129258ms,,3a7dd713
finger,https://querybuscas.com/pages/finger,,1813,404,69908,13101,980,text/html; charset=UTF-8,669.428495ms,,3a7dd715
finishorder,https://querybuscas.com/pages/finishorder,,1814,404,69908,13101,980,text/html; charset=UTF-8,646.039941ms,,3a7dd716
firefox,https://querybuscas.com/pages/firefox,,1815,404,69908,13101,980,text/html; charset=UTF-8,595.154695ms,,3a7dd717
firewall,https://querybuscas.com/pages/firewall,,1816,404,69908,13101,980,text/html; charset=UTF-8,682.530816ms,,3a7dd718
firewalls,https://querybuscas.com/pages/firewalls,,1817,404,69908,13101,980,text/html; charset=UTF-8,694.841142ms,,3a7dd719
firmconnect,https://querybuscas.com/pages/firmconnect,,1818,404,69908,13101,980,text/html; charset=UTF-8,595.505383ms,,3a7dd71a
firms,https://querybuscas.com/pages/firms,,1819,404,69908,13101,980,text/html; charset=UTF-8,633.991509ms,,3a7dd71b
first,https://querybuscas.com/pages/first,,1821,404,69908,13101,980,text/html; charset=UTF-8,587.364438ms,,3a7dd71d
firmware,https://querybuscas.com/pages/firmware,,1820,404,69908,13101,980,text/html; charset=UTF-8,630.857801ms,,3a7dd71c
fixed,https://querybuscas.com/pages/fixed,,1822,404,69908,13101,980,text/html; charset=UTF-8,710.171035ms,,3a7dd71e
fla,https://querybuscas.com/pages/fla,,1824,404,69908,13101,980,text/html; charset=UTF-8,598.679749ms,,3a7dd720
fk,https://querybuscas.com/pages/fk,,1823,404,69908,13101,980,text/html; charset=UTF-8,669.59133ms,,3a7dd71f
flag,https://querybuscas.com/pages/flag,,1825,404,69908,13101,980,text/html; charset=UTF-8,634.990922ms,,3a7dd721
flags,https://querybuscas.com/pages/flags,,1826,404,69908,13101,980,text/html; charset=UTF-8,653.384271ms,,3a7dd722
flash,https://querybuscas.com/pages/flash,,1827,404,69908,13101,980,text/html; charset=UTF-8,728.590846ms,,3a7dd723
flash-intro,https://querybuscas.com/pages/flash-intro,,1828,404,69908,13101,980,text/html; charset=UTF-8,946.430741ms,,3a7dd724
flex,https://querybuscas.com/pages/flex,,1829,404,69908,13101,980,text/html; charset=UTF-8,897.837845ms,,3a7dd725
flights,https://querybuscas.com/pages/flights,,1830,404,69908,13101,980,text/html; charset=UTF-8,942.213803ms,,3a7dd726
flow,https://querybuscas.com/pages/flow,,1831,404,69908,13101,980,text/html; charset=UTF-8,910.681144ms,,3a7dd727
flowplayer,https://querybuscas.com/pages/flowplayer,,1832,404,69908,13101,980,text/html; charset=UTF-8,665.550004ms,,3a7dd728
flows,https://querybuscas.com/pages/flows,,1833,404,69908,13101,980,text/html; charset=UTF-8,701.227427ms,,3a7dd729
flv,https://querybuscas.com/pages/flv,,1834,404,69908,13101,980,text/html; charset=UTF-8,664.516511ms,,3a7dd72a
flvideo,https://querybuscas.com/pages/flvideo,,1835,404,69908,13101,980,text/html; charset=UTF-8,703.059985ms,,3a7dd72b
flyspray,https://querybuscas.com/pages/flyspray,,1836,404,69908,13101,980,text/html; charset=UTF-8,808.669892ms,,3a7dd72c
fm,https://querybuscas.com/pages/fm,,1837,404,69908,13101,980,text/html; charset=UTF-8,687.794266ms,,3a7dd72d
fn,https://querybuscas.com/pages/fn,,1838,404,69908,13101,980,text/html; charset=UTF-8,740.964584ms,,3a7dd72e
focus,https://querybuscas.com/pages/focus,,1839,404,69908,13101,980,text/html; charset=UTF-8,669.487795ms,,3a7dd72f
foia,https://querybuscas.com/pages/foia,,1840,404,69908,13101,980,text/html; charset=UTF-8,711.234229ms,,3a7dd730
folder,https://querybuscas.com/pages/folder,,1841,404,69908,13101,980,text/html; charset=UTF-8,570.198403ms,,3a7dd731
folder_new,https://querybuscas.com/pages/folder_new,,1842,404,69908,13101,980,text/html; charset=UTF-8,677.713385ms,,3a7dd732
folders,https://querybuscas.com/pages/folders,,1843,404,69908,13101,980,text/html; charset=UTF-8,698.926561ms,,3a7dd733
font,https://querybuscas.com/pages/font,,1844,404,69908,13101,980,text/html; charset=UTF-8,686.625451ms,,3a7dd734
fonts,https://querybuscas.com/pages/fonts,,1845,404,69908,13101,980,text/html; charset=UTF-8,675.246842ms,,3a7dd735
foo,https://querybuscas.com/pages/foo,,1846,404,69908,13101,980,text/html; charset=UTF-8,610.488876ms,,3a7dd736
food,https://querybuscas.com/pages/food,,1847,404,69908,13101,980,text/html; charset=UTF-8,655.608859ms,,3a7dd737
football,https://querybuscas.com/pages/football,,1848,404,69908,13101,980,text/html; charset=UTF-8,725.039313ms,,3a7dd738
footer,https://querybuscas.com/pages/footer,,1849,404,69908,13101,980,text/html; charset=UTF-8,634.877224ms,,3a7dd739
footers,https://querybuscas.com/pages/footers,,1850,404,69908,13101,980,text/html; charset=UTF-8,612.318297ms,,3a7dd73a
for,https://querybuscas.com/pages/for,,1851,404,69908,13101,980,text/html; charset=UTF-8,638.469951ms,,3a7dd73b
forcedownload,https://querybuscas.com/pages/forcedownload,,1852,404,69908,13101,980,text/html; charset=UTF-8,664.617754ms,,3a7dd73c
forget,https://querybuscas.com/pages/forget,,1853,404,69908,13101,980,text/html; charset=UTF-8,775.479974ms,,3a7dd73d
forgot,https://querybuscas.com/pages/forgot,,1854,404,69908,13101,980,text/html; charset=UTF-8,750.560576ms,,3a7dd73e
forgot-password,https://querybuscas.com/pages/forgot-password,,1855,404,69908,13101,980,text/html; charset=UTF-8,713.816601ms,,3a7dd73f
forgot_password,https://querybuscas.com/pages/forgot_password,,1856,404,69908,13101,980,text/html; charset=UTF-8,794.898613ms,,3a7dd740
forgotpassword,https://querybuscas.com/pages/forgotpassword,,1857,404,69908,13101,980,text/html; charset=UTF-8,794.303036ms,,3a7dd741
forgotten,https://querybuscas.com/pages/forgotten,,1858,404,69908,13101,980,text/html; charset=UTF-8,804.821997ms,,3a7dd742
form,https://querybuscas.com/pages/form,,1859,404,69908,13101,980,text/html; charset=UTF-8,788.501002ms,,3a7dd743
format,https://querybuscas.com/pages/format,,1860,404,69908,13101,980,text/html; charset=UTF-8,870.651654ms,,3a7dd744
formatting,https://querybuscas.com/pages/formatting,,1861,404,69908,13101,980,text/html; charset=UTF-8,1.081439307s,,3a7dd745
formhandler,https://querybuscas.com/pages/formhandler,,1862,404,69908,13101,980,text/html; charset=UTF-8,1.039795091s,,3a7dd746
formmail,https://querybuscas.com/pages/formmail,,1863,404,69908,13101,980,text/html; charset=UTF-8,907.654986ms,,3a7dd747
forms,https://querybuscas.com/pages/forms,,1864,404,69908,13101,980,text/html; charset=UTF-8,909.93402ms,,3a7dd748
forms1,https://querybuscas.com/pages/forms1,,1865,404,69908,13101,980,text/html; charset=UTF-8,706.009758ms,,3a7dd749
formsend,https://querybuscas.com/pages/formsend,,1866,404,69908,13101,980,text/html; charset=UTF-8,690.214091ms,,3a7dd74a
formslogin,https://querybuscas.com/pages/formslogin,,1867,404,69908,13101,980,text/html; charset=UTF-8,776.141724ms,,3a7dd74b
formupdate,https://querybuscas.com/pages/formupdate,,1868,404,69908,13101,980,text/html; charset=UTF-8,782.560028ms,,3a7dd74c
foro,https://querybuscas.com/pages/foro,,1869,404,69908,13101,980,text/html; charset=UTF-8,742.652413ms,,3a7dd74d
foros,https://querybuscas.com/pages/foros,,1870,404,69908,13101,980,text/html; charset=UTF-8,662.701455ms,,3a7dd74e
forrest,https://querybuscas.com/pages/forrest,,1871,404,69908,13101,980,text/html; charset=UTF-8,666.908022ms,,3a7dd74f
forum,https://querybuscas.com/pages/forum,,1873,404,69908,13101,980,text/html; charset=UTF-8,729.59718ms,,3a7dd751
fortune,https://querybuscas.com/pages/fortune,,1872,404,69908,13101,980,text/html; charset=UTF-8,809.454808ms,,3a7dd750
forum1,https://querybuscas.com/pages/forum1,,1874,404,69908,13101,980,text/html; charset=UTF-8,679.928768ms,,3a7dd752
forum2,https://querybuscas.com/pages/forum2,,1875,404,69908,13101,980,text/html; charset=UTF-8,767.48972ms,,3a7dd753
forum_old,https://querybuscas.com/pages/forum_old,,1876,404,69908,13101,980,text/html; charset=UTF-8,747.878059ms,,3a7dd754
forumcp,https://querybuscas.com/pages/forumcp,,1877,404,69908,13101,980,text/html; charset=UTF-8,702.616036ms,,3a7dd755
forumdata,https://querybuscas.com/pages/forumdata,,1878,404,69908,13101,980,text/html; charset=UTF-8,610.169795ms,,3a7dd756
forumdisplay,https://querybuscas.com/pages/forumdisplay,,1879,404,69908,13101,980,text/html; charset=UTF-8,852.330694ms,,3a7dd757
forums,https://querybuscas.com/pages/forums,,1880,404,69908,13101,980,text/html; charset=UTF-8,944.113245ms,,3a7dd758
forward,https://querybuscas.com/pages/forward,,1881,404,69908,13101,980,text/html; charset=UTF-8,1.002592219s,,3a7dd759
foto,https://querybuscas.com/pages/foto,,1882,404,69908,13101,980,text/html; charset=UTF-8,881.203841ms,,3a7dd75a
fotos,https://querybuscas.com/pages/fotos,,1883,404,69908,13101,980,text/html; charset=UTF-8,695.972675ms,,3a7dd75b
foundation,https://querybuscas.com/pages/foundation,,1884,404,69908,13101,980,text/html; charset=UTF-8,678.246373ms,,3a7dd75c
fpdb,https://querybuscas.com/pages/fpdb,,1885,404,69908,13101,980,text/html; charset=UTF-8,581.208026ms,,3a7dd75d
fpdf,https://querybuscas.com/pages/fpdf,,1886,404,69908,13101,980,text/html; charset=UTF-8,608.633124ms,,3a7dd75e
fr_FR,https://querybuscas.com/pages/fr_FR,,1888,404,69908,13101,980,text/html; charset=UTF-8,606.378403ms,,3a7dd760
fr,https://querybuscas.com/pages/fr,,1887,404,69908,13101,980,text/html; charset=UTF-8,689.418342ms,,3a7dd75f
frame,https://querybuscas.com/pages/frame,,1889,404,69908,13101,980,text/html; charset=UTF-8,645.663377ms,,3a7dd761
frames,https://querybuscas.com/pages/frames,,1890,404,69908,13101,980,text/html; charset=UTF-8,732.327504ms,,3a7dd762
frameset,https://querybuscas.com/pages/frameset,,1891,404,69908,13101,980,text/html; charset=UTF-8,636.514198ms,,3a7dd763
framework,https://querybuscas.com/pages/framework,,1892,404,69908,13101,980,text/html; charset=UTF-8,676.042714ms,,3a7dd764
france,https://querybuscas.com/pages/france,,1894,404,69908,13101,980,text/html; charset=UTF-8,659.699732ms,,3a7dd766
francais,https://querybuscas.com/pages/francais,,1893,404,69908,13101,980,text/html; charset=UTF-8,693.23856ms,,3a7dd765
free,https://querybuscas.com/pages/free,,1895,404,69908,13101,980,text/html; charset=UTF-8,647.298909ms,,3a7dd767
freebsd,https://querybuscas.com/pages/freebsd,,1896,404,69908,13101,980,text/html; charset=UTF-8,814.086036ms,,3a7dd768
freeware,https://querybuscas.com/pages/freeware,,1897,404,69908,13101,980,text/html; charset=UTF-8,675.891903ms,,3a7dd769
french,https://querybuscas.com/pages/french,,1898,404,69908,13101,980,text/html; charset=UTF-8,773.637737ms,,3a7dd76a
friend,https://querybuscas.com/pages/friend,,1899,404,69908,13101,980,text/html; charset=UTF-8,659.697869ms,,3a7dd76b
friends,https://querybuscas.com/pages/friends,,1900,404,69908,13101,980,text/html; charset=UTF-8,631.807393ms,,3a7dd76c
frm_attach,https://querybuscas.com/pages/frm_attach,,1901,404,69908,13101,980,text/html; charset=UTF-8,750.203329ms,,3a7dd76d
frob,https://querybuscas.com/pages/frob,,1902,404,69908,13101,980,text/html; charset=UTF-8,741.867177ms,,3a7dd76e
from,https://querybuscas.com/pages/from,,1903,404,69908,13101,980,text/html; charset=UTF-8,715.378983ms,,3a7dd76f
front,https://querybuscas.com/pages/front,,1904,404,69908,13101,980,text/html; charset=UTF-8,682.425821ms,,3a7dd770
frontend,https://querybuscas.com/pages/frontend,,1905,404,69908,13101,980,text/html; charset=UTF-8,745.54145ms,,3a7dd771
frontpage,https://querybuscas.com/pages/frontpage,,1906,404,69908,13101,980,text/html; charset=UTF-8,684.695137ms,,3a7dd772
fs,https://querybuscas.com/pages/fs,,1907,404,69908,13101,980,text/html; charset=UTF-8,639.899702ms,,3a7dd773
fsck,https://querybuscas.com/pages/fsck,,1908,404,69908,13101,980,text/html; charset=UTF-8,673.949684ms,,3a7dd774
ftp,https://querybuscas.com/pages/ftp,,1909,404,69908,13101,980,text/html; charset=UTF-8,744.84675ms,,3a7dd775
fuck,https://querybuscas.com/pages/fuck,,1910,404,69908,13101,980,text/html; charset=UTF-8,600.016195ms,,3a7dd776
fuckoff,https://querybuscas.com/pages/fuckoff,,1911,404,69908,13101,980,text/html; charset=UTF-8,779.268281ms,,3a7dd777
fuckyou,https://querybuscas.com/pages/fuckyou,,1912,404,69908,13101,980,text/html; charset=UTF-8,672.994076ms,,3a7dd778
full,https://querybuscas.com/pages/full,,1913,404,69908,13101,980,text/html; charset=UTF-8,605.921598ms,,3a7dd779
fun,https://querybuscas.com/pages/fun,,1914,404,69908,13101,980,text/html; charset=UTF-8,740.192311ms,,3a7dd77a
func,https://querybuscas.com/pages/func,,1915,404,69908,13101,980,text/html; charset=UTF-8,1.141558292s,,3a7dd77b
funcs,https://querybuscas.com/pages/funcs,,1916,404,69908,13101,980,text/html; charset=UTF-8,1.228642963s,,3a7dd77c
function,https://querybuscas.com/pages/function,,1917,404,69908,13101,980,text/html; charset=UTF-8,1.232182113s,,3a7dd77d
function.require,https://querybuscas.com/pages/function.require,,1918,404,69908,13101,980,text/html; charset=UTF-8,1.250636348s,,3a7dd77e
functionlude,https://querybuscas.com/pages/functionlude,,1919,404,69908,13101,980,text/html; charset=UTF-8,1.177504348s,,3a7dd77f
functions,https://querybuscas.com/pages/functions,,1920,404,69908,13101,980,text/html; charset=UTF-8,696.46953ms,,3a7dd780
fund,https://querybuscas.com/pages/fund,,1921,404,69908,13101,980,text/html; charset=UTF-8,621.202201ms,,3a7dd781
funds,https://querybuscas.com/pages/funds,,1923,404,69908,13101,980,text/html; charset=UTF-8,721.17351ms,,3a7dd783
funding,https://querybuscas.com/pages/funding,,1922,404,69908,13101,980,text/html; charset=UTF-8,778.572011ms,,3a7dd782
furl,https://querybuscas.com/pages/furl,,1924,404,69908,13101,980,text/html; charset=UTF-8,638.647052ms,,3a7dd784
fusion,https://querybuscas.com/pages/fusion,,1925,404,69908,13101,980,text/html; charset=UTF-8,609.502378ms,,3a7dd785
future,https://querybuscas.com/pages/future,,1926,404,69908,13101,980,text/html; charset=UTF-8,731.50032ms,,3a7dd786
fw,https://querybuscas.com/pages/fw,,1927,404,69908,13101,980,text/html; charset=UTF-8,727.280961ms,,3a7dd787
fwlink,https://querybuscas.com/pages/fwlink,,1928,404,69908,13101,980,text/html; charset=UTF-8,583.029049ms,,3a7dd788
fx,https://querybuscas.com/pages/fx,,1929,404,69908,13101,980,text/html; charset=UTF-8,608.250486ms,,3a7dd789
g,https://querybuscas.com/pages/g,,1930,404,69908,13101,980,text/html; charset=UTF-8,667.525914ms,,3a7dd78a
ga,https://querybuscas.com/pages/ga,,1931,404,69908,13101,980,text/html; charset=UTF-8,703.538665ms,,3a7dd78b
gadget,https://querybuscas.com/pages/gadget,,1932,404,69908,13101,980,text/html; charset=UTF-8,701.82367ms,,3a7dd78c
gadgets,https://querybuscas.com/pages/gadgets,,1933,404,69908,13101,980,text/html; charset=UTF-8,697.342293ms,,3a7dd78d
gaestebuch,https://querybuscas.com/pages/gaestebuch,,1934,404,69908,13101,980,text/html; charset=UTF-8,684.838457ms,,3a7dd78e
galeria,https://querybuscas.com/pages/galeria,,1935,404,69908,13101,980,text/html; charset=UTF-8,654.587505ms,,3a7dd78f
galerie,https://querybuscas.com/pages/galerie,,1936,404,69908,13101,980,text/html; charset=UTF-8,684.048571ms,,3a7dd790
galleries,https://querybuscas.com/pages/galleries,,1937,404,69908,13101,980,text/html; charset=UTF-8,807.8993ms,,3a7dd791
gallery,https://querybuscas.com/pages/gallery,,1938,404,69908,13101,980,text/html; charset=UTF-8,674.891049ms,,3a7dd792
gallery2,https://querybuscas.com/pages/gallery2,,1939,404,69908,13101,980,text/html; charset=UTF-8,658.410061ms,,3a7dd793
game,https://querybuscas.com/pages/game,,1940,404,69908,13101,980,text/html; charset=UTF-8,755.912991ms,,3a7dd794
gamercard,https://querybuscas.com/pages/gamercard,,1941,404,69908,13101,980,text/html; charset=UTF-8,732.837105ms,,3a7dd795
games,https://querybuscas.com/pages/games,,1942,404,69908,13101,980,text/html; charset=UTF-8,680.332969ms,,3a7dd796
gaming,https://querybuscas.com/pages/gaming,,1943,404,69908,13101,980,text/html; charset=UTF-8,595.347293ms,,3a7dd797
ganglia,https://querybuscas.com/pages/ganglia,,1944,404,69908,13101,980,text/html; charset=UTF-8,726.419568ms,,3a7dd798
garbage,https://querybuscas.com/pages/garbage,,1945,404,69908,13101,980,text/html; charset=UTF-8,773.696741ms,,3a7dd799
gate,https://querybuscas.com/pages/gate,,1946,404,69908,13101,980,text/html; charset=UTF-8,707.105052ms,,3a7dd79a
gb,https://querybuscas.com/pages/gb,,1948,404,69908,13101,980,text/html; charset=UTF-8,573.086664ms,,3a7dd79c
gateway,https://querybuscas.com/pages/gateway,,1947,404,69908,13101,980,text/html; charset=UTF-8,739.923619ms,,3a7dd79b
gbook,https://querybuscas.com/pages/gbook,,1949,404,69908,13101,980,text/html; charset=UTF-8,714.88613ms,,3a7dd79d
gccallback,https://querybuscas.com/pages/gccallback,,1950,404,69908,13101,980,text/html; charset=UTF-8,759.744937ms,,3a7dd79e
gdform,https://querybuscas.com/pages/gdform,,1951,404,69908,13101,980,text/html; charset=UTF-8,869.854736ms,,3a7dd79f
geeklog,https://querybuscas.com/pages/geeklog,,1952,404,69908,13101,980,text/html; charset=UTF-8,968.986738ms,,3a7dd7a0
general,https://querybuscas.com/pages/general,,1954,404,69908,13101,980,text/html; charset=UTF-8,960.846111ms,,3a7dd7a2
gen,https://querybuscas.com/pages/gen,,1953,404,69908,13101,980,text/html; charset=UTF-8,997.625101ms,,3a7dd7a1
generateditems,https://querybuscas.com/pages/generateditems,,1955,404,69908,13101,980,text/html; charset=UTF-8,899.409713ms,,3a7dd7a3
generator,https://querybuscas.com/pages/generator,,1956,404,69908,13101,980,text/html; charset=UTF-8,784.381584ms,,3a7dd7a4
generic,https://querybuscas.com/pages/generic,,1957,404,69908,13101,980,text/html; charset=UTF-8,596.499106ms,,3a7dd7a5
gentoo,https://querybuscas.com/pages/gentoo,,1958,404,69908,13101,980,text/html; charset=UTF-8,691.048054ms,,3a7dd7a6
geo,https://querybuscas.com/pages/geo,,1959,404,69908,13101,980,text/html; charset=UTF-8,682.677029ms,,3a7dd7a7
geoip,https://querybuscas.com/pages/geoip,,1960,404,69908,13101,980,text/html; charset=UTF-8,699.059273ms,,3a7dd7a8
german,https://querybuscas.com/pages/german,,1961,404,69908,13101,980,text/html; charset=UTF-8,678.271128ms,,3a7dd7a9
geronimo,https://querybuscas.com/pages/geronimo,,1962,404,69908,13101,980,text/html; charset=UTF-8,693.934008ms,,3a7dd7aa
gest,https://querybuscas.com/pages/gest,,1963,404,69908,13101,980,text/html; charset=UTF-8,732.313178ms,,3a7dd7ab
gestion,https://querybuscas.com/pages/gestion,,1964,404,69908,13101,980,text/html; charset=UTF-8,710.530625ms,,3a7dd7ac
gestione,https://querybuscas.com/pages/gestione,,1965,404,69908,13101,980,text/html; charset=UTF-8,636.611012ms,,3a7dd7ad
get-file,https://querybuscas.com/pages/get-file,,1967,404,69908,13101,980,text/html; charset=UTF-8,644.455797ms,,3a7dd7af
get,https://querybuscas.com/pages/get,,1966,404,69908,13101,980,text/html; charset=UTF-8,683.636227ms,,3a7dd7ae
getFile.cfm,https://querybuscas.com/pages/getFile.cfm,,1968,404,69908,13101,980,text/html; charset=UTF-8,684.830575ms,,3a7dd7b0
get_file,https://querybuscas.com/pages/get_file,,1969,404,69908,13101,980,text/html; charset=UTF-8,674.364134ms,,3a7dd7b1
getconfig,https://querybuscas.com/pages/getconfig,,1971,404,69908,13101,980,text/html; charset=UTF-8,612.963113ms,,3a7dd7b3
getaccess,https://querybuscas.com/pages/getaccess,,1970,404,69908,13101,980,text/html; charset=UTF-8,731.560742ms,,3a7dd7b2
getfile,https://querybuscas.com/pages/getfile,,1972,404,69908,13101,980,text/html; charset=UTF-8,658.597355ms,,3a7dd7b4
getjobid,https://querybuscas.com/pages/getjobid,,1973,404,69908,13101,980,text/html; charset=UTF-8,682.184235ms,,3a7dd7b5
getout,https://querybuscas.com/pages/getout,,1974,404,69908,13101,980,text/html; charset=UTF-8,684.634106ms,,3a7dd7b6
gettxt,https://querybuscas.com/pages/gettxt,,1975,404,69908,13101,980,text/html; charset=UTF-8,671.371468ms,,3a7dd7b7
gfen,https://querybuscas.com/pages/gfen,,1976,404,69908,13101,980,text/html; charset=UTF-8,727.586681ms,,3a7dd7b8
gfx,https://querybuscas.com/pages/gfx,,1977,404,69908,13101,980,text/html; charset=UTF-8,727.265202ms,,3a7dd7b9
gg,https://querybuscas.com/pages/gg,,1978,404,69908,13101,980,text/html; charset=UTF-8,707.37684ms,,3a7dd7ba
gid,https://querybuscas.com/pages/gid,,1979,404,69908,13101,980,text/html; charset=UTF-8,748.090355ms,,3a7dd7bb
gif,https://querybuscas.com/pages/gif,,1980,404,69908,13101,980,text/html; charset=UTF-8,672.822869ms,,3a7dd7bc
gifs,https://querybuscas.com/pages/gifs,,1981,404,69908,13101,980,text/html; charset=UTF-8,729.621019ms,,3a7dd7bd
gift,https://querybuscas.com/pages/gift,,1982,404,69908,13101,980,text/html; charset=UTF-8,661.834013ms,,3a7dd7be
giftcert,https://querybuscas.com/pages/giftcert,,1983,404,69908,13101,980,text/html; charset=UTF-8,739.576214ms,,3a7dd7bf
giftoptions,https://querybuscas.com/pages/giftoptions,,1984,404,69908,13101,980,text/html; charset=UTF-8,663.3755ms,,3a7dd7c0
giftreg_manage,https://querybuscas.com/pages/giftreg_manage,,1985,404,69908,13101,980,text/html; charset=UTF-8,609.067519ms,,3a7dd7c1
giftregs,https://querybuscas.com/pages/giftregs,,1986,404,69908,13101,980,text/html; charset=UTF-8,678.291585ms,,3a7dd7c2
gifts,https://querybuscas.com/pages/gifts,,1987,404,69908,13101,980,text/html; charset=UTF-8,637.92762ms,,3a7dd7c3
git,https://querybuscas.com/pages/git,,1988,404,69908,13101,980,text/html; charset=UTF-8,690.484022ms,,3a7dd7c4
gl,https://querybuscas.com/pages/gl,,1990,404,69908,13101,980,text/html; charset=UTF-8,583.861595ms,,3a7dd7c6
gitweb,https://querybuscas.com/pages/gitweb,,1989,404,69908,13101,980,text/html; charset=UTF-8,647.904437ms,,3a7dd7c5
glance_config,https://querybuscas.com/pages/glance_config,,1991,404,69908,13101,980,text/html; charset=UTF-8,834.307965ms,,3a7dd7c7
glimpse,https://querybuscas.com/pages/glimpse,,1992,404,69908,13101,980,text/html; charset=UTF-8,693.704559ms,,3a7dd7c8
global,https://querybuscas.com/pages/global,,1993,404,69908,13101,980,text/html; charset=UTF-8,668.508701ms,,3a7dd7c9
global.asa,https://querybuscas.com/pages/global.asa,,1994,404,69908,13101,980,text/html; charset=UTF-8,639.26106ms,,3a7dd7ca
global.asax,https://querybuscas.com/pages/global.asax,,1995,404,69908,13101,980,text/html; charset=UTF-8,669.249794ms,,3a7dd7cb
globalnav,https://querybuscas.com/pages/globalnav,,1996,404,69908,13101,980,text/html; charset=UTF-8,822.743591ms,,3a7dd7cc
globals,https://querybuscas.com/pages/globals,,1997,404,69908,13101,980,text/html; charset=UTF-8,818.751397ms,,3a7dd7cd
globes_admin,https://querybuscas.com/pages/globes_admin,,1998,404,69908,13101,980,text/html; charset=UTF-8,1.108024079s,,3a7dd7ce
glossary,https://querybuscas.com/pages/glossary,,1999,404,69908,13101,980,text/html; charset=UTF-8,1.170214629s,,3a7dd7cf
go,https://querybuscas.com/pages/go,,2000,404,69908,13101,980,text/html; charset=UTF-8,1.238597632s,,3a7dd7d0
goaway,https://querybuscas.com/pages/goaway,,2001,404,69908,13101,980,text/html; charset=UTF-8,1.156729579s,,3a7dd7d1
gold,https://querybuscas.com/pages/gold,,2002,404,69908,13101,980,text/html; charset=UTF-8,1.187409706s,,3a7dd7d2
golf,https://querybuscas.com/pages/golf,,2003,404,69908,13101,980,text/html; charset=UTF-8,749.950965ms,,3a7dd7d3
gone,https://querybuscas.com/pages/gone,,2004,404,69908,13101,980,text/html; charset=UTF-8,695.781768ms,,3a7dd7d4
goods,https://querybuscas.com/pages/goods,,2005,404,69908,13101,980,text/html; charset=UTF-8,727.497268ms,,3a7dd7d5
goods_script,https://querybuscas.com/pages/goods_script,,2006,404,69908,13101,980,text/html; charset=UTF-8,633.423963ms,,3a7dd7d6
google,https://querybuscas.com/pages/google,,2007,404,69908,13101,980,text/html; charset=UTF-8,742.402997ms,,3a7dd7d7
google_sitemap,https://querybuscas.com/pages/google_sitemap,,2008,404,69908,13101,980,text/html; charset=UTF-8,744.528579ms,,3a7dd7d8
googlebot,https://querybuscas.com/pages/googlebot,,2009,404,69908,13101,980,text/html; charset=UTF-8,715.430742ms,,3a7dd7d9
goto,https://querybuscas.com/pages/goto,,2010,404,69908,13101,980,text/html; charset=UTF-8,764.376339ms,,3a7dd7da
government,https://querybuscas.com/pages/government,,2011,404,69908,13101,980,text/html; charset=UTF-8,737.025855ms,,3a7dd7db
gp,https://querybuscas.com/pages/gp,,2012,404,69908,13101,980,text/html; charset=UTF-8,772.427329ms,,3a7dd7dc
gpapp,https://querybuscas.com/pages/gpapp,,2013,404,69908,13101,980,text/html; charset=UTF-8,699.019147ms,,3a7dd7dd
gpl,https://querybuscas.com/pages/gpl,,2014,404,69908,13101,980,text/html; charset=UTF-8,791.666235ms,,3a7dd7de
gprs,https://querybuscas.com/pages/gprs,,2015,404,69908,13101,980,text/html; charset=UTF-8,702.144593ms,,3a7dd7df
gps,https://querybuscas.com/pages/gps,,2016,404,69908,13101,980,text/html; charset=UTF-8,712.186489ms,,3a7dd7e0
gr,https://querybuscas.com/pages/gr,,2017,404,69908,13101,980,text/html; charset=UTF-8,722.806363ms,,3a7dd7e1
gracias,https://querybuscas.com/pages/gracias,,2018,404,69908,13101,980,text/html; charset=UTF-8,645.030651ms,,3a7dd7e2
grafik,https://querybuscas.com/pages/grafik,,2019,404,69908,13101,980,text/html; charset=UTF-8,671.418298ms,,3a7dd7e3
grant,https://querybuscas.com/pages/grant,,2020,404,69908,13101,980,text/html; charset=UTF-8,684.434174ms,,3a7dd7e4
granted,https://querybuscas.com/pages/granted,,2021,404,69908,13101,980,text/html; charset=UTF-8,664.639073ms,,3a7dd7e5
grants,https://querybuscas.com/pages/grants,,2022,404,69908,13101,980,text/html; charset=UTF-8,616.160218ms,,3a7dd7e6
graph,https://querybuscas.com/pages/graph,,2023,404,69908,13101,980,text/html; charset=UTF-8,643.09096ms,,3a7dd7e7
graphics,https://querybuscas.com/pages/graphics,,2024,404,69908,13101,980,text/html; charset=UTF-8,688.788168ms,,3a7dd7e8
green,https://querybuscas.com/pages/green,,2025,404,69908,13101,980,text/html; charset=UTF-8,639.861236ms,,3a7dd7e9
greybox,https://querybuscas.com/pages/greybox,,2026,404,69908,13101,980,text/html; charset=UTF-8,628.004428ms,,3a7dd7ea
grid,https://querybuscas.com/pages/grid,,2027,404,69908,13101,980,text/html; charset=UTF-8,710.189825ms,,3a7dd7eb
group,https://querybuscas.com/pages/group,,2028,404,69908,13101,980,text/html; charset=UTF-8,628.29708ms,,3a7dd7ec
group_inlinemod,https://querybuscas.com/pages/group_inlinemod,,2029,404,69908,13101,980,text/html; charset=UTF-8,581.192177ms,,3a7dd7ed
groupcp,https://querybuscas.com/pages/groupcp,,2030,404,69908,13101,980,text/html; charset=UTF-8,666.468359ms,,3a7dd7ee
groups,https://querybuscas.com/pages/groups,,2031,404,69908,13101,980,text/html; charset=UTF-8,584.85528ms,,3a7dd7ef
groupware,https://querybuscas.com/pages/groupware,,2032,404,69908,13101,980,text/html; charset=UTF-8,708.544738ms,,3a7dd7f0
gs,https://querybuscas.com/pages/gs,,2033,404,69908,13101,980,text/html; charset=UTF-8,622.54329ms,,3a7dd7f1
gsm,https://querybuscas.com/pages/gsm,,2034,404,69908,13101,980,text/html; charset=UTF-8,590.714938ms,,3a7dd7f2
guess,https://querybuscas.com/pages/guess,,2035,404,69908,13101,980,text/html; charset=UTF-8,690.830891ms,,3a7dd7f3
guest,https://querybuscas.com/pages/guest,,2036,404,69908,13101,980,text/html; charset=UTF-8,636.926491ms,,3a7dd7f4
guest-tracking,https://querybuscas.com/pages/guest-tracking,,2037,404,69908,13101,980,text/html; charset=UTF-8,613.807127ms,,3a7dd7f5
guestbook,https://querybuscas.com/pages/guestbook,,2038,404,69908,13101,980,text/html; charset=UTF-8,619.643566ms,,3a7dd7f6
gui,https://querybuscas.com/pages/gui,,2040,404,69908,13101,980,text/html; charset=UTF-8,683.88449ms,,3a7dd7f8
guests,https://querybuscas.com/pages/guests,,2039,404,69908,13101,980,text/html; charset=UTF-8,723.929683ms,,3a7dd7f7
guidelines,https://querybuscas.com/pages/guidelines,,2042,404,69908,13101,980,text/html; charset=UTF-8,582.785671ms,,3a7dd7fa
guide,https://querybuscas.com/pages/guide,,2041,404,69908,13101,980,text/html; charset=UTF-8,727.53197ms,,3a7dd7f9
guides,https://querybuscas.com/pages/guides,,2043,404,69908,13101,980,text/html; charset=UTF-8,591.123876ms,,3a7dd7fb
gump,https://querybuscas.com/pages/gump,,2044,404,69908,13101,980,text/html; charset=UTF-8,595.469664ms,,3a7dd7fc
gv_faq,https://querybuscas.com/pages/gv_faq,,2045,404,69908,13101,980,text/html; charset=UTF-8,818.549938ms,,3a7dd7fd
gv_redeem,https://querybuscas.com/pages/gv_redeem,,2046,404,69908,13101,980,text/html; charset=UTF-8,807.454191ms,,3a7dd7fe
gv_send,https://querybuscas.com/pages/gv_send,,2047,404,69908,13101,980,text/html; charset=UTF-8,857.053739ms,,3a7dd7ff
gwt,https://querybuscas.com/pages/gwt,,2048,404,69908,13101,980,text/html; charset=UTF-8,898.75185ms,,3a7dd800
gz,https://querybuscas.com/pages/gz,,2049,404,69908,13101,980,text/html; charset=UTF-8,887.788575ms,,3a7dd801
h2-console,https://querybuscas.com/pages/h2-console,,2050,404,69908,13101,980,text/html; charset=UTF-8,835.391544ms,,3a7dd802
h,https://querybuscas.com/pages/h,,2051,404,69908,13101,980,text/html; charset=UTF-8,686.900351ms,,3a7dd803
hack,https://querybuscas.com/pages/hack,,2052,404,69908,13101,980,text/html; charset=UTF-8,689.4309ms,,3a7dd804
hacker,https://querybuscas.com/pages/hacker,,2053,404,69908,13101,980,text/html; charset=UTF-8,643.754419ms,,3a7dd805
hacking,https://querybuscas.com/pages/hacking,,2054,404,69908,13101,980,text/html; charset=UTF-8,677.402517ms,,3a7dd806
hackme,https://querybuscas.com/pages/hackme,,2055,404,69908,13101,980,text/html; charset=UTF-8,608.152285ms,,3a7dd807
hadoop,https://querybuscas.com/pages/hadoop,,2056,404,69908,13101,980,text/html; charset=UTF-8,694.275922ms,,3a7dd808
handle,https://querybuscas.com/pages/handle,,2057,404,69908,13101,980,text/html; charset=UTF-8,659.180724ms,,3a7dd809
handler,https://querybuscas.com/pages/handler,,2058,404,69908,13101,980,text/html; charset=UTF-8,617.798064ms,,3a7dd80a
handlers,https://querybuscas.com/pages/handlers,,2059,404,69908,13101,980,text/html; charset=UTF-8,627.294504ms,,3a7dd80b
handles,https://querybuscas.com/pages/handles,,2060,404,69908,13101,980,text/html; charset=UTF-8,688.102635ms,,3a7dd80c
hangfire,https://querybuscas.com/pages/hangfire,,2061,404,69908,13101,980,text/html; charset=UTF-8,665.717678ms,,3a7dd80d
happen,https://querybuscas.com/pages/happen,,2062,404,69908,13101,980,text/html; charset=UTF-8,744.426727ms,,3a7dd80e
happening,https://querybuscas.com/pages/happening,,2063,404,69908,13101,980,text/html; charset=UTF-8,710.567063ms,,3a7dd80f
hard,https://querybuscas.com/pages/hard,,2064,404,69908,13101,980,text/html; charset=UTF-8,773.839029ms,,3a7dd810
hardcore,https://querybuscas.com/pages/hardcore,,2065,404,69908,13101,980,text/html; charset=UTF-8,900.850235ms,,3a7dd811
hardware,https://querybuscas.com/pages/hardware,,2066,404,69908,13101,980,text/html; charset=UTF-8,959.491687ms,,3a7dd812
harm,https://querybuscas.com/pages/harm,,2067,404,69908,13101,980,text/html; charset=UTF-8,848.411749ms,,3a7dd813
harming,https://querybuscas.com/pages/harming,,2068,404,69908,13101,980,text/html; charset=UTF-8,906.177461ms,,3a7dd814
harmony,https://querybuscas.com/pages/harmony,,2069,404,69908,13101,980,text/html; charset=UTF-8,629.896239ms,,3a7dd815
head,https://querybuscas.com/pages/head,,2070,404,69908,13101,980,text/html; charset=UTF-8,769.83136ms,,3a7dd816
header,https://querybuscas.com/pages/header,,2071,404,69908,13101,980,text/html; charset=UTF-8,662.838491ms,,3a7dd817
header_logo,https://querybuscas.com/pages/header_logo,,2072,404,69908,13101,980,text/html; charset=UTF-8,624.331915ms,,3a7dd818
headers,https://querybuscas.com/pages/headers,,2073,404,69908,13101,980,text/html; charset=UTF-8,643.917743ms,,3a7dd819
headlines,https://querybuscas.com/pages/headlines,,2074,404,69908,13101,980,text/html; charset=UTF-8,663.626917ms,,3a7dd81a
health,https://querybuscas.com/pages/health,,2075,404,69908,13101,980,text/html; charset=UTF-8,739.331714ms,,3a7dd81b
health/live,https://querybuscas.com/pages/health/live,,2076,404,69908,13101,980,text/html; charset=UTF-8,649.462631ms,,3a7dd81c
health/ready,https://querybuscas.com/pages/health/ready,,2077,404,69908,13101,980,text/html; charset=UTF-8,594.791085ms,,3a7dd81d
healthz,https://querybuscas.com/pages/healthz,,2078,404,69908,13101,980,text/html; charset=UTF-8,697.569642ms,,3a7dd81e
healthcare,https://querybuscas.com/pages/healthcare,,2079,404,69908,13101,980,text/html; charset=UTF-8,608.706304ms,,3a7dd81f
hello,https://querybuscas.com/pages/hello,,2080,404,69908,13101,980,text/html; charset=UTF-8,655.69481ms,,3a7dd820
helloworld,https://querybuscas.com/pages/helloworld,,2081,404,69908,13101,980,text/html; charset=UTF-8,697.22866ms,,3a7dd821
help,https://querybuscas.com/pages/help,,2082,404,69908,13101,980,text/html; charset=UTF-8,606.631119ms,,3a7dd822
help_answer,https://querybuscas.com/pages/help_answer,,2083,404,69908,13101,980,text/html; charset=UTF-8,702.284627ms,,3a7dd823
helpdesk,https://querybuscas.com/pages/helpdesk,,2084,404,69908,13101,980,text/html; charset=UTF-8,933.292792ms,,3a7dd824
helper,https://querybuscas.com/pages/helper,,2085,404,69908,13101,980,text/html; charset=UTF-8,1.041900787s,,3a7dd825
helpers,https://querybuscas.com/pages/helpers,,2086,404,69908,13101,980,text/html; charset=UTF-8,959.146201ms,,3a7dd826
hi,https://querybuscas.com/pages/hi,,2087,404,69908,13101,980,text/html; charset=UTF-8,847.580618ms,,3a7dd827
hidden,https://querybuscas.com/pages/hidden,,2088,404,69908,13101,980,text/html; charset=UTF-8,839.570991ms,,3a7dd828
hide,https://querybuscas.com/pages/hide,,2089,404,69908,13101,980,text/html; charset=UTF-8,643.80149ms,,3a7dd829
high,https://querybuscas.com/pages/high,,2090,404,69908,13101,980,text/html; charset=UTF-8,712.290831ms,,3a7dd82a
highslide,https://querybuscas.com/pages/highslide,,2091,404,69908,13101,980,text/html; charset=UTF-8,731.157487ms,,3a7dd82b
hilfe,https://querybuscas.com/pages/hilfe,,2092,404,69908,13101,980,text/html; charset=UTF-8,731.479666ms,,3a7dd82c
hipaa,https://querybuscas.com/pages/hipaa,,2093,404,69908,13101,980,text/html; charset=UTF-8,736.21103ms,,3a7dd82d
hire,https://querybuscas.com/pages/hire,,2094,404,69908,13101,980,text/html; charset=UTF-8,684.829538ms,,3a7dd82e
history,https://querybuscas.com/pages/history,,2095,404,69908,13101,980,text/html; charset=UTF-8,686.973617ms,,3a7dd82f
hit,https://querybuscas.com/pages/hit,,2096,404,69908,13101,980,text/html; charset=UTF-8,628.692444ms,,3a7dd830
hitcount,https://querybuscas.com/pages/hitcount,,2097,404,69908,13101,980,text/html; charset=UTF-8,741.599327ms,,3a7dd831
hits,https://querybuscas.com/pages/hits,,2098,404,69908,13101,980,text/html; charset=UTF-8,601.680775ms,,3a7dd832
hold,https://querybuscas.com/pages/hold,,2099,404,69908,13101,980,text/html; charset=UTF-8,689.256133ms,,3a7dd833
hole,https://querybuscas.com/pages/hole,,2100,404,69908,13101,980,text/html; charset=UTF-8,625.582648ms,,3a7dd834
holiday,https://querybuscas.com/pages/holiday,,2101,404,69908,13101,980,text/html; charset=UTF-8,629.742616ms,,3a7dd835
holidays,https://querybuscas.com/pages/holidays,,2102,404,69908,13101,980,text/html; charset=UTF-8,666.441957ms,,3a7dd836
home,https://querybuscas.com/pages/home,,2103,404,69908,13101,980,text/html; charset=UTF-8,715.223008ms,,3a7dd837
homepage,https://querybuscas.com/pages/homepage,,2104,404,69908,13101,980,text/html; charset=UTF-8,684.477516ms,,3a7dd838
homes,https://querybuscas.com/pages/homes,,2105,404,69908,13101,980,text/html; charset=UTF-8,677.379082ms,,3a7dd839
homework,https://querybuscas.com/pages/homework,,2106,404,69908,13101,980,text/html; charset=UTF-8,695.213993ms,,3a7dd83a
honda,https://querybuscas.com/pages/honda,,2107,404,69908,13101,980,text/html; charset=UTF-8,649.802845ms,,3a7dd83b
hooks,https://querybuscas.com/pages/hooks,,2108,404,69908,13101,980,text/html; charset=UTF-8,618.026345ms,,3a7dd83c
hop,https://querybuscas.com/pages/hop,,2109,404,69908,13101,980,text/html; charset=UTF-8,684.233717ms,,3a7dd83d
horde,https://querybuscas.com/pages/horde,,2110,404,69908,13101,980,text/html; charset=UTF-8,653.206381ms,,3a7dd83e
host,https://querybuscas.com/pages/host,,2111,404,69908,13101,980,text/html; charset=UTF-8,631.122541ms,,3a7dd83f
host-manager,https://querybuscas.com/pages/host-manager,,2112,404,69908,13101,980,text/html; charset=UTF-8,737.047151ms,,3a7dd840
hosted,https://querybuscas.com/pages/hosted,,2113,404,69908,13101,980,text/html; charset=UTF-8,702.194938ms,,3a7dd841
hosting,https://querybuscas.com/pages/hosting,,2114,404,69908,13101,980,text/html; charset=UTF-8,860.521114ms,,3a7dd842
hosts,https://querybuscas.com/pages/hosts,,2115,404,69908,13101,980,text/html; charset=UTF-8,649.673695ms,,3a7dd843
hotels,https://querybuscas.com/pages/hotels,,2117,404,69908,13101,980,text/html; charset=UTF-8,628.665344ms,,3a7dd845
hotel,https://querybuscas.com/pages/hotel,,2116,404,69908,13101,980,text/html; charset=UTF-8,628.78475ms,,3a7dd844
hour,https://querybuscas.com/pages/hour,,2118,404,69908,13101,980,text/html; charset=UTF-8,674.793721ms,,3a7dd846
hourly,https://querybuscas.com/pages/hourly,,2119,404,69908,13101,980,text/html; charset=UTF-8,765.270042ms,,3a7dd847
house,https://querybuscas.com/pages/house,,2120,404,69908,13101,980,text/html; charset=UTF-8,664.705559ms,,3a7dd848
how,https://querybuscas.com/pages/how,,2121,404,69908,13101,980,text/html; charset=UTF-8,833.570971ms,,3a7dd849
howto,https://querybuscas.com/pages/howto,,2122,404,69908,13101,980,text/html; charset=UTF-8,731.606932ms,,3a7dd84a
hpwebjetadmin,https://querybuscas.com/pages/hpwebjetadmin,,2124,404,69908,13101,980,text/html; charset=UTF-8,555.204764ms,,3a7dd84c
hp,https://querybuscas.com/pages/hp,,2123,404,69908,13101,980,text/html; charset=UTF-8,770.379599ms,,3a7dd84b
hr,https://querybuscas.com/pages/hr,,2125,404,69908,13101,980,text/html; charset=UTF-8,710.426047ms,,3a7dd84d
ht,https://querybuscas.com/pages/ht,,2126,404,69908,13101,980,text/html; charset=UTF-8,691.793137ms,,3a7dd84e
hta,https://querybuscas.com/pages/hta,,2127,404,69908,13101,980,text/html; charset=UTF-8,633.091347ms,,3a7dd84f
htbin,https://querybuscas.com/pages/htbin,,2128,404,69908,13101,980,text/html; charset=UTF-8,610.353267ms,,3a7dd850
htdig,https://querybuscas.com/pages/htdig,,2129,404,69908,13101,980,text/html; charset=UTF-8,822.792151ms,,3a7dd851
htdoc,https://querybuscas.com/pages/htdoc,,2130,404,69908,13101,980,text/html; charset=UTF-8,729.224626ms,,3a7dd852
htdocs,https://querybuscas.com/pages/htdocs,,2131,404,69908,13101,980,text/html; charset=UTF-8,628.071766ms,,3a7dd853
htm,https://querybuscas.com/pages/htm,,2132,404,69908,13101,980,text/html; charset=UTF-8,595.399831ms,,3a7dd854
html,https://querybuscas.com/pages/html,,2133,404,69908,13101,980,text/html; charset=UTF-8,831.454951ms,,3a7dd855
htmlarea,https://querybuscas.com/pages/htmlarea,,2134,404,69908,13101,980,text/html; charset=UTF-8,811.044524ms,,3a7dd856
htmls,https://querybuscas.com/pages/htmls,,2135,404,69908,13101,980,text/html; charset=UTF-8,920.006513ms,,3a7dd857
htpasswd,https://querybuscas.com/pages/htpasswd,,2136,404,69908,13101,980,text/html; charset=UTF-8,899.117515ms,,3a7dd858
http,https://querybuscas.com/pages/http,,2137,404,69908,13101,980,text/html; charset=UTF-8,890.905937ms,,3a7dd859
httpd,https://querybuscas.com/pages/httpd,,2138,404,69908,13101,980,text/html; charset=UTF-8,910.759981ms,,3a7dd85a
httpdocs,https://querybuscas.com/pages/httpdocs,,2139,404,69908,13101,980,text/html; charset=UTF-8,677.103672ms,,3a7dd85b
httpmodules,https://querybuscas.com/pages/httpmodules,,2140,404,69908,13101,980,text/html; charset=UTF-8,670.453395ms,,3a7dd85c
https,https://querybuscas.com/pages/https,,2141,404,69908,13101,980,text/html; charset=UTF-8,658.691602ms,,3a7dd85d
hu,https://querybuscas.com/pages/hu,,2143,404,69908,13101,980,text/html; charset=UTF-8,668.258163ms,,3a7dd85f
httpuser,https://querybuscas.com/pages/httpuser,,2142,404,69908,13101,980,text/html; charset=UTF-8,687.042893ms,,3a7dd85e
human,https://querybuscas.com/pages/human,,2144,404,69908,13101,980,text/html; charset=UTF-8,716.115177ms,,3a7dd860
humans,https://querybuscas.com/pages/humans,,2145,404,69908,13101,980,text/html; charset=UTF-8,629.094953ms,,3a7dd861
humans.txt,https://querybuscas.com/pages/humans.txt,,2146,404,68970,13094,980,text/html; charset=UTF-8,615.436044ms,,3a7dd862
humor,https://querybuscas.com/pages/humor,,2147,404,69908,13101,980,text/html; charset=UTF-8,615.342722ms,,3a7dd863
hyper,https://querybuscas.com/pages/hyper,,2148,404,69908,13101,980,text/html; charset=UTF-8,626.555719ms,,3a7dd864
i,https://querybuscas.com/pages/i,,2149,404,69908,13101,980,text/html; charset=UTF-8,633.68642ms,,3a7dd865
ia,https://querybuscas.com/pages/ia,,2150,404,69908,13101,980,text/html; charset=UTF-8,759.438221ms,,3a7dd866
ibm,https://querybuscas.com/pages/ibm,,2151,404,69908,13101,980,text/html; charset=UTF-8,624.867488ms,,3a7dd867
icat,https://querybuscas.com/pages/icat,,2152,404,69908,13101,980,text/html; charset=UTF-8,746.914064ms,,3a7dd868
ico,https://querybuscas.com/pages/ico,,2153,404,69908,13101,980,text/html; charset=UTF-8,648.28892ms,,3a7dd869
icon,https://querybuscas.com/pages/icon,,2154,404,69908,13101,980,text/html; charset=UTF-8,646.474884ms,,3a7dd86a
icons,https://querybuscas.com/pages/icons,,2155,404,69908,13101,980,text/html; charset=UTF-8,709.510318ms,,3a7dd86b
icq,https://querybuscas.com/pages/icq,,2156,404,69908,13101,980,text/html; charset=UTF-8,662.205084ms,,3a7dd86c
id,https://querybuscas.com/pages/id,,2157,404,69908,13101,980,text/html; charset=UTF-8,684.513614ms,,3a7dd86d
id_rsa.pub,https://querybuscas.com/pages/id_rsa.pub,,2159,404,69908,13101,980,text/html; charset=UTF-8,635.013398ms,,3a7dd86f
id_rsa,https://querybuscas.com/pages/id_rsa,,2158,404,69908,13101,980,text/html; charset=UTF-8,693.420062ms,,3a7dd86e
idbc,https://querybuscas.com/pages/idbc,,2160,404,69908,13101,980,text/html; charset=UTF-8,680.863874ms,,3a7dd870
idea,https://querybuscas.com/pages/idea,,2161,404,69908,13101,980,text/html; charset=UTF-8,659.655167ms,,3a7dd871
ideas,https://querybuscas.com/pages/ideas,,2162,404,69908,13101,980,text/html; charset=UTF-8,680.048445ms,,3a7dd872
identity,https://querybuscas.com/pages/identity,,2163,404,69908,13101,980,text/html; charset=UTF-8,635.785027ms,,3a7dd873
idp,https://querybuscas.com/pages/idp,,2164,404,69908,13101,980,text/html; charset=UTF-8,663.003343ms,,3a7dd874
ids,https://querybuscas.com/pages/ids,,2165,404,69908,13101,980,text/html; charset=UTF-8,615.526577ms,,3a7dd875
ie,https://querybuscas.com/pages/ie,,2166,404,69908,13101,980,text/html; charset=UTF-8,699.800631ms,,3a7dd876
if,https://querybuscas.com/pages/if,,2167,404,69908,13101,980,text/html; charset=UTF-8,639.560358ms,,3a7dd877
iframe,https://querybuscas.com/pages/iframe,,2168,404,69908,13101,980,text/html; charset=UTF-8,686.374191ms,,3a7dd878
iframes,https://querybuscas.com/pages/iframes,,2169,404,69908,13101,980,text/html; charset=UTF-8,651.645256ms,,3a7dd879
ig,https://querybuscas.com/pages/ig,,2170,404,69908,13101,980,text/html; charset=UTF-8,683.259739ms,,3a7dd87a
ignore,https://querybuscas.com/pages/ignore,,2171,404,69908,13101,980,text/html; charset=UTF-8,648.981388ms,,3a7dd87b
ignoring,https://querybuscas.com/pages/ignoring,,2172,404,69908,13101,980,text/html; charset=UTF-8,579.666961ms,,3a7dd87c
iis,https://querybuscas.com/pages/iis,,2173,404,69908,13101,980,text/html; charset=UTF-8,596.569064ms,,3a7dd87d
iisadmin,https://querybuscas.com/pages/iisadmin,,2174,404,69908,13101,980,text/html; charset=UTF-8,598.577282ms,,3a7dd87e
iisadmpwd,https://querybuscas.com/pages/iisadmpwd,,2175,404,69908,13101,980,text/html; charset=UTF-8,677.198894ms,,3a7dd87f
iissamples,https://querybuscas.com/pages/iissamples,,2176,404,69908,13101,980,text/html; charset=UTF-8,630.966198ms,,3a7dd880
im,https://querybuscas.com/pages/im,,2177,404,69908,13101,980,text/html; charset=UTF-8,562.11937ms,,3a7dd881
image,https://querybuscas.com/pages/image,,2178,404,69908,13101,980,text/html; charset=UTF-8,705.536129ms,,3a7dd882
imagefolio,https://querybuscas.com/pages/imagefolio,,2179,404,69908,13101,980,text/html; charset=UTF-8,746.827933ms,,3a7dd883
imagegallery,https://querybuscas.com/pages/imagegallery,,2180,404,69908,13101,980,text/html; charset=UTF-8,689.719286ms,,3a7dd884
imagenes,https://querybuscas.com/pages/imagenes,,2181,404,69908,13101,980,text/html; charset=UTF-8,597.846833ms,,3a7dd885
imagens,https://querybuscas.com/pages/imagens,,2182,404,69908,13101,980,text/html; charset=UTF-8,672.297481ms,,3a7dd886
images,https://querybuscas.com/pages/images,,2183,404,69908,13101,980,text/html; charset=UTF-8,680.969646ms,,3a7dd887
images01,https://querybuscas.com/pages/images01,,2184,404,69908,13101,980,text/html; charset=UTF-8,608.019363ms,,3a7dd888
images1,https://querybuscas.com/pages/images1,,2185,404,69908,13101,980,text/html; charset=UTF-8,675.978266ms,,3a7dd889
images2,https://querybuscas.com/pages/images2,,2186,404,69908,13101,980,text/html; charset=UTF-8,635.145724ms,,3a7dd88a
images3,https://querybuscas.com/pages/images3,,2187,404,69908,13101,980,text/html; charset=UTF-8,609.81156ms,,3a7dd88b
imanager,https://querybuscas.com/pages/imanager,,2188,404,69908,13101,980,text/html; charset=UTF-8,679.214837ms,,3a7dd88c
img,https://querybuscas.com/pages/img,,2189,404,69908,13101,980,text/html; charset=UTF-8,650.125439ms,,3a7dd88d
img2,https://querybuscas.com/pages/img2,,2190,404,69908,13101,980,text/html; charset=UTF-8,674.36618ms,,3a7dd88e
imgs,https://querybuscas.com/pages/imgs,,2191,404,69908,13101,980,text/html; charset=UTF-8,647.230804ms,,3a7dd88f
immagini,https://querybuscas.com/pages/immagini,,2192,404,69908,13101,980,text/html; charset=UTF-8,700.865877ms,,3a7dd890
imp,https://querybuscas.com/pages/imp,,2193,404,69908,13101,980,text/html; charset=UTF-8,684.895114ms,,3a7dd891
import,https://querybuscas.com/pages/import,,2194,404,69908,13101,980,text/html; charset=UTF-8,666.777444ms,,3a7dd892
important,https://querybuscas.com/pages/important,,2195,404,69908,13101,980,text/html; charset=UTF-8,565.603824ms,,3a7dd893
imports,https://querybuscas.com/pages/imports,,2196,404,69908,13101,980,text/html; charset=UTF-8,740.355183ms,,3a7dd894
impressum,https://querybuscas.com/pages/impressum,,2197,404,69908,13101,980,text/html; charset=UTF-8,713.963609ms,,3a7dd895
in,https://querybuscas.com/pages/in,,2198,404,69908,13101,980,text/html; charset=UTF-8,755.364148ms,,3a7dd896
inbound,https://querybuscas.com/pages/inbound,,2199,404,69908,13101,980,text/html; charset=UTF-8,809.609994ms,,3a7dd897
inbox,https://querybuscas.com/pages/inbox,,2200,404,69908,13101,980,text/html; charset=UTF-8,910.241504ms,,3a7dd898
inc,https://querybuscas.com/pages/inc,,2201,404,69908,13101,980,text/html; charset=UTF-8,682.765434ms,,3a7dd899
incl,https://querybuscas.com/pages/incl,,2202,404,69908,13101,980,text/html; charset=UTF-8,624.38106ms,,3a7dd89a
include,https://querybuscas.com/pages/include,,2203,404,69908,13101,980,text/html; charset=UTF-8,679.111649ms,,3a7dd89b
includes,https://querybuscas.com/pages/includes,,2204,404,69908,13101,980,text/html; charset=UTF-8,631.730567ms,,3a7dd89c
incoming,https://querybuscas.com/pages/incoming,,2205,404,69908,13101,980,text/html; charset=UTF-8,648.97929ms,,3a7dd89d
incs,https://querybuscas.com/pages/incs,,2206,404,69908,13101,980,text/html; charset=UTF-8,670.836925ms,,3a7dd89e
incubator,https://querybuscas.com/pages/incubator,,2207,404,69908,13101,980,text/html; charset=UTF-8,716.890872ms,,3a7dd89f
index,https://querybuscas.com/pages/index,,2208,404,69908,13101,980,text/html; charset=UTF-8,756.27453ms,,3a7dd8a0
index.htm,https://querybuscas.com/pages/index.htm,,2209,404,69908,13101,980,text/html; charset=UTF-8,662.035604ms,,3a7dd8a1
index.html,https://querybuscas.com/pages/index.html,/pages/index,2210,301,46,5,1,text/plain; charset=utf-8,685.735483ms,,3a7dd8a2
index.php,https://querybuscas.com/pages/index.php,,2211,404,69908,13101,980,text/html; charset=UTF-8,594.924125ms,,3a7dd8a3
index1,https://querybuscas.com/pages/index1,,2212,404,69908,13101,980,text/html; charset=UTF-8,707.831521ms,,3a7dd8a4
index2,https://querybuscas.com/pages/index2,,2213,404,69908,13101,980,text/html; charset=UTF-8,688.061936ms,,3a7dd8a5
index2.php,https://querybuscas.com/pages/index2.php,,2214,404,69908,13101,980,text/html; charset=UTF-8,595.455985ms,,3a7dd8a6
index3,https://querybuscas.com/pages/index3,,2215,404,69908,13101,980,text/html; charset=UTF-8,665.614891ms,,3a7dd8a7
index3.php,https://querybuscas.com/pages/index3.php,,2216,404,69908,13101,980,text/html; charset=UTF-8,595.707583ms,,3a7dd8a8
index_01,https://querybuscas.com/pages/index_01,,2217,404,69908,13101,980,text/html; charset=UTF-8,550.311532ms,,3a7dd8a9
index_1,https://querybuscas.com/pages/index_1,,2218,404,69908,13101,980,text/html; charset=UTF-8,665.998289ms,,3a7dd8aa
index_2,https://querybuscas.com/pages/index_2,,2219,404,69908,13101,980,text/html; charset=UTF-8,654.168588ms,,3a7dd8ab
index_adm,https://querybuscas.com/pages/index_adm,,2220,404,69908,13101,980,text/html; charset=UTF-8,840.825123ms,,3a7dd8ac
index_files,https://querybuscas.com/pages/index_files,,2222,404,69908,13101,980,text/html; charset=UTF-8,637.860166ms,,3a7dd8ae
index_admin,https://querybuscas.com/pages/index_admin,,2221,404,69908,13101,980,text/html; charset=UTF-8,651.888338ms,,3a7dd8ad
index_var_de,https://querybuscas.com/pages/index_var_de,,2223,404,69908,13101,980,text/html; charset=UTF-8,570.433502ms,,3a7dd8af
indexes,https://querybuscas.com/pages/indexes,,2224,404,69908,13101,980,text/html; charset=UTF-8,670.228446ms,,3a7dd8b0
industries,https://querybuscas.com/pages/industries,,2225,404,69908,13101,980,text/html; charset=UTF-8,967.634629ms,,3a7dd8b1
industry,https://querybuscas.com/pages/industry,,2226,404,69908,13101,980,text/html; charset=UTF-8,1.32119391s,,3a7dd8b2
indy_admin,https://querybuscas.com/pages/indy_admin,,2227,404,69908,13101,980,text/html; charset=UTF-8,1.20442845s,,3a7dd8b3
inetpub,https://querybuscas.com/pages/inetpub,,2228,404,69908,13101,980,text/html; charset=UTF-8,1.586647815s,,3a7dd8b4
inetsrv,https://querybuscas.com/pages/inetsrv,,2229,404,69908,13101,980,text/html; charset=UTF-8,1.565864471s,,3a7dd8b5
inf,https://querybuscas.com/pages/inf,,2230,404,69908,13101,980,text/html; charset=UTF-8,1.566801424s,,3a7dd8b6
info,https://querybuscas.com/pages/info,,2231,404,69908,13101,980,text/html; charset=UTF-8,838.560907ms,,3a7dd8b7
info.php,https://querybuscas.com/pages/info.php,,2232,404,69908,13101,980,text/html; charset=UTF-8,569.972726ms,,3a7dd8b8
information,https://querybuscas.com/pages/information,,2233,404,69908,13101,980,text/html; charset=UTF-8,740.27657ms,,3a7dd8b9
informer,https://querybuscas.com/pages/informer,,2234,404,69908,13101,980,text/html; charset=UTF-8,771.178805ms,,3a7dd8ba
infos,https://querybuscas.com/pages/infos,,2235,404,69908,13101,980,text/html; charset=UTF-8,639.574208ms,,3a7dd8bb
infos.php,https://querybuscas.com/pages/infos.php,,2236,404,69908,13101,980,text/html; charset=UTF-8,667.41836ms,,3a7dd8bc
infraction,https://querybuscas.com/pages/infraction,,2237,404,69908,13101,980,text/html; charset=UTF-8,696.863431ms,,3a7dd8bd
ingres,https://querybuscas.com/pages/ingres,,2238,404,69908,13101,980,text/html; charset=UTF-8,770.893908ms,,3a7dd8be
ingress,https://querybuscas.com/pages/ingress,,2239,404,69908,13101,980,text/html; charset=UTF-8,629.590997ms,,3a7dd8bf
ini,https://querybuscas.com/pages/ini,,2240,404,69908,13101,980,text/html; charset=UTF-8,628.395205ms,,3a7dd8c0
init,https://querybuscas.com/pages/init,,2241,404,69908,13101,980,text/html; charset=UTF-8,763.4706ms,,3a7dd8c1
injection,https://querybuscas.com/pages/injection,,2242,404,69908,13101,980,text/html; charset=UTF-8,717.536567ms,,3a7dd8c2
inline,https://querybuscas.com/pages/inline,,2243,404,69908,13101,980,text/html; charset=UTF-8,610.306887ms,,3a7dd8c3
inlinemod,https://querybuscas.com/pages/inlinemod,,2244,404,69908,13101,980,text/html; charset=UTF-8,738.178784ms,,3a7dd8c4
input,https://querybuscas.com/pages/input,,2245,404,69908,13101,980,text/html; charset=UTF-8,675.57755ms,,3a7dd8c5
inquire,https://querybuscas.com/pages/inquire,,2246,404,69908,13101,980,text/html; charset=UTF-8,546.452171ms,,3a7dd8c6
inquiries,https://querybuscas.com/pages/inquiries,,2247,404,69908,13101,980,text/html; charset=UTF-8,596.636415ms,,3a7dd8c7
insert,https://querybuscas.com/pages/insert,,2249,404,69908,13101,980,text/html; charset=UTF-8,652.493125ms,,3a7dd8c9
inquiry,https://querybuscas.com/pages/inquiry,,2248,404,69908,13101,980,text/html; charset=UTF-8,713.121524ms,,3a7dd8c8
install,https://querybuscas.com/pages/install,,2250,404,69908,13101,980,text/html; charset=UTF-8,618.430833ms,,3a7dd8ca
install-xaom,https://querybuscas.com/pages/install-xaom,,2252,404,69908,13101,980,text/html; charset=UTF-8,675.757983ms,,3a7dd8cc
install-xaff,https://querybuscas.com/pages/install-xaff,,2251,404,69908,13101,980,text/html; charset=UTF-8,652.560422ms,,3a7dd8cb
install-xbench,https://querybuscas.com/pages/install-xbench,,2253,404,69908,13101,980,text/html; charset=UTF-8,611.741873ms,,3a7dd8cd
install-xfcomp,https://querybuscas.com/pages/install-xfcomp,,2254,404,69908,13101,980,text/html; charset=UTF-8,584.89971ms,,3a7dd8ce
install-xoffers,https://querybuscas.com/pages/install-xoffers,,2255,404,69908,13101,980,text/html; charset=UTF-8,595.195715ms,,3a7dd8cf
install-xpconf,https://querybuscas.com/pages/install-xpconf,,2256,404,69908,13101,980,text/html; charset=UTF-8,625.633864ms,,3a7dd8d0
install-xrma,https://querybuscas.com/pages/install-xrma,,2257,404,69908,13101,980,text/html; charset=UTF-8,565.606072ms,,3a7dd8d1
install-xsurvey,https://querybuscas.com/pages/install-xsurvey,,2258,404,69908,13101,980,text/html; charset=UTF-8,727.31581ms,,3a7dd8d2
install.mysql,https://querybuscas.com/pages/install.mysql,,2259,404,69908,13101,980,text/html; charset=UTF-8,684.458556ms,,3a7dd8d3
install.pgsql,https://querybuscas.com/pages/install.pgsql,,2260,404,69908,13101,980,text/html; charset=UTF-8,722.348408ms,,3a7dd8d4
installation,https://querybuscas.com/pages/installation,,2261,404,69908,13101,980,text/html; charset=UTF-8,633.461978ms,,3a7dd8d5
installer,https://querybuscas.com/pages/installer,,2262,404,69908,13101,980,text/html; charset=UTF-8,587.167889ms,,3a7dd8d6
installwordpress,https://querybuscas.com/pages/installwordpress,,2263,404,69908,13101,980,text/html; charset=UTF-8,576.841766ms,,3a7dd8d7
instance,https://querybuscas.com/pages/instance,,2264,404,69908,13101,980,text/html; charset=UTF-8,561.575257ms,,3a7dd8d8
instructions,https://querybuscas.com/pages/instructions,,2265,404,69908,13101,980,text/html; charset=UTF-8,650.330587ms,,3a7dd8d9
insurance,https://querybuscas.com/pages/insurance,,2266,404,69908,13101,980,text/html; charset=UTF-8,665.091632ms,,3a7dd8da
int,https://querybuscas.com/pages/int,,2267,404,69908,13101,980,text/html; charset=UTF-8,536.841654ms,,3a7dd8db
intel,https://querybuscas.com/pages/intel,,2268,404,69908,13101,980,text/html; charset=UTF-8,626.088278ms,,3a7dd8dc
intelligence,https://querybuscas.com/pages/intelligence,,2269,404,69908,13101,980,text/html; charset=UTF-8,675.568857ms,,3a7dd8dd
interactive,https://querybuscas.com/pages/interactive,,2271,404,69908,13101,980,text/html; charset=UTF-8,937.772103ms,,3a7dd8df
inter,https://querybuscas.com/pages/inter,,2270,404,69908,13101,980,text/html; charset=UTF-8,1.140549763s,,3a7dd8de
interface,https://querybuscas.com/pages/interface,,2272,404,69908,13101,980,text/html; charset=UTF-8,1.208221039s,,3a7dd8e0
interim,https://querybuscas.com/pages/interim,,2273,404,69908,13101,980,text/html; charset=UTF-8,1.246589375s,,3a7dd8e1
intermediate,https://querybuscas.com/pages/intermediate,,2274,404,69908,13101,980,text/html; charset=UTF-8,1.137782643s,,3a7dd8e2
intern,https://querybuscas.com/pages/intern,,2275,404,69908,13101,980,text/html; charset=UTF-8,1.071153202s,,3a7dd8e3
internal,https://querybuscas.com/pages/internal,,2276,404,69908,13101,980,text/html; charset=UTF-8,606.82809ms,,3a7dd8e4
international,https://querybuscas.com/pages/international,,2277,404,69908,13101,980,text/html; charset=UTF-8,736.880753ms,,3a7dd8e5
internet,https://querybuscas.com/pages/internet,,2278,404,69908,13101,980,text/html; charset=UTF-8,653.120093ms,,3a7dd8e6
interview,https://querybuscas.com/pages/interview,,2279,404,69908,13101,980,text/html; charset=UTF-8,615.684504ms,,3a7dd8e7
interviews,https://querybuscas.com/pages/interviews,,2280,404,69908,13101,980,text/html; charset=UTF-8,547.647922ms,,3a7dd8e8
intl,https://querybuscas.com/pages/intl,,2281,404,69908,13101,980,text/html; charset=UTF-8,686.924804ms,,3a7dd8e9
intra,https://querybuscas.com/pages/intra,,2282,404,69908,13101,980,text/html; charset=UTF-8,685.710679ms,,3a7dd8ea
intracorp,https://querybuscas.com/pages/intracorp,,2283,404,69908,13101,980,text/html; charset=UTF-8,600.557477ms,,3a7dd8eb
intranet,https://querybuscas.com/pages/intranet,,2284,404,69908,13101,980,text/html; charset=UTF-8,651.385781ms,,3a7dd8ec
intro,https://querybuscas.com/pages/intro,,2285,404,69908,13101,980,text/html; charset=UTF-8,724.957729ms,,3a7dd8ed
introduction,https://querybuscas.com/pages/introduction,,2286,404,69908,13101,980,text/html; charset=UTF-8,676.066378ms,,3a7dd8ee
inventory,https://querybuscas.com/pages/inventory,,2287,404,69908,13101,980,text/html; charset=UTF-8,1.048464014s,,3a7dd8ef
investors,https://querybuscas.com/pages/investors,,2288,404,69908,13101,980,text/html; charset=UTF-8,1.045656193s,,3a7dd8f0
invite,https://querybuscas.com/pages/invite,,2290,404,69908,13101,980,text/html; charset=UTF-8,1.063784553s,,3a7dd8f2
invitation,https://querybuscas.com/pages/invitation,,2289,404,69908,13101,980,text/html; charset=UTF-8,1.143401764s,,3a7dd8f1
invoice,https://querybuscas.com/pages/invoice,,2291,404,69908,13101,980,text/html; charset=UTF-8,1.077614923s,,3a7dd8f3
invoices,https://querybuscas.com/pages/invoices,,2292,404,69908,13101,980,text/html; charset=UTF-8,731.68571ms,,3a7dd8f4
ioncube,https://querybuscas.com/pages/ioncube,,2293,404,69908,13101,980,text/html; charset=UTF-8,730.932213ms,,3a7dd8f5
ios/config,https://querybuscas.com/pages/ios/config,,2294,404,69908,13101,980,text/html; charset=UTF-8,728.75428ms,,3a7dd8f6
ip,https://querybuscas.com/pages/ip,,2295,404,69908,13101,980,text/html; charset=UTF-8,632.893089ms,,3a7dd8f7
ipc,https://querybuscas.com/pages/ipc,,2296,404,69908,13101,980,text/html; charset=UTF-8,732.804147ms,,3a7dd8f8
ipdata,https://querybuscas.com/pages/ipdata,,2297,404,69908,13101,980,text/html; charset=UTF-8,604.785265ms,,3a7dd8f9
iphone,https://querybuscas.com/pages/iphone,,2298,404,69908,13101,980,text/html; charset=UTF-8,663.642431ms,,3a7dd8fa
ipn,https://querybuscas.com/pages/ipn,,2299,404,69908,13101,980,text/html; charset=UTF-8,729.112825ms,,3a7dd8fb
ipod,https://querybuscas.com/pages/ipod,,2300,404,69908,13101,980,text/html; charset=UTF-8,515.49808ms,,3a7dd8fc
ipp,https://querybuscas.com/pages/ipp,,2301,404,69908,13101,980,text/html; charset=UTF-8,628.426427ms,,3a7dd8fd
ips,https://querybuscas.com/pages/ips,,2302,404,69908,13101,980,text/html; charset=UTF-8,586.348503ms,,3a7dd8fe
ips_kernel,https://querybuscas.com/pages/ips_kernel,,2303,404,69908,13101,980,text/html; charset=UTF-8,548.03748ms,,3a7dd8ff
ir,https://querybuscas.com/pages/ir,,2304,404,69908,13101,980,text/html; charset=UTF-8,560.008346ms,,3a7dd900
iraq,https://querybuscas.com/pages/iraq,,2305,404,69908,13101,980,text/html; charset=UTF-8,579.351727ms,,3a7dd901
irc,https://querybuscas.com/pages/irc,,2306,404,69908,13101,980,text/html; charset=UTF-8,574.185242ms,,3a7dd902
irc-macadmin,https://querybuscas.com/pages/irc-macadmin,,2307,404,69908,13101,980,text/html; charset=UTF-8,591.554669ms,,3a7dd903
is,https://querybuscas.com/pages/is,,2308,404,69908,13101,980,text/html; charset=UTF-8,543.686751ms,,3a7dd904
is-bin,https://querybuscas.com/pages/is-bin,,2309,404,69908,13101,980,text/html; charset=UTF-8,569.751297ms,,3a7dd905
isapi,https://querybuscas.com/pages/isapi,,2310,404,69908,13101,980,text/html; charset=UTF-8,629.191476ms,,3a7dd906
iso,https://querybuscas.com/pages/iso,,2311,404,69908,13101,980,text/html; charset=UTF-8,563.872267ms,,3a7dd907
isp,https://querybuscas.com/pages/isp,,2312,404,69908,13101,980,text/html; charset=UTF-8,566.547047ms,,3a7dd908
issue,https://querybuscas.com/pages/issue,,2313,404,69908,13101,980,text/html; charset=UTF-8,518.19515ms,,3a7dd909
issues,https://querybuscas.com/pages/issues,,2314,404,69908,13101,980,text/html; charset=UTF-8,616.831545ms,,3a7dd90a
it,https://querybuscas.com/pages/it,,2315,404,69908,13101,980,text/html; charset=UTF-8,726.347845ms,,3a7dd90b
it_IT,https://querybuscas.com/pages/it_IT,,2316,404,69908,13101,980,text/html; charset=UTF-8,577.955375ms,,3a7dd90c
ita,https://querybuscas.com/pages/ita,,2317,404,69908,13101,980,text/html; charset=UTF-8,585.19174ms,,3a7dd90d
item,https://querybuscas.com/pages/item,,2318,404,69908,13101,980,text/html; charset=UTF-8,582.786944ms,,3a7dd90e
items,https://querybuscas.com/pages/items,,2319,404,69908,13101,980,text/html; charset=UTF-8,662.161148ms,,3a7dd90f
iw,https://querybuscas.com/pages/iw,,2320,404,69908,13101,980,text/html; charset=UTF-8,701.571815ms,,3a7dd910
j,https://querybuscas.com/pages/j,,2321,404,69908,13101,980,text/html; charset=UTF-8,582.147ms,,3a7dd911
j2ee,https://querybuscas.com/pages/j2ee,,2322,404,69908,13101,980,text/html; charset=UTF-8,538.442337ms,,3a7dd912
j2me,https://querybuscas.com/pages/j2me,,2323,404,69908,13101,980,text/html; charset=UTF-8,734.83182ms,,3a7dd913
ja,https://querybuscas.com/pages/ja,,2324,404,69908,13101,980,text/html; charset=UTF-8,603.924535ms,,3a7dd914
ja_JP,https://querybuscas.com/pages/ja_JP,,2325,404,69908,13101,980,text/html; charset=UTF-8,704.545114ms,,3a7dd915
jakarta,https://querybuscas.com/pages/jakarta,,2327,404,69908,13101,980,text/html; charset=UTF-8,581.266025ms,,3a7dd917
jacob,https://querybuscas.com/pages/jacob,,2326,404,69908,13101,980,text/html; charset=UTF-8,632.572579ms,,3a7dd916
japan,https://querybuscas.com/pages/japan,,2328,404,69908,13101,980,text/html; charset=UTF-8,541.666528ms,,3a7dd918
java,https://querybuscas.com/pages/java,,2330,404,69908,13101,980,text/html; charset=UTF-8,628.286589ms,,3a7dd91a
jar,https://querybuscas.com/pages/jar,,2329,404,69908,13101,980,text/html; charset=UTF-8,735.100987ms,,3a7dd919
java-plugin,https://querybuscas.com/pages/java-plugin,,2331,404,69908,13101,980,text/html; charset=UTF-8,541.494421ms,,3a7dd91b
javac,https://querybuscas.com/pages/javac,,2333,404,69908,13101,980,text/html; charset=UTF-8,504.640172ms,,3a7dd91d
java-sys,https://querybuscas.com/pages/java-sys,,2332,404,69908,13101,980,text/html; charset=UTF-8,655.800708ms,,3a7dd91c
javadoc,https://querybuscas.com/pages/javadoc,,2334,404,69908,13101,980,text/html; charset=UTF-8,560.896503ms,,3a7dd91e
javascript,https://querybuscas.com/pages/javascript,,2335,404,69908,13101,980,text/html; charset=UTF-8,579.727565ms,,3a7dd91f
javascripts,https://querybuscas.com/pages/javascripts,,2336,404,69908,13101,980,text/html; charset=UTF-8,580.109244ms,,3a7dd920
javax,https://querybuscas.com/pages/javax,,2337,404,69908,13101,980,text/html; charset=UTF-8,602.886342ms,,3a7dd921
jbossas,https://querybuscas.com/pages/jbossas,,2339,404,69908,13101,980,text/html; charset=UTF-8,653.779844ms,,3a7dd923
jboss,https://querybuscas.com/pages/jboss,,2338,404,69908,13101,980,text/html; charset=UTF-8,644.905551ms,,3a7dd922
jbossws,https://querybuscas.com/pages/jbossws,,2340,404,69908,13101,980,text/html; charset=UTF-8,692.289462ms,,3a7dd924
jdbc,https://querybuscas.com/pages/jdbc,,2341,404,69908,13101,980,text/html; charset=UTF-8,683.191309ms,,3a7dd925
jdk,https://querybuscas.com/pages/jdk,,2342,404,69908,13101,980,text/html; charset=UTF-8,537.329185ms,,3a7dd926
jennifer,https://querybuscas.com/pages/jennifer,,2343,404,69908,13101,980,text/html; charset=UTF-8,678.829709ms,,3a7dd927
jessica,https://querybuscas.com/pages/jessica,,2344,404,69908,13101,980,text/html; charset=UTF-8,565.109675ms,,3a7dd928
jexr,https://querybuscas.com/pages/jexr,,2345,404,69908,13101,980,text/html; charset=UTF-8,532.660767ms,,3a7dd929
jigsaw,https://querybuscas.com/pages/jigsaw,,2347,404,69908,13101,980,text/html; charset=UTF-8,734.101807ms,,3a7dd92b
jhtml,https://querybuscas.com/pages/jhtml,,2346,404,69908,13101,980,text/html; charset=UTF-8,908.203929ms,,3a7dd92a
jira,https://querybuscas.com/pages/jira,,2348,404,69908,13101,980,text/html; charset=UTF-8,830.503766ms,,3a7dd92c
jj,https://querybuscas.com/pages/jj,,2349,404,69908,13101,980,text/html; charset=UTF-8,786.228618ms,,3a7dd92d
job,https://querybuscas.com/pages/job,,2351,404,69908,13101,980,text/html; charset=UTF-8,854.58328ms,,3a7dd92f
jmx-console,https://querybuscas.com/pages/jmx-console,,2350,404,69908,13101,980,text/html; charset=UTF-8,908.157034ms,,3a7dd92e
jobs,https://querybuscas.com/pages/jobs,,2352,404,69908,13101,980,text/html; charset=UTF-8,638.676823ms,,3a7dd930
joe,https://querybuscas.com/pages/joe,,2353,404,69908,13101,980,text/html; charset=UTF-8,624.498274ms,,3a7dd931
john,https://querybuscas.com/pages/john,,2354,404,69908,13101,980,text/html; charset=UTF-8,538.694448ms,,3a7dd932
join,https://querybuscas.com/pages/join,,2355,404,69908,13101,980,text/html; charset=UTF-8,719.797462ms,,3a7dd933
joomla,https://querybuscas.com/pages/joomla,,2357,404,69908,13101,980,text/html; charset=UTF-8,548.996678ms,,3a7dd935
joinrequests,https://querybuscas.com/pages/joinrequests,,2356,404,69908,13101,980,text/html; charset=UTF-8,570.779222ms,,3a7dd934
journal,https://querybuscas.com/pages/journal,,2358,404,69908,13101,980,text/html; charset=UTF-8,631.875242ms,,3a7dd936
journals,https://querybuscas.com/pages/journals,,2359,404,69908,13101,980,text/html; charset=UTF-8,683.951252ms,,3a7dd937
jp,https://querybuscas.com/pages/jp,,2360,404,69908,13101,980,text/html; charset=UTF-8,623.244564ms,,3a7dd938
jpa,https://querybuscas.com/pages/jpa,,2361,404,69908,13101,980,text/html; charset=UTF-8,614.976431ms,,3a7dd939
jpegimage,https://querybuscas.com/pages/jpegimage,,2362,404,69908,13101,980,text/html; charset=UTF-8,499.877937ms,,3a7dd93a
jpg,https://querybuscas.com/pages/jpg,,2363,404,69908,13101,980,text/html; charset=UTF-8,634.904794ms,,3a7dd93b
jquery,https://querybuscas.com/pages/jquery,,2364,404,69908,13101,980,text/html; charset=UTF-8,564.890957ms,,3a7dd93c
jre,https://querybuscas.com/pages/jre,,2365,404,69908,13101,980,text/html; charset=UTF-8,599.340176ms,,3a7dd93d
jrun,https://querybuscas.com/pages/jrun,,2366,404,69908,13101,980,text/html; charset=UTF-8,569.42479ms,,3a7dd93e
js,https://querybuscas.com/pages/js,,2367,404,69908,13101,980,text/html; charset=UTF-8,575.247375ms,,3a7dd93f
js-lib,https://querybuscas.com/pages/js-lib,,2368,404,69908,13101,980,text/html; charset=UTF-8,540.892575ms,,3a7dd940
jsFiles,https://querybuscas.com/pages/jsFiles,,2369,404,69908,13101,980,text/html; charset=UTF-8,555.043006ms,,3a7dd941
jscript,https://querybuscas.com/pages/jscript,,2370,404,69908,13101,980,text/html; charset=UTF-8,573.197343ms,,3a7dd942
jscripts,https://querybuscas.com/pages/jscripts,,2371,404,69908,13101,980,text/html; charset=UTF-8,564.136176ms,,3a7dd943
jsession,https://querybuscas.com/pages/jsession,,2372,404,69908,13101,980,text/html; charset=UTF-8,573.984903ms,,3a7dd944
jsf,https://querybuscas.com/pages/jsf,,2373,404,69908,13101,980,text/html; charset=UTF-8,608.630747ms,,3a7dd945
json,https://querybuscas.com/pages/json,,2374,404,69908,13101,980,text/html; charset=UTF-8,606.683368ms,,3a7dd946
json-api,https://querybuscas.com/pages/json-api,,2375,404,69908,13101,980,text/html; charset=UTF-8,848.316506ms,,3a7dd947
jsp,https://querybuscas.com/pages/jsp,,2376,404,69908,13101,980,text/html; charset=UTF-8,715.15108ms,,3a7dd948
jsp-examples,https://querybuscas.com/pages/jsp-examples,,2377,404,69908,13101,980,text/html; charset=UTF-8,851.988101ms,,3a7dd949
jsp2,https://querybuscas.com/pages/jsp2,,2378,404,69908,13101,980,text/html; charset=UTF-8,837.764966ms,,3a7dd94a
jsps,https://querybuscas.com/pages/jsps,,2379,404,69908,13101,980,text/html; charset=UTF-8,828.713215ms,,3a7dd94b
jsr,https://querybuscas.com/pages/jsr,,2380,404,69908,13101,980,text/html; charset=UTF-8,765.996618ms,,3a7dd94c
jsso,https://querybuscas.com/pages/jsso,,2381,404,69908,13101,980,text/html; charset=UTF-8,611.406366ms,,3a7dd94d
jsx,https://querybuscas.com/pages/jsx,,2382,404,69908,13101,980,text/html; charset=UTF-8,548.769674ms,,3a7dd94e
jump,https://querybuscas.com/pages/jump,,2383,404,69908,13101,980,text/html; charset=UTF-8,538.562443ms,,3a7dd94f
juniper,https://querybuscas.com/pages/juniper,,2384,404,69908,13101,980,text/html; charset=UTF-8,566.83706ms,,3a7dd950
junk,https://querybuscas.com/pages/junk,,2385,404,69908,13101,980,text/html; charset=UTF-8,601.32406ms,,3a7dd951
jvm,https://querybuscas.com/pages/jvm,,2386,404,69908,13101,980,text/html; charset=UTF-8,646.819858ms,,3a7dd952
jwks.json,https://querybuscas.com/pages/jwks.json,,2387,404,69908,13101,980,text/html; charset=UTF-8,569.032363ms,,3a7dd953
k,https://querybuscas.com/pages/k,,2388,404,69908,13101,980,text/html; charset=UTF-8,574.987899ms,,3a7dd954
katalog,https://querybuscas.com/pages/katalog,,2389,404,69908,13101,980,text/html; charset=UTF-8,504.364993ms,,3a7dd955
kb,https://querybuscas.com/pages/kb,,2390,404,69908,13101,980,text/html; charset=UTF-8,596.022797ms,,3a7dd956
kb_results,https://querybuscas.com/pages/kb_results,,2391,404,69908,13101,980,text/html; charset=UTF-8,569.828285ms,,3a7dd957
kboard,https://querybuscas.com/pages/kboard,,2392,404,69908,13101,980,text/html; charset=UTF-8,551.536425ms,,3a7dd958
kcaptcha,https://querybuscas.com/pages/kcaptcha,,2393,404,69908,13101,980,text/html; charset=UTF-8,598.382635ms,,3a7dd959
keep,https://querybuscas.com/pages/keep,,2394,404,69908,13101,980,text/html; charset=UTF-8,495.279504ms,,3a7dd95a
kept,https://querybuscas.com/pages/kept,,2395,404,69908,13101,980,text/html; charset=UTF-8,582.616312ms,,3a7dd95b
kernel,https://querybuscas.com/pages/kernel,,2396,404,69908,13101,980,text/html; charset=UTF-8,572.874292ms,,3a7dd95c
key,https://querybuscas.com/pages/key,,2397,404,69908,13101,980,text/html; charset=UTF-8,517.286432ms,,3a7dd95d
keygen,https://querybuscas.com/pages/keygen,,2398,404,69908,13101,980,text/html; charset=UTF-8,596.187788ms,,3a7dd95e
keys,https://querybuscas.com/pages/keys,,2399,404,69908,13101,980,text/html; charset=UTF-8,553.237678ms,,3a7dd95f
keyword,https://querybuscas.com/pages/keyword,,2400,404,69908,13101,980,text/html; charset=UTF-8,535.368877ms,,3a7dd960
keywords,https://querybuscas.com/pages/keywords,,2401,404,69908,13101,980,text/html; charset=UTF-8,550.553358ms,,3a7dd961
kids,https://querybuscas.com/pages/kids,,2402,404,69908,13101,980,text/html; charset=UTF-8,566.644879ms,,3a7dd962
kill,https://querybuscas.com/pages/kill,,2403,404,69908,13101,980,text/html; charset=UTF-8,648.445797ms,,3a7dd963
kiosk,https://querybuscas.com/pages/kiosk,,2404,404,69908,13101,980,text/html; charset=UTF-8,557.259444ms,,3a7dd964
known_hosts,https://querybuscas.com/pages/known_hosts,,2405,404,69908,13101,980,text/html; charset=UTF-8,603.942588ms,,3a7dd965
ko,https://querybuscas.com/pages/ko,,2406,404,69908,13101,980,text/html; charset=UTF-8,541.170947ms,,3a7dd966
ko_KR,https://querybuscas.com/pages/ko_KR,,2407,404,69908,13101,980,text/html; charset=UTF-8,526.853559ms,,3a7dd967
kontakt,https://querybuscas.com/pages/kontakt,,2408,404,69908,13101,980,text/html; charset=UTF-8,677.975863ms,,3a7dd968
konto-eroeffnen,https://querybuscas.com/pages/konto-eroeffnen,,2409,404,69908,13101,980,text/html; charset=UTF-8,606.091996ms,,3a7dd969
kr,https://querybuscas.com/pages/kr,,2410,404,69908,13101,980,text/html; charset=UTF-8,671.14452ms,,3a7dd96a
kunden,https://querybuscas.com/pages/kunden,,2411,404,69908,13101,980,text/html; charset=UTF-8,625.40086ms,,3a7dd96b
l,https://querybuscas.com/pages/l,,2412,404,69908,13101,980,text/html; charset=UTF-8,523.062252ms,,3a7dd96c
la,https://querybuscas.com/pages/la,,2413,404,69908,13101,980,text/html; charset=UTF-8,779.008492ms,,3a7dd96d
lab,https://querybuscas.com/pages/lab,,2414,404,69908,13101,980,text/html; charset=UTF-8,734.412892ms,,3a7dd96e
labels,https://querybuscas.com/pages/labels,,2415,404,69908,13101,980,text/html; charset=UTF-8,582.353522ms,,3a7dd96f
labs,https://querybuscas.com/pages/labs,,2416,404,69908,13101,980,text/html; charset=UTF-8,582.602418ms,,3a7dd970
landing,https://querybuscas.com/pages/landing,,2417,404,69908,13101,980,text/html; charset=UTF-8,630.24642ms,,3a7dd971
landingpages,https://querybuscas.com/pages/landingpages,,2418,404,69908,13101,980,text/html; charset=UTF-8,603.187136ms,,3a7dd972
landwind,https://querybuscas.com/pages/landwind,,2419,404,69908,13101,980,text/html; charset=UTF-8,568.759697ms,,3a7dd973
lang,https://querybuscas.com/pages/lang,,2420,404,69908,13101,980,text/html; charset=UTF-8,639.518124ms,,3a7dd974
lang-en,https://querybuscas.com/pages/lang-en,,2421,404,69908,13101,980,text/html; charset=UTF-8,643.883585ms,,3a7dd975
lang-fr,https://querybuscas.com/pages/lang-fr,,2422,404,69908,13101,980,text/html; charset=UTF-8,536.334344ms,,3a7dd976
langs,https://querybuscas.com/pages/langs,,2423,404,69908,13101,980,text/html; charset=UTF-8,599.71631ms,,3a7dd977
language,https://querybuscas.com/pages/language,,2424,404,69908,13101,980,text/html; charset=UTF-8,557.838973ms,,3a7dd978
languages,https://querybuscas.com/pages/languages,,2425,404,69908,13101,980,text/html; charset=UTF-8,622.053989ms,,3a7dd979
laptops,https://querybuscas.com/pages/laptops,,2426,404,69908,13101,980,text/html; charset=UTF-8,578.177016ms,,3a7dd97a
large,https://querybuscas.com/pages/large,,2427,404,69908,13101,980,text/html; charset=UTF-8,504.386763ms,,3a7dd97b
lastnews,https://querybuscas.com/pages/lastnews,,2428,404,69908,13101,980,text/html; charset=UTF-8,551.51611ms,,3a7dd97c
lastpost,https://querybuscas.com/pages/lastpost,,2429,404,69908,13101,980,text/html; charset=UTF-8,544.15982ms,,3a7dd97d
lat_driver,https://querybuscas.com/pages/lat_driver,,2431,404,69908,13101,980,text/html; charset=UTF-8,574.284164ms,,3a7dd97f
lat_account,https://querybuscas.com/pages/lat_account,,2430,404,69908,13101,980,text/html; charset=UTF-8,673.754313ms,,3a7dd97e
lat_getlinking,https://querybuscas.com/pages/lat_getlinking,,2432,404,69908,13101,980,text/html; charset=UTF-8,560.7149ms,,3a7dd980
lat_signin,https://querybuscas.com/pages/lat_signin,,2433,404,69908,13101,980,text/html; charset=UTF-8,499.748157ms,,3a7dd981
lat_signout,https://querybuscas.com/pages/lat_signout,,2434,404,69908,13101,980,text/html; charset=UTF-8,694.712202ms,,3a7dd982
lat_signup,https://querybuscas.com/pages/lat_signup,,2435,404,69908,13101,980,text/html; charset=UTF-8,575.032327ms,,3a7dd983
latest,https://querybuscas.com/pages/latest,,2436,404,69908,13101,980,text/html; charset=UTF-8,510.501116ms,,3a7dd984
launch,https://querybuscas.com/pages/launch,,2437,404,69908,13101,980,text/html; charset=UTF-8,569.24896ms,,3a7dd985
launcher,https://querybuscas.com/pages/launcher,,2438,404,69908,13101,980,text/html; charset=UTF-8,629.217561ms,,3a7dd986
launchpage,https://querybuscas.com/pages/launchpage,,2439,404,69908,13101,980,text/html; charset=UTF-8,636.5056ms,,3a7dd987
law,https://querybuscas.com/pages/law,,2440,404,69908,13101,980,text/html; charset=UTF-8,561.488531ms,,3a7dd988
layout,https://querybuscas.com/pages/layout,,2441,404,69908,13101,980,text/html; charset=UTF-8,581.147462ms,,3a7dd989
layouts,https://querybuscas.com/pages/layouts,,2442,404,69908,13101,980,text/html; charset=UTF-8,502.438483ms,,3a7dd98a
ldap,https://querybuscas.com/pages/ldap,,2443,404,69908,13101,980,text/html; charset=UTF-8,556.949799ms,,3a7dd98b
leader,https://querybuscas.com/pages/leader,,2444,404,69908,13101,980,text/html; charset=UTF-8,554.988482ms,,3a7dd98c
leaders,https://querybuscas.com/pages/leaders,,2445,404,69908,13101,980,text/html; charset=UTF-8,597.553513ms,,3a7dd98d
leads,https://querybuscas.com/pages/leads,,2446,404,69908,13101,980,text/html; charset=UTF-8,510.361013ms,,3a7dd98e
learn,https://querybuscas.com/pages/learn,,2447,404,69908,13101,980,text/html; charset=UTF-8,601.415223ms,,3a7dd98f
learners,https://querybuscas.com/pages/learners,,2448,404,69908,13101,980,text/html; charset=UTF-8,562.06805ms,,3a7dd990
learning,https://querybuscas.com/pages/learning,,2449,404,69908,13101,980,text/html; charset=UTF-8,558.601787ms,,3a7dd991
left,https://querybuscas.com/pages/left,,2450,404,69908,13101,980,text/html; charset=UTF-8,601.361345ms,,3a7dd992
legacy,https://querybuscas.com/pages/legacy,,2451,404,69908,13101,980,text/html; charset=UTF-8,548.468665ms,,3a7dd993
legal,https://querybuscas.com/pages/legal,,2452,404,69908,13101,980,text/html; charset=UTF-8,622.267298ms,,3a7dd994
legal-notice,https://querybuscas.com/pages/legal-notice,,2453,404,69908,13101,980,text/html; charset=UTF-8,516.818987ms,,3a7dd995
legislation,https://querybuscas.com/pages/legislation,,2454,404,69908,13101,980,text/html; charset=UTF-8,539.006688ms,,3a7dd996
lenya,https://querybuscas.com/pages/lenya,,2455,404,69908,13101,980,text/html; charset=UTF-8,579.888493ms,,3a7dd997
lessons,https://querybuscas.com/pages/lessons,,2456,404,69908,13101,980,text/html; charset=UTF-8,530.118536ms,,3a7dd998
letters,https://querybuscas.com/pages/letters,,2457,404,69908,13101,980,text/html; charset=UTF-8,540.665918ms,,3a7dd999
level,https://querybuscas.com/pages/level,,2458,404,69908,13101,980,text/html; charset=UTF-8,558.962404ms,,3a7dd99a
lg,https://querybuscas.com/pages/lg,,2459,404,69908,13101,980,text/html; charset=UTF-8,575.349901ms,,3a7dd99b
lgpl,https://querybuscas.com/pages/lgpl,,2460,404,69908,13101,980,text/html; charset=UTF-8,554.142152ms,,3a7dd99c
lib,https://querybuscas.com/pages/lib,,2461,404,69908,13101,980,text/html; charset=UTF-8,516.289196ms,,3a7dd99d
librairies,https://querybuscas.com/pages/librairies,,2462,404,69908,13101,980,text/html; charset=UTF-8,521.098211ms,,3a7dd99e
libraries,https://querybuscas.com/pages/libraries,,2463,404,69908,13101,980,text/html; charset=UTF-8,559.591136ms,,3a7dd99f
library,https://querybuscas.com/pages/library,,2464,404,69908,13101,980,text/html; charset=UTF-8,551.561959ms,,3a7dd9a0
libs,https://querybuscas.com/pages/libs,,2465,404,69908,13101,980,text/html; charset=UTF-8,548.945511ms,,3a7dd9a1
lic,https://querybuscas.com/pages/lic,,2466,404,69908,13101,980,text/html; charset=UTF-8,725.165378ms,,3a7dd9a2
licence,https://querybuscas.com/pages/licence,,2467,404,69908,13101,980,text/html; charset=UTF-8,606.462253ms,,3a7dd9a3
license,https://querybuscas.com/pages/license,,2468,404,69908,13101,980,text/html; charset=UTF-8,543.452888ms,,3a7dd9a4
license_afl,https://querybuscas.com/pages/license_afl,,2469,404,69908,13101,980,text/html; charset=UTF-8,669.772763ms,,3a7dd9a5
licenses,https://querybuscas.com/pages/licenses,,2470,404,69908,13101,980,text/html; charset=UTF-8,835.112112ms,,3a7dd9a6
licensing,https://querybuscas.com/pages/licensing,,2471,404,69908,13101,980,text/html; charset=UTF-8,938.429032ms,,3a7dd9a7
life,https://querybuscas.com/pages/life,,2472,404,69908,13101,980,text/html; charset=UTF-8,823.164514ms,,3a7dd9a8
lifestyle,https://querybuscas.com/pages/lifestyle,,2473,404,69908,13101,980,text/html; charset=UTF-8,833.063007ms,,3a7dd9a9
lightbox,https://querybuscas.com/pages/lightbox,,2474,404,69908,13101,980,text/html; charset=UTF-8,792.189357ms,,3a7dd9aa
limit,https://querybuscas.com/pages/limit,,2475,404,69908,13101,980,text/html; charset=UTF-8,540.483649ms,,3a7dd9ab
line,https://querybuscas.com/pages/line,,2476,404,69908,13101,980,text/html; charset=UTF-8,780.714295ms,,3a7dd9ac
link,https://querybuscas.com/pages/link,,2477,404,69908,13101,980,text/html; charset=UTF-8,702.636865ms,,3a7dd9ad
link-to-us,https://querybuscas.com/pages/link-to-us,,2478,404,69908,13101,980,text/html; charset=UTF-8,585.953791ms,,3a7dd9ae
linkex,https://querybuscas.com/pages/linkex,,2479,404,69908,13101,980,text/html; charset=UTF-8,516.751466ms,,3a7dd9af
linkmachine,https://querybuscas.com/pages/linkmachine,,2480,404,69908,13101,980,text/html; charset=UTF-8,583.697314ms,,3a7dd9b0
links,https://querybuscas.com/pages/links,,2481,404,69908,13101,980,text/html; charset=UTF-8,577.505287ms,,3a7dd9b1
links_submit,https://querybuscas.com/pages/links_submit,,2482,404,69908,13101,980,text/html; charset=UTF-8,587.268925ms,,3a7dd9b2
linktous,https://querybuscas.com/pages/linktous,,2483,404,69908,13101,980,text/html; charset=UTF-8,564.859589ms,,3a7dd9b3
linux,https://querybuscas.com/pages/linux,,2484,404,69908,13101,980,text/html; charset=UTF-8,552.220644ms,,3a7dd9b4
lisence,https://querybuscas.com/pages/lisence,,2485,404,69908,13101,980,text/html; charset=UTF-8,580.816132ms,,3a7dd9b5
lisense,https://querybuscas.com/pages/lisense,,2486,404,69908,13101,980,text/html; charset=UTF-8,711.693878ms,,3a7dd9b6
list,https://querybuscas.com/pages/list,,2487,404,69908,13101,980,text/html; charset=UTF-8,617.559755ms,,3a7dd9b7
list-edit,https://querybuscas.com/pages/list-edit,,2489,404,69908,13101,980,text/html; charset=UTF-8,604.100268ms,,3a7dd9b9
list-create,https://querybuscas.com/pages/list-create,,2488,404,69908,13101,980,text/html; charset=UTF-8,604.745239ms,,3a7dd9b8
list-search,https://querybuscas.com/pages/list-search,,2490,404,69908,13101,980,text/html; charset=UTF-8,663.068241ms,,3a7dd9ba
list-users,https://querybuscas.com/pages/list-users,,2491,404,69908,13101,980,text/html; charset=UTF-8,716.268716ms,,3a7dd9bb
list-view,https://querybuscas.com/pages/list-view,,2492,404,69908,13101,980,text/html; charset=UTF-8,603.656942ms,,3a7dd9bc
list_users,https://querybuscas.com/pages/list_users,,2493,404,69908,13101,980,text/html; charset=UTF-8,673.007878ms,,3a7dd9bd
listadmin,https://querybuscas.com/pages/listadmin,,2494,404,69908,13101,980,text/html; charset=UTF-8,540.917576ms,,3a7dd9be
listinfo,https://querybuscas.com/pages/listinfo,,2495,404,69908,13101,980,text/html; charset=UTF-8,544.839287ms,,3a7dd9bf
listing,https://querybuscas.com/pages/listing,,2496,404,69908,13101,980,text/html; charset=UTF-8,516.438296ms,,3a7dd9c0
listings,https://querybuscas.com/pages/listings,,2497,404,69908,13101,980,text/html; charset=UTF-8,542.392442ms,,3a7dd9c1
lists,https://querybuscas.com/pages/lists,,2498,404,69908,13101,980,text/html; charset=UTF-8,572.646086ms,,3a7dd9c2
listview,https://querybuscas.com/pages/listview,,2500,404,69908,13101,980,text/html; charset=UTF-8,607.915175ms,,3a7dd9c4
listusers,https://querybuscas.com/pages/listusers,,2499,404,69908,13101,980,text/html; charset=UTF-8,671.107881ms,,3a7dd9c3
live,https://querybuscas.com/pages/live,,2501,404,69908,13101,980,text/html; charset=UTF-8,552.333628ms,,3a7dd9c5
livechat,https://querybuscas.com/pages/livechat,,2502,404,69908,13101,980,text/html; charset=UTF-8,565.650284ms,,3a7dd9c6
livehelp,https://querybuscas.com/pages/livehelp,,2503,404,69908,13101,980,text/html; charset=UTF-8,601.937408ms,,3a7dd9c7
liveness,https://querybuscas.com/pages/liveness,,2504,404,69908,13101,980,text/html; charset=UTF-8,555.374379ms,,3a7dd9c8
livezilla,https://querybuscas.com/pages/livezilla,,2506,404,69908,13101,980,text/html; charset=UTF-8,558.979579ms,,3a7dd9ca
lo,https://querybuscas.com/pages/lo,,2507,404,69908,13101,980,text/html; charset=UTF-8,515.334991ms,,3a7dd9cb
livesupport,https://querybuscas.com/pages/livesupport,,2505,404,69908,13101,980,text/html; charset=UTF-8,578.587545ms,,3a7dd9c9
load,https://querybuscas.com/pages/load,,2508,404,69908,13101,980,text/html; charset=UTF-8,628.414898ms,,3a7dd9cc
loader,https://querybuscas.com/pages/loader,,2509,404,69908,13101,980,text/html; charset=UTF-8,505.083367ms,,3a7dd9cd
loading,https://querybuscas.com/pages/loading,,2510,404,69908,13101,980,text/html; charset=UTF-8,601.136803ms,,3a7dd9ce
loc,https://querybuscas.com/pages/loc,,2511,404,69908,13101,980,text/html; charset=UTF-8,613.652237ms,,3a7dd9cf
local,https://querybuscas.com/pages/local,,2512,404,69908,13101,980,text/html; charset=UTF-8,706.28418ms,,3a7dd9d0
locale,https://querybuscas.com/pages/locale,,2513,404,69908,13101,980,text/html; charset=UTF-8,598.483166ms,,3a7dd9d1
localstart,https://querybuscas.com/pages/localstart,,2514,404,69908,13101,980,text/html; charset=UTF-8,698.327491ms,,3a7dd9d2
location,https://querybuscas.com/pages/location,,2515,404,69908,13101,980,text/html; charset=UTF-8,623.64242ms,,3a7dd9d3
locations,https://querybuscas.com/pages/locations,,2516,404,69908,13101,980,text/html; charset=UTF-8,581.515058ms,,3a7dd9d4
locator,https://querybuscas.com/pages/locator,,2517,404,69908,13101,980,text/html; charset=UTF-8,599.471956ms,,3a7dd9d5
lock,https://querybuscas.com/pages/lock,,2518,404,69908,13101,980,text/html; charset=UTF-8,543.257404ms,,3a7dd9d6
locked,https://querybuscas.com/pages/locked,,2519,404,69908,13101,980,text/html; charset=UTF-8,572.913957ms,,3a7dd9d7
lofiversion,https://querybuscas.com/pages/lofiversion,,2521,404,69908,13101,980,text/html; charset=UTF-8,594.528234ms,,3a7dd9d9
lockout,https://querybuscas.com/pages/lockout,,2520,404,69908,13101,980,text/html; charset=UTF-8,644.840138ms,,3a7dd9d8
log,https://querybuscas.com/pages/log,,2522,404,69908,13101,980,text/html; charset=UTF-8,631.708119ms,,3a7dd9da
log4j,https://querybuscas.com/pages/log4j,,2523,404,69908,13101,980,text/html; charset=UTF-8,503.109871ms,,3a7dd9db
log4net,https://querybuscas.com/pages/log4net,,2524,404,69908,13101,980,text/html; charset=UTF-8,590.154415ms,,3a7dd9dc
logfile,https://querybuscas.com/pages/logfile,,2525,404,69908,13101,980,text/html; charset=UTF-8,534.202939ms,,3a7dd9dd
logfileview,https://querybuscas.com/pages/logfileview,,2527,404,69908,13101,980,text/html; charset=UTF-8,581.055538ms,,3a7dd9df
logfiles,https://querybuscas.com/pages/logfiles,,2526,404,69908,13101,980,text/html; charset=UTF-8,646.157081ms,,3a7dd9de
logger,https://querybuscas.com/pages/logger,,2528,404,69908,13101,980,text/html; charset=UTF-8,565.63121ms,,3a7dd9e0
logging,https://querybuscas.com/pages/logging,,2529,404,69908,13101,980,text/html; charset=UTF-8,631.805002ms,,3a7dd9e1
login,https://querybuscas.com/pages/login,,2530,404,69908,13101,980,text/html; charset=UTF-8,554.333768ms,,3a7dd9e2
login-redirect,https://querybuscas.com/pages/login-redirect,,2531,404,69908,13101,980,text/html; charset=UTF-8,521.063187ms,,3a7dd9e3
login-us,https://querybuscas.com/pages/login-us,,2532,404,69908,13101,980,text/html; charset=UTF-8,627.176437ms,,3a7dd9e4
login1,https://querybuscas.com/pages/login1,,2533,404,69908,13101,980,text/html; charset=UTF-8,630.664765ms,,3a7dd9e5
login_db,https://querybuscas.com/pages/login_db,,2534,404,69908,13101,980,text/html; charset=UTF-8,494.545287ms,,3a7dd9e6
login_sendpass,https://querybuscas.com/pages/login_sendpass,,2535,404,69908,13101,980,text/html; charset=UTF-8,656.79946ms,,3a7dd9e7
login_check,https://querybuscas.com/pages/login_check,,2536,404,69908,13101,980,text/html; charset=UTF-8,599.987908ms,,3a7dd9e8
loginadmin,https://querybuscas.com/pages/loginadmin,,2537,404,69908,13101,980,text/html; charset=UTF-8,579.740658ms,,3a7dd9e9
loginflat,https://querybuscas.com/pages/loginflat,,2538,404,69908,13101,980,text/html; charset=UTF-8,618.417775ms,,3a7dd9ea
logins,https://querybuscas.com/pages/logins,,2539,404,69908,13101,980,text/html; charset=UTF-8,608.698542ms,,3a7dd9eb
logo,https://querybuscas.com/pages/logo,,2540,404,69908,13101,980,text/html; charset=UTF-8,725.050734ms,,3a7dd9ec
logo_sysadmin,https://querybuscas.com/pages/logo_sysadmin,,2541,404,69908,13101,980,text/html; charset=UTF-8,621.089617ms,,3a7dd9ed
logoff,https://querybuscas.com/pages/logoff,,2542,404,69908,13101,980,text/html; charset=UTF-8,520.415549ms,,3a7dd9ee
logon,https://querybuscas.com/pages/logon,,2543,404,69908,13101,980,text/html; charset=UTF-8,514.2578ms,,3a7dd9ef
logos,https://querybuscas.com/pages/logos,,2544,404,69908,13101,980,text/html; charset=UTF-8,531.974995ms,,3a7dd9f0
logout,https://querybuscas.com/pages/logout,,2545,404,69908,13101,980,text/html; charset=UTF-8,561.648608ms,,3a7dd9f1
logs,https://querybuscas.com/pages/logs,,2546,404,69908,13101,980,text/html; charset=UTF-8,630.774454ms,,3a7dd9f2
logview,https://querybuscas.com/pages/logview,,2547,404,69908,13101,980,text/html; charset=UTF-8,652.431122ms,,3a7dd9f3
loja,https://querybuscas.com/pages/loja,,2548,404,69908,13101,980,text/html; charset=UTF-8,596.667976ms,,3a7dd9f4
lost,https://querybuscas.com/pages/lost,,2549,404,69908,13101,980,text/html; charset=UTF-8,592.195686ms,,3a7dd9f5
lost+found,https://querybuscas.com/pages/lost+found,,2550,404,69908,13101,980,text/html; charset=UTF-8,515.98392ms,,3a7dd9f6
lostpassword,https://querybuscas.com/pages/lostpassword,,2551,404,69908,13101,980,text/html; charset=UTF-8,584.288291ms,,3a7dd9f7
love,https://querybuscas.com/pages/love,,2552,404,69908,13101,980,text/html; charset=UTF-8,585.764976ms,,3a7dd9f8
low,https://querybuscas.com/pages/low,,2553,404,69908,13101,980,text/html; charset=UTF-8,521.239702ms,,3a7dd9f9
lp,https://querybuscas.com/pages/lp,,2554,404,69908,13101,980,text/html; charset=UTF-8,562.960481ms,,3a7dd9fa
lpt1,https://querybuscas.com/pages/lpt1,,2555,404,69908,13101,980,text/html; charset=UTF-8,538.140338ms,,3a7dd9fb
lpt2,https://querybuscas.com/pages/lpt2,,2556,404,69908,13101,980,text/html; charset=UTF-8,648.745549ms,,3a7dd9fc
ls,https://querybuscas.com/pages/ls,,2557,404,69908,13101,980,text/html; charset=UTF-8,582.165355ms,,3a7dd9fd
lst,https://querybuscas.com/pages/lst,,2558,404,69908,13101,980,text/html; charset=UTF-8,543.203564ms,,3a7dd9fe
lt,https://querybuscas.com/pages/lt,,2559,404,69908,13101,980,text/html; charset=UTF-8,588.749173ms,,3a7dd9ff
lucene,https://querybuscas.com/pages/lucene,,2560,404,69908,13101,980,text/html; charset=UTF-8,508.891146ms,,3a7dda00
lunch_menu,https://querybuscas.com/pages/lunch_menu,,2561,404,69908,13101,980,text/html; charset=UTF-8,597.704895ms,,3a7dda01
lv,https://querybuscas.com/pages/lv,,2562,404,69908,13101,980,text/html; charset=UTF-8,514.033043ms,,3a7dda02
m,https://querybuscas.com/pages/m,,2563,404,69908,13101,980,text/html; charset=UTF-8,519.487934ms,,3a7dda03
m1,https://querybuscas.com/pages/m1,,2564,404,69908,13101,980,text/html; charset=UTF-8,546.57254ms,,3a7dda04
m6,https://querybuscas.com/pages/m6,,2565,404,69908,13101,980,text/html; charset=UTF-8,539.982536ms,,3a7dda05
m6_edit_item,https://querybuscas.com/pages/m6_edit_item,,2566,404,69908,13101,980,text/html; charset=UTF-8,647.36101ms,,3a7dda06
m6_invoice,https://querybuscas.com/pages/m6_invoice,,2567,404,69908,13101,980,text/html; charset=UTF-8,704.144838ms,,3a7dda07
m6_pay,https://querybuscas.com/pages/m6_pay,,2568,404,69908,13101,980,text/html; charset=UTF-8,737.625495ms,,3a7dda08
m7,https://querybuscas.com/pages/m7,,2569,404,69908,13101,980,text/html; charset=UTF-8,822.588738ms,,3a7dda09
m_images,https://querybuscas.com/pages/m_images,,2570,404,69908,13101,980,text/html; charset=UTF-8,635.54286ms,,3a7dda0a
ma,https://querybuscas.com/pages/ma,,2571,404,69908,13101,980,text/html; charset=UTF-8,791.991149ms,,3a7dda0b
mac,https://querybuscas.com/pages/mac,,2572,404,69908,13101,980,text/html; charset=UTF-8,634.313992ms,,3a7dda0c
macadmin,https://querybuscas.com/pages/macadmin,,2573,404,69908,13101,980,text/html; charset=UTF-8,591.233835ms,,3a7dda0d
macromedia,https://querybuscas.com/pages/macromedia,,2574,404,69908,13101,980,text/html; charset=UTF-8,593.871549ms,,3a7dda0e
maestro,https://querybuscas.com/pages/maestro,,2575,404,69908,13101,980,text/html; charset=UTF-8,577.493362ms,,3a7dda0f
magazin,https://querybuscas.com/pages/magazin,,2576,404,69908,13101,980,text/html; charset=UTF-8,652.610074ms,,3a7dda10
magazine,https://querybuscas.com/pages/magazine,,2577,404,69908,13101,980,text/html; charset=UTF-8,561.337314ms,,3a7dda11
magazines,https://querybuscas.com/pages/magazines,,2578,404,69908,13101,980,text/html; charset=UTF-8,569.62784ms,,3a7dda12
magento,https://querybuscas.com/pages/magento,,2579,404,69908,13101,980,text/html; charset=UTF-8,517.876862ms,,3a7dda13
magic,https://querybuscas.com/pages/magic,,2580,404,69908,13101,980,text/html; charset=UTF-8,758.404796ms,,3a7dda14
magnifier_xml,https://querybuscas.com/pages/magnifier_xml,,2581,404,69908,13101,980,text/html; charset=UTF-8,790.032599ms,,3a7dda15
magpierss,https://querybuscas.com/pages/magpierss,,2582,404,69908,13101,980,text/html; charset=UTF-8,1.018456216s,,3a7dda16
mail,https://querybuscas.com/pages/mail,,2583,404,69908,13101,980,text/html; charset=UTF-8,978.430482ms,,3a7dda17
mail_link,https://querybuscas.com/pages/mail_link,,2584,404,69908,13101,980,text/html; charset=UTF-8,910.579499ms,,3a7dda18
mail_password,https://querybuscas.com/pages/mail_password,,2585,404,69908,13101,980,text/html; charset=UTF-8,895.921959ms,,3a7dda19
mailbox,https://querybuscas.com/pages/mailbox,,2586,404,69908,13101,980,text/html; charset=UTF-8,663.7101ms,,3a7dda1a
mailer,https://querybuscas.com/pages/mailer,,2587,404,69908,13101,980,text/html; charset=UTF-8,590.516523ms,,3a7dda1b
mailing,https://querybuscas.com/pages/mailing,,2588,404,69908,13101,980,text/html; charset=UTF-8,665.879424ms,,3a7dda1c
mailinglist,https://querybuscas.com/pages/mailinglist,,2589,404,69908,13101,980,text/html; charset=UTF-8,763.385913ms,,3a7dda1d
mailings,https://querybuscas.com/pages/mailings,,2590,404,69908,13101,980,text/html; charset=UTF-8,622.74953ms,,3a7dda1e
maillist,https://querybuscas.com/pages/maillist,,2591,404,69908,13101,980,text/html; charset=UTF-8,778.574939ms,,3a7dda1f
mails,https://querybuscas.com/pages/mails,,2593,404,69908,13101,980,text/html; charset=UTF-8,561.15757ms,,3a7dda21
mailman,https://querybuscas.com/pages/mailman,,2592,404,69908,13101,980,text/html; charset=UTF-8,563.393954ms,,3a7dda20
mailtemplates,https://querybuscas.com/pages/mailtemplates,,2594,404,69908,13101,980,text/html; charset=UTF-8,748.649875ms,,3a7dda22
mailto,https://querybuscas.com/pages/mailto,,2595,404,69908,13101,980,text/html; charset=UTF-8,743.679248ms,,3a7dda23
main,https://querybuscas.com/pages/main,,2596,404,69908,13101,980,text/html; charset=UTF-8,627.455135ms,,3a7dda24
main.mdb,https://querybuscas.com/pages/main.mdb,,2597,404,69908,13101,980,text/html; charset=UTF-8,686.293145ms,,3a7dda25
mainfile,https://querybuscas.com/pages/mainfile,,2598,404,69908,13101,980,text/html; charset=UTF-8,703.485112ms,,3a7dda26
maint,https://querybuscas.com/pages/maint,,2599,404,69908,13101,980,text/html; charset=UTF-8,662.471989ms,,3a7dda27
maintainers,https://querybuscas.com/pages/maintainers,,2600,404,69908,13101,980,text/html; charset=UTF-8,639.4845ms,,3a7dda28
mainten,https://querybuscas.com/pages/mainten,,2601,404,69908,13101,980,text/html; charset=UTF-8,645.73022ms,,3a7dda29
maintenance,https://querybuscas.com/pages/maintenance,,2602,404,69908,13101,980,text/html; charset=UTF-8,712.202398ms,,3a7dda2a
makefile,https://querybuscas.com/pages/makefile,,2603,404,69908,13101,980,text/html; charset=UTF-8,726.006072ms,,3a7dda2b
mal,https://querybuscas.com/pages/mal,,2604,404,69908,13101,980,text/html; charset=UTF-8,650.657871ms,,3a7dda2c
mall,https://querybuscas.com/pages/mall,,2605,404,69908,13101,980,text/html; charset=UTF-8,899.785118ms,,3a7dda2d
mambo,https://querybuscas.com/pages/mambo,,2606,404,69908,13101,980,text/html; charset=UTF-8,942.397756ms,,3a7dda2e
mambots,https://querybuscas.com/pages/mambots,,2607,404,69908,13101,980,text/html; charset=UTF-8,1.057943705s,,3a7dda2f
man,https://querybuscas.com/pages/man,,2608,404,69908,13101,980,text/html; charset=UTF-8,1.161295374s,,3a7dda30
mana,https://querybuscas.com/pages/mana,,2609,404,69908,13101,980,text/html; charset=UTF-8,1.034031134s,,3a7dda31
manage,https://querybuscas.com/pages/manage,,2610,404,69908,13101,980,text/html; charset=UTF-8,1.010021884s,,3a7dda32
managed,https://querybuscas.com/pages/managed,,2611,404,69908,13101,980,text/html; charset=UTF-8,748.972683ms,,3a7dda33
management,https://querybuscas.com/pages/management,,2612,404,69908,13101,980,text/html; charset=UTF-8,689.290074ms,,3a7dda34
manager,https://querybuscas.com/pages/manager,,2613,404,69908,13101,980,text/html; charset=UTF-8,861.433592ms,,3a7dda35
manifest,https://querybuscas.com/pages/manifest,,2614,404,69908,13101,980,text/html; charset=UTF-8,949.78691ms,,3a7dda36
manifest.mf,https://querybuscas.com/pages/manifest.mf,,2615,404,69908,13101,980,text/html; charset=UTF-8,918.907403ms,,3a7dda37
mantis,https://querybuscas.com/pages/mantis,,2616,404,69908,13101,980,text/html; charset=UTF-8,703.437039ms,,3a7dda38
manuallogin,https://querybuscas.com/pages/manuallogin,,2618,404,69908,13101,980,text/html; charset=UTF-8,563.307268ms,,3a7dda3a
manual,https://querybuscas.com/pages/manual,,2617,404,69908,13101,980,text/html; charset=UTF-8,563.593885ms,,3a7dda39
manuals,https://querybuscas.com/pages/manuals,,2619,404,69908,13101,980,text/html; charset=UTF-8,722.036163ms,,3a7dda3b
manufacturer,https://querybuscas.com/pages/manufacturer,,2620,404,69908,13101,980,text/html; charset=UTF-8,497.881589ms,,3a7dda3c
manufacturers,https://querybuscas.com/pages/manufacturers,,2621,404,69908,13101,980,text/html; charset=UTF-8,672.13292ms,,3a7dda3d
map,https://querybuscas.com/pages/map,,2622,404,69908,13101,980,text/html; charset=UTF-8,698.792109ms,,3a7dda3e
maps,https://querybuscas.com/pages/maps,,2623,404,69908,13101,980,text/html; charset=UTF-8,635.910849ms,,3a7dda3f
mark,https://querybuscas.com/pages/mark,,2624,404,69908,13101,980,text/html; charset=UTF-8,613.37199ms,,3a7dda40
market,https://querybuscas.com/pages/market,,2625,404,69908,13101,980,text/html; charset=UTF-8,560.899645ms,,3a7dda41
marketing,https://querybuscas.com/pages/marketing,,2626,404,69908,13101,980,text/html; charset=UTF-8,505.976631ms,,3a7dda42
marketplace,https://querybuscas.com/pages/marketplace,,2627,404,69908,13101,980,text/html; charset=UTF-8,573.047329ms,,3a7dda43
markets,https://querybuscas.com/pages/markets,,2628,404,69908,13101,980,text/html; charset=UTF-8,570.37853ms,,3a7dda44
master,https://querybuscas.com/pages/master,,2629,404,69908,13101,980,text/html; charset=UTF-8,549.318504ms,,3a7dda45
masterpages,https://querybuscas.com/pages/masterpages,,2631,404,69908,13101,980,text/html; charset=UTF-8,583.166478ms,,3a7dda47
master.passwd,https://querybuscas.com/pages/master.passwd,,2630,404,69908,13101,980,text/html; charset=UTF-8,666.158755ms,,3a7dda46
masters,https://querybuscas.com/pages/masters,,2632,404,69908,13101,980,text/html; charset=UTF-8,541.79909ms,,3a7dda48
masthead,https://querybuscas.com/pages/masthead,,2633,404,69908,13101,980,text/html; charset=UTF-8,575.745516ms,,3a7dda49
match,https://querybuscas.com/pages/match,,2634,404,69908,13101,980,text/html; charset=UTF-8,582.713967ms,,3a7dda4a
matches,https://querybuscas.com/pages/matches,,2635,404,69908,13101,980,text/html; charset=UTF-8,710.388304ms,,3a7dda4b
math,https://querybuscas.com/pages/math,,2636,404,69908,13101,980,text/html; charset=UTF-8,675.151543ms,,3a7dda4c
matrix,https://querybuscas.com/pages/matrix,,2637,404,69908,13101,980,text/html; charset=UTF-8,651.542219ms,,3a7dda4d
matt,https://querybuscas.com/pages/matt,,2638,404,69908,13101,980,text/html; charset=UTF-8,711.37104ms,,3a7dda4e
maven,https://querybuscas.com/pages/maven,,2639,404,69908,13101,980,text/html; charset=UTF-8,588.744042ms,,3a7dda4f
mb,https://querybuscas.com/pages/mb,,2640,404,69908,13101,980,text/html; charset=UTF-8,595.817219ms,,3a7dda50
mbo,https://querybuscas.com/pages/mbo,,2641,404,69908,13101,980,text/html; charset=UTF-8,597.907118ms,,3a7dda51
mbox,https://querybuscas.com/pages/mbox,,2642,404,69908,13101,980,text/html; charset=UTF-8,615.110684ms,,3a7dda52
mc,https://querybuscas.com/pages/mc,,2643,404,69908,13101,980,text/html; charset=UTF-8,620.259338ms,,3a7dda53
mchat,https://querybuscas.com/pages/mchat,,2644,404,69908,13101,980,text/html; charset=UTF-8,712.825407ms,,3a7dda54
mcp,https://querybuscas.com/pages/mcp,,2645,404,69908,13101,980,text/html; charset=UTF-8,608.640975ms,,3a7dda55
mdb,https://querybuscas.com/pages/mdb,,2646,404,69908,13101,980,text/html; charset=UTF-8,661.014643ms,,3a7dda56
mdb-database,https://querybuscas.com/pages/mdb-database,,2647,404,69908,13101,980,text/html; charset=UTF-8,787.468607ms,,3a7dda57
me,https://querybuscas.com/pages/me,,2648,404,69908,13101,980,text/html; charset=UTF-8,750.690197ms,,3a7dda58
media_center,https://querybuscas.com/pages/media_center,,2650,404,69908,13101,980,text/html; charset=UTF-8,627.371258ms,,3a7dda5a
media,https://querybuscas.com/pages/media,,2649,404,69908,13101,980,text/html; charset=UTF-8,763.440614ms,,3a7dda59
mediakit,https://querybuscas.com/pages/mediakit,,2651,404,69908,13101,980,text/html; charset=UTF-8,1.01180603s,,3a7dda5b
mediaplayer,https://querybuscas.com/pages/mediaplayer,,2652,404,69908,13101,980,text/html; charset=UTF-8,917.114724ms,,3a7dda5c
mediawiki,https://querybuscas.com/pages/mediawiki,,2654,404,69908,13101,980,text/html; charset=UTF-8,642.42244ms,,3a7dda5e
medias,https://querybuscas.com/pages/medias,,2653,404,69908,13101,980,text/html; charset=UTF-8,783.008651ms,,3a7dda5d
medium,https://querybuscas.com/pages/medium,,2655,404,69908,13101,980,text/html; charset=UTF-8,703.214413ms,,3a7dda5f
meetings,https://querybuscas.com/pages/meetings,,2656,404,69908,13101,980,text/html; charset=UTF-8,734.744987ms,,3a7dda60
mein-konto,https://querybuscas.com/pages/mein-konto,,2657,404,69908,13101,980,text/html; charset=UTF-8,506.650853ms,,3a7dda61
mein-merkzettel,https://querybuscas.com/pages/mein-merkzettel,,2658,404,69908,13101,980,text/html; charset=UTF-8,584.360348ms,,3a7dda62
mem,https://querybuscas.com/pages/mem,,2659,404,69908,13101,980,text/html; charset=UTF-8,523.2824ms,,3a7dda63
member,https://querybuscas.com/pages/member,,2660,404,69908,13101,980,text/html; charset=UTF-8,522.67516ms,,3a7dda64
member2,https://querybuscas.com/pages/member2,,2661,404,69908,13101,980,text/html; charset=UTF-8,567.504485ms,,3a7dda65
memberlist,https://querybuscas.com/pages/memberlist,,2662,404,69908,13101,980,text/html; charset=UTF-8,667.212788ms,,3a7dda66
members,https://querybuscas.com/pages/members,,2663,404,69908,13101,980,text/html; charset=UTF-8,584.903022ms,,3a7dda67
membership,https://querybuscas.com/pages/membership,,2664,404,69908,13101,980,text/html; charset=UTF-8,607.985307ms,,3a7dda68
membre,https://querybuscas.com/pages/membre,,2665,404,69908,13101,980,text/html; charset=UTF-8,551.948388ms,,3a7dda69
membres,https://querybuscas.com/pages/membres,,2666,404,69908,13101,980,text/html; charset=UTF-8,638.912435ms,,3a7dda6a
memcached,https://querybuscas.com/pages/memcached,,2667,404,69908,13101,980,text/html; charset=UTF-8,598.940166ms,,3a7dda6b
memcp,https://querybuscas.com/pages/memcp,,2668,404,69908,13101,980,text/html; charset=UTF-8,643.051566ms,,3a7dda6c
memlogin,https://querybuscas.com/pages/memlogin,,2669,404,69908,13101,980,text/html; charset=UTF-8,585.519885ms,,3a7dda6d
memory,https://querybuscas.com/pages/memory,,2671,404,69908,13101,980,text/html; charset=UTF-8,598.561049ms,,3a7dda6f
memo,https://querybuscas.com/pages/memo,,2670,404,69908,13101,980,text/html; charset=UTF-8,723.184923ms,,3a7dda6e
menu,https://querybuscas.com/pages/menu,,2672,404,69908,13101,980,text/html; charset=UTF-8,564.989508ms,,3a7dda70
menus,https://querybuscas.com/pages/menus,,2673,404,69908,13101,980,text/html; charset=UTF-8,541.286083ms,,3a7dda71
merchant,https://querybuscas.com/pages/merchant,,2674,404,69908,13101,980,text/html; charset=UTF-8,552.402178ms,,3a7dda72
merchant2,https://querybuscas.com/pages/merchant2,,2675,404,69908,13101,980,text/html; charset=UTF-8,585.58459ms,,3a7dda73
message,https://querybuscas.com/pages/message,,2676,404,69908,13101,980,text/html; charset=UTF-8,545.386538ms,,3a7dda74
messageboard,https://querybuscas.com/pages/messageboard,,2677,404,69908,13101,980,text/html; charset=UTF-8,581.372673ms,,3a7dda75
messages,https://querybuscas.com/pages/messages,,2678,404,69908,13101,980,text/html; charset=UTF-8,585.188259ms,,3a7dda76
messaging,https://querybuscas.com/pages/messaging,,2679,404,69908,13101,980,text/html; charset=UTF-8,589.174585ms,,3a7dda77
meta-inf,https://querybuscas.com/pages/meta-inf,,2681,404,69908,13101,980,text/html; charset=UTF-8,511.710358ms,,3a7dda79
meta,https://querybuscas.com/pages/meta,,2680,404,69908,13101,980,text/html; charset=UTF-8,729.840797ms,,3a7dda78
meta_login,https://querybuscas.com/pages/meta_login,,2682,404,69908,13101,980,text/html; charset=UTF-8,669.054297ms,,3a7dda7a
meta_tags,https://querybuscas.com/pages/meta_tags,,2683,404,69908,13101,980,text/html; charset=UTF-8,599.881281ms,,3a7dda7b
metabase,https://querybuscas.com/pages/metabase,,2684,404,69908,13101,980,text/html; charset=UTF-8,545.344504ms,,3a7dda7c
metadata,https://querybuscas.com/pages/metadata,,2685,404,69908,13101,980,text/html; charset=UTF-8,563.75847ms,,3a7dda7d
metaframe,https://querybuscas.com/pages/metaframe,,2686,404,69908,13101,980,text/html; charset=UTF-8,647.73276ms,,3a7dda7e
metatags,https://querybuscas.com/pages/metatags,,2687,404,69908,13101,980,text/html; charset=UTF-8,539.800449ms,,3a7dda7f
mfa/challenge,https://querybuscas.com/pages/mfa/challenge,,2688,404,69908,13101,980,text/html; charset=UTF-8,571.606989ms,,3a7dda80
mgr,https://querybuscas.com/pages/mgr,,2689,404,69908,13101,980,text/html; charset=UTF-8,552.185288ms,,3a7dda81
michael,https://querybuscas.com/pages/michael,,2690,404,69908,13101,980,text/html; charset=UTF-8,516.152917ms,,3a7dda82
midi,https://querybuscas.com/pages/midi,,2692,404,69908,13101,980,text/html; charset=UTF-8,554.122197ms,,3a7dda84
microsoft,https://querybuscas.com/pages/microsoft,,2691,404,69908,13101,980,text/html; charset=UTF-8,604.639456ms,,3a7dda83
migrate,https://querybuscas.com/pages/migrate,,2693,404,69908,13101,980,text/html; charset=UTF-8,638.909455ms,,3a7dda85
migration,https://querybuscas.com/pages/migration,,2695,404,69908,13101,980,text/html; charset=UTF-8,667.56811ms,,3a7dda87
migrated,https://querybuscas.com/pages/migrated,,2694,404,69908,13101,980,text/html; charset=UTF-8,644.803344ms,,3a7dda86
military,https://querybuscas.com/pages/military,,2696,404,69908,13101,980,text/html; charset=UTF-8,646.421237ms,,3a7dda88
min,https://querybuscas.com/pages/min,,2697,404,69908,13101,980,text/html; charset=UTF-8,664.909963ms,,3a7dda89
mina,https://querybuscas.com/pages/mina,,2698,404,69908,13101,980,text/html; charset=UTF-8,599.769537ms,,3a7dda8a
mine,https://querybuscas.com/pages/mine,,2699,404,69908,13101,980,text/html; charset=UTF-8,705.19537ms,,3a7dda8b
mini,https://querybuscas.com/pages/mini,,2700,404,69908,13101,980,text/html; charset=UTF-8,577.685428ms,,3a7dda8c
mini_cal,https://querybuscas.com/pages/mini_cal,,2701,404,69908,13101,980,text/html; charset=UTF-8,569.017331ms,,3a7dda8d
minimum,https://querybuscas.com/pages/minimum,,2703,404,69908,13101,980,text/html; charset=UTF-8,595.62218ms,,3a7dda8f
minicart,https://querybuscas.com/pages/minicart,,2702,404,69908,13101,980,text/html; charset=UTF-8,763.210991ms,,3a7dda8e
mint,https://querybuscas.com/pages/mint,,2704,404,69908,13101,980,text/html; charset=UTF-8,558.689505ms,,3a7dda90
minute,https://querybuscas.com/pages/minute,,2705,404,69908,13101,980,text/html; charset=UTF-8,552.109929ms,,3a7dda91
mirror,https://querybuscas.com/pages/mirror,,2706,404,69908,13101,980,text/html; charset=UTF-8,551.894984ms,,3a7dda92
misc,https://querybuscas.com/pages/misc,,2708,404,69908,13101,980,text/html; charset=UTF-8,601.418382ms,,3a7dda94
mirrors,https://querybuscas.com/pages/mirrors,,2707,404,69908,13101,980,text/html; charset=UTF-8,670.200167ms,,3a7dda93
miscellaneous,https://querybuscas.com/pages/miscellaneous,,2709,404,69908,13101,980,text/html; charset=UTF-8,592.860467ms,,3a7dda95
missing,https://querybuscas.com/pages/missing,,2710,404,69908,13101,980,text/html; charset=UTF-8,579.345622ms,,3a7dda96
mission,https://querybuscas.com/pages/mission,,2711,404,69908,13101,980,text/html; charset=UTF-8,583.847885ms,,3a7dda97
mix,https://querybuscas.com/pages/mix,,2712,404,69908,13101,980,text/html; charset=UTF-8,705.596839ms,,3a7dda98
mk,https://querybuscas.com/pages/mk,,2713,404,69908,13101,980,text/html; charset=UTF-8,734.818246ms,,3a7dda99
mkstats,https://querybuscas.com/pages/mkstats,,2714,404,69908,13101,980,text/html; charset=UTF-8,708.118824ms,,3a7dda9a
ml,https://querybuscas.com/pages/ml,,2715,404,69908,13101,980,text/html; charset=UTF-8,650.299711ms,,3a7dda9b
mlist,https://querybuscas.com/pages/mlist,,2716,404,69908,13101,980,text/html; charset=UTF-8,648.65191ms,,3a7dda9c
mm,https://querybuscas.com/pages/mm,,2717,404,69908,13101,980,text/html; charset=UTF-8,733.392518ms,,3a7dda9d
mm5,https://querybuscas.com/pages/mm5,,2718,404,69908,13101,980,text/html; charset=UTF-8,600.724345ms,,3a7dda9e
mms,https://querybuscas.com/pages/mms,,2719,404,69908,13101,980,text/html; charset=UTF-8,506.199781ms,,3a7dda9f
mmwip,https://querybuscas.com/pages/mmwip,,2720,404,69908,13101,980,text/html; charset=UTF-8,598.481511ms,,3a7ddaa0
mo,https://querybuscas.com/pages/mo,,2721,404,69908,13101,980,text/html; charset=UTF-8,711.957055ms,,3a7ddaa1
mobi,https://querybuscas.com/pages/mobi,,2722,404,69908,13101,980,text/html; charset=UTF-8,846.35346ms,,3a7ddaa2
mobil,https://querybuscas.com/pages/mobil,,2723,404,69908,13101,980,text/html; charset=UTF-8,578.452972ms,,3a7ddaa3
mobile,https://querybuscas.com/pages/mobile,,2724,404,69908,13101,980,text/html; charset=UTF-8,540.649375ms,,3a7ddaa4
mock,https://querybuscas.com/pages/mock,,2725,404,69908,13101,980,text/html; charset=UTF-8,691.983139ms,,3a7ddaa5
mod,https://querybuscas.com/pages/mod,,2726,404,69908,13101,980,text/html; charset=UTF-8,529.523859ms,,3a7ddaa6
modcp,https://querybuscas.com/pages/modcp,,2727,404,69908,13101,980,text/html; charset=UTF-8,723.997647ms,,3a7ddaa7
mode,https://querybuscas.com/pages/mode,,2728,404,69908,13101,980,text/html; charset=UTF-8,689.598637ms,,3a7ddaa8
model,https://querybuscas.com/pages/model,,2729,404,69908,13101,980,text/html; charset=UTF-8,687.393756ms,,3a7ddaa9
models,https://querybuscas.com/pages/models,,2730,404,69908,13101,980,text/html; charset=UTF-8,703.476013ms,,3a7ddaaa
modelsearch,https://querybuscas.com/pages/modelsearch,,2731,404,69908,13101,980,text/html; charset=UTF-8,606.33072ms,,3a7ddaab
modem,https://querybuscas.com/pages/modem,,2732,404,69908,13101,980,text/html; charset=UTF-8,554.952132ms,,3a7ddaac
moderation,https://querybuscas.com/pages/moderation,,2733,404,69908,13101,980,text/html; charset=UTF-8,565.3067ms,,3a7ddaad
moderator,https://querybuscas.com/pages/moderator,,2734,404,69908,13101,980,text/html; charset=UTF-8,548.089053ms,,3a7ddaae
modify,https://querybuscas.com/pages/modify,,2735,404,69908,13101,980,text/html; charset=UTF-8,556.509788ms,,3a7ddaaf
mods,https://querybuscas.com/pages/mods,,2737,404,69908,13101,980,text/html; charset=UTF-8,615.895328ms,,3a7ddab1
modlogan,https://querybuscas.com/pages/modlogan,,2736,404,69908,13101,980,text/html; charset=UTF-8,741.453339ms,,3a7ddab0
module,https://querybuscas.com/pages/module,,2738,404,69908,13101,980,text/html; charset=UTF-8,531.989824ms,,3a7ddab2
modules,https://querybuscas.com/pages/modules,,2739,404,69908,13101,980,text/html; charset=UTF-8,642.098138ms,,3a7ddab3
modulos,https://querybuscas.com/pages/modulos,,2740,200,7448,986,103,text/html; charset=UTF-8,696.170257ms,,3a7ddab4
mojo,https://querybuscas.com/pages/mojo,,2741,404,69908,13101,980,text/html; charset=UTF-8,636.49694ms,,3a7ddab5
monitor,https://querybuscas.com/pages/monitor,,2743,404,69908,13101,980,text/html; charset=UTF-8,515.748419ms,,3a7ddab7
money,https://querybuscas.com/pages/money,,2742,404,69908,13101,980,text/html; charset=UTF-8,552.476309ms,,3a7ddab6
monitoring,https://querybuscas.com/pages/monitoring,,2744,404,69908,13101,980,text/html; charset=UTF-8,557.84428ms,,3a7ddab8
monitors,https://querybuscas.com/pages/monitors,,2745,404,69908,13101,980,text/html; charset=UTF-8,727.810787ms,,3a7ddab9
month,https://querybuscas.com/pages/month,,2746,404,69908,13101,980,text/html; charset=UTF-8,637.823836ms,,3a7ddaba
monthly,https://querybuscas.com/pages/monthly,,2747,404,69908,13101,980,text/html; charset=UTF-8,607.51433ms,,3a7ddabb
more,https://querybuscas.com/pages/more,,2749,404,69908,13101,980,text/html; charset=UTF-8,530.857109ms,,3a7ddabd
moodle,https://querybuscas.com/pages/moodle,,2748,404,69908,13101,980,text/html; charset=UTF-8,653.675302ms,,3a7ddabc
motd,https://querybuscas.com/pages/motd,,2750,404,69908,13101,980,text/html; charset=UTF-8,534.777528ms,,3a7ddabe
moto1,https://querybuscas.com/pages/moto1,,2752,404,69908,13101,980,text/html; charset=UTF-8,500.867002ms,,3a7ddac0
moto-news,https://querybuscas.com/pages/moto-news,,2751,404,69908,13101,980,text/html; charset=UTF-8,654.75923ms,,3a7ddabf
mount,https://querybuscas.com/pages/mount,,2753,404,69908,13101,980,text/html; charset=UTF-8,546.903655ms,,3a7ddac1
move,https://querybuscas.com/pages/move,,2754,404,69908,13101,980,text/html; charset=UTF-8,648.665288ms,,3a7ddac2
moved,https://querybuscas.com/pages/moved,,2755,404,69908,13101,980,text/html; charset=UTF-8,559.427504ms,,3a7ddac3
movie,https://querybuscas.com/pages/movie,,2756,404,69908,13101,980,text/html; charset=UTF-8,669.517032ms,,3a7ddac4
movies,https://querybuscas.com/pages/movies,,2757,404,69908,13101,980,text/html; charset=UTF-8,670.433844ms,,3a7ddac5
moving.page,https://querybuscas.com/pages/moving.page,,2758,404,69908,13101,980,text/html; charset=UTF-8,518.473744ms,,3a7ddac6
mozilla,https://querybuscas.com/pages/mozilla,,2759,404,69908,13101,980,text/html; charset=UTF-8,568.432828ms,,3a7ddac7
mp,https://querybuscas.com/pages/mp,,2760,404,69908,13101,980,text/html; charset=UTF-8,639.501162ms,,3a7ddac8
mp3,https://querybuscas.com/pages/mp3,,2761,404,69908,13101,980,text/html; charset=UTF-8,647.225219ms,,3a7ddac9
mp3s,https://querybuscas.com/pages/mp3s,,2762,404,69908,13101,980,text/html; charset=UTF-8,599.126464ms,,3a7ddaca
mqseries,https://querybuscas.com/pages/mqseries,,2763,404,69908,13101,980,text/html; charset=UTF-8,519.046057ms,,3a7ddacb
mrtg,https://querybuscas.com/pages/mrtg,,2764,404,69908,13101,980,text/html; charset=UTF-8,543.082854ms,,3a7ddacc
ms,https://querybuscas.com/pages/ms,,2765,404,69908,13101,980,text/html; charset=UTF-8,588.604911ms,,3a7ddacd
ms-sql,https://querybuscas.com/pages/ms-sql,,2766,404,69908,13101,980,text/html; charset=UTF-8,611.740498ms,,3a7ddace
msadc,https://querybuscas.com/pages/msadc,,2767,404,69908,13101,980,text/html; charset=UTF-8,578.887879ms,,3a7ddacf
msadm,https://querybuscas.com/pages/msadm,,2768,404,69908,13101,980,text/html; charset=UTF-8,499.449711ms,,3a7ddad0
msft,https://querybuscas.com/pages/msft,,2769,404,69908,13101,980,text/html; charset=UTF-8,537.266491ms,,3a7ddad1
msg,https://querybuscas.com/pages/msg,,2770,404,69908,13101,980,text/html; charset=UTF-8,649.806606ms,,3a7ddad2
msie,https://querybuscas.com/pages/msie,,2771,404,69908,13101,980,text/html; charset=UTF-8,706.729005ms,,3a7ddad3
msn,https://querybuscas.com/pages/msn,,2772,404,69908,13101,980,text/html; charset=UTF-8,605.706782ms,,3a7ddad4
msoffice,https://querybuscas.com/pages/msoffice,,2773,404,69908,13101,980,text/html; charset=UTF-8,558.240683ms,,3a7ddad5
mspace,https://querybuscas.com/pages/mspace,,2774,404,69908,13101,980,text/html; charset=UTF-8,556.635933ms,,3a7ddad6
msql,https://querybuscas.com/pages/msql,,2775,404,69908,13101,980,text/html; charset=UTF-8,612.875569ms,,3a7ddad7
mssql,https://querybuscas.com/pages/mssql,,2776,404,69908,13101,980,text/html; charset=UTF-8,558.262693ms,,3a7ddad8
mstpre,https://querybuscas.com/pages/mstpre,,2777,404,69908,13101,980,text/html; charset=UTF-8,571.294703ms,,3a7ddad9
mt,https://querybuscas.com/pages/mt,,2778,404,69908,13101,980,text/html; charset=UTF-8,536.881173ms,,3a7ddada
mt-bin,https://querybuscas.com/pages/mt-bin,,2779,404,69908,13101,980,text/html; charset=UTF-8,628.011217ms,,3a7ddadb
mt-search,https://querybuscas.com/pages/mt-search,,2780,404,69908,13101,980,text/html; charset=UTF-8,673.418925ms,,3a7ddadc
mt-static,https://querybuscas.com/pages/mt-static,,2781,404,69908,13101,980,text/html; charset=UTF-8,600.497048ms,,3a7ddadd
mta,https://querybuscas.com/pages/mta,,2782,404,69908,13101,980,text/html; charset=UTF-8,627.303995ms,,3a7ddade
multi,https://querybuscas.com/pages/multi,,2783,404,69908,13101,980,text/html; charset=UTF-8,601.848295ms,,3a7ddadf
multimedia,https://querybuscas.com/pages/multimedia,,2784,404,69908,13101,980,text/html; charset=UTF-8,531.670973ms,,3a7ddae0
music,https://querybuscas.com/pages/music,,2785,404,69908,13101,980,text/html; charset=UTF-8,548.019246ms,,3a7ddae1
mx,https://querybuscas.com/pages/mx,,2786,404,69908,13101,980,text/html; charset=UTF-8,547.828073ms,,3a7ddae2
my,https://querybuscas.com/pages/my,,2787,404,69908,13101,980,text/html; charset=UTF-8,502.166565ms,,3a7ddae3
my-account,https://querybuscas.com/pages/my-account,,2788,404,69908,13101,980,text/html; charset=UTF-8,587.63144ms,,3a7ddae4
my-components,https://querybuscas.com/pages/my-components,,2789,404,69908,13101,980,text/html; charset=UTF-8,666.255357ms,,3a7ddae5
my-gift-registry,https://querybuscas.com/pages/my-gift-registry,,2790,404,69908,13101,980,text/html; charset=UTF-8,574.438225ms,,3a7ddae6
my-sql,https://querybuscas.com/pages/my-sql,,2791,404,69908,13101,980,text/html; charset=UTF-8,604.508894ms,,3a7ddae7
my-wishlist,https://querybuscas.com/pages/my-wishlist,,2792,404,69908,13101,980,text/html; charset=UTF-8,548.762759ms,,3a7ddae8
myaccount,https://querybuscas.com/pages/myaccount,,2793,404,69908,13101,980,text/html; charset=UTF-8,547.062379ms,,3a7ddae9
myadmin,https://querybuscas.com/pages/myadmin,,2794,404,69908,13101,980,text/html; charset=UTF-8,592.057783ms,,3a7ddaea
myblog,https://querybuscas.com/pages/myblog,,2795,404,69908,13101,980,text/html; charset=UTF-8,585.50078ms,,3a7ddaeb
mycalendar,https://querybuscas.com/pages/mycalendar,,2796,404,69908,13101,980,text/html; charset=UTF-8,586.874077ms,,3a7ddaec
myfaces,https://querybuscas.com/pages/myfaces,,2798,404,69908,13101,980,text/html; charset=UTF-8,638.74073ms,,3a7ddaee
mycgi,https://querybuscas.com/pages/mycgi,,2797,404,69908,13101,980,text/html; charset=UTF-8,791.193652ms,,3a7ddaed
myhomework,https://querybuscas.com/pages/myhomework,,2799,404,69908,13101,980,text/html; charset=UTF-8,582.863827ms,,3a7ddaef
myicons,https://querybuscas.com/pages/myicons,,2800,404,69908,13101,980,text/html; charset=UTF-8,916.619514ms,,3a7ddaf0
mypage,https://querybuscas.com/pages/mypage,,2801,404,69908,13101,980,text/html; charset=UTF-8,871.565799ms,,3a7ddaf1
myphpnuke,https://querybuscas.com/pages/myphpnuke,,2802,404,69908,13101,980,text/html; charset=UTF-8,665.749914ms,,3a7ddaf2
mysql,https://querybuscas.com/pages/mysql,,2804,404,69908,13101,980,text/html; charset=UTF-8,570.863594ms,,3a7ddaf4
myspace,https://querybuscas.com/pages/myspace,,2803,404,69908,13101,980,text/html; charset=UTF-8,595.80822ms,,3a7ddaf3
mysqld,https://querybuscas.com/pages/mysqld,,2805,404,69908,13101,980,text/html; charset=UTF-8,539.544279ms,,3a7ddaf5
mysqldumper,https://querybuscas.com/pages/mysqldumper,,2806,404,69908,13101,980,text/html; charset=UTF-8,615.865888ms,,3a7ddaf6
mysqlmanager,https://querybuscas.com/pages/mysqlmanager,,2807,404,69908,13101,980,text/html; charset=UTF-8,637.80034ms,,3a7ddaf7
mytag_js,https://querybuscas.com/pages/mytag_js,,2808,404,69908,13101,980,text/html; charset=UTF-8,533.008998ms,,3a7ddaf8
n,https://querybuscas.com/pages/n,,2810,404,69908,13101,980,text/html; charset=UTF-8,619.790192ms,,3a7ddafa
nachrichten,https://querybuscas.com/pages/nachrichten,,2811,404,69908,13101,980,text/html; charset=UTF-8,704.612593ms,,3a7ddafb
mytp,https://querybuscas.com/pages/mytp,,2809,404,69908,13101,980,text/html; charset=UTF-8,693.685218ms,,3a7ddaf9
nagios,https://querybuscas.com/pages/nagios,,2812,404,69908,13101,980,text/html; charset=UTF-8,572.514152ms,,3a7ddafc
names,https://querybuscas.com/pages/names,,2814,404,69908,13101,980,text/html; charset=UTF-8,604.46149ms,,3a7ddafe
name,https://querybuscas.com/pages/name,,2813,404,69908,13101,980,text/html; charset=UTF-8,653.337039ms,,3a7ddafd
national,https://querybuscas.com/pages/national,,2815,404,69908,13101,980,text/html; charset=UTF-8,580.128564ms,,3a7ddaff
nav,https://querybuscas.com/pages/nav,,2816,404,69908,13101,980,text/html; charset=UTF-8,615.910753ms,,3a7ddb00
navSiteAdmin,https://querybuscas.com/pages/navSiteAdmin,,2817,404,69908,13101,980,text/html; charset=UTF-8,545.467011ms,,3a7ddb01
navigation,https://querybuscas.com/pages/navigation,,2818,404,69908,13101,980,text/html; charset=UTF-8,606.547306ms,,3a7ddb02
navsiteadmin,https://querybuscas.com/pages/navsiteadmin,,2819,404,69908,13101,980,text/html; charset=UTF-8,593.538557ms,,3a7ddb03
nc,https://querybuscas.com/pages/nc,,2820,404,69908,13101,980,text/html; charset=UTF-8,718.120667ms,,3a7ddb04
ne,https://querybuscas.com/pages/ne,,2821,404,69908,13101,980,text/html; charset=UTF-8,709.378531ms,,3a7ddb05
net,https://querybuscas.com/pages/net,,2822,404,69908,13101,980,text/html; charset=UTF-8,607.954608ms,,3a7ddb06
netcat,https://querybuscas.com/pages/netcat,,2824,404,69908,13101,980,text/html; charset=UTF-8,560.76172ms,,3a7ddb08
netbsd,https://querybuscas.com/pages/netbsd,,2823,404,69908,13101,980,text/html; charset=UTF-8,568.168765ms,,3a7ddb07
nethome,https://querybuscas.com/pages/nethome,,2825,404,69908,13101,980,text/html; charset=UTF-8,558.631126ms,,3a7ddb09
nets,https://querybuscas.com/pages/nets,,2826,404,69908,13101,980,text/html; charset=UTF-8,540.567124ms,,3a7ddb0a
netscape,https://querybuscas.com/pages/netscape,,2827,404,69908,13101,980,text/html; charset=UTF-8,547.649134ms,,3a7ddb0b
netstat,https://querybuscas.com/pages/netstat,,2828,404,69908,13101,980,text/html; charset=UTF-8,563.203993ms,,3a7ddb0c
netstorage,https://querybuscas.com/pages/netstorage,,2829,404,69908,13101,980,text/html; charset=UTF-8,538.814195ms,,3a7ddb0d
network,https://querybuscas.com/pages/network,,2830,404,69908,13101,980,text/html; charset=UTF-8,552.756002ms,,3a7ddb0e
networking,https://querybuscas.com/pages/networking,,2831,404,69908,13101,980,text/html; charset=UTF-8,569.899334ms,,3a7ddb0f
new,https://querybuscas.com/pages/new,,2832,404,69908,13101,980,text/html; charset=UTF-8,554.4848ms,,3a7ddb10
newadmin,https://querybuscas.com/pages/newadmin,,2833,404,69908,13101,980,text/html; charset=UTF-8,518.502594ms,,3a7ddb11
newattachment,https://querybuscas.com/pages/newattachment,,2834,404,69908,13101,980,text/html; charset=UTF-8,591.908713ms,,3a7ddb12
newposts,https://querybuscas.com/pages/newposts,,2835,404,69908,13101,980,text/html; charset=UTF-8,627.176696ms,,3a7ddb13
newreply,https://querybuscas.com/pages/newreply,,2836,404,69908,13101,980,text/html; charset=UTF-8,696.697117ms,,3a7ddb14
news,https://querybuscas.com/pages/news,,2837,404,69908,13101,980,text/html; charset=UTF-8,526.558641ms,,3a7ddb15
news_insert,https://querybuscas.com/pages/news_insert,,2838,404,69908,13101,980,text/html; charset=UTF-8,585.234035ms,,3a7ddb16
newsadmin,https://querybuscas.com/pages/newsadmin,,2839,404,69908,13101,980,text/html; charset=UTF-8,582.209345ms,,3a7ddb17
newsite,https://querybuscas.com/pages/newsite,,2840,404,69908,13101,980,text/html; charset=UTF-8,597.066846ms,,3a7ddb18
newsletter,https://querybuscas.com/pages/newsletter,,2841,404,69908,13101,980,text/html; charset=UTF-8,724.783985ms,,3a7ddb19
newsletters,https://querybuscas.com/pages/newsletters,,2842,404,69908,13101,980,text/html; charset=UTF-8,613.123516ms,,3a7ddb1a
newsline,https://querybuscas.com/pages/newsline,,2843,404,69908,13101,980,text/html; charset=UTF-8,630.986166ms,,3a7ddb1b
newsroom,https://querybuscas.com/pages/newsroom,,2844,404,69908,13101,980,text/html; charset=UTF-8,580.273979ms,,3a7ddb1c
newssys,https://querybuscas.com/pages/newssys,,2845,404,69908,13101,980,text/html; charset=UTF-8,638.782144ms,,3a7ddb1d
newstarter,https://querybuscas.com/pages/newstarter,,2846,404,69908,13101,980,text/html; charset=UTF-8,652.246912ms,,3a7ddb1e
newthread,https://querybuscas.com/pages/newthread,,2847,404,69908,13101,980,text/html; charset=UTF-8,757.35212ms,,3a7ddb1f
newticket,https://querybuscas.com/pages/newticket,,2848,404,69908,13101,980,text/html; charset=UTF-8,614.912263ms,,3a7ddb20
next,https://querybuscas.com/pages/next,,2849,404,69908,13101,980,text/html; charset=UTF-8,561.220136ms,,3a7ddb21
nextcloud,https://querybuscas.com/pages/nextcloud,,2850,404,69908,13101,980,text/html; charset=UTF-8,580.509466ms,,3a7ddb22
nfs,https://querybuscas.com/pages/nfs,,2851,404,69908,13101,980,text/html; charset=UTF-8,579.033712ms,,3a7ddb23
nice,https://querybuscas.com/pages/nice,,2852,404,69908,13101,980,text/html; charset=UTF-8,698.198704ms,,3a7ddb24
nieuws,https://querybuscas.com/pages/nieuws,,2853,404,69908,13101,980,text/html; charset=UTF-8,547.224905ms,,3a7ddb25
ningbar,https://querybuscas.com/pages/ningbar,,2854,404,69908,13101,980,text/html; charset=UTF-8,575.89805ms,,3a7ddb26
nk9,https://querybuscas.com/pages/nk9,,2855,404,69908,13101,980,text/html; charset=UTF-8,667.88985ms,,3a7ddb27
nl,https://querybuscas.com/pages/nl,,2856,404,69908,13101,980,text/html; charset=UTF-8,675.176797ms,,3a7ddb28
no,https://querybuscas.com/pages/no,,2857,404,69908,13101,980,text/html; charset=UTF-8,561.674385ms,,3a7ddb29
no-index,https://querybuscas.com/pages/no-index,,2858,404,69908,13101,980,text/html; charset=UTF-8,527.241104ms,,3a7ddb2a
nobody,https://querybuscas.com/pages/nobody,,2859,404,69908,13101,980,text/html; charset=UTF-8,580.21646ms,,3a7ddb2b
node_modules/.package-lock.json,https://querybuscas.com/pages/node_modules/.package-lock.json,,2861,404,9,2,1,text/html; charset=utf-8,549.503683ms,,3a7ddb2d
node,https://querybuscas.com/pages/node,,2860,404,69908,13101,980,text/html; charset=UTF-8,660.959347ms,,3a7ddb2c
noindex,https://querybuscas.com/pages/noindex,,2862,404,69908,13101,980,text/html; charset=UTF-8,561.617906ms,,3a7ddb2e
nokia,https://querybuscas.com/pages/nokia,,2863,404,69908,13101,980,text/html; charset=UTF-8,509.145636ms,,3a7ddb2f
none,https://querybuscas.com/pages/none,,2864,404,69908,13101,980,text/html; charset=UTF-8,535.422384ms,,3a7ddb30
notes,https://querybuscas.com/pages/notes,,2866,404,69908,13101,980,text/html; charset=UTF-8,554.252063ms,,3a7ddb32
note,https://querybuscas.com/pages/note,,2865,404,69908,13101,980,text/html; charset=UTF-8,578.170372ms,,3a7ddb31
notfound,https://querybuscas.com/pages/notfound,,2867,404,69908,13101,980,text/html; charset=UTF-8,584.210338ms,,3a7ddb33
notification,https://querybuscas.com/pages/notification,,2869,404,69908,13101,980,text/html; charset=UTF-8,579.130366ms,,3a7ddb35
noticias,https://querybuscas.com/pages/noticias,,2868,404,69908,13101,980,text/html; charset=UTF-8,707.74731ms,,3a7ddb34
notifications,https://querybuscas.com/pages/notifications,,2870,404,69908,13101,980,text/html; charset=UTF-8,550.456871ms,,3a7ddb36
notified,https://querybuscas.com/pages/notified,,2871,404,69908,13101,980,text/html; charset=UTF-8,629.216019ms,,3a7ddb37
notifier,https://querybuscas.com/pages/notifier,,2872,404,69908,13101,980,text/html; charset=UTF-8,654.529231ms,,3a7ddb38
notify,https://querybuscas.com/pages/notify,,2873,404,69908,13101,980,text/html; charset=UTF-8,822.707971ms,,3a7ddb39
novell,https://querybuscas.com/pages/novell,,2874,404,69908,13101,980,text/html; charset=UTF-8,813.264658ms,,3a7ddb3a
npm-shrinkwrap.json,https://querybuscas.com/pages/npm-shrinkwrap.json,,2875,404,69908,13101,980,text/html; charset=UTF-8,940.598954ms,,3a7ddb3b
nr,https://querybuscas.com/pages/nr,,2876,404,69908,13101,980,text/html; charset=UTF-8,978.836762ms,,3a7ddb3c
ns,https://querybuscas.com/pages/ns,,2877,404,69908,13101,980,text/html; charset=UTF-8,757.794716ms,,3a7ddb3d
nsf,https://querybuscas.com/pages/nsf,,2878,404,69908,13101,980,text/html; charset=UTF-8,707.048656ms,,3a7ddb3e
ntopic,https://querybuscas.com/pages/ntopic,,2879,404,69908,13101,980,text/html; charset=UTF-8,617.506514ms,,3a7ddb3f
nude,https://querybuscas.com/pages/nude,,2880,404,69908,13101,980,text/html; charset=UTF-8,632.89588ms,,3a7ddb40
nuke,https://querybuscas.com/pages/nuke,,2881,404,69908,13101,980,text/html; charset=UTF-8,555.271297ms,,3a7ddb41
nul,https://querybuscas.com/pages/nul,,2882,404,69908,13101,980,text/html; charset=UTF-8,566.696178ms,,3a7ddb42
null,https://querybuscas.com/pages/null,,2883,404,69908,13101,980,text/html; charset=UTF-8,555.374293ms,,3a7ddb43
number,https://querybuscas.com/pages/number,,2884,404,69908,13101,980,text/html; charset=UTF-8,528.219613ms,,3a7ddb44
nz,https://querybuscas.com/pages/nz,,2886,404,69908,13101,980,text/html; charset=UTF-8,566.254319ms,,3a7ddb46
nxfeed,https://querybuscas.com/pages/nxfeed,,2885,404,69908,13101,980,text/html; charset=UTF-8,637.647413ms,,3a7ddb45
o,https://querybuscas.com/pages/o,,2887,404,69908,13101,980,text/html; charset=UTF-8,537.641946ms,,3a7ddb47
oa_servlets,https://querybuscas.com/pages/oa_servlets,,2888,404,69908,13101,980,text/html; charset=UTF-8,593.441267ms,,3a7ddb48
oauth,https://querybuscas.com/pages/oauth,,2889,404,69908,13101,980,text/html; charset=UTF-8,552.868002ms,,3a7ddb49
oauth/device/code,https://querybuscas.com/pages/oauth/device/code,,2891,404,69908,13101,980,text/html; charset=UTF-8,567.140798ms,,3a7ddb4b
oauth/authorize,https://querybuscas.com/pages/oauth/authorize,,2890,404,69908,13101,980,text/html; charset=UTF-8,663.65047ms,,3a7ddb4a
oauth/revoke,https://querybuscas.com/pages/oauth/revoke,,2892,404,69908,13101,980,text/html; charset=UTF-8,583.637376ms,,3a7ddb4c
oauth/token,https://querybuscas.com/pages/oauth/token,,2893,404,69908,13101,980,text/html; charset=UTF-8,584.798882ms,,3a7ddb4d
oauth/token/info,https://querybuscas.com/pages/oauth/token/info,,2894,404,69908,13101,980,text/html; charset=UTF-8,644.123954ms,,3a7ddb4e
obdc,https://querybuscas.com/pages/obdc,,2895,404,69908,13101,980,text/html; charset=UTF-8,619.071892ms,,3a7ddb4f
obj,https://querybuscas.com/pages/obj,,2896,404,69908,13101,980,text/html; charset=UTF-8,617.815624ms,,3a7ddb50
object,https://querybuscas.com/pages/object,,2897,404,69908,13101,980,text/html; charset=UTF-8,613.477626ms,,3a7ddb51
objects,https://querybuscas.com/pages/objects,,2898,404,69908,13101,980,text/html; charset=UTF-8,668.888781ms,,3a7ddb52
obsolete,https://querybuscas.com/pages/obsolete,,2899,404,69908,13101,980,text/html; charset=UTF-8,673.050864ms,,3a7ddb53
obsoleted,https://querybuscas.com/pages/obsoleted,,2900,404,69908,13101,980,text/html; charset=UTF-8,622.819255ms,,3a7ddb54
odbc,https://querybuscas.com/pages/odbc,,2901,404,69908,13101,980,text/html; charset=UTF-8,563.062484ms,,3a7ddb55
ode,https://querybuscas.com/pages/ode,,2902,404,69908,13101,980,text/html; charset=UTF-8,591.364133ms,,3a7ddb56
oem,https://querybuscas.com/pages/oem,,2903,404,69908,13101,980,text/html; charset=UTF-8,543.790974ms,,3a7ddb57
of,https://querybuscas.com/pages/of,,2904,404,69908,13101,980,text/html; charset=UTF-8,539.127502ms,,3a7ddb58
ofbiz,https://querybuscas.com/pages/ofbiz,,2905,404,69908,13101,980,text/html; charset=UTF-8,600.866878ms,,3a7ddb59
off,https://querybuscas.com/pages/off,,2906,404,69908,13101,980,text/html; charset=UTF-8,718.198814ms,,3a7ddb5a
offer,https://querybuscas.com/pages/offer,,2907,404,69908,13101,980,text/html; charset=UTF-8,547.007273ms,,3a7ddb5b
offerdetail,https://querybuscas.com/pages/offerdetail,,2908,404,69908,13101,980,text/html; charset=UTF-8,513.768929ms,,3a7ddb5c
offers,https://querybuscas.com/pages/offers,,2909,404,69908,13101,980,text/html; charset=UTF-8,630.229715ms,,3a7ddb5d
office,https://querybuscas.com/pages/office,,2910,404,69908,13101,980,text/html; charset=UTF-8,582.518949ms,,3a7ddb5e
offices,https://querybuscas.com/pages/offices,,2911,404,69908,13101,980,text/html; charset=UTF-8,654.866426ms,,3a7ddb5f
offline,https://querybuscas.com/pages/offline,,2912,404,69908,13101,980,text/html; charset=UTF-8,548.048012ms,,3a7ddb60
ogl,https://querybuscas.com/pages/ogl,,2913,404,69908,13101,980,text/html; charset=UTF-8,581.148237ms,,3a7ddb61
oidc/register,https://querybuscas.com/pages/oidc/register,,2914,404,69908,13101,980,text/html; charset=UTF-8,627.408467ms,,3a7ddb62
old,https://querybuscas.com/pages/old,,2915,404,69908,13101,980,text/html; charset=UTF-8,564.675854ms,,3a7ddb63
old-site,https://querybuscas.com/pages/old-site,,2916,404,69908,13101,980,text/html; charset=UTF-8,566.70341ms,,3a7ddb64
old_site,https://querybuscas.com/pages/old_site,,2917,404,69908,13101,980,text/html; charset=UTF-8,510.744198ms,,3a7ddb65
oldie,https://querybuscas.com/pages/oldie,,2918,404,69908,13101,980,text/html; charset=UTF-8,528.358002ms,,3a7ddb66
oldsite,https://querybuscas.com/pages/oldsite,,2919,404,69908,13101,980,text/html; charset=UTF-8,602.925359ms,,3a7ddb67
omited,https://querybuscas.com/pages/omited,,2920,404,69908,13101,980,text/html; charset=UTF-8,496.133419ms,,3a7ddb68
on,https://querybuscas.com/pages/on,,2921,404,69908,13101,980,text/html; charset=UTF-8,592.575654ms,,3a7ddb69
onbound,https://querybuscas.com/pages/onbound,,2922,404,69908,13101,980,text/html; charset=UTF-8,561.501423ms,,3a7ddb6a
online,https://querybuscas.com/pages/online,,2923,404,69908,13101,980,text/html; charset=UTF-8,631.995042ms,,3a7ddb6b
onsite,https://querybuscas.com/pages/onsite,,2924,404,69908,13101,980,text/html; charset=UTF-8,574.630295ms,,3a7ddb6c
op,https://querybuscas.com/pages/op,,2925,404,69908,13101,980,text/html; charset=UTF-8,584.816876ms,,3a7ddb6d
open,https://querybuscas.com/pages/open,,2926,404,69908,13101,980,text/html; charset=UTF-8,538.830147ms,,3a7ddb6e
open-account,https://querybuscas.com/pages/open-account,,2927,404,69908,13101,980,text/html; charset=UTF-8,580.225499ms,,3a7ddb6f
openads,https://querybuscas.com/pages/openads,,2928,404,69908,13101,980,text/html; charset=UTF-8,578.364277ms,,3a7ddb70
openapp,https://querybuscas.com/pages/openapp,,2929,404,69908,13101,980,text/html; charset=UTF-8,595.140948ms,,3a7ddb71
openbsd,https://querybuscas.com/pages/openbsd,,2930,404,69908,13101,980,text/html; charset=UTF-8,575.15523ms,,3a7ddb72
opencart,https://querybuscas.com/pages/opencart,,2931,404,69908,13101,980,text/html; charset=UTF-8,519.289988ms,,3a7ddb73
opendir,https://querybuscas.com/pages/opendir,,2932,404,69908,13101,980,text/html; charset=UTF-8,577.254287ms,,3a7ddb74
openejb,https://querybuscas.com/pages/openejb,,2933,404,69908,13101,980,text/html; charset=UTF-8,613.129082ms,,3a7ddb75
openfile,https://querybuscas.com/pages/openfile,,2934,404,69908,13101,980,text/html; charset=UTF-8,743.128499ms,,3a7ddb76
opensearch,https://querybuscas.com/pages/opensearch,,2936,404,69908,13101,980,text/html; charset=UTF-8,575.921988ms,,3a7ddb78
openjpa,https://querybuscas.com/pages/openjpa,,2935,404,69908,13101,980,text/html; charset=UTF-8,639.13019ms,,3a7ddb77
opensource,https://querybuscas.com/pages/opensource,,2937,404,69908,13101,980,text/html; charset=UTF-8,527.338673ms,,3a7ddb79
openvpnadmin,https://querybuscas.com/pages/openvpnadmin,,2938,404,69908,13101,980,text/html; charset=UTF-8,755.678815ms,,3a7ddb7a
openx,https://querybuscas.com/pages/openx,,2939,404,69908,13101,980,text/html; charset=UTF-8,625.435634ms,,3a7ddb7b
opera,https://querybuscas.com/pages/opera,,2940,404,69908,13101,980,text/html; charset=UTF-8,675.142389ms,,3a7ddb7c
operations,https://querybuscas.com/pages/operations,,2941,404,69908,13101,980,text/html; charset=UTF-8,568.793208ms,,3a7ddb7d
operator,https://querybuscas.com/pages/operator,,2942,404,69908,13101,980,text/html; charset=UTF-8,791.269345ms,,3a7ddb7e
opinion,https://querybuscas.com/pages/opinion,,2943,404,69908,13101,980,text/html; charset=UTF-8,625.683998ms,,3a7ddb7f
opinions,https://querybuscas.com/pages/opinions,,2944,404,69908,13101,980,text/html; charset=UTF-8,671.864995ms,,3a7ddb80
opml,https://querybuscas.com/pages/opml,,2945,404,69908,13101,980,text/html; charset=UTF-8,656.210442ms,,3a7ddb81
oprocmgr-status,https://querybuscas.com/pages/oprocmgr-status,,2946,404,69908,13101,980,text/html; charset=UTF-8,677.643527ms,,3a7ddb82
opros,https://querybuscas.com/pages/opros,,2947,404,69908,13101,980,text/html; charset=UTF-8,634.758489ms,,3a7ddb83
opt,https://querybuscas.com/pages/opt,,2948,404,69908,13101,980,text/html; charset=UTF-8,602.551866ms,,3a7ddb84
option,https://querybuscas.com/pages/option,,2949,404,69908,13101,980,text/html; charset=UTF-8,636.83244ms,,3a7ddb85
options,https://querybuscas.com/pages/options,,2950,404,69908,13101,980,text/html; charset=UTF-8,596.720016ms,,3a7ddb86
ora,https://querybuscas.com/pages/ora,,2951,404,69908,13101,980,text/html; charset=UTF-8,528.665224ms,,3a7ddb87
oracle,https://querybuscas.com/pages/oracle,,2952,404,69908,13101,980,text/html; charset=UTF-8,556.84047ms,,3a7ddb88
oradata,https://querybuscas.com/pages/oradata,,2953,404,69908,13101,980,text/html; charset=UTF-8,582.472402ms,,3a7ddb89
order-detail,https://querybuscas.com/pages/order-detail,,2955,404,69908,13101,980,text/html; charset=UTF-8,509.989479ms,,3a7ddb8b
order,https://querybuscas.com/pages/order,,2954,404,69908,13101,980,text/html; charset=UTF-8,606.28624ms,,3a7ddb8a
order-follow,https://querybuscas.com/pages/order-follow,,2956,404,69908,13101,980,text/html; charset=UTF-8,552.636064ms,,3a7ddb8c
order-history,https://querybuscas.com/pages/order-history,,2957,404,69908,13101,980,text/html; charset=UTF-8,655.496425ms,,3a7ddb8d
order-opc,https://querybuscas.com/pages/order-opc,,2958,404,69908,13101,980,text/html; charset=UTF-8,690.995771ms,,3a7ddb8e
order-return,https://querybuscas.com/pages/order-return,,2959,404,69908,13101,980,text/html; charset=UTF-8,605.47324ms,,3a7ddb8f
order-slip,https://querybuscas.com/pages/order-slip,,2960,404,69908,13101,980,text/html; charset=UTF-8,599.298519ms,,3a7ddb90
order_history,https://querybuscas.com/pages/order_history,,2961,404,69908,13101,980,text/html; charset=UTF-8,566.292289ms,,3a7ddb91
order_status,https://querybuscas.com/pages/order_status,,2962,404,69908,13101,980,text/html; charset=UTF-8,632.990112ms,,3a7ddb92
orderdownloads,https://querybuscas.com/pages/orderdownloads,,2963,404,69908,13101,980,text/html; charset=UTF-8,718.445731ms,,3a7ddb93
orderfinished,https://querybuscas.com/pages/orderfinished,,2965,404,69908,13101,980,text/html; charset=UTF-8,578.619299ms,,3a7ddb95
ordered,https://querybuscas.com/pages/ordered,,2964,404,69908,13101,980,text/html; charset=UTF-8,748.252849ms,,3a7ddb94
orders,https://querybuscas.com/pages/orders,,2966,404,69908,13101,980,text/html; charset=UTF-8,809.189409ms,,3a7ddb96
orderstatus,https://querybuscas.com/pages/orderstatus,,2967,404,69908,13101,980,text/html; charset=UTF-8,875.219401ms,,3a7ddb97
ordertotal,https://querybuscas.com/pages/ordertotal,,2968,404,69908,13101,980,text/html; charset=UTF-8,773.865371ms,,3a7ddb98
org,https://querybuscas.com/pages/org,,2969,404,69908,13101,980,text/html; charset=UTF-8,606.461999ms,,3a7ddb99
organisation,https://querybuscas.com/pages/organisation,,2970,404,69908,13101,980,text/html; charset=UTF-8,612.41685ms,,3a7ddb9a
organisations,https://querybuscas.com/pages/organisations,,2971,404,69908,13101,980,text/html; charset=UTF-8,649.768045ms,,3a7ddb9b
organizations,https://querybuscas.com/pages/organizations,,2972,404,69908,13101,980,text/html; charset=UTF-8,525.446587ms,,3a7ddb9c
orig,https://querybuscas.com/pages/orig,,2973,404,69908,13101,980,text/html; charset=UTF-8,557.162764ms,,3a7ddb9d
original,https://querybuscas.com/pages/original,,2974,404,69908,13101,980,text/html; charset=UTF-8,620.275567ms,,3a7ddb9e
os,https://querybuscas.com/pages/os,,2975,404,69908,13101,980,text/html; charset=UTF-8,702.176167ms,,3a7ddb9f
osc,https://querybuscas.com/pages/osc,,2976,404,69908,13101,980,text/html; charset=UTF-8,505.476373ms,,3a7ddba0
oscommerce,https://querybuscas.com/pages/oscommerce,,2977,404,69908,13101,980,text/html; charset=UTF-8,597.376389ms,,3a7ddba1
other,https://querybuscas.com/pages/other,,2978,404,69908,13101,980,text/html; charset=UTF-8,631.672267ms,,3a7ddba2
others,https://querybuscas.com/pages/others,,2979,404,69908,13101,980,text/html; charset=UTF-8,627.962237ms,,3a7ddba3
otrs,https://querybuscas.com/pages/otrs,,2980,404,69908,13101,980,text/html; charset=UTF-8,634.163085ms,,3a7ddba4
out,https://querybuscas.com/pages/out,,2981,404,69908,13101,980,text/html; charset=UTF-8,666.291706ms,,3a7ddba5
outcome,https://querybuscas.com/pages/outcome,,2982,404,69908,13101,980,text/html; charset=UTF-8,570.375472ms,,3a7ddba6
outils,https://querybuscas.com/pages/outils,,2984,404,69908,13101,980,text/html; charset=UTF-8,617.713821ms,,3a7ddba8
outgoing,https://querybuscas.com/pages/outgoing,,2983,404,69908,13101,980,text/html; charset=UTF-8,681.731326ms,,3a7ddba7
outline,https://querybuscas.com/pages/outline,,2985,404,69908,13101,980,text/html; charset=UTF-8,654.037341ms,,3a7ddba9
output,https://querybuscas.com/pages/output,,2986,404,69908,13101,980,text/html; charset=UTF-8,557.307457ms,,3a7ddbaa
outreach,https://querybuscas.com/pages/outreach,,2987,404,69908,13101,980,text/html; charset=UTF-8,622.070013ms,,3a7ddbab
oversikt,https://querybuscas.com/pages/oversikt,,2988,404,69908,13101,980,text/html; charset=UTF-8,562.056458ms,,3a7ddbac
overview,https://querybuscas.com/pages/overview,,2989,404,69908,13101,980,text/html; charset=UTF-8,527.005212ms,,3a7ddbad
owl,https://querybuscas.com/pages/owl,,2991,404,69908,13101,980,text/html; charset=UTF-8,542.592717ms,,3a7ddbaf
owa,https://querybuscas.com/pages/owa,,2990,404,69908,13101,980,text/html; charset=UTF-8,590.411189ms,,3a7ddbae
owncloud,https://querybuscas.com/pages/owncloud,,2992,404,69908,13101,980,text/html; charset=UTF-8,557.688324ms,,3a7ddbb0
owners,https://querybuscas.com/pages/owners,,2993,404,69908,13101,980,text/html; charset=UTF-8,568.098532ms,,3a7ddbb1
ows,https://querybuscas.com/pages/ows,,2994,404,69908,13101,980,text/html; charset=UTF-8,649.258829ms,,3a7ddbb2
ows-bin,https://querybuscas.com/pages/ows-bin,,2995,404,69908,13101,980,text/html; charset=UTF-8,611.037356ms,,3a7ddbb3
p,https://querybuscas.com/pages/p,,2996,404,69908,13101,980,text/html; charset=UTF-8,526.029379ms,,3a7ddbb4
p2p,https://querybuscas.com/pages/p2p,,2997,404,69908,13101,980,text/html; charset=UTF-8,647.55671ms,,3a7ddbb5
p7pm,https://querybuscas.com/pages/p7pm,,2998,404,69908,13101,980,text/html; charset=UTF-8,562.713702ms,,3a7ddbb6
pa,https://querybuscas.com/pages/pa,,2999,404,69908,13101,980,text/html; charset=UTF-8,515.651064ms,,3a7ddbb7
pack,https://querybuscas.com/pages/pack,,3000,404,69908,13101,980,text/html; charset=UTF-8,559.07703ms,,3a7ddbb8
package,https://querybuscas.com/pages/package,,3001,404,69908,13101,980,text/html; charset=UTF-8,628.85575ms,,3a7ddbb9
package.json,https://querybuscas.com/pages/package.json,,3002,404,69908,13101,980,text/html; charset=UTF-8,567.245471ms,,3a7ddbba
packaged,https://querybuscas.com/pages/packaged,,3004,404,69908,13101,980,text/html; charset=UTF-8,547.959977ms,,3a7ddbbc
package-lock.json,https://querybuscas.com/pages/package-lock.json,,3003,404,69908,13101,980,text/html; charset=UTF-8,582.648216ms,,3a7ddbbb
packages,https://querybuscas.com/pages/packages,,3005,404,69908,13101,980,text/html; charset=UTF-8,657.576338ms,,3a7ddbbd
packed,https://querybuscas.com/pages/packed,,3007,404,69908,13101,980,text/html; charset=UTF-8,556.118889ms,,3a7ddbbf
packaging,https://querybuscas.com/pages/packaging,,3006,404,69908,13101,980,text/html; charset=UTF-8,639.933074ms,,3a7ddbbe
pad,https://querybuscas.com/pages/pad,,3008,404,69908,13101,980,text/html; charset=UTF-8,571.675279ms,,3a7ddbc0
page,https://querybuscas.com/pages/page,,3009,404,69908,13101,980,text/html; charset=UTF-8,565.253907ms,,3a7ddbc1
page-not-found,https://querybuscas.com/pages/page-not-found,,3010,404,69908,13101,980,text/html; charset=UTF-8,696.882913ms,,3a7ddbc2
page1,https://querybuscas.com/pages/page1,,3011,404,69908,13101,980,text/html; charset=UTF-8,507.259241ms,,3a7ddbc3
page2,https://querybuscas.com/pages/page2,,3012,404,69908,13101,980,text/html; charset=UTF-8,611.158797ms,,3a7ddbc4
page_1,https://querybuscas.com/pages/page_1,,3013,404,69908,13101,980,text/html; charset=UTF-8,629.178432ms,,3a7ddbc5
page_2,https://querybuscas.com/pages/page_2,,3014,404,69908,13101,980,text/html; charset=UTF-8,673.358998ms,,3a7ddbc6
page_sample1,https://querybuscas.com/pages/page_sample1,,3015,404,69908,13101,980,text/html; charset=UTF-8,678.375606ms,,3a7ddbc7
pageid,https://querybuscas.com/pages/pageid,,3016,404,69908,13101,980,text/html; charset=UTF-8,556.139898ms,,3a7ddbc8
pagenotfound,https://querybuscas.com/pages/pagenotfound,,3017,404,69908,13101,980,text/html; charset=UTF-8,537.818128ms,,3a7ddbc9
pager,https://querybuscas.com/pages/pager,,3018,404,69908,13101,980,text/html; charset=UTF-8,620.735972ms,,3a7ddbca
pages,https://querybuscas.com/pages/pages,,3019,404,69908,13101,980,text/html; charset=UTF-8,536.156756ms,,3a7ddbcb
pagination,https://querybuscas.com/pages/pagination,,3020,404,69908,13101,980,text/html; charset=UTF-8,646.868742ms,,3a7ddbcc
paid,https://querybuscas.com/pages/paid,,3021,404,69908,13101,980,text/html; charset=UTF-8,536.350926ms,,3a7ddbcd
paiement,https://querybuscas.com/pages/paiement,,3022,404,69908,13101,980,text/html; charset=UTF-8,547.544367ms,,3a7ddbce
pam,https://querybuscas.com/pages/pam,,3023,404,69908,13101,980,text/html; charset=UTF-8,638.80945ms,,3a7ddbcf
panel,https://querybuscas.com/pages/panel,,3024,404,69908,13101,980,text/html; charset=UTF-8,686.371775ms,,3a7ddbd0
panelc,https://querybuscas.com/pages/panelc,,3025,404,69908,13101,980,text/html; charset=UTF-8,610.707753ms,,3a7ddbd1
paper,https://querybuscas.com/pages/paper,,3026,404,69908,13101,980,text/html; charset=UTF-8,559.069818ms,,3a7ddbd2
papers,https://querybuscas.com/pages/papers,,3027,404,69908,13101,980,text/html; charset=UTF-8,581.413847ms,,3a7ddbd3
parse,https://querybuscas.com/pages/parse,,3028,404,69908,13101,980,text/html; charset=UTF-8,580.260004ms,,3a7ddbd4
par,https://querybuscas.com/pages/par,,3029,404,69908,13101,980,text/html; charset=UTF-8,559.943998ms,,3a7ddbd5
part,https://querybuscas.com/pages/part,,3030,404,69908,13101,980,text/html; charset=UTF-8,546.455267ms,,3a7ddbd6
partenaires,https://querybuscas.com/pages/partenaires,,3031,404,69908,13101,980,text/html; charset=UTF-8,611.300584ms,,3a7ddbd7
partner,https://querybuscas.com/pages/partner,,3032,404,69908,13101,980,text/html; charset=UTF-8,586.011188ms,,3a7ddbd8
partners,https://querybuscas.com/pages/partners,,3033,404,69908,13101,980,text/html; charset=UTF-8,537.069669ms,,3a7ddbd9
parts,https://querybuscas.com/pages/parts,,3034,404,69908,13101,980,text/html; charset=UTF-8,803.456323ms,,3a7ddbda
party,https://querybuscas.com/pages/party,,3035,404,69908,13101,980,text/html; charset=UTF-8,622.255488ms,,3a7ddbdb
pass,https://querybuscas.com/pages/pass,,3036,404,69908,13101,980,text/html; charset=UTF-8,611.142519ms,,3a7ddbdc
passes,https://querybuscas.com/pages/passes,,3037,404,69908,13101,980,text/html; charset=UTF-8,795.024848ms,,3a7ddbdd
passive,https://querybuscas.com/pages/passive,,3038,404,69908,13101,980,text/html; charset=UTF-8,742.385447ms,,3a7ddbde
passport,https://querybuscas.com/pages/passport,,3039,404,69908,13101,980,text/html; charset=UTF-8,709.759459ms,,3a7ddbdf
passw,https://querybuscas.com/pages/passw,,3040,404,69908,13101,980,text/html; charset=UTF-8,553.234761ms,,3a7ddbe0
passwd,https://querybuscas.com/pages/passwd,,3041,404,69908,13101,980,text/html; charset=UTF-8,652.406905ms,,3a7ddbe1
passwor,https://querybuscas.com/pages/passwor,,3042,404,69908,13101,980,text/html; charset=UTF-8,658.910911ms,,3a7ddbe2
password,https://querybuscas.com/pages/password,,3043,404,69908,13101,980,text/html; charset=UTF-8,531.385544ms,,3a7ddbe3
passwords,https://querybuscas.com/pages/passwords,,3044,404,69908,13101,980,text/html; charset=UTF-8,554.759831ms,,3a7ddbe4
past,https://querybuscas.com/pages/past,,3045,404,69908,13101,980,text/html; charset=UTF-8,530.801268ms,,3a7ddbe5
patch,https://querybuscas.com/pages/patch,,3046,404,69908,13101,980,text/html; charset=UTF-8,582.440677ms,,3a7ddbe6
patches,https://querybuscas.com/pages/patches,,3047,404,69908,13101,980,text/html; charset=UTF-8,583.542068ms,,3a7ddbe7
patents,https://querybuscas.com/pages/patents,,3048,404,69908,13101,980,text/html; charset=UTF-8,564.148892ms,,3a7ddbe8
path,https://querybuscas.com/pages/path,,3049,404,69908,13101,980,text/html; charset=UTF-8,563.133323ms,,3a7ddbe9
pay,https://querybuscas.com/pages/pay,,3050,404,69908,13101,980,text/html; charset=UTF-8,696.059857ms,,3a7ddbea
payment,https://querybuscas.com/pages/payment,,3051,404,69908,13101,980,text/html; charset=UTF-8,567.039085ms,,3a7ddbeb
payment_gateway,https://querybuscas.com/pages/payment_gateway,,3052,404,69908,13101,980,text/html; charset=UTF-8,567.192438ms,,3a7ddbec
payments,https://querybuscas.com/pages/payments,,3053,404,69908,13101,980,text/html; charset=UTF-8,571.481497ms,,3a7ddbed
paypal,https://querybuscas.com/pages/paypal,,3054,404,69908,13101,980,text/html; charset=UTF-8,669.7915ms,,3a7ddbee
paypal_notify,https://querybuscas.com/pages/paypal_notify,,3055,404,69908,13101,980,text/html; charset=UTF-8,585.420447ms,,3a7ddbef
paypalok,https://querybuscas.com/pages/paypalok,,3057,404,69908,13101,980,text/html; charset=UTF-8,609.164938ms,,3a7ddbf1
paypalcancel,https://querybuscas.com/pages/paypalcancel,,3056,404,69908,13101,980,text/html; charset=UTF-8,629.135518ms,,3a7ddbf0
pbc_download,https://querybuscas.com/pages/pbc_download,,3058,404,69908,13101,980,text/html; charset=UTF-8,569.579746ms,,3a7ddbf2
pbcsad,https://querybuscas.com/pages/pbcsad,,3060,404,69908,13101,980,text/html; charset=UTF-8,653.646393ms,,3a7ddbf4
pbcs,https://querybuscas.com/pages/pbcs,,3059,404,69908,13101,980,text/html; charset=UTF-8,710.610003ms,,3a7ddbf3
pbcsi,https://querybuscas.com/pages/pbcsi,,3061,404,69908,13101,980,text/html; charset=UTF-8,567.095778ms,,3a7ddbf5
pc,https://querybuscas.com/pages/pc,,3063,404,69908,13101,980,text/html; charset=UTF-8,660.677137ms,,3a7ddbf7
pci,https://querybuscas.com/pages/pci,,3064,404,69908,13101,980,text/html; charset=UTF-8,562.63959ms,,3a7ddbf8
pbo,https://querybuscas.com/pages/pbo,,3062,404,69908,13101,980,text/html; charset=UTF-8,760.761805ms,,3a7ddbf6
pconf,https://querybuscas.com/pages/pconf,,3065,404,69908,13101,980,text/html; charset=UTF-8,709.54163ms,,3a7ddbf9
pd,https://querybuscas.com/pages/pd,,3066,404,69908,13101,980,text/html; charset=UTF-8,683.202832ms,,3a7ddbfa
pda,https://querybuscas.com/pages/pda,,3067,404,69908,13101,980,text/html; charset=UTF-8,545.466286ms,,3a7ddbfb
pdf,https://querybuscas.com/pages/pdf,,3068,404,69908,13101,980,text/html; charset=UTF-8,584.116686ms,,3a7ddbfc
pdf-order-slip,https://querybuscas.com/pages/pdf-order-slip,,3070,404,69908,13101,980,text/html; charset=UTF-8,592.201873ms,,3a7ddbfe
pdf-invoice,https://querybuscas.com/pages/pdf-invoice,,3069,404,69908,13101,980,text/html; charset=UTF-8,554.900631ms,,3a7ddbfd
pdfs,https://querybuscas.com/pages/pdfs,,3071,404,69908,13101,980,text/html; charset=UTF-8,572.516823ms,,3a7ddbff
pear,https://querybuscas.com/pages/pear,,3072,404,69908,13101,980,text/html; charset=UTF-8,583.936868ms,,3a7ddc00
peek,https://querybuscas.com/pages/peek,,3073,404,69908,13101,980,text/html; charset=UTF-8,531.486657ms,,3a7ddc01
peel,https://querybuscas.com/pages/peel,,3074,404,69908,13101,980,text/html; charset=UTF-8,572.147354ms,,3a7ddc02
pem,https://querybuscas.com/pages/pem,,3075,404,69908,13101,980,text/html; charset=UTF-8,700.226717ms,,3a7ddc03
pending,https://querybuscas.com/pages/pending,,3076,404,69908,13101,980,text/html; charset=UTF-8,754.369356ms,,3a7ddc04
people,https://querybuscas.com/pages/people,,3077,404,69908,13101,980,text/html; charset=UTF-8,540.236653ms,,3a7ddc05
perf,https://querybuscas.com/pages/perf,,3078,404,69908,13101,980,text/html; charset=UTF-8,540.738335ms,,3a7ddc06
performance,https://querybuscas.com/pages/performance,,3079,404,69908,13101,980,text/html; charset=UTF-8,543.590413ms,,3a7ddc07
perl,https://querybuscas.com/pages/perl,,3080,404,69908,13101,980,text/html; charset=UTF-8,707.836777ms,,3a7ddc08
perl5,https://querybuscas.com/pages/perl5,,3081,404,69908,13101,980,text/html; charset=UTF-8,606.845305ms,,3a7ddc09
person,https://querybuscas.com/pages/person,,3082,404,69908,13101,980,text/html; charset=UTF-8,605.236939ms,,3a7ddc0a
personal,https://querybuscas.com/pages/personal,,3083,404,69908,13101,980,text/html; charset=UTF-8,599.877382ms,,3a7ddc0b
personals,https://querybuscas.com/pages/personals,,3084,404,69908,13101,980,text/html; charset=UTF-8,590.974019ms,,3a7ddc0c
pfx,https://querybuscas.com/pages/pfx,,3085,404,69908,13101,980,text/html; charset=UTF-8,610.670659ms,,3a7ddc0d
pg,https://querybuscas.com/pages/pg,,3086,404,69908,13101,980,text/html; charset=UTF-8,654.884427ms,,3a7ddc0e
pgadmin,https://querybuscas.com/pages/pgadmin,,3087,404,69908,13101,980,text/html; charset=UTF-8,581.316532ms,,3a7ddc0f
pgp,https://querybuscas.com/pages/pgp,,3088,404,69908,13101,980,text/html; charset=UTF-8,528.617375ms,,3a7ddc10
pgsql,https://querybuscas.com/pages/pgsql,,3089,404,69908,13101,980,text/html; charset=UTF-8,538.865253ms,,3a7ddc11
phf,https://querybuscas.com/pages/phf,,3090,404,69908,13101,980,text/html; charset=UTF-8,583.976473ms,,3a7ddc12
phishing,https://querybuscas.com/pages/phishing,,3091,404,69908,13101,980,text/html; charset=UTF-8,560.198234ms,,3a7ddc13
phone,https://querybuscas.com/pages/phone,,3092,404,69908,13101,980,text/html; charset=UTF-8,575.946294ms,,3a7ddc14
phones,https://querybuscas.com/pages/phones,,3093,404,69908,13101,980,text/html; charset=UTF-8,583.017382ms,,3a7ddc15
phorum,https://querybuscas.com/pages/phorum,,3094,404,69908,13101,980,text/html; charset=UTF-8,554.229123ms,,3a7ddc16
photo,https://querybuscas.com/pages/photo,,3095,404,69908,13101,980,text/html; charset=UTF-8,585.318083ms,,3a7ddc17
photodetails,https://querybuscas.com/pages/photodetails,,3096,404,69908,13101,980,text/html; charset=UTF-8,567.267465ms,,3a7ddc18
photogallery,https://querybuscas.com/pages/photogallery,,3097,404,69908,13101,980,text/html; charset=UTF-8,628.423687ms,,3a7ddc19
photography,https://querybuscas.com/pages/photography,,3098,404,69908,13101,980,text/html; charset=UTF-8,527.211407ms,,3a7ddc1a
photos,https://querybuscas.com/pages/photos,,3099,404,69908,13101,980,text/html; charset=UTF-8,550.998272ms,,3a7ddc1b
php,https://querybuscas.com/pages/php,,3100,404,69908,13101,980,text/html; charset=UTF-8,552.915535ms,,3a7ddc1c
php-bin,https://querybuscas.com/pages/php-bin,,3101,404,69908,13101,980,text/html; charset=UTF-8,561.452232ms,,3a7ddc1d
php-cgi,https://querybuscas.com/pages/php-cgi,,3102,404,69908,13101,980,text/html; charset=UTF-8,723.346859ms,,3a7ddc1e
php.ini,https://querybuscas.com/pages/php.ini,,3103,404,69908,13101,980,text/html; charset=UTF-8,561.572265ms,,3a7ddc1f
php168,https://querybuscas.com/pages/php168,,3104,404,69908,13101,980,text/html; charset=UTF-8,552.749948ms,,3a7ddc20
php3,https://querybuscas.com/pages/php3,,3105,404,69908,13101,980,text/html; charset=UTF-8,560.968525ms,,3a7ddc21
phpBB,https://querybuscas.com/pages/phpBB,,3106,404,69908,13101,980,text/html; charset=UTF-8,564.399551ms,,3a7ddc22
phpBB2,https://querybuscas.com/pages/phpBB2,,3107,404,69908,13101,980,text/html; charset=UTF-8,621.278501ms,,3a7ddc23
phpBB3,https://querybuscas.com/pages/phpBB3,,3108,404,69908,13101,980,text/html; charset=UTF-8,496.032646ms,,3a7ddc24
phpEventCalendar,https://querybuscas.com/pages/phpEventCalendar,,3109,404,69908,13101,980,text/html; charset=UTF-8,550.145622ms,,3a7ddc25
phpMyAdmin,https://querybuscas.com/pages/phpMyAdmin,,3110,404,69908,13101,980,text/html; charset=UTF-8,618.943414ms,,3a7ddc26
phpMyAdmin2,https://querybuscas.com/pages/phpMyAdmin2,,3111,404,69908,13101,980,text/html; charset=UTF-8,552.206593ms,,3a7ddc27
phpSQLiteAdmin,https://querybuscas.com/pages/phpSQLiteAdmin,,3112,404,69908,13101,980,text/html; charset=UTF-8,702.53169ms,,3a7ddc28
php_uploads,https://querybuscas.com/pages/php_uploads,,3113,404,69908,13101,980,text/html; charset=UTF-8,589.390346ms,,3a7ddc29
phpadmin,https://querybuscas.com/pages/phpadmin,,3114,404,69908,13101,980,text/html; charset=UTF-8,592.973084ms,,3a7ddc2a
phpads,https://querybuscas.com/pages/phpads,,3115,404,69908,13101,980,text/html; charset=UTF-8,577.527434ms,,3a7ddc2b
phpadsnew,https://querybuscas.com/pages/phpadsnew,,3116,404,69908,13101,980,text/html; charset=UTF-8,562.095044ms,,3a7ddc2c
phpbb,https://querybuscas.com/pages/phpbb,,3117,404,69908,13101,980,text/html; charset=UTF-8,556.698936ms,,3a7ddc2d
phpbb2,https://querybuscas.com/pages/phpbb2,,3118,404,69908,13101,980,text/html; charset=UTF-8,554.78897ms,,3a7ddc2e
phpbb3,https://querybuscas.com/pages/phpbb3,,3119,404,69908,13101,980,text/html; charset=UTF-8,554.379188ms,,3a7ddc2f
phpinfo,https://querybuscas.com/pages/phpinfo,,3120,404,69908,13101,980,text/html; charset=UTF-8,565.232312ms,,3a7ddc30
phpinfo.php,https://querybuscas.com/pages/phpinfo.php,,3121,404,69908,13101,980,text/html; charset=UTF-8,686.52756ms,,3a7ddc31
phpinfos.php,https://querybuscas.com/pages/phpinfos.php,,3122,404,69908,13101,980,text/html; charset=UTF-8,611.704838ms,,3a7ddc32
phpldapadmin,https://querybuscas.com/pages/phpldapadmin,,3123,404,69908,13101,980,text/html; charset=UTF-8,669.263766ms,,3a7ddc33
phplist,https://querybuscas.com/pages/phplist,,3124,404,69908,13101,980,text/html; charset=UTF-8,547.746187ms,,3a7ddc34
phplive,https://querybuscas.com/pages/phplive,,3125,404,69908,13101,980,text/html; charset=UTF-8,553.55966ms,,3a7ddc35
phpmailer,https://querybuscas.com/pages/phpmailer,,3126,404,69908,13101,980,text/html; charset=UTF-8,555.950007ms,,3a7ddc36
phpmanual,https://querybuscas.com/pages/phpmanual,,3127,404,69908,13101,980,text/html; charset=UTF-8,550.158014ms,,3a7ddc37
phpmv2,https://querybuscas.com/pages/phpmv2,,3128,404,69908,13101,980,text/html; charset=UTF-8,602.389783ms,,3a7ddc38
phpmyadmin,https://querybuscas.com/pages/phpmyadmin,,3129,404,69908,13101,980,text/html; charset=UTF-8,566.59554ms,,3a7ddc39
phpmyadmin2,https://querybuscas.com/pages/phpmyadmin2,,3130,404,69908,13101,980,text/html; charset=UTF-8,581.077182ms,,3a7ddc3a
phpnuke,https://querybuscas.com/pages/phpnuke,,3131,404,69908,13101,980,text/html; charset=UTF-8,576.845024ms,,3a7ddc3b
phppgadmin,https://querybuscas.com/pages/phppgadmin,,3132,404,69908,13101,980,text/html; charset=UTF-8,565.313864ms,,3a7ddc3c
phps,https://querybuscas.com/pages/phps,,3133,404,69908,13101,980,text/html; charset=UTF-8,574.891999ms,,3a7ddc3d
phpsitemapng,https://querybuscas.com/pages/phpsitemapng,,3134,404,69908,13101,980,text/html; charset=UTF-8,569.663216ms,,3a7ddc3e
phpthumb,https://querybuscas.com/pages/phpthumb,,3135,404,69908,13101,980,text/html; charset=UTF-8,576.199108ms,,3a7ddc3f
phtml,https://querybuscas.com/pages/phtml,,3136,404,69908,13101,980,text/html; charset=UTF-8,563.728256ms,,3a7ddc40
pic,https://querybuscas.com/pages/pic,,3137,404,69908,13101,980,text/html; charset=UTF-8,494.162165ms,,3a7ddc41
pics,https://querybuscas.com/pages/pics,,3138,404,69908,13101,980,text/html; charset=UTF-8,546.444756ms,,3a7ddc42
picts,https://querybuscas.com/pages/picts,,3139,404,69908,13101,980,text/html; charset=UTF-8,501.138494ms,,3a7ddc43
picture,https://querybuscas.com/pages/picture,,3140,404,69908,13101,980,text/html; charset=UTF-8,561.179205ms,,3a7ddc44
picture_library,https://querybuscas.com/pages/picture_library,,3141,404,69908,13101,980,text/html; charset=UTF-8,594.965544ms,,3a7ddc45
picturecomment,https://querybuscas.com/pages/picturecomment,,3142,404,69908,13101,980,text/html; charset=UTF-8,626.967055ms,,3a7ddc46
pictures,https://querybuscas.com/pages/pictures,,3143,404,69908,13101,980,text/html; charset=UTF-8,547.986672ms,,3a7ddc47
pii,https://querybuscas.com/pages/pii,,3144,404,69908,13101,980,text/html; charset=UTF-8,625.359496ms,,3a7ddc48
ping,https://querybuscas.com/pages/ping,,3145,404,69908,13101,980,text/html; charset=UTF-8,553.74158ms,,3a7ddc49
pingback,https://querybuscas.com/pages/pingback,,3146,404,69908,13101,980,text/html; charset=UTF-8,617.844526ms,,3a7ddc4a
pipe,https://querybuscas.com/pages/pipe,,3147,404,69908,13101,980,text/html; charset=UTF-8,569.221821ms,,3a7ddc4b
pipermail,https://querybuscas.com/pages/pipermail,,3148,404,69908,13101,980,text/html; charset=UTF-8,622.190944ms,,3a7ddc4c
piranha,https://querybuscas.com/pages/piranha,,3149,404,69908,13101,980,text/html; charset=UTF-8,672.388312ms,,3a7ddc4d
pivot,https://querybuscas.com/pages/pivot,,3150,404,69908,13101,980,text/html; charset=UTF-8,505.102019ms,,3a7ddc4e
piwik,https://querybuscas.com/pages/piwik,,3151,404,69908,13101,980,text/html; charset=UTF-8,603.932339ms,,3a7ddc4f
pix,https://querybuscas.com/pages/pix,,3152,404,69908,13101,980,text/html; charset=UTF-8,578.993984ms,,3a7ddc50
pixel,https://querybuscas.com/pages/pixel,,3153,404,69908,13101,980,text/html; charset=UTF-8,567.700591ms,,3a7ddc51
pixelpost,https://querybuscas.com/pages/pixelpost,,3154,404,69908,13101,980,text/html; charset=UTF-8,510.791671ms,,3a7ddc52
pkg,https://querybuscas.com/pages/pkg,,3155,404,69908,13101,980,text/html; charset=UTF-8,544.009643ms,,3a7ddc53
pkginfo,https://querybuscas.com/pages/pkginfo,,3156,404,69908,13101,980,text/html; charset=UTF-8,595.333308ms,,3a7ddc54
pkgs,https://querybuscas.com/pages/pkgs,,3157,404,69908,13101,980,text/html; charset=UTF-8,574.177561ms,,3a7ddc55
placeorder,https://querybuscas.com/pages/placeorder,,3159,404,69908,13101,980,text/html; charset=UTF-8,601.260511ms,,3a7ddc57
pl,https://querybuscas.com/pages/pl,,3158,404,69908,13101,980,text/html; charset=UTF-8,659.023691ms,,3a7ddc56
places,https://querybuscas.com/pages/places,,3160,404,69908,13101,980,text/html; charset=UTF-8,639.961802ms,,3a7ddc58
plain,https://querybuscas.com/pages/plain,,3161,404,69908,13101,980,text/html; charset=UTF-8,541.623579ms,,3a7ddc59
plate,https://querybuscas.com/pages/plate,,3162,404,69908,13101,980,text/html; charset=UTF-8,675.258891ms,,3a7ddc5a
player,https://querybuscas.com/pages/player,,3165,404,69908,13101,980,text/html; charset=UTF-8,538.621348ms,,3a7ddc5d
play,https://querybuscas.com/pages/play,,3164,404,69908,13101,980,text/html; charset=UTF-8,594.265684ms,,3a7ddc5c
platz_login,https://querybuscas.com/pages/platz_login,,3163,404,69908,13101,980,text/html; charset=UTF-8,745.628857ms,,3a7ddc5b
players,https://querybuscas.com/pages/players,,3167,404,69908,13101,980,text/html; charset=UTF-8,591.936326ms,,3a7ddc5f
player.swf,https://querybuscas.com/pages/player.swf,,3166,404,68970,13094,980,text/html; charset=UTF-8,918.520614ms,,3a7ddc5e
playing,https://querybuscas.com/pages/playing,,3168,404,69908,13101,980,text/html; charset=UTF-8,660.249686ms,,3a7ddc60
playlist,https://querybuscas.com/pages/playlist,,3169,404,69908,13101,980,text/html; charset=UTF-8,563.751348ms,,3a7ddc61
plenty,https://querybuscas.com/pages/plenty,,3171,404,69908,13101,980,text/html; charset=UTF-8,513.968591ms,,3a7ddc63
please,https://querybuscas.com/pages/please,,3170,404,69908,13101,980,text/html; charset=UTF-8,658.134889ms,,3a7ddc62
plesk-stat,https://querybuscas.com/pages/plesk-stat,,3172,404,69908,13101,980,text/html; charset=UTF-8,557.080592ms,,3a7ddc64
pls,https://querybuscas.com/pages/pls,,3173,404,69908,13101,980,text/html; charset=UTF-8,609.262574ms,,3a7ddc65
plugin,https://querybuscas.com/pages/plugin,,3174,404,69908,13101,980,text/html; charset=UTF-8,570.338465ms,,3a7ddc66
plugins,https://querybuscas.com/pages/plugins,,3175,404,69908,13101,980,text/html; charset=UTF-8,603.026932ms,,3a7ddc67
plus,https://querybuscas.com/pages/plus,,3176,404,69908,13101,980,text/html; charset=UTF-8,702.911721ms,,3a7ddc68
plx,https://querybuscas.com/pages/plx,,3177,404,69908,13101,980,text/html; charset=UTF-8,621.090686ms,,3a7ddc69
pm,https://querybuscas.com/pages/pm,,3178,404,69908,13101,980,text/html; charset=UTF-8,624.840967ms,,3a7ddc6a
pma,https://querybuscas.com/pages/pma,,3179,404,69908,13101,980,text/html; charset=UTF-8,591.543172ms,,3a7ddc6b
pmwiki,https://querybuscas.com/pages/pmwiki,,3180,404,69908,13101,980,text/html; charset=UTF-8,598.314725ms,,3a7ddc6c
pnadodb,https://querybuscas.com/pages/pnadodb,,3181,404,69908,13101,980,text/html; charset=UTF-8,677.11908ms,,3a7ddc6d
png,https://querybuscas.com/pages/png,,3182,404,69908,13101,980,text/html; charset=UTF-8,635.256191ms,,3a7ddc6e
pntables,https://querybuscas.com/pages/pntables,,3183,404,69908,13101,980,text/html; charset=UTF-8,636.739764ms,,3a7ddc6f
pntemp,https://querybuscas.com/pages/pntemp,,3184,404,69908,13101,980,text/html; charset=UTF-8,631.190269ms,,3a7ddc70
poc,https://querybuscas.com/pages/poc,,3185,404,69908,13101,980,text/html; charset=UTF-8,593.178842ms,,3a7ddc71
podcast,https://querybuscas.com/pages/podcast,,3186,404,69908,13101,980,text/html; charset=UTF-8,666.738378ms,,3a7ddc72
podcasting,https://querybuscas.com/pages/podcasting,,3187,404,69908,13101,980,text/html; charset=UTF-8,636.466912ms,,3a7ddc73
podcasts,https://querybuscas.com/pages/podcasts,,3188,404,69908,13101,980,text/html; charset=UTF-8,606.204442ms,,3a7ddc74
poi,https://querybuscas.com/pages/poi,,3189,404,69908,13101,980,text/html; charset=UTF-8,575.419872ms,,3a7ddc75
poker,https://querybuscas.com/pages/poker,,3190,404,69908,13101,980,text/html; charset=UTF-8,542.563684ms,,3a7ddc76
pol,https://querybuscas.com/pages/pol,,3191,404,69908,13101,980,text/html; charset=UTF-8,553.787313ms,,3a7ddc77
policies,https://querybuscas.com/pages/policies,,3192,404,69908,13101,980,text/html; charset=UTF-8,605.727674ms,,3a7ddc78
policy,https://querybuscas.com/pages/policy,,3193,404,69908,13101,980,text/html; charset=UTF-8,566.740734ms,,3a7ddc79
politics,https://querybuscas.com/pages/politics,,3194,404,69908,13101,980,text/html; charset=UTF-8,556.330366ms,,3a7ddc7a
poll,https://querybuscas.com/pages/poll,,3195,404,69908,13101,980,text/html; charset=UTF-8,624.322081ms,,3a7ddc7b
pollbooth,https://querybuscas.com/pages/pollbooth,,3196,404,69908,13101,980,text/html; charset=UTF-8,561.970267ms,,3a7ddc7c
polls,https://querybuscas.com/pages/polls,,3197,404,69908,13101,980,text/html; charset=UTF-8,588.627963ms,,3a7ddc7d
pollvote,https://querybuscas.com/pages/pollvote,,3198,404,69908,13101,980,text/html; charset=UTF-8,647.87484ms,,3a7ddc7e
pool,https://querybuscas.com/pages/pool,,3199,404,69908,13101,980,text/html; charset=UTF-8,687.841426ms,,3a7ddc7f
pop,https://querybuscas.com/pages/pop,,3200,404,69908,13101,980,text/html; charset=UTF-8,755.866557ms,,3a7ddc80
pop3,https://querybuscas.com/pages/pop3,,3201,404,69908,13101,980,text/html; charset=UTF-8,726.271274ms,,3a7ddc81
popular,https://querybuscas.com/pages/popular,,3202,404,69908,13101,980,text/html; charset=UTF-8,639.037539ms,,3a7ddc82
populate,https://querybuscas.com/pages/populate,,3203,404,69908,13101,980,text/html; charset=UTF-8,605.38827ms,,3a7ddc83
popup,https://querybuscas.com/pages/popup,,3204,404,69908,13101,980,text/html; charset=UTF-8,601.646567ms,,3a7ddc84
popup_cvv,https://querybuscas.com/pages/popup_cvv,,3206,404,69908,13101,980,text/html; charset=UTF-8,567.475933ms,,3a7ddc86
popup_content,https://querybuscas.com/pages/popup_content,,3205,404,69908,13101,980,text/html; charset=UTF-8,641.729483ms,,3a7ddc85
popup_image,https://querybuscas.com/pages/popup_image,,3207,404,69908,13101,980,text/html; charset=UTF-8,588.421334ms,,3a7ddc87
popup_info,https://querybuscas.com/pages/popup_info,,3208,404,69908,13101,980,text/html; charset=UTF-8,532.148424ms,,3a7ddc88
popup_magnifier,https://querybuscas.com/pages/popup_magnifier,,3209,404,69908,13101,980,text/html; charset=UTF-8,617.320057ms,,3a7ddc89
popup_poptions,https://querybuscas.com/pages/popup_poptions,,3210,404,69908,13101,980,text/html; charset=UTF-8,576.675254ms,,3a7ddc8a
popups,https://querybuscas.com/pages/popups,,3211,404,69908,13101,980,text/html; charset=UTF-8,576.63122ms,,3a7ddc8b
porn,https://querybuscas.com/pages/porn,,3212,404,69908,13101,980,text/html; charset=UTF-8,528.360113ms,,3a7ddc8c
port,https://querybuscas.com/pages/port,,3213,404,69908,13101,980,text/html; charset=UTF-8,554.10785ms,,3a7ddc8d
portal,https://querybuscas.com/pages/portal,,3214,404,69908,13101,980,text/html; charset=UTF-8,686.911802ms,,3a7ddc8e
portals,https://querybuscas.com/pages/portals,,3215,404,69908,13101,980,text/html; charset=UTF-8,543.611281ms,,3a7ddc8f
portfolio,https://querybuscas.com/pages/portfolio,,3216,404,69908,13101,980,text/html; charset=UTF-8,695.836547ms,,3a7ddc90
portfoliofiles,https://querybuscas.com/pages/portfoliofiles,,3217,404,69908,13101,980,text/html; charset=UTF-8,724.134933ms,,3a7ddc91
portlet,https://querybuscas.com/pages/portlet,,3218,404,69908,13101,980,text/html; charset=UTF-8,939.989953ms,,3a7ddc92
portlets,https://querybuscas.com/pages/portlets,,3219,404,69908,13101,980,text/html; charset=UTF-8,946.978897ms,,3a7ddc93
ports,https://querybuscas.com/pages/ports,,3220,404,69908,13101,980,text/html; charset=UTF-8,937.762986ms,,3a7ddc94
pos,https://querybuscas.com/pages/pos,,3221,404,69908,13101,980,text/html; charset=UTF-8,761.728717ms,,3a7ddc95
post,https://querybuscas.com/pages/post,,3222,404,69908,13101,980,text/html; charset=UTF-8,571.133579ms,,3a7ddc96
post_thanks,https://querybuscas.com/pages/post_thanks,,3223,404,69908,13101,980,text/html; charset=UTF-8,586.630816ms,,3a7ddc97
postcard,https://querybuscas.com/pages/postcard,,3224,404,69908,13101,980,text/html; charset=UTF-8,565.710648ms,,3a7ddc98
postcards,https://querybuscas.com/pages/postcards,,3225,404,69908,13101,980,text/html; charset=UTF-8,580.50408ms,,3a7ddc99
posted,https://querybuscas.com/pages/posted,,3226,404,69908,13101,980,text/html; charset=UTF-8,515.439957ms,,3a7ddc9a
postgres,https://querybuscas.com/pages/postgres,,3227,404,69908,13101,980,text/html; charset=UTF-8,549.695273ms,,3a7ddc9b
postgresql,https://querybuscas.com/pages/postgresql,,3228,404,69908,13101,980,text/html; charset=UTF-8,585.373895ms,,3a7ddc9c
posthistory,https://querybuscas.com/pages/posthistory,,3229,404,69908,13101,980,text/html; charset=UTF-8,521.458558ms,,3a7ddc9d
postinfo,https://querybuscas.com/pages/postinfo,,3230,404,69908,13101,980,text/html; charset=UTF-8,551.207171ms,,3a7ddc9e
posting,https://querybuscas.com/pages/posting,,3231,404,69908,13101,980,text/html; charset=UTF-8,547.491648ms,,3a7ddc9f
postings,https://querybuscas.com/pages/postings,,3232,404,69908,13101,980,text/html; charset=UTF-8,593.428176ms,,3a7ddca0
postnuke,https://querybuscas.com/pages/postnuke,,3233,404,69908,13101,980,text/html; charset=UTF-8,531.498339ms,,3a7ddca1
postpaid,https://querybuscas.com/pages/postpaid,,3234,404,69908,13101,980,text/html; charset=UTF-8,534.362005ms,,3a7ddca2
postreview,https://querybuscas.com/pages/postreview,,3235,404,69908,13101,980,text/html; charset=UTF-8,659.169432ms,,3a7ddca3
posts,https://querybuscas.com/pages/posts,,3236,404,69908,13101,980,text/html; charset=UTF-8,577.617419ms,,3a7ddca4
power,https://querybuscas.com/pages/power,,3238,404,69908,13101,980,text/html; charset=UTF-8,572.037358ms,,3a7ddca6
posttocar,https://querybuscas.com/pages/posttocar,,3237,404,69908,13101,980,text/html; charset=UTF-8,623.975257ms,,3a7ddca5
power_user,https://querybuscas.com/pages/power_user,,3239,404,69908,13101,980,text/html; charset=UTF-8,620.9691ms,,3a7ddca7
pp,https://querybuscas.com/pages/pp,,3240,404,69908,13101,980,text/html; charset=UTF-8,612.921128ms,,3a7ddca8
ppc,https://querybuscas.com/pages/ppc,,3241,404,69908,13101,980,text/html; charset=UTF-8,635.808714ms,,3a7ddca9
ppcredir,https://querybuscas.com/pages/ppcredir,,3242,404,69908,13101,980,text/html; charset=UTF-8,612.06124ms,,3a7ddcaa
ppt,https://querybuscas.com/pages/ppt,,3243,404,69908,13101,980,text/html; charset=UTF-8,584.019537ms,,3a7ddcab
pr,https://querybuscas.com/pages/pr,,3244,404,69908,13101,980,text/html; charset=UTF-8,704.431579ms,,3a7ddcac
pr0n,https://querybuscas.com/pages/pr0n,,3245,404,69908,13101,980,text/html; charset=UTF-8,576.357363ms,,3a7ddcad
pre,https://querybuscas.com/pages/pre,,3246,404,69908,13101,980,text/html; charset=UTF-8,516.141687ms,,3a7ddcae
preferences,https://querybuscas.com/pages/preferences,,3247,404,69908,13101,980,text/html; charset=UTF-8,646.215402ms,,3a7ddcaf
preload,https://querybuscas.com/pages/preload,,3248,404,69908,13101,980,text/html; charset=UTF-8,629.01976ms,,3a7ddcb0
premiere,https://querybuscas.com/pages/premiere,,3249,404,69908,13101,980,text/html; charset=UTF-8,644.25018ms,,3a7ddcb1
premium,https://querybuscas.com/pages/premium,,3250,404,69908,13101,980,text/html; charset=UTF-8,553.37435ms,,3a7ddcb2
prepaid,https://querybuscas.com/pages/prepaid,,3251,404,69908,13101,980,text/html; charset=UTF-8,548.325661ms,,3a7ddcb3
prepare,https://querybuscas.com/pages/prepare,,3252,404,69908,13101,980,text/html; charset=UTF-8,631.98109ms,,3a7ddcb4
presentation,https://querybuscas.com/pages/presentation,,3253,404,69908,13101,980,text/html; charset=UTF-8,565.242231ms,,3a7ddcb5
presentations,https://querybuscas.com/pages/presentations,,3254,404,69908,13101,980,text/html; charset=UTF-8,549.713682ms,,3a7ddcb6
preserve,https://querybuscas.com/pages/preserve,,3255,404,69908,13101,980,text/html; charset=UTF-8,535.873633ms,,3a7ddcb7
press,https://querybuscas.com/pages/press,,3256,404,69908,13101,980,text/html; charset=UTF-8,585.965762ms,,3a7ddcb8
press_releases,https://querybuscas.com/pages/press_releases,,3257,404,69908,13101,980,text/html; charset=UTF-8,615.521742ms,,3a7ddcb9
presse,https://querybuscas.com/pages/presse,,3258,404,69908,13101,980,text/html; charset=UTF-8,543.713279ms,,3a7ddcba
pressreleases,https://querybuscas.com/pages/pressreleases,,3259,404,69908,13101,980,text/html; charset=UTF-8,606.160399ms,,3a7ddcbb
pressroom,https://querybuscas.com/pages/pressroom,,3260,404,69908,13101,980,text/html; charset=UTF-8,618.044513ms,,3a7ddcbc
prev,https://querybuscas.com/pages/prev,,3261,404,69908,13101,980,text/html; charset=UTF-8,532.176778ms,,3a7ddcbd
preview,https://querybuscas.com/pages/preview,,3262,404,69908,13101,980,text/html; charset=UTF-8,630.131759ms,,3a7ddcbe
previews,https://querybuscas.com/pages/previews,,3263,404,69908,13101,980,text/html; charset=UTF-8,572.781676ms,,3a7ddcbf
previous,https://querybuscas.com/pages/previous,,3264,404,69908,13101,980,text/html; charset=UTF-8,562.256867ms,,3a7ddcc0
price,https://querybuscas.com/pages/price,,3265,404,69908,13101,980,text/html; charset=UTF-8,544.947558ms,,3a7ddcc1
pricelist,https://querybuscas.com/pages/pricelist,,3266,404,69908,13101,980,text/html; charset=UTF-8,547.353281ms,,3a7ddcc2
prices,https://querybuscas.com/pages/prices,,3267,404,69908,13101,980,text/html; charset=UTF-8,540.668469ms,,3a7ddcc3
pricing,https://querybuscas.com/pages/pricing,,3268,404,69908,13101,980,text/html; charset=UTF-8,552.322721ms,,3a7ddcc4
print,https://querybuscas.com/pages/print,,3269,404,69908,13101,980,text/html; charset=UTF-8,522.141927ms,,3a7ddcc5
print_order,https://querybuscas.com/pages/print_order,,3270,404,69908,13101,980,text/html; charset=UTF-8,661.93326ms,,3a7ddcc6
printable,https://querybuscas.com/pages/printable,,3271,404,69908,13101,980,text/html; charset=UTF-8,643.792589ms,,3a7ddcc7
printarticle,https://querybuscas.com/pages/printarticle,,3272,404,69908,13101,980,text/html; charset=UTF-8,653.962246ms,,3a7ddcc8
printenv,https://querybuscas.com/pages/printenv,,3273,404,69908,13101,980,text/html; charset=UTF-8,576.850939ms,,3a7ddcc9
printer,https://querybuscas.com/pages/printer,,3274,404,69908,13101,980,text/html; charset=UTF-8,590.329401ms,,3a7ddcca
printers,https://querybuscas.com/pages/printers,,3275,404,69908,13101,980,text/html; charset=UTF-8,642.687183ms,,3a7ddccb
printmail,https://querybuscas.com/pages/printmail,,3276,404,69908,13101,980,text/html; charset=UTF-8,593.372356ms,,3a7ddccc
printpdf,https://querybuscas.com/pages/printpdf,,3277,404,69908,13101,980,text/html; charset=UTF-8,571.338535ms,,3a7ddccd
printthread,https://querybuscas.com/pages/printthread,,3278,404,69908,13101,980,text/html; charset=UTF-8,568.638243ms,,3a7ddcce
printview,https://querybuscas.com/pages/printview,,3279,404,69908,13101,980,text/html; charset=UTF-8,641.946474ms,,3a7ddccf
priv,https://querybuscas.com/pages/priv,,3280,404,69908,13101,980,text/html; charset=UTF-8,563.878429ms,,3a7ddcd0
privacy,https://querybuscas.com/pages/privacy,,3281,404,69908,13101,980,text/html; charset=UTF-8,564.022819ms,,3a7ddcd1
privacy-policy,https://querybuscas.com/pages/privacy-policy,,3282,404,69908,13101,980,text/html; charset=UTF-8,545.093343ms,,3a7ddcd2
privacy_policy,https://querybuscas.com/pages/privacy_policy,,3283,404,69908,13101,980,text/html; charset=UTF-8,548.877733ms,,3a7ddcd3
privacypolicy,https://querybuscas.com/pages/privacypolicy,,3284,404,69908,13101,980,text/html; charset=UTF-8,590.167124ms,,3a7ddcd4
privat,https://querybuscas.com/pages/privat,,3285,404,69908,13101,980,text/html; charset=UTF-8,583.200498ms,,3a7ddcd5
private,https://querybuscas.com/pages/private,,3286,404,69908,13101,980,text/html; charset=UTF-8,636.354945ms,,3a7ddcd6
private2,https://querybuscas.com/pages/private2,,3287,404,69908,13101,980,text/html; charset=UTF-8,600.031022ms,,3a7ddcd7
privateassets,https://querybuscas.com/pages/privateassets,,3288,404,69908,13101,980,text/html; charset=UTF-8,580.902101ms,,3a7ddcd8
privatemsg,https://querybuscas.com/pages/privatemsg,,3289,404,69908,13101,980,text/html; charset=UTF-8,554.306201ms,,3a7ddcd9
prive,https://querybuscas.com/pages/prive,,3290,404,69908,13101,980,text/html; charset=UTF-8,636.484787ms,,3a7ddcda
privmsg,https://querybuscas.com/pages/privmsg,,3291,404,69908,13101,980,text/html; charset=UTF-8,547.845692ms,,3a7ddcdb
prn,https://querybuscas.com/pages/prn,,3293,404,69908,13101,980,text/html; charset=UTF-8,585.553821ms,,3a7ddcdd
privs,https://querybuscas.com/pages/privs,,3292,404,69908,13101,980,text/html; charset=UTF-8,622.830662ms,,3a7ddcdc
pro,https://querybuscas.com/pages/pro,,3294,404,69908,13101,980,text/html; charset=UTF-8,555.834954ms,,3a7ddcde
probe,https://querybuscas.com/pages/probe,,3295,404,69908,13101,980,text/html; charset=UTF-8,551.599798ms,,3a7ddcdf
problems,https://querybuscas.com/pages/problems,,3296,404,69908,13101,980,text/html; charset=UTF-8,571.572142ms,,3a7ddce0
proc,https://querybuscas.com/pages/proc,,3297,404,69908,13101,980,text/html; charset=UTF-8,581.883237ms,,3a7ddce1
procedures,https://querybuscas.com/pages/procedures,,3298,404,69908,13101,980,text/html; charset=UTF-8,632.754258ms,,3a7ddce2
process,https://querybuscas.com/pages/process,,3299,404,69908,13101,980,text/html; charset=UTF-8,592.308638ms,,3a7ddce3
processform,https://querybuscas.com/pages/processform,,3301,404,69908,13101,980,text/html; charset=UTF-8,499.530852ms,,3a7ddce5
process_order,https://querybuscas.com/pages/process_order,,3300,404,69908,13101,980,text/html; charset=UTF-8,666.641439ms,,3a7ddce4
procure,https://querybuscas.com/pages/procure,,3302,404,69908,13101,980,text/html; charset=UTF-8,578.555838ms,,3a7ddce6
procurement,https://querybuscas.com/pages/procurement,,3303,404,69908,13101,980,text/html; charset=UTF-8,579.489221ms,,3a7ddce7
prod,https://querybuscas.com/pages/prod,,3304,404,69908,13101,980,text/html; charset=UTF-8,507.02933ms,,3a7ddce8
prodconf,https://querybuscas.com/pages/prodconf,,3305,404,69908,13101,980,text/html; charset=UTF-8,605.040371ms,,3a7ddce9
prodimages,https://querybuscas.com/pages/prodimages,,3306,404,69908,13101,980,text/html; charset=UTF-8,580.715608ms,,3a7ddcea
producers,https://querybuscas.com/pages/producers,,3307,404,69908,13101,980,text/html; charset=UTF-8,545.045732ms,,3a7ddceb
product,https://querybuscas.com/pages/product,,3308,404,69908,13101,980,text/html; charset=UTF-8,589.27054ms,,3a7ddcec
product-sort,https://querybuscas.com/pages/product-sort,,3309,404,69908,13101,980,text/html; charset=UTF-8,580.106157ms,,3a7ddced
product_compare,https://querybuscas.com/pages/product_compare,,3310,404,69908,13101,980,text/html; charset=UTF-8,563.05664ms,,3a7ddcee
product_image,https://querybuscas.com/pages/product_image,,3311,404,69908,13101,980,text/html; charset=UTF-8,546.441502ms,,3a7ddcef
product_images,https://querybuscas.com/pages/product_images,,3312,404,69908,13101,980,text/html; charset=UTF-8,649.369529ms,,3a7ddcf0
product_info,https://querybuscas.com/pages/product_info,,3313,404,69908,13101,980,text/html; charset=UTF-8,540.995716ms,,3a7ddcf1
product_reviews,https://querybuscas.com/pages/product_reviews,,3314,404,69908,13101,980,text/html; charset=UTF-8,604.71737ms,,3a7ddcf2
product_thumb,https://querybuscas.com/pages/product_thumb,,3315,404,69908,13101,980,text/html; charset=UTF-8,533.790528ms,,3a7ddcf3
productdetails,https://querybuscas.com/pages/productdetails,,3316,404,69908,13101,980,text/html; charset=UTF-8,604.352978ms,,3a7ddcf4
productimage,https://querybuscas.com/pages/productimage,,3317,404,69908,13101,980,text/html; charset=UTF-8,634.785104ms,,3a7ddcf5
production,https://querybuscas.com/pages/production,,3318,404,69908,13101,980,text/html; charset=UTF-8,500.198043ms,,3a7ddcf6
production.log,https://querybuscas.com/pages/production.log,,3319,404,69908,13101,980,text/html; charset=UTF-8,550.776389ms,,3a7ddcf7
productquestion,https://querybuscas.com/pages/productquestion,,3320,404,69908,13101,980,text/html; charset=UTF-8,565.127035ms,,3a7ddcf8
products,https://querybuscas.com/pages/products,,3321,404,69908,13101,980,text/html; charset=UTF-8,586.913664ms,,3a7ddcf9
products_new,https://querybuscas.com/pages/products_new,,3322,404,69908,13101,980,text/html; charset=UTF-8,562.465296ms,,3a7ddcfa
productspecs,https://querybuscas.com/pages/productspecs,,3323,404,69908,13101,980,text/html; charset=UTF-8,540.740698ms,,3a7ddcfb
productupdates,https://querybuscas.com/pages/productupdates,,3324,404,69908,13101,980,text/html; charset=UTF-8,574.890287ms,,3a7ddcfc
produkte,https://querybuscas.com/pages/produkte,,3325,404,69908,13101,980,text/html; charset=UTF-8,571.019054ms,,3a7ddcfd
professor,https://querybuscas.com/pages/professor,,3326,404,69908,13101,980,text/html; charset=UTF-8,580.415768ms,,3a7ddcfe
profil,https://querybuscas.com/pages/profil,,3327,404,69908,13101,980,text/html; charset=UTF-8,651.20134ms,,3a7ddcff
profile,https://querybuscas.com/pages/profile,,3328,404,69908,13101,980,text/html; charset=UTF-8,508.065765ms,,3a7ddd00
profiles,https://querybuscas.com/pages/profiles,,3329,404,69908,13101,980,text/html; charset=UTF-8,701.685501ms,,3a7ddd01
profiling,https://querybuscas.com/pages/profiling,,3330,404,69908,13101,980,text/html; charset=UTF-8,793.571562ms,,3a7ddd02
proftpd,https://querybuscas.com/pages/proftpd,,3331,404,69908,13101,980,text/html; charset=UTF-8,859.041841ms,,3a7ddd03
prog,https://querybuscas.com/pages/prog,,3332,404,69908,13101,980,text/html; charset=UTF-8,936.017581ms,,3a7ddd04
program,https://querybuscas.com/pages/program,,3333,404,69908,13101,980,text/html; charset=UTF-8,876.754359ms,,3a7ddd05
programming,https://querybuscas.com/pages/programming,,3334,404,69908,13101,980,text/html; charset=UTF-8,882.524649ms,,3a7ddd06
programs,https://querybuscas.com/pages/programs,,3335,404,69908,13101,980,text/html; charset=UTF-8,529.639679ms,,3a7ddd07
progress,https://querybuscas.com/pages/progress,,3336,404,69908,13101,980,text/html; charset=UTF-8,673.267283ms,,3a7ddd08
project,https://querybuscas.com/pages/project,,3337,404,69908,13101,980,text/html; charset=UTF-8,592.697799ms,,3a7ddd09
project-admins,https://querybuscas.com/pages/project-admins,,3338,404,69908,13101,980,text/html; charset=UTF-8,559.342322ms,,3a7ddd0a
projects,https://querybuscas.com/pages/projects,,3339,404,69908,13101,980,text/html; charset=UTF-8,601.485986ms,,3a7ddd0b
promo,https://querybuscas.com/pages/promo,,3340,404,69908,13101,980,text/html; charset=UTF-8,625.378699ms,,3a7ddd0c
promos,https://querybuscas.com/pages/promos,,3341,404,69908,13101,980,text/html; charset=UTF-8,584.453467ms,,3a7ddd0d
promoted,https://querybuscas.com/pages/promoted,,3342,404,69908,13101,980,text/html; charset=UTF-8,553.018347ms,,3a7ddd0e
promotion,https://querybuscas.com/pages/promotion,,3343,404,69908,13101,980,text/html; charset=UTF-8,556.502934ms,,3a7ddd0f
promotions,https://querybuscas.com/pages/promotions,,3344,404,69908,13101,980,text/html; charset=UTF-8,577.808788ms,,3a7ddd10
proof,https://querybuscas.com/pages/proof,,3345,404,69908,13101,980,text/html; charset=UTF-8,571.251425ms,,3a7ddd11
proofs,https://querybuscas.com/pages/proofs,,3346,404,69908,13101,980,text/html; charset=UTF-8,631.159564ms,,3a7ddd12
prop,https://querybuscas.com/pages/prop,,3347,404,69908,13101,980,text/html; charset=UTF-8,644.308504ms,,3a7ddd13
prop-base,https://querybuscas.com/pages/prop-base,,3348,404,69908,13101,980,text/html; charset=UTF-8,499.692032ms,,3a7ddd14
properties,https://querybuscas.com/pages/properties,,3349,404,69908,13101,980,text/html; charset=UTF-8,514.776852ms,,3a7ddd15
property,https://querybuscas.com/pages/property,,3350,404,69908,13101,980,text/html; charset=UTF-8,568.013497ms,,3a7ddd16
props,https://querybuscas.com/pages/props,,3351,404,69908,13101,980,text/html; charset=UTF-8,589.24752ms,,3a7ddd17
prot,https://querybuscas.com/pages/prot,,3352,404,69908,13101,980,text/html; charset=UTF-8,663.590478ms,,3a7ddd18
protect,https://querybuscas.com/pages/protect,,3353,404,69908,13101,980,text/html; charset=UTF-8,604.606076ms,,3a7ddd19
protected,https://querybuscas.com/pages/protected,,3354,404,69908,13101,980,text/html; charset=UTF-8,573.339851ms,,3a7ddd1a
protection,https://querybuscas.com/pages/protection,,3355,404,69908,13101,980,text/html; charset=UTF-8,591.437764ms,,3a7ddd1b
proto,https://querybuscas.com/pages/proto,,3356,404,69908,13101,980,text/html; charset=UTF-8,543.465537ms,,3a7ddd1c
provider,https://querybuscas.com/pages/provider,,3357,404,69908,13101,980,text/html; charset=UTF-8,551.846517ms,,3a7ddd1d
providers,https://querybuscas.com/pages/providers,,3358,404,69908,13101,980,text/html; charset=UTF-8,512.991532ms,,3a7ddd1e
proxies,https://querybuscas.com/pages/proxies,,3359,404,69908,13101,980,text/html; charset=UTF-8,553.621038ms,,3a7ddd1f
proxy,https://querybuscas.com/pages/proxy,,3360,404,69908,13101,980,text/html; charset=UTF-8,598.494118ms,,3a7ddd20
prueba,https://querybuscas.com/pages/prueba,,3361,404,69908,13101,980,text/html; charset=UTF-8,555.459949ms,,3a7ddd21
pruebas,https://querybuscas.com/pages/pruebas,,3362,404,69908,13101,980,text/html; charset=UTF-8,549.066868ms,,3a7ddd22
prv,https://querybuscas.com/pages/prv,,3363,404,69908,13101,980,text/html; charset=UTF-8,661.761548ms,,3a7ddd23
prv_download,https://querybuscas.com/pages/prv_download,,3364,404,69908,13101,980,text/html; charset=UTF-8,575.687452ms,,3a7ddd24
ps,https://querybuscas.com/pages/ps,,3365,404,69908,13101,980,text/html; charset=UTF-8,594.379566ms,,3a7ddd25
psd,https://querybuscas.com/pages/psd,,3366,404,69908,13101,980,text/html; charset=UTF-8,608.273672ms,,3a7ddd26
psp,https://querybuscas.com/pages/psp,,3367,404,69908,13101,980,text/html; charset=UTF-8,586.169674ms,,3a7ddd27
psql,https://querybuscas.com/pages/psql,,3368,404,69908,13101,980,text/html; charset=UTF-8,603.308338ms,,3a7ddd28
pt,https://querybuscas.com/pages/pt,,3369,404,69908,13101,980,text/html; charset=UTF-8,636.784182ms,,3a7ddd29
pt_BR,https://querybuscas.com/pages/pt_BR,,3370,404,69908,13101,980,text/html; charset=UTF-8,639.091896ms,,3a7ddd2a
ptopic,https://querybuscas.com/pages/ptopic,,3371,404,69908,13101,980,text/html; charset=UTF-8,676.640361ms,,3a7ddd2b
pub,https://querybuscas.com/pages/pub,,3372,404,69908,13101,980,text/html; charset=UTF-8,683.168338ms,,3a7ddd2c
public,https://querybuscas.com/pages/public,,3373,404,69908,13101,980,text/html; charset=UTF-8,625.922717ms,,3a7ddd2d
public_ftp,https://querybuscas.com/pages/public_ftp,,3374,404,69908,13101,980,text/html; charset=UTF-8,588.810183ms,,3a7ddd2e
public_html,https://querybuscas.com/pages/public_html,,3375,404,69908,13101,980,text/html; charset=UTF-8,500.831001ms,,3a7ddd2f
publication,https://querybuscas.com/pages/publication,,3376,404,69908,13101,980,text/html; charset=UTF-8,554.31533ms,,3a7ddd30
publications,https://querybuscas.com/pages/publications,,3377,404,69908,13101,980,text/html; charset=UTF-8,567.368339ms,,3a7ddd31
publicidad,https://querybuscas.com/pages/publicidad,,3378,404,69908,13101,980,text/html; charset=UTF-8,602.291865ms,,3a7ddd32
publish,https://querybuscas.com/pages/publish,,3379,404,69908,13101,980,text/html; charset=UTF-8,652.536774ms,,3a7ddd33
published,https://querybuscas.com/pages/published,,3380,404,69908,13101,980,text/html; charset=UTF-8,514.057941ms,,3a7ddd34
publisher,https://querybuscas.com/pages/publisher,,3381,404,69908,13101,980,text/html; charset=UTF-8,588.622011ms,,3a7ddd35
pubs,https://querybuscas.com/pages/pubs,,3382,404,69908,13101,980,text/html; charset=UTF-8,573.215515ms,,3a7ddd36
pull,https://querybuscas.com/pages/pull,,3383,404,69908,13101,980,text/html; charset=UTF-8,668.81826ms,,3a7ddd37
purchase,https://querybuscas.com/pages/purchase,,3384,404,69908,13101,980,text/html; charset=UTF-8,572.657237ms,,3a7ddd38
purchases,https://querybuscas.com/pages/purchases,,3385,404,69908,13101,980,text/html; charset=UTF-8,548.533018ms,,3a7ddd39
purchasing,https://querybuscas.com/pages/purchasing,,3386,404,69908,13101,980,text/html; charset=UTF-8,568.928083ms,,3a7ddd3a
pureadmin,https://querybuscas.com/pages/pureadmin,,3387,404,69908,13101,980,text/html; charset=UTF-8,547.289493ms,,3a7ddd3b
push,https://querybuscas.com/pages/push,,3388,404,69908,13101,980,text/html; charset=UTF-8,624.792795ms,,3a7ddd3c
put,https://querybuscas.com/pages/put,,3389,404,69908,13101,980,text/html; charset=UTF-8,552.043587ms,,3a7ddd3d
putty,https://querybuscas.com/pages/putty,,3390,404,69908,13101,980,text/html; charset=UTF-8,536.412471ms,,3a7ddd3e
putty.reg,https://querybuscas.com/pages/putty.reg,,3391,404,69908,13101,980,text/html; charset=UTF-8,570.018697ms,,3a7ddd3f
pw,https://querybuscas.com/pages/pw,,3392,404,69908,13101,980,text/html; charset=UTF-8,560.130495ms,,3a7ddd40
pw_ajax,https://querybuscas.com/pages/pw_ajax,,3393,404,69908,13101,980,text/html; charset=UTF-8,539.223165ms,,3a7ddd41
pw_api,https://querybuscas.com/pages/pw_api,,3394,404,69908,13101,980,text/html; charset=UTF-8,532.163747ms,,3a7ddd42
pwd,https://querybuscas.com/pages/pwd,,3396,404,69908,13101,980,text/html; charset=UTF-8,599.56614ms,,3a7ddd44
py,https://querybuscas.com/pages/py,,3397,404,69908,13101,980,text/html; charset=UTF-8,572.218553ms,,3a7ddd45
pw_app,https://querybuscas.com/pages/pw_app,,3395,404,69908,13101,980,text/html; charset=UTF-8,666.388496ms,,3a7ddd43
python,https://querybuscas.com/pages/python,,3398,404,69908,13101,980,text/html; charset=UTF-8,671.474496ms,,3a7ddd46
q,https://querybuscas.com/pages/q,,3399,404,69908,13101,980,text/html; charset=UTF-8,681.893249ms,,3a7ddd47
q1,https://querybuscas.com/pages/q1,,3400,404,69908,13101,980,text/html; charset=UTF-8,627.404658ms,,3a7ddd48
q2,https://querybuscas.com/pages/q2,,3401,404,69908,13101,980,text/html; charset=UTF-8,609.367605ms,,3a7ddd49
q3,https://querybuscas.com/pages/q3,,3402,404,69908,13101,980,text/html; charset=UTF-8,567.919352ms,,3a7ddd4a
q4,https://querybuscas.com/pages/q4,,3403,404,69908,13101,980,text/html; charset=UTF-8,584.333189ms,,3a7ddd4b
qa,https://querybuscas.com/pages/qa,,3404,404,69908,13101,980,text/html; charset=UTF-8,523.933528ms,,3a7ddd4c
qinetiq,https://querybuscas.com/pages/qinetiq,,3405,404,69908,13101,980,text/html; charset=UTF-8,533.489934ms,,3a7ddd4d
qotd,https://querybuscas.com/pages/qotd,,3406,404,69908,13101,980,text/html; charset=UTF-8,700.536311ms,,3a7ddd4e
qsc,https://querybuscas.com/pages/qsc,,3408,404,69908,13101,980,text/html; charset=UTF-8,609.924985ms,,3a7ddd50
qpid,https://querybuscas.com/pages/qpid,,3407,404,69908,13101,980,text/html; charset=UTF-8,693.662047ms,,3a7ddd4f
quarterly,https://querybuscas.com/pages/quarterly,,3409,404,69908,13101,980,text/html; charset=UTF-8,591.705082ms,,3a7ddd51
queries,https://querybuscas.com/pages/queries,,3410,404,69908,13101,980,text/html; charset=UTF-8,574.025832ms,,3a7ddd52
query,https://querybuscas.com/pages/query,,3411,404,69908,13101,980,text/html; charset=UTF-8,587.567571ms,,3a7ddd53
question,https://querybuscas.com/pages/question,,3412,404,69908,13101,980,text/html; charset=UTF-8,684.152787ms,,3a7ddd54
questions,https://querybuscas.com/pages/questions,,3413,404,69908,13101,980,text/html; charset=UTF-8,612.145599ms,,3a7ddd55
queue,https://querybuscas.com/pages/queue,,3414,404,69908,13101,980,text/html; charset=UTF-8,712.220872ms,,3a7ddd56
queues,https://querybuscas.com/pages/queues,,3415,404,69908,13101,980,text/html; charset=UTF-8,618.431786ms,,3a7ddd57
quick,https://querybuscas.com/pages/quick,,3416,404,69908,13101,980,text/html; charset=UTF-8,627.113848ms,,3a7ddd58
quickstart,https://querybuscas.com/pages/quickstart,,3417,404,69908,13101,980,text/html; charset=UTF-8,617.511937ms,,3a7ddd59
quiz,https://querybuscas.com/pages/quiz,,3418,404,69908,13101,980,text/html; charset=UTF-8,564.409698ms,,3a7ddd5a
quote,https://querybuscas.com/pages/quote,,3419,404,69908,13101,980,text/html; charset=UTF-8,501.717712ms,,3a7ddd5b
quotes,https://querybuscas.com/pages/quotes,,3420,404,69908,13101,980,text/html; charset=UTF-8,538.087457ms,,3a7ddd5c
r,https://querybuscas.com/pages/r,,3421,404,69908,13101,980,text/html; charset=UTF-8,551.532656ms,,3a7ddd5d
r57,https://querybuscas.com/pages/r57,,3422,404,69908,13101,980,text/html; charset=UTF-8,588.599791ms,,3a7ddd5e
radcontrols,https://querybuscas.com/pages/radcontrols,,3423,404,69908,13101,980,text/html; charset=UTF-8,538.107408ms,,3a7ddd5f
radio,https://querybuscas.com/pages/radio,,3424,404,69908,13101,980,text/html; charset=UTF-8,594.95699ms,,3a7ddd60
radmind,https://querybuscas.com/pages/radmind,,3425,404,69908,13101,980,text/html; charset=UTF-8,580.267486ms,,3a7ddd61
radmind-1,https://querybuscas.com/pages/radmind-1,,3426,404,69908,13101,980,text/html; charset=UTF-8,575.83983ms,,3a7ddd62
rail,https://querybuscas.com/pages/rail,,3427,404,69908,13101,980,text/html; charset=UTF-8,577.177401ms,,3a7ddd63
rails,https://querybuscas.com/pages/rails,,3428,404,69908,13101,980,text/html; charset=UTF-8,552.963276ms,,3a7ddd64
ramon,https://querybuscas.com/pages/ramon,,3429,404,69908,13101,980,text/html; charset=UTF-8,559.856664ms,,3a7ddd65
random,https://querybuscas.com/pages/random,,3430,404,69908,13101,980,text/html; charset=UTF-8,547.621375ms,,3a7ddd66
rank,https://querybuscas.com/pages/rank,,3431,404,69908,13101,980,text/html; charset=UTF-8,489.961915ms,,3a7ddd67
rar,https://querybuscas.com/pages/rar,,3433,404,69908,13101,980,text/html; charset=UTF-8,561.429622ms,,3a7ddd69
ranks,https://querybuscas.com/pages/ranks,,3432,404,69908,13101,980,text/html; charset=UTF-8,685.548102ms,,3a7ddd68
rarticles,https://querybuscas.com/pages/rarticles,,3434,404,69908,13101,980,text/html; charset=UTF-8,587.815276ms,,3a7ddd6a
rate,https://querybuscas.com/pages/rate,,3435,404,69908,13101,980,text/html; charset=UTF-8,582.112349ms,,3a7ddd6b
ratecomment,https://querybuscas.com/pages/ratecomment,,3436,404,69908,13101,980,text/html; charset=UTF-8,577.323417ms,,3a7ddd6c
rateit,https://querybuscas.com/pages/rateit,,3437,404,69908,13101,980,text/html; charset=UTF-8,586.782348ms,,3a7ddd6d
ratepic,https://querybuscas.com/pages/ratepic,,3438,404,69908,13101,980,text/html; charset=UTF-8,595.537417ms,,3a7ddd6e
rates,https://querybuscas.com/pages/rates,,3439,404,69908,13101,980,text/html; charset=UTF-8,528.658478ms,,3a7ddd6f
rating,https://querybuscas.com/pages/rating,,3441,404,69908,13101,980,text/html; charset=UTF-8,527.612516ms,,3a7ddd71
ratethread,https://querybuscas.com/pages/ratethread,,3440,404,69908,13101,980,text/html; charset=UTF-8,631.11721ms,,3a7ddd70
rating0,https://querybuscas.com/pages/rating0,,3442,404,69908,13101,980,text/html; charset=UTF-8,555.088696ms,,3a7ddd72
ratings,https://querybuscas.com/pages/ratings,,3443,404,69908,13101,980,text/html; charset=UTF-8,560.444906ms,,3a7ddd73
rcLogin,https://querybuscas.com/pages/rcLogin,,3445,404,69908,13101,980,text/html; charset=UTF-8,574.518851ms,,3a7ddd75
rb,https://querybuscas.com/pages/rb,,3444,404,69908,13101,980,text/html; charset=UTF-8,644.900148ms,,3a7ddd74
rcp,https://querybuscas.com/pages/rcp,,3446,404,69908,13101,980,text/html; charset=UTF-8,571.664783ms,,3a7ddd76
rcs,https://querybuscas.com/pages/rcs,,3447,404,69908,13101,980,text/html; charset=UTF-8,592.343039ms,,3a7ddd77
rct,https://querybuscas.com/pages/rct,,3448,404,69908,13101,980,text/html; charset=UTF-8,580.329317ms,,3a7ddd78
rd,https://querybuscas.com/pages/rd,,3449,404,69908,13101,980,text/html; charset=UTF-8,621.983831ms,,3a7ddd79
rdf,https://querybuscas.com/pages/rdf,,3450,404,69908,13101,980,text/html; charset=UTF-8,595.718594ms,,3a7ddd7a
read,https://querybuscas.com/pages/read,,3452,404,69908,13101,980,text/html; charset=UTF-8,537.275524ms,,3a7ddd7c
rdweb,https://querybuscas.com/pages/rdweb,,3451,404,69908,13101,980,text/html; charset=UTF-8,652.295725ms,,3a7ddd7b
reader,https://querybuscas.com/pages/reader,,3453,404,69908,13101,980,text/html; charset=UTF-8,543.5985ms,,3a7ddd7d
readfile,https://querybuscas.com/pages/readfile,,3454,404,69908,13101,980,text/html; charset=UTF-8,532.295753ms,,3a7ddd7e
readfolder,https://querybuscas.com/pages/readfolder,,3455,404,69908,13101,980,text/html; charset=UTF-8,678.076322ms,,3a7ddd7f
readiness,https://querybuscas.com/pages/readiness,,3456,404,69908,13101,980,text/html; charset=UTF-8,596.92871ms,,3a7ddd80
readme,https://querybuscas.com/pages/readme,,3457,404,69908,13101,980,text/html; charset=UTF-8,570.841758ms,,3a7ddd81
real,https://querybuscas.com/pages/real,,3458,404,69908,13101,980,text/html; charset=UTF-8,556.013334ms,,3a7ddd82
realaudio,https://querybuscas.com/pages/realaudio,,3459,404,69908,13101,980,text/html; charset=UTF-8,677.809254ms,,3a7ddd83
realestate,https://querybuscas.com/pages/realestate,,3460,404,69908,13101,980,text/html; charset=UTF-8,573.601013ms,,3a7ddd84
receipt,https://querybuscas.com/pages/receipt,,3461,404,69908,13101,980,text/html; charset=UTF-8,526.507705ms,,3a7ddd85
receipts,https://querybuscas.com/pages/receipts,,3462,404,69908,13101,980,text/html; charset=UTF-8,628.746566ms,,3a7ddd86
receive,https://querybuscas.com/pages/receive,,3463,404,69908,13101,980,text/html; charset=UTF-8,590.349241ms,,3a7ddd87
received,https://querybuscas.com/pages/received,,3464,404,69908,13101,980,text/html; charset=UTF-8,639.229749ms,,3a7ddd88
recent,https://querybuscas.com/pages/recent,,3465,404,69908,13101,980,text/html; charset=UTF-8,666.670993ms,,3a7ddd89
recharge,https://querybuscas.com/pages/recharge,,3466,404,69908,13101,980,text/html; charset=UTF-8,801.061349ms,,3a7ddd8a
recherche,https://querybuscas.com/pages/recherche,,3467,404,69908,13101,980,text/html; charset=UTF-8,837.150901ms,,3a7ddd8b
recipes,https://querybuscas.com/pages/recipes,,3468,404,69908,13101,980,text/html; charset=UTF-8,593.993886ms,,3a7ddd8c
recommend,https://querybuscas.com/pages/recommend,,3469,404,69908,13101,980,text/html; charset=UTF-8,601.64957ms,,3a7ddd8d
recommends,https://querybuscas.com/pages/recommends,,3470,404,69908,13101,980,text/html; charset=UTF-8,551.792665ms,,3a7ddd8e
record,https://querybuscas.com/pages/record,,3471,404,69908,13101,980,text/html; charset=UTF-8,768.778529ms,,3a7ddd8f
recorded,https://querybuscas.com/pages/recorded,,3472,404,69908,13101,980,text/html; charset=UTF-8,623.010774ms,,3a7ddd90
recorder,https://querybuscas.com/pages/recorder,,3473,404,69908,13101,980,text/html; charset=UTF-8,943.597013ms,,3a7ddd91
records,https://querybuscas.com/pages/records,,3474,404,69908,13101,980,text/html; charset=UTF-8,840.899765ms,,3a7ddd92
recovery,https://querybuscas.com/pages/recovery,,3476,404,69908,13101,980,text/html; charset=UTF-8,585.009234ms,,3a7ddd94
recoverpassword,https://querybuscas.com/pages/recoverpassword,,3475,404,69908,13101,980,text/html; charset=UTF-8,659.081265ms,,3a7ddd93
recycled,https://querybuscas.com/pages/recycled,,3478,404,69908,13101,980,text/html; charset=UTF-8,720.424161ms,,3a7ddd96
recycle,https://querybuscas.com/pages/recycle,,3477,404,69908,13101,980,text/html; charset=UTF-8,833.297804ms,,3a7ddd95
red,https://querybuscas.com/pages/red,,3479,404,69908,13101,980,text/html; charset=UTF-8,552.791219ms,,3a7ddd97
reddit,https://querybuscas.com/pages/reddit,,3480,404,69908,13101,980,text/html; charset=UTF-8,554.349147ms,,3a7ddd98
redir,https://querybuscas.com/pages/redir,,3482,404,69908,13101,980,text/html; charset=UTF-8,602.57025ms,,3a7ddd9a
redesign,https://querybuscas.com/pages/redesign,,3481,404,69908,13101,980,text/html; charset=UTF-8,608.163061ms,,3a7ddd99
redirect,https://querybuscas.com/pages/redirect,,3483,404,69908,13101,980,text/html; charset=UTF-8,573.029812ms,,3a7ddd9b
redirector,https://querybuscas.com/pages/redirector,,3484,404,69908,13101,980,text/html; charset=UTF-8,610.668688ms,,3a7ddd9c
redirects,https://querybuscas.com/pages/redirects,,3485,404,69908,13101,980,text/html; charset=UTF-8,610.602961ms,,3a7ddd9d
redis,https://querybuscas.com/pages/redis,,3486,404,69908,13101,980,text/html; charset=UTF-8,654.602428ms,,3a7ddd9e
ref,https://querybuscas.com/pages/ref,,3487,404,69908,13101,980,text/html; charset=UTF-8,619.8243ms,,3a7ddd9f
refer,https://querybuscas.com/pages/refer,,3488,404,69908,13101,980,text/html; charset=UTF-8,581.032682ms,,3a7ddda0
reference,https://querybuscas.com/pages/reference,,3489,404,69908,13101,980,text/html; charset=UTF-8,658.280582ms,,3a7ddda1
references,https://querybuscas.com/pages/references,,3490,404,69908,13101,980,text/html; charset=UTF-8,685.843996ms,,3a7ddda2
referer,https://querybuscas.com/pages/referer,,3491,404,69908,13101,980,text/html; charset=UTF-8,918.180229ms,,3a7ddda3
referral,https://querybuscas.com/pages/referral,,3492,404,69908,13101,980,text/html; charset=UTF-8,730.99163ms,,3a7ddda4
referrers,https://querybuscas.com/pages/referrers,,3493,404,69908,13101,980,text/html; charset=UTF-8,627.923661ms,,3a7ddda5
refuse,https://querybuscas.com/pages/refuse,,3494,404,69908,13101,980,text/html; charset=UTF-8,648.99202ms,,3a7ddda6
refused,https://querybuscas.com/pages/refused,,3495,404,69908,13101,980,text/html; charset=UTF-8,544.768716ms,,3a7ddda7
reg,https://querybuscas.com/pages/reg,,3496,404,69908,13101,980,text/html; charset=UTF-8,728.014022ms,,3a7ddda8
reginternal,https://querybuscas.com/pages/reginternal,,3497,404,69908,13101,980,text/html; charset=UTF-8,556.339072ms,,3a7ddda9
regional,https://querybuscas.com/pages/regional,,3499,404,69908,13101,980,text/html; charset=UTF-8,546.328076ms,,3a7dddab
region,https://querybuscas.com/pages/region,,3498,404,69908,13101,980,text/html; charset=UTF-8,573.917181ms,,3a7dddaa
register,https://querybuscas.com/pages/register,,3500,404,69908,13101,980,text/html; charset=UTF-8,712.102949ms,,3a7dddac
registered,https://querybuscas.com/pages/registered,,3501,404,69908,13101,980,text/html; charset=UTF-8,601.95106ms,,3a7dddad
registration,https://querybuscas.com/pages/registration,,3502,404,69908,13101,980,text/html; charset=UTF-8,644.582141ms,,3a7dddae
registrations,https://querybuscas.com/pages/registrations,,3503,404,69908,13101,980,text/html; charset=UTF-8,591.558757ms,,3a7dddaf
registro,https://querybuscas.com/pages/registro,,3504,404,69908,13101,980,text/html; charset=UTF-8,649.934945ms,,3a7dddb0
reklama,https://querybuscas.com/pages/reklama,,3505,404,69908,13101,980,text/html; charset=UTF-8,583.789516ms,,3a7dddb1
related,https://querybuscas.com/pages/related,,3506,404,69908,13101,980,text/html; charset=UTF-8,725.554356ms,,3a7dddb2
release,https://querybuscas.com/pages/release,,3507,404,69908,13101,980,text/html; charset=UTF-8,655.155132ms,,3a7dddb3
releases,https://querybuscas.com/pages/releases,,3508,404,69908,13101,980,text/html; charset=UTF-8,694.985666ms,,3a7dddb4
religion,https://querybuscas.com/pages/religion,,3509,404,69908,13101,980,text/html; charset=UTF-8,631.850596ms,,3a7dddb5
remind,https://querybuscas.com/pages/remind,,3510,404,69908,13101,980,text/html; charset=UTF-8,532.952056ms,,3a7dddb6
remind_password,https://querybuscas.com/pages/remind_password,,3511,404,69908,13101,980,text/html; charset=UTF-8,610.755195ms,,3a7dddb7
reminder,https://querybuscas.com/pages/reminder,,3512,404,69908,13101,980,text/html; charset=UTF-8,654.113843ms,,3a7dddb8
remote,https://querybuscas.com/pages/remote,,3513,404,69908,13101,980,text/html; charset=UTF-8,617.08105ms,,3a7dddb9
remotetracer,https://querybuscas.com/pages/remotetracer,,3514,404,69908,13101,980,text/html; charset=UTF-8,565.593337ms,,3a7dddba
removals,https://querybuscas.com/pages/removals,,3516,404,69908,13101,980,text/html; charset=UTF-8,740.558307ms,,3a7dddbc
removal,https://querybuscas.com/pages/removal,,3515,404,69908,13101,980,text/html; charset=UTF-8,752.383099ms,,3a7dddbb
remove,https://querybuscas.com/pages/remove,,3517,404,69908,13101,980,text/html; charset=UTF-8,589.255422ms,,3a7dddbd
removed,https://querybuscas.com/pages/removed,,3518,404,69908,13101,980,text/html; charset=UTF-8,642.877749ms,,3a7dddbe
render,https://querybuscas.com/pages/render,,3519,404,69908,13101,980,text/html; charset=UTF-8,591.083948ms,,3a7dddbf
render?url=https://www.google.com,https://querybuscas.com/pages/render?url=https://www.google.com,,3520,404,69908,13101,980,text/html; charset=UTF-8,588.88379ms,,3a7dddc0
render/https://www.google.com,https://querybuscas.com/pages/render/https://www.google.com,,3521,404,69908,13101,980,text/html; charset=UTF-8,576.429886ms,,3a7dddc1
rendered,https://querybuscas.com/pages/rendered,,3522,404,69908,13101,980,text/html; charset=UTF-8,590.640349ms,,3a7dddc2
reorder,https://querybuscas.com/pages/reorder,,3523,404,69908,13101,980,text/html; charset=UTF-8,647.664458ms,,3a7dddc3
repl,https://querybuscas.com/pages/repl,,3525,404,69908,13101,980,text/html; charset=UTF-8,590.300316ms,,3a7dddc5
rep,https://querybuscas.com/pages/rep,,3524,404,69908,13101,980,text/html; charset=UTF-8,791.778557ms,,3a7dddc4
replica,https://querybuscas.com/pages/replica,,3526,404,69908,13101,980,text/html; charset=UTF-8,701.575772ms,,3a7dddc6
replicas,https://querybuscas.com/pages/replicas,,3527,404,69908,13101,980,text/html; charset=UTF-8,637.52064ms,,3a7dddc7
replicate,https://querybuscas.com/pages/replicate,,3528,404,69908,13101,980,text/html; charset=UTF-8,549.825921ms,,3a7dddc8
replicated,https://querybuscas.com/pages/replicated,,3529,404,69908,13101,980,text/html; charset=UTF-8,584.56774ms,,3a7dddc9
replication,https://querybuscas.com/pages/replication,,3530,404,69908,13101,980,text/html; charset=UTF-8,604.838414ms,,3a7dddca
replicator,https://querybuscas.com/pages/replicator,,3531,404,69908,13101,980,text/html; charset=UTF-8,678.893876ms,,3a7dddcb
reply,https://querybuscas.com/pages/reply,,3532,404,69908,13101,980,text/html; charset=UTF-8,637.635497ms,,3a7dddcc
repo,https://querybuscas.com/pages/repo,,3533,404,69908,13101,980,text/html; charset=UTF-8,586.436981ms,,3a7dddcd
report,https://querybuscas.com/pages/report,,3534,404,69908,13101,980,text/html; charset=UTF-8,573.406196ms,,3a7dddce
reporting,https://querybuscas.com/pages/reporting,,3535,404,69908,13101,980,text/html; charset=UTF-8,565.481954ms,,3a7dddcf
reports,https://querybuscas.com/pages/reports,,3536,404,69908,13101,980,text/html; charset=UTF-8,657.461747ms,,3a7dddd0
reports list,https://querybuscas.com/pages/reports list,,3537,404,69908,13101,980,text/html; charset=UTF-8,707.533314ms,,3a7dddd1
repost,https://querybuscas.com/pages/repost,,3539,404,69908,13101,980,text/html; charset=UTF-8,532.717713ms,,3a7dddd3
repository,https://querybuscas.com/pages/repository,,3538,404,69908,13101,980,text/html; charset=UTF-8,634.159677ms,,3a7dddd2
reportserver,https://querybuscas.com/pages/reportserver,,3540,404,69908,13101,980,text/html; charset=UTF-8,583.969063ms,,3a7dddd4
reprints,https://querybuscas.com/pages/reprints,,3541,404,69908,13101,980,text/html; charset=UTF-8,606.656208ms,,3a7dddd5
reputation,https://querybuscas.com/pages/reputation,,3542,404,69908,13101,980,text/html; charset=UTF-8,686.478202ms,,3a7dddd6
req,https://querybuscas.com/pages/req,,3543,404,69908,13101,980,text/html; charset=UTF-8,591.81309ms,,3a7dddd7
reqs,https://querybuscas.com/pages/reqs,,3544,404,69908,13101,980,text/html; charset=UTF-8,688.923677ms,,3a7dddd8
request,https://querybuscas.com/pages/request,,3545,404,69908,13101,980,text/html; charset=UTF-8,589.335788ms,,3a7dddd9
requested,https://querybuscas.com/pages/requested,,3546,404,69908,13101,980,text/html; charset=UTF-8,654.147516ms,,3a7dddda
requests,https://querybuscas.com/pages/requests,,3547,404,69908,13101,980,text/html; charset=UTF-8,750.954351ms,,3a7ddddb
require,https://querybuscas.com/pages/require,,3548,404,69908,13101,980,text/html; charset=UTF-8,569.890552ms,,3a7ddddc
requisite,https://querybuscas.com/pages/requisite,,3549,404,69908,13101,980,text/html; charset=UTF-8,543.273156ms,,3a7ddddd
requisition,https://querybuscas.com/pages/requisition,,3550,404,69908,13101,980,text/html; charset=UTF-8,607.348495ms,,3a7dddde
requisitions,https://querybuscas.com/pages/requisitions,,3551,404,69908,13101,980,text/html; charset=UTF-8,619.246069ms,,3a7ddddf
res,https://querybuscas.com/pages/res,,3552,404,69908,13101,980,text/html; charset=UTF-8,648.092689ms,,3a7ddde0
research,https://querybuscas.com/pages/research,,3553,404,69908,13101,980,text/html; charset=UTF-8,574.102535ms,,3a7ddde1
reseller,https://querybuscas.com/pages/reseller,,3554,404,69908,13101,980,text/html; charset=UTF-8,600.596739ms,,3a7ddde2
resellers,https://querybuscas.com/pages/resellers,,3555,404,69908,13101,980,text/html; charset=UTF-8,584.723255ms,,3a7ddde3
reservation,https://querybuscas.com/pages/reservation,,3556,404,69908,13101,980,text/html; charset=UTF-8,527.437317ms,,3a7ddde4
reservations,https://querybuscas.com/pages/reservations,,3557,404,69908,13101,980,text/html; charset=UTF-8,518.640378ms,,3a7ddde5
resin,https://querybuscas.com/pages/resin,,3558,404,69908,13101,980,text/html; charset=UTF-8,575.768428ms,,3a7ddde6
resin-admin,https://querybuscas.com/pages/resin-admin,,3559,404,69908,13101,980,text/html; charset=UTF-8,570.717039ms,,3a7ddde7
resize,https://querybuscas.com/pages/resize,,3560,404,69908,13101,980,text/html; charset=UTF-8,696.864363ms,,3a7ddde8
resolution,https://querybuscas.com/pages/resolution,,3561,404,69908,13101,980,text/html; charset=UTF-8,634.607249ms,,3a7ddde9
resolve,https://querybuscas.com/pages/resolve,,3562,404,69908,13101,980,text/html; charset=UTF-8,530.757238ms,,3a7dddea
resolved,https://querybuscas.com/pages/resolved,,3563,404,69908,13101,980,text/html; charset=UTF-8,535.930793ms,,3a7dddeb
resource,https://querybuscas.com/pages/resource,,3564,404,69908,13101,980,text/html; charset=UTF-8,568.053427ms,,3a7dddec
resources,https://querybuscas.com/pages/resources,,3565,404,69908,13101,980,text/html; charset=UTF-8,565.427699ms,,3a7ddded
respond,https://querybuscas.com/pages/respond,,3566,404,69908,13101,980,text/html; charset=UTF-8,592.037164ms,,3a7dddee
responder,https://querybuscas.com/pages/responder,,3567,404,69908,13101,980,text/html; charset=UTF-8,568.972495ms,,3a7dddef
rest,https://querybuscas.com/pages/rest,,3568,404,69908,13101,980,text/html; charset=UTF-8,607.914295ms,,3a7dddf0
restaurants,https://querybuscas.com/pages/restaurants,,3569,404,69908,13101,980,text/html; charset=UTF-8,608.407285ms,,3a7dddf1
restore,https://querybuscas.com/pages/restore,,3570,404,69908,13101,980,text/html; charset=UTF-8,655.97819ms,,3a7dddf2
restored,https://querybuscas.com/pages/restored,,3571,404,69908,13101,980,text/html; charset=UTF-8,583.29678ms,,3a7dddf3
restricted,https://querybuscas.com/pages/restricted,,3572,404,69908,13101,980,text/html; charset=UTF-8,540.614482ms,,3a7dddf4
result,https://querybuscas.com/pages/result,,3573,404,69908,13101,980,text/html; charset=UTF-8,504.753497ms,,3a7dddf5
results,https://querybuscas.com/pages/results,,3574,404,69908,13101,980,text/html; charset=UTF-8,513.187877ms,,3a7dddf6
resume,https://querybuscas.com/pages/resume,,3575,404,69908,13101,980,text/html; charset=UTF-8,606.881683ms,,3a7dddf7
resumes,https://querybuscas.com/pages/resumes,,3576,404,69908,13101,980,text/html; charset=UTF-8,681.992083ms,,3a7dddf8
retail,https://querybuscas.com/pages/retail,,3577,404,69908,13101,980,text/html; charset=UTF-8,639.393282ms,,3a7dddf9
returns,https://querybuscas.com/pages/returns,,3578,404,69908,13101,980,text/html; charset=UTF-8,660.783477ms,,3a7dddfa
reusablecontent,https://querybuscas.com/pages/reusablecontent,,3579,404,69908,13101,980,text/html; charset=UTF-8,642.556719ms,,3a7dddfb
reverse,https://querybuscas.com/pages/reverse,,3580,404,69908,13101,980,text/html; charset=UTF-8,569.648238ms,,3a7dddfc
reversed,https://querybuscas.com/pages/reversed,,3581,404,69908,13101,980,text/html; charset=UTF-8,680.225548ms,,3a7dddfd
revert,https://querybuscas.com/pages/revert,,3582,404,69908,13101,980,text/html; charset=UTF-8,710.330926ms,,3a7dddfe
reverted,https://querybuscas.com/pages/reverted,,3583,404,69908,13101,980,text/html; charset=UTF-8,573.302006ms,,3a7dddff
review,https://querybuscas.com/pages/review,,3584,404,69908,13101,980,text/html; charset=UTF-8,581.708817ms,,3a7dde00
reviews,https://querybuscas.com/pages/reviews,,3585,404,69908,13101,980,text/html; charset=UTF-8,624.016586ms,,3a7dde01
rfid,https://querybuscas.com/pages/rfid,,3586,404,69908,13101,980,text/html; charset=UTF-8,550.49599ms,,3a7dde02
rhtml,https://querybuscas.com/pages/rhtml,,3587,404,69908,13101,980,text/html; charset=UTF-8,656.25226ms,,3a7dde03
right,https://querybuscas.com/pages/right,,3588,404,69908,13101,980,text/html; charset=UTF-8,596.806687ms,,3a7dde04
ro,https://querybuscas.com/pages/ro,,3589,404,69908,13101,980,text/html; charset=UTF-8,607.281369ms,,3a7dde05
roadmap,https://querybuscas.com/pages/roadmap,,3590,404,69908,13101,980,text/html; charset=UTF-8,539.113929ms,,3a7dde06
roam,https://querybuscas.com/pages/roam,,3591,404,69908,13101,980,text/html; charset=UTF-8,580.252304ms,,3a7dde07
roaming,https://querybuscas.com/pages/roaming,,3592,404,69908,13101,980,text/html; charset=UTF-8,594.336623ms,,3a7dde08
robot,https://querybuscas.com/pages/robot,,3593,404,69908,13101,980,text/html; charset=UTF-8,594.025209ms,,3a7dde09
robotics,https://querybuscas.com/pages/robotics,,3594,404,69908,13101,980,text/html; charset=UTF-8,615.643351ms,,3a7dde0a
robots,https://querybuscas.com/pages/robots,,3595,404,69908,13101,980,text/html; charset=UTF-8,615.930974ms,,3a7dde0b
robots.txt,https://querybuscas.com/pages/robots.txt,,3596,404,68970,13094,980,text/html; charset=UTF-8,616.753602ms,,3a7dde0c
role,https://querybuscas.com/pages/role,,3597,404,69908,13101,980,text/html; charset=UTF-8,557.161343ms,,3a7dde0d
roles,https://querybuscas.com/pages/roles,,3598,404,69908,13101,980,text/html; charset=UTF-8,659.865947ms,,3a7dde0e
roller,https://querybuscas.com/pages/roller,,3599,404,69908,13101,980,text/html; charset=UTF-8,792.595386ms,,3a7dde0f
room,https://querybuscas.com/pages/room,,3600,404,69908,13101,980,text/html; charset=UTF-8,750.719111ms,,3a7dde10
root,https://querybuscas.com/pages/root,,3601,404,69908,13101,980,text/html; charset=UTF-8,779.21044ms,,3a7dde11
rorentity,https://querybuscas.com/pages/rorentity,,3602,404,69908,13101,980,text/html; charset=UTF-8,733.03973ms,,3a7dde12
rorindex,https://querybuscas.com/pages/rorindex,,3603,404,69908,13101,980,text/html; charset=UTF-8,657.193451ms,,3a7dde13
rortopics,https://querybuscas.com/pages/rortopics,,3604,404,69908,13101,980,text/html; charset=UTF-8,663.110392ms,,3a7dde14
router,https://querybuscas.com/pages/router,,3606,404,69908,13101,980,text/html; charset=UTF-8,618.991681ms,,3a7dde16
route,https://querybuscas.com/pages/route,,3605,404,69908,13101,980,text/html; charset=UTF-8,676.691697ms,,3a7dde15
routes,https://querybuscas.com/pages/routes,,3607,404,69908,13101,980,text/html; charset=UTF-8,579.390473ms,,3a7dde17
rpc,https://querybuscas.com/pages/rpc,,3608,404,69908,13101,980,text/html; charset=UTF-8,586.379108ms,,3a7dde18
rs,https://querybuscas.com/pages/rs,,3609,404,69908,13101,980,text/html; charset=UTF-8,532.310124ms,,3a7dde19
rsa,https://querybuscas.com/pages/rsa,,3610,404,69908,13101,980,text/html; charset=UTF-8,484.335558ms,,3a7dde1a
rss,https://querybuscas.com/pages/rss,,3611,404,69908,13101,980,text/html; charset=UTF-8,565.240385ms,,3a7dde1b
rss10,https://querybuscas.com/pages/rss10,,3612,404,69908,13101,980,text/html; charset=UTF-8,578.094679ms,,3a7dde1c
rss2,https://querybuscas.com/pages/rss2,,3613,404,69908,13101,980,text/html; charset=UTF-8,567.237767ms,,3a7dde1d
rss20,https://querybuscas.com/pages/rss20,,3614,404,69908,13101,980,text/html; charset=UTF-8,629.826785ms,,3a7dde1e
rssarticle,https://querybuscas.com/pages/rssarticle,,3615,404,69908,13101,980,text/html; charset=UTF-8,718.806759ms,,3a7dde1f
rssfeed,https://querybuscas.com/pages/rssfeed,,3616,404,69908,13101,980,text/html; charset=UTF-8,517.260784ms,,3a7dde20
rte,https://querybuscas.com/pages/rte,,3618,404,69908,13101,980,text/html; charset=UTF-8,545.440494ms,,3a7dde22
rsync,https://querybuscas.com/pages/rsync,,3617,404,69908,13101,980,text/html; charset=UTF-8,532.334102ms,,3a7dde21
rtf,https://querybuscas.com/pages/rtf,,3619,404,69908,13101,980,text/html; charset=UTF-8,549.942006ms,,3a7dde23
ru,https://querybuscas.com/pages/ru,,3620,404,69908,13101,980,text/html; charset=UTF-8,547.954995ms,,3a7dde24
rub,https://querybuscas.com/pages/rub,,3621,404,69908,13101,980,text/html; charset=UTF-8,580.896762ms,,3a7dde25
ruby,https://querybuscas.com/pages/ruby,,3622,404,69908,13101,980,text/html; charset=UTF-8,548.660939ms,,3a7dde26
rule,https://querybuscas.com/pages/rule,,3623,404,69908,13101,980,text/html; charset=UTF-8,571.330279ms,,3a7dde27
rules,https://querybuscas.com/pages/rules,,3624,404,69908,13101,980,text/html; charset=UTF-8,596.047028ms,,3a7dde28
run,https://querybuscas.com/pages/run,,3625,404,69908,13101,980,text/html; charset=UTF-8,563.818864ms,,3a7dde29
rus,https://querybuscas.com/pages/rus,,3626,404,69908,13101,980,text/html; charset=UTF-8,604.600366ms,,3a7dde2a
rwservlet,https://querybuscas.com/pages/rwservlet,,3627,404,69908,13101,980,text/html; charset=UTF-8,581.508878ms,,3a7dde2b
s,https://querybuscas.com/pages/s,,3628,404,69908,13101,980,text/html; charset=UTF-8,594.763159ms,,3a7dde2c
s1,https://querybuscas.com/pages/s1,,3629,404,69908,13101,980,text/html; charset=UTF-8,555.818663ms,,3a7dde2d
sa,https://querybuscas.com/pages/sa,,3630,404,69908,13101,980,text/html; charset=UTF-8,531.631511ms,,3a7dde2e
safe,https://querybuscas.com/pages/safe,,3631,404,69908,13101,980,text/html; charset=UTF-8,520.302358ms,,3a7dde2f
safety,https://querybuscas.com/pages/safety,,3632,404,69908,13101,980,text/html; charset=UTF-8,573.142908ms,,3a7dde30
sale,https://querybuscas.com/pages/sale,,3633,404,69908,13101,980,text/html; charset=UTF-8,583.94408ms,,3a7dde31
sales,https://querybuscas.com/pages/sales,,3634,404,69908,13101,980,text/html; charset=UTF-8,595.515331ms,,3a7dde32
salesforce,https://querybuscas.com/pages/salesforce,,3635,404,69908,13101,980,text/html; charset=UTF-8,568.043501ms,,3a7dde33
sam,https://querybuscas.com/pages/sam,,3636,404,69908,13101,980,text/html; charset=UTF-8,550.552667ms,,3a7dde34
samba,https://querybuscas.com/pages/samba,,3637,404,69908,13101,980,text/html; charset=UTF-8,604.20854ms,,3a7dde35
saml,https://querybuscas.com/pages/saml,,3638,404,69908,13101,980,text/html; charset=UTF-8,570.635225ms,,3a7dde36
sample,https://querybuscas.com/pages/sample,,3639,404,69908,13101,980,text/html; charset=UTF-8,554.499663ms,,3a7dde37
samples,https://querybuscas.com/pages/samples,,3640,404,69908,13101,980,text/html; charset=UTF-8,530.84307ms,,3a7dde38
san,https://querybuscas.com/pages/san,,3641,404,69908,13101,980,text/html; charset=UTF-8,530.028954ms,,3a7dde39
sandbox,https://querybuscas.com/pages/sandbox,,3642,404,69908,13101,980,text/html; charset=UTF-8,623.817764ms,,3a7dde3a
sav,https://querybuscas.com/pages/sav,,3643,404,69908,13101,980,text/html; charset=UTF-8,527.440534ms,,3a7dde3b
save,https://querybuscas.com/pages/save,,3644,404,69908,13101,980,text/html; charset=UTF-8,578.273634ms,,3a7dde3c
saved,https://querybuscas.com/pages/saved,,3645,404,69908,13101,980,text/html; charset=UTF-8,538.916002ms,,3a7dde3d
saves,https://querybuscas.com/pages/saves,,3646,404,69908,13101,980,text/html; charset=UTF-8,590.167467ms,,3a7dde3e
sb,https://querybuscas.com/pages/sb,,3647,404,69908,13101,980,text/html; charset=UTF-8,593.45934ms,,3a7dde3f
sbin,https://querybuscas.com/pages/sbin,,3648,404,69908,13101,980,text/html; charset=UTF-8,559.171676ms,,3a7dde40
sc,https://querybuscas.com/pages/sc,,3649,404,69908,13101,980,text/html; charset=UTF-8,574.749394ms,,3a7dde41
scan,https://querybuscas.com/pages/scan,,3650,404,69908,13101,980,text/html; charset=UTF-8,531.152983ms,,3a7dde42
scanned,https://querybuscas.com/pages/scanned,,3651,404,69908,13101,980,text/html; charset=UTF-8,542.895728ms,,3a7dde43
scans,https://querybuscas.com/pages/scans,,3652,404,69908,13101,980,text/html; charset=UTF-8,544.276594ms,,3a7dde44
scgi-bin,https://querybuscas.com/pages/scgi-bin,,3653,404,69908,13101,980,text/html; charset=UTF-8,562.828483ms,,3a7dde45
sched,https://querybuscas.com/pages/sched,,3654,404,69908,13101,980,text/html; charset=UTF-8,557.32121ms,,3a7dde46
schedule,https://querybuscas.com/pages/schedule,,3655,404,69908,13101,980,text/html; charset=UTF-8,583.123849ms,,3a7dde47
scheduled,https://querybuscas.com/pages/scheduled,,3656,404,69908,13101,980,text/html; charset=UTF-8,560.269668ms,,3a7dde48
scheduling,https://querybuscas.com/pages/scheduling,,3657,404,69908,13101,980,text/html; charset=UTF-8,585.319821ms,,3a7dde49
schema,https://querybuscas.com/pages/schema,,3658,404,69908,13101,980,text/html; charset=UTF-8,600.534486ms,,3a7dde4a
schemas,https://querybuscas.com/pages/schemas,,3659,404,69908,13101,980,text/html; charset=UTF-8,616.147698ms,,3a7dde4b
schemes,https://querybuscas.com/pages/schemes,,3660,404,69908,13101,980,text/html; charset=UTF-8,553.071628ms,,3a7dde4c
school,https://querybuscas.com/pages/school,,3661,404,69908,13101,980,text/html; charset=UTF-8,549.072549ms,,3a7dde4d
schools,https://querybuscas.com/pages/schools,,3662,404,69908,13101,980,text/html; charset=UTF-8,560.524667ms,,3a7dde4e
science,https://querybuscas.com/pages/science,,3663,404,69908,13101,980,text/html; charset=UTF-8,549.188736ms,,3a7dde4f
scope,https://querybuscas.com/pages/scope,,3664,404,69908,13101,980,text/html; charset=UTF-8,574.858143ms,,3a7dde50
scr,https://querybuscas.com/pages/scr,,3665,404,69908,13101,980,text/html; charset=UTF-8,596.355307ms,,3a7dde51
scratc,https://querybuscas.com/pages/scratc,,3666,404,69908,13101,980,text/html; charset=UTF-8,559.811745ms,,3a7dde52
screen,https://querybuscas.com/pages/screen,,3667,404,69908,13101,980,text/html; charset=UTF-8,575.094191ms,,3a7dde53
screens,https://querybuscas.com/pages/screens,,3668,404,69908,13101,980,text/html; charset=UTF-8,561.952015ms,,3a7dde54
screenshot,https://querybuscas.com/pages/screenshot,,3669,404,69908,13101,980,text/html; charset=UTF-8,563.03115ms,,3a7dde55
screenshots,https://querybuscas.com/pages/screenshots,,3670,404,69908,13101,980,text/html; charset=UTF-8,589.954796ms,,3a7dde56
script,https://querybuscas.com/pages/script,,3671,404,69908,13101,980,text/html; charset=UTF-8,557.504761ms,,3a7dde57
scripte,https://querybuscas.com/pages/scripte,,3672,404,69908,13101,980,text/html; charset=UTF-8,632.860581ms,,3a7dde58
scriptlet,https://querybuscas.com/pages/scriptlet,,3673,404,69908,13101,980,text/html; charset=UTF-8,621.38237ms,,3a7dde59
scriptlets,https://querybuscas.com/pages/scriptlets,,3674,404,69908,13101,980,text/html; charset=UTF-8,583.694703ms,,3a7dde5a
scriptlibrary,https://querybuscas.com/pages/scriptlibrary,,3675,404,69908,13101,980,text/html; charset=UTF-8,562.069385ms,,3a7dde5b
scriptresource,https://querybuscas.com/pages/scriptresource,,3676,404,69908,13101,980,text/html; charset=UTF-8,561.732613ms,,3a7dde5c
scripts,https://querybuscas.com/pages/scripts,,3677,404,69908,13101,980,text/html; charset=UTF-8,558.314739ms,,3a7dde5d
sd,https://querybuscas.com/pages/sd,,3678,404,69908,13101,980,text/html; charset=UTF-8,571.035545ms,,3a7dde5e
sdk,https://querybuscas.com/pages/sdk,,3679,404,69908,13101,980,text/html; charset=UTF-8,633.476565ms,,3a7dde5f
se,https://querybuscas.com/pages/se,,3680,404,69908,13101,980,text/html; charset=UTF-8,564.005748ms,,3a7dde60
search,https://querybuscas.com/pages/search,,3681,404,69908,13101,980,text/html; charset=UTF-8,613.815408ms,,3a7dde61
search-results,https://querybuscas.com/pages/search-results,,3682,404,69908,13101,980,text/html; charset=UTF-8,562.98022ms,,3a7dde62
search_result,https://querybuscas.com/pages/search_result,,3683,404,69908,13101,980,text/html; charset=UTF-8,548.527501ms,,3a7dde63
search_results,https://querybuscas.com/pages/search_results,,3684,404,69908,13101,980,text/html; charset=UTF-8,612.013521ms,,3a7dde64
searchnx,https://querybuscas.com/pages/searchnx,,3685,404,69908,13101,980,text/html; charset=UTF-8,628.567746ms,,3a7dde65
searchresults,https://querybuscas.com/pages/searchresults,,3686,404,69908,13101,980,text/html; charset=UTF-8,686.473371ms,,3a7dde66
searchurl,https://querybuscas.com/pages/searchurl,,3687,404,69908,13101,980,text/html; charset=UTF-8,816.952536ms,,3a7dde67
sec,https://querybuscas.com/pages/sec,,3688,404,69908,13101,980,text/html; charset=UTF-8,834.80139ms,,3a7dde68
seccode,https://querybuscas.com/pages/seccode,,3689,404,69908,13101,980,text/html; charset=UTF-8,673.916276ms,,3a7dde69
second,https://querybuscas.com/pages/second,,3690,404,69908,13101,980,text/html; charset=UTF-8,619.949371ms,,3a7dde6a
secondary,https://querybuscas.com/pages/secondary,,3691,404,69908,13101,980,text/html; charset=UTF-8,581.783902ms,,3a7dde6b
secret,https://querybuscas.com/pages/secret,,3692,404,69908,13101,980,text/html; charset=UTF-8,542.098718ms,,3a7dde6c
secrets,https://querybuscas.com/pages/secrets,,3693,404,69908,13101,980,text/html; charset=UTF-8,595.110203ms,,3a7dde6d
section,https://querybuscas.com/pages/section,,3694,404,69908,13101,980,text/html; charset=UTF-8,535.467774ms,,3a7dde6e
secure,https://querybuscas.com/pages/secure,,3696,404,69908,13101,980,text/html; charset=UTF-8,506.786652ms,,3a7dde70
sections,https://querybuscas.com/pages/sections,,3695,404,69908,13101,980,text/html; charset=UTF-8,548.648958ms,,3a7dde6f
secure_login,https://querybuscas.com/pages/secure_login,,3697,404,69908,13101,980,text/html; charset=UTF-8,579.25254ms,,3a7dde71
secureauth,https://querybuscas.com/pages/secureauth,,3698,404,69908,13101,980,text/html; charset=UTF-8,580.669915ms,,3a7dde72
secured,https://querybuscas.com/pages/secured,,3699,404,69908,13101,980,text/html; charset=UTF-8,596.292221ms,,3a7dde73
secureform,https://querybuscas.com/pages/secureform,,3700,404,69908,13101,980,text/html; charset=UTF-8,589.523653ms,,3a7dde74
secureprocess,https://querybuscas.com/pages/secureprocess,,3701,404,69908,13101,980,text/html; charset=UTF-8,562.3604ms,,3a7dde75
securimage,https://querybuscas.com/pages/securimage,,3702,404,69908,13101,980,text/html; charset=UTF-8,607.936028ms,,3a7dde76
security,https://querybuscas.com/pages/security,,3703,404,69908,13101,980,text/html; charset=UTF-8,563.988431ms,,3a7dde77
seed,https://querybuscas.com/pages/seed,,3705,404,69908,13101,980,text/html; charset=UTF-8,577.017362ms,,3a7dde79
security.txt,https://querybuscas.com/pages/security.txt,,3704,404,68970,13094,980,text/html; charset=UTF-8,615.568975ms,,3a7dde78
select,https://querybuscas.com/pages/select,,3706,404,69908,13101,980,text/html; charset=UTF-8,510.079291ms,,3a7dde7a
selectaddress,https://querybuscas.com/pages/selectaddress,,3707,404,69908,13101,980,text/html; charset=UTF-8,630.454774ms,,3a7dde7b
selected,https://querybuscas.com/pages/selected,,3708,404,69908,13101,980,text/html; charset=UTF-8,639.313567ms,,3a7dde7c
selection,https://querybuscas.com/pages/selection,,3709,404,69908,13101,980,text/html; charset=UTF-8,598.65654ms,,3a7dde7d
self,https://querybuscas.com/pages/self,,3710,404,69908,13101,980,text/html; charset=UTF-8,553.664999ms,,3a7dde7e
sell,https://querybuscas.com/pages/sell,,3711,404,69908,13101,980,text/html; charset=UTF-8,571.570265ms,,3a7dde7f
sem,https://querybuscas.com/pages/sem,,3712,404,69908,13101,980,text/html; charset=UTF-8,565.079905ms,,3a7dde80
seminar,https://querybuscas.com/pages/seminar,,3713,404,69908,13101,980,text/html; charset=UTF-8,532.426337ms,,3a7dde81
seminars,https://querybuscas.com/pages/seminars,,3714,404,69908,13101,980,text/html; charset=UTF-8,628.362212ms,,3a7dde82
send,https://querybuscas.com/pages/send,,3715,404,69908,13101,980,text/html; charset=UTF-8,550.703719ms,,3a7dde83
send-password,https://querybuscas.com/pages/send-password,,3716,404,69908,13101,980,text/html; charset=UTF-8,630.251595ms,,3a7dde84
send-email,https://querybuscas.com/pages/send-email,,3717,404,69908,13101,980,text/html; charset=UTF-8,661.703147ms,,3a7dde85
send_order,https://querybuscas.com/pages/send_order,,3718,404,69908,13101,980,text/html; charset=UTF-8,573.861164ms,,3a7dde86
send_pwd,https://querybuscas.com/pages/send_pwd,,3719,404,69908,13101,980,text/html; charset=UTF-8,623.826302ms,,3a7dde87
send_to_friend,https://querybuscas.com/pages/send_to_friend,,3720,404,69908,13101,980,text/html; charset=UTF-8,618.775889ms,,3a7dde88
sendform,https://querybuscas.com/pages/sendform,,3721,404,69908,13101,980,text/html; charset=UTF-8,584.971009ms,,3a7dde89
sendfriend,https://querybuscas.com/pages/sendfriend,,3722,404,69908,13101,980,text/html; charset=UTF-8,580.697549ms,,3a7dde8a
sendmail,https://querybuscas.com/pages/sendmail,,3723,404,69908,13101,980,text/html; charset=UTF-8,602.743173ms,,3a7dde8b
sendmessage,https://querybuscas.com/pages/sendmessage,,3724,404,69908,13101,980,text/html; charset=UTF-8,578.394522ms,,3a7dde8c
sendpm,https://querybuscas.com/pages/sendpm,,3725,404,69908,13101,980,text/html; charset=UTF-8,605.187904ms,,3a7dde8d
sendthread,https://querybuscas.com/pages/sendthread,,3726,404,69908,13101,980,text/html; charset=UTF-8,591.902143ms,,3a7dde8e
sendto,https://querybuscas.com/pages/sendto,,3727,404,69908,13101,980,text/html; charset=UTF-8,565.172187ms,,3a7dde8f
sendtofriend,https://querybuscas.com/pages/sendtofriend,,3728,404,69908,13101,980,text/html; charset=UTF-8,510.156784ms,,3a7dde90
sensepost,https://querybuscas.com/pages/sensepost,,3729,404,69908,13101,980,text/html; charset=UTF-8,551.484833ms,,3a7dde91
sensor,https://querybuscas.com/pages/sensor,,3730,404,69908,13101,980,text/html; charset=UTF-8,606.977134ms,,3a7dde92
sent,https://querybuscas.com/pages/sent,,3731,404,69908,13101,980,text/html; charset=UTF-8,522.505268ms,,3a7dde93
seo,https://querybuscas.com/pages/seo,,3732,404,69908,13101,980,text/html; charset=UTF-8,594.602158ms,,3a7dde94
serial,https://querybuscas.com/pages/serial,,3733,404,69908,13101,980,text/html; charset=UTF-8,549.326637ms,,3a7dde95
serv,https://querybuscas.com/pages/serv,,3734,404,69908,13101,980,text/html; charset=UTF-8,524.36793ms,,3a7dde96
serve,https://querybuscas.com/pages/serve,,3735,404,69908,13101,980,text/html; charset=UTF-8,626.150778ms,,3a7dde97
server,https://querybuscas.com/pages/server,,3736,404,69908,13101,980,text/html; charset=UTF-8,554.823778ms,,3a7dde98
server-info,https://querybuscas.com/pages/server-info,,3737,404,69908,13101,980,text/html; charset=UTF-8,593.523272ms,,3a7dde99
server-status,https://querybuscas.com/pages/server-status,,3738,404,69908,13101,980,text/html; charset=UTF-8,585.809904ms,,3a7dde9a
server_admin_small,https://querybuscas.com/pages/server_admin_small,,3739,404,69908,13101,980,text/html; charset=UTF-8,576.559644ms,,3a7dde9b
server_stats,https://querybuscas.com/pages/server_stats,,3740,404,69908,13101,980,text/html; charset=UTF-8,628.25521ms,,3a7dde9c
servers,https://querybuscas.com/pages/servers,,3741,404,69908,13101,980,text/html; charset=UTF-8,616.194977ms,,3a7dde9d
service,https://querybuscas.com/pages/service,,3742,404,69908,13101,980,text/html; charset=UTF-8,579.282995ms,,3a7dde9e
services,https://querybuscas.com/pages/services,,3743,404,69908,13101,980,text/html; charset=UTF-8,557.484785ms,,3a7dde9f
servicios,https://querybuscas.com/pages/servicios,,3744,404,69908,13101,980,text/html; charset=UTF-8,583.591061ms,,3a7ddea0
servlet,https://querybuscas.com/pages/servlet,,3745,404,69908,13101,980,text/html; charset=UTF-8,776.403566ms,,3a7ddea1
servlets,https://querybuscas.com/pages/servlets,,3746,404,69908,13101,980,text/html; charset=UTF-8,797.267706ms,,3a7ddea2
servlets-examples,https://querybuscas.com/pages/servlets-examples,,3747,404,69908,13101,980,text/html; charset=UTF-8,743.180621ms,,3a7ddea3
servlet/GetProductVersion,https://querybuscas.com/pages/servlet/GetProductVersion,,3748,404,69908,13101,980,text/html; charset=UTF-8,731.054344ms,,3a7ddea4
sess,https://querybuscas.com/pages/sess,,3749,404,69908,13101,980,text/html; charset=UTF-8,734.873247ms,,3a7ddea5
session,https://querybuscas.com/pages/session,,3750,404,69908,13101,980,text/html; charset=UTF-8,715.301009ms,,3a7ddea6
sessionid,https://querybuscas.com/pages/sessionid,,3751,404,69908,13101,980,text/html; charset=UTF-8,614.762398ms,,3a7ddea7
sessions,https://querybuscas.com/pages/sessions,,3752,404,69908,13101,980,text/html; charset=UTF-8,576.037567ms,,3a7ddea8
set,https://querybuscas.com/pages/set,,3753,404,69908,13101,980,text/html; charset=UTF-8,548.360939ms,,3a7ddea9
setcurrency,https://querybuscas.com/pages/setcurrency,,3754,404,69908,13101,980,text/html; charset=UTF-8,600.040363ms,,3a7ddeaa
setlocale,https://querybuscas.com/pages/setlocale,,3755,404,69908,13101,980,text/html; charset=UTF-8,617.907376ms,,3a7ddeab
setting,https://querybuscas.com/pages/setting,,3756,404,69908,13101,980,text/html; charset=UTF-8,560.599377ms,,3a7ddeac
settings,https://querybuscas.com/pages/settings,,3757,404,69908,13101,980,text/html; charset=UTF-8,541.249956ms,,3a7ddead
setup,https://querybuscas.com/pages/setup,,3758,404,69908,13101,980,text/html; charset=UTF-8,505.177825ms,,3a7ddeae
setvatsetting,https://querybuscas.com/pages/setvatsetting,,3759,404,69908,13101,980,text/html; charset=UTF-8,537.776416ms,,3a7ddeaf
sex,https://querybuscas.com/pages/sex,,3760,404,69908,13101,980,text/html; charset=UTF-8,516.849765ms,,3a7ddeb0
sf,https://querybuscas.com/pages/sf,,3761,404,69908,13101,980,text/html; charset=UTF-8,547.725351ms,,3a7ddeb1
sg,https://querybuscas.com/pages/sg,,3762,404,69908,13101,980,text/html; charset=UTF-8,579.442603ms,,3a7ddeb2
shadow,https://querybuscas.com/pages/shadow,,3764,404,69908,13101,980,text/html; charset=UTF-8,529.48477ms,,3a7ddeb4
sh,https://querybuscas.com/pages/sh,,3763,404,69908,13101,980,text/html; charset=UTF-8,546.805706ms,,3a7ddeb3
shaken,https://querybuscas.com/pages/shaken,,3765,404,69908,13101,980,text/html; charset=UTF-8,584.807269ms,,3a7ddeb5
share,https://querybuscas.com/pages/share,,3766,404,69908,13101,980,text/html; charset=UTF-8,515.588512ms,,3a7ddeb6
shared,https://querybuscas.com/pages/shared,,3767,404,69908,13101,980,text/html; charset=UTF-8,528.688754ms,,3a7ddeb7
shares,https://querybuscas.com/pages/shares,,3768,404,69908,13101,980,text/html; charset=UTF-8,515.41076ms,,3a7ddeb8
shell,https://querybuscas.com/pages/shell,,3769,404,69908,13101,980,text/html; charset=UTF-8,531.241205ms,,3a7ddeb9
shim,https://querybuscas.com/pages/shim,,3770,404,69908,13101,980,text/html; charset=UTF-8,535.887321ms,,3a7ddeba
ship,https://querybuscas.com/pages/ship,,3771,404,69908,13101,980,text/html; charset=UTF-8,553.436389ms,,3a7ddebb
shipped,https://querybuscas.com/pages/shipped,,3772,404,69908,13101,980,text/html; charset=UTF-8,559.935519ms,,3a7ddebc
shipping,https://querybuscas.com/pages/shipping,,3773,404,69908,13101,980,text/html; charset=UTF-8,505.886799ms,,3a7ddebd
shipping_help,https://querybuscas.com/pages/shipping_help,,3774,404,69908,13101,980,text/html; charset=UTF-8,647.689676ms,,3a7ddebe
shippinginfo,https://querybuscas.com/pages/shippinginfo,,3775,404,69908,13101,980,text/html; charset=UTF-8,585.529526ms,,3a7ddebf
shipquote,https://querybuscas.com/pages/shipquote,,3776,404,69908,13101,980,text/html; charset=UTF-8,517.675274ms,,3a7ddec0
shit,https://querybuscas.com/pages/shit,,3777,404,69908,13101,980,text/html; charset=UTF-8,545.907663ms,,3a7ddec1
shockwave,https://querybuscas.com/pages/shockwave,,3778,404,69908,13101,980,text/html; charset=UTF-8,565.780738ms,,3a7ddec2
shop,https://querybuscas.com/pages/shop,,3779,404,69908,13101,980,text/html; charset=UTF-8,584.387477ms,,3a7ddec3
shop_content,https://querybuscas.com/pages/shop_content,,3781,404,69908,13101,980,text/html; charset=UTF-8,567.898394ms,,3a7ddec5
shopadmin,https://querybuscas.com/pages/shopadmin,,3782,404,69908,13101,980,text/html; charset=UTF-8,813.134274ms,,3a7ddec6
shopper,https://querybuscas.com/pages/shopper,,3783,404,69908,13101,980,text/html; charset=UTF-8,866.545392ms,,3a7ddec7
shop_closed,https://querybuscas.com/pages/shop_closed,,3780,404,69908,13101,980,text/html; charset=UTF-8,1.3206514s,,3a7ddec4
shopping,https://querybuscas.com/pages/shopping,,3784,404,69908,13101,980,text/html; charset=UTF-8,1.007865743s,,3a7ddec8
shopping-lists,https://querybuscas.com/pages/shopping-lists,,3785,404,69908,13101,980,text/html; charset=UTF-8,974.864202ms,,3a7ddec9
shopping_cart,https://querybuscas.com/pages/shopping_cart,,3786,404,69908,13101,980,text/html; charset=UTF-8,694.342686ms,,3a7ddeca
shoppingcart,https://querybuscas.com/pages/shoppingcart,,3787,404,69908,13101,980,text/html; charset=UTF-8,564.829314ms,,3a7ddecb
shops,https://querybuscas.com/pages/shops,,3788,404,69908,13101,980,text/html; charset=UTF-8,664.807974ms,,3a7ddecc
shopstat,https://querybuscas.com/pages/shopstat,,3790,404,69908,13101,980,text/html; charset=UTF-8,560.78187ms,,3a7ddece
shops_buyaction,https://querybuscas.com/pages/shops_buyaction,,3789,404,69908,13101,980,text/html; charset=UTF-8,604.888146ms,,3a7ddecd
shopsys,https://querybuscas.com/pages/shopsys,,3791,404,69908,13101,980,text/html; charset=UTF-8,551.414883ms,,3a7ddecf
shoutbox,https://querybuscas.com/pages/shoutbox,,3792,404,69908,13101,980,text/html; charset=UTF-8,573.338138ms,,3a7dded0
show,https://querybuscas.com/pages/show,,3793,404,69908,13101,980,text/html; charset=UTF-8,557.882391ms,,3a7dded1
show_thread,https://querybuscas.com/pages/show_thread,,3795,404,69908,13101,980,text/html; charset=UTF-8,536.067269ms,,3a7dded3
show_post,https://querybuscas.com/pages/show_post,,3794,404,69908,13101,980,text/html; charset=UTF-8,528.706671ms,,3a7dded2
showcase,https://querybuscas.com/pages/showcase,,3797,404,69908,13101,980,text/html; charset=UTF-8,507.454485ms,,3a7dded5
showallsites,https://querybuscas.com/pages/showallsites,,3796,404,69908,13101,980,text/html; charset=UTF-8,628.348156ms,,3a7dded4
showcat,https://querybuscas.com/pages/showcat,,3798,404,69908,13101,980,text/html; charset=UTF-8,624.250384ms,,3a7dded6
showcode,https://querybuscas.com/pages/showcode,,3799,404,69908,13101,980,text/html; charset=UTF-8,669.214931ms,,3a7dded7
showcode.asp,https://querybuscas.com/pages/showcode.asp,,3800,404,69908,13101,980,text/html; charset=UTF-8,663.84888ms,,3a7dded8
showenv,https://querybuscas.com/pages/showenv,,3801,404,69908,13101,980,text/html; charset=UTF-8,618.579395ms,,3a7dded9
showgroups,https://querybuscas.com/pages/showgroups,,3802,404,69908,13101,980,text/html; charset=UTF-8,612.102569ms,,3a7ddeda
showjobs,https://querybuscas.com/pages/showjobs,,3803,404,69908,13101,980,text/html; charset=UTF-8,560.253284ms,,3a7ddedb
showkey,https://querybuscas.com/pages/showkey,,3804,404,69908,13101,980,text/html; charset=UTF-8,548.936712ms,,3a7ddedc
showlogin,https://querybuscas.com/pages/showlogin,,3805,404,69908,13101,980,text/html; charset=UTF-8,636.900275ms,,3a7ddedd
showmap,https://querybuscas.com/pages/showmap,,3806,404,69908,13101,980,text/html; charset=UTF-8,554.558354ms,,3a7ddede
showpost,https://querybuscas.com/pages/showpost,,3808,404,69908,13101,980,text/html; charset=UTF-8,589.23942ms,,3a7ddee0
showmsg,https://querybuscas.com/pages/showmsg,,3807,404,69908,13101,980,text/html; charset=UTF-8,638.301806ms,,3a7ddedf
showroom,https://querybuscas.com/pages/showroom,,3809,404,69908,13101,980,text/html; charset=UTF-8,588.854077ms,,3a7ddee1
showthread,https://querybuscas.com/pages/showthread,,3811,404,69908,13101,980,text/html; charset=UTF-8,570.239467ms,,3a7ddee3
shows,https://querybuscas.com/pages/shows,,3810,404,69908,13101,980,text/html; charset=UTF-8,582.005837ms,,3a7ddee2
shtml,https://querybuscas.com/pages/shtml,,3812,404,69908,13101,980,text/html; charset=UTF-8,569.442505ms,,3a7ddee4
sid,https://querybuscas.com/pages/sid,,3814,404,69908,13101,980,text/html; charset=UTF-8,534.757606ms,,3a7ddee6
si,https://querybuscas.com/pages/si,,3813,404,69908,13101,980,text/html; charset=UTF-8,567.659064ms,,3a7ddee5
sign,https://querybuscas.com/pages/sign,,3815,404,69908,13101,980,text/html; charset=UTF-8,552.581602ms,,3a7ddee7
sign-up,https://querybuscas.com/pages/sign-up,,3816,404,69908,13101,980,text/html; charset=UTF-8,590.631215ms,,3a7ddee8
sign_up,https://querybuscas.com/pages/sign_up,,3817,404,69908,13101,980,text/html; charset=UTF-8,642.466784ms,,3a7ddee9
signature,https://querybuscas.com/pages/signature,,3818,404,69908,13101,980,text/html; charset=UTF-8,528.544774ms,,3a7ddeea
signaturepics,https://querybuscas.com/pages/signaturepics,,3819,404,69908,13101,980,text/html; charset=UTF-8,549.806324ms,,3a7ddeeb
signed,https://querybuscas.com/pages/signed,,3820,404,69908,13101,980,text/html; charset=UTF-8,591.346864ms,,3a7ddeec
signer,https://querybuscas.com/pages/signer,,3821,404,69908,13101,980,text/html; charset=UTF-8,586.692716ms,,3a7ddeed
signin,https://querybuscas.com/pages/signin,,3822,404,69908,13101,980,text/html; charset=UTF-8,557.592297ms,,3a7ddeee
signing,https://querybuscas.com/pages/signing,,3823,404,69908,13101,980,text/html; charset=UTF-8,576.704583ms,,3a7ddeef
signoff,https://querybuscas.com/pages/signoff,,3824,404,69908,13101,980,text/html; charset=UTF-8,708.140828ms,,3a7ddef0
signon,https://querybuscas.com/pages/signon,,3825,404,69908,13101,980,text/html; charset=UTF-8,828.508312ms,,3a7ddef1
signout,https://querybuscas.com/pages/signout,,3826,404,69908,13101,980,text/html; charset=UTF-8,848.9553ms,,3a7ddef2
signup,https://querybuscas.com/pages/signup,,3827,404,69908,13101,980,text/html; charset=UTF-8,869.809837ms,,3a7ddef3
simple,https://querybuscas.com/pages/simple,,3828,404,69908,13101,980,text/html; charset=UTF-8,720.443615ms,,3a7ddef4
simpleLogin,https://querybuscas.com/pages/simpleLogin,,3829,404,69908,13101,980,text/html; charset=UTF-8,689.560151ms,,3a7ddef5
single,https://querybuscas.com/pages/single,,3831,404,69908,13101,980,text/html; charset=UTF-8,577.903395ms,,3a7ddef7
simplelogin,https://querybuscas.com/pages/simplelogin,,3830,404,69908,13101,980,text/html; charset=UTF-8,723.595567ms,,3a7ddef6
single_pages,https://querybuscas.com/pages/single_pages,,3832,404,69908,13101,980,text/html; charset=UTF-8,558.284446ms,,3a7ddef8
sink,https://querybuscas.com/pages/sink,,3833,404,69908,13101,980,text/html; charset=UTF-8,575.225405ms,,3a7ddef9
site,https://querybuscas.com/pages/site,,3834,404,69908,13101,980,text/html; charset=UTF-8,572.90826ms,,3a7ddefa
site-map,https://querybuscas.com/pages/site-map,,3835,404,69908,13101,980,text/html; charset=UTF-8,589.262127ms,,3a7ddefb
site_map,https://querybuscas.com/pages/site_map,,3836,404,69908,13101,980,text/html; charset=UTF-8,525.430682ms,,3a7ddefc
siteadmin,https://querybuscas.com/pages/siteadmin,,3837,404,69908,13101,980,text/html; charset=UTF-8,578.863485ms,,3a7ddefd
sitebuilder,https://querybuscas.com/pages/sitebuilder,,3838,404,69908,13101,980,text/html; charset=UTF-8,527.245186ms,,3a7ddefe
sitecore,https://querybuscas.com/pages/sitecore,,3839,404,69908,13101,980,text/html; charset=UTF-8,594.389169ms,,3a7ddeff
sitefiles,https://querybuscas.com/pages/sitefiles,,3840,404,69908,13101,980,text/html; charset=UTF-8,598.585273ms,,3a7ddf00
siteimages,https://querybuscas.com/pages/siteimages,,3841,404,69908,13101,980,text/html; charset=UTF-8,564.85261ms,,3a7ddf01
sitemap,https://querybuscas.com/pages/sitemap,,3842,404,69908,13101,980,text/html; charset=UTF-8,518.138381ms,,3a7ddf02
sitemap.xml,https://querybuscas.com/pages/sitemap.xml,,3844,404,69908,13101,980,text/html; charset=UTF-8,555.174127ms,,3a7ddf04
sitemaps,https://querybuscas.com/pages/sitemaps,,3845,404,69908,13101,980,text/html; charset=UTF-8,566.276683ms,,3a7ddf05
sitemgr,https://querybuscas.com/pages/sitemgr,,3846,404,69908,13101,980,text/html; charset=UTF-8,574.978313ms,,3a7ddf06
sitemap.gz,https://querybuscas.com/pages/sitemap.gz,,3843,404,69908,13101,980,text/html; charset=UTF-8,855.080969ms,,3a7ddf03
sites,https://querybuscas.com/pages/sites,,3847,404,69908,13101,980,text/html; charset=UTF-8,590.888257ms,,3a7ddf07
sitesearch,https://querybuscas.com/pages/sitesearch,,3848,404,69908,13101,980,text/html; charset=UTF-8,581.180499ms,,3a7ddf08
sk,https://querybuscas.com/pages/sk,,3849,404,69908,13101,980,text/html; charset=UTF-8,534.6219ms,,3a7ddf09
skel,https://querybuscas.com/pages/skel,,3850,404,69908,13101,980,text/html; charset=UTF-8,529.85024ms,,3a7ddf0a
skin,https://querybuscas.com/pages/skin,,3851,404,69908,13101,980,text/html; charset=UTF-8,569.097953ms,,3a7ddf0b
skin1,https://querybuscas.com/pages/skin1,,3852,404,69908,13101,980,text/html; charset=UTF-8,590.95538ms,,3a7ddf0c
skin1_original,https://querybuscas.com/pages/skin1_original,,3853,404,69908,13101,980,text/html; charset=UTF-8,579.579055ms,,3a7ddf0d
skins,https://querybuscas.com/pages/skins,,3854,404,69908,13101,980,text/html; charset=UTF-8,594.812518ms,,3a7ddf0e
skip,https://querybuscas.com/pages/skip,,3855,404,69908,13101,980,text/html; charset=UTF-8,590.509641ms,,3a7ddf0f
sl,https://querybuscas.com/pages/sl,,3856,404,69908,13101,980,text/html; charset=UTF-8,585.454016ms,,3a7ddf10
slabel,https://querybuscas.com/pages/slabel,,3857,404,69908,13101,980,text/html; charset=UTF-8,621.797194ms,,3a7ddf11
slashdot,https://querybuscas.com/pages/slashdot,,3858,404,69908,13101,980,text/html; charset=UTF-8,696.786706ms,,3a7ddf12
slide_show,https://querybuscas.com/pages/slide_show,,3859,404,69908,13101,980,text/html; charset=UTF-8,829.212146ms,,3a7ddf13
slides,https://querybuscas.com/pages/slides,,3860,404,69908,13101,980,text/html; charset=UTF-8,771.501121ms,,3a7ddf14
slideshow,https://querybuscas.com/pages/slideshow,,3861,404,69908,13101,980,text/html; charset=UTF-8,799.486876ms,,3a7ddf15
slimstat,https://querybuscas.com/pages/slimstat,,3862,404,69908,13101,980,text/html; charset=UTF-8,688.775356ms,,3a7ddf16
sling,https://querybuscas.com/pages/sling,,3863,404,69908,13101,980,text/html; charset=UTF-8,635.621373ms,,3a7ddf17
sm,https://querybuscas.com/pages/sm,,3864,404,69908,13101,980,text/html; charset=UTF-8,543.497172ms,,3a7ddf18
small,https://querybuscas.com/pages/small,,3865,404,69908,13101,980,text/html; charset=UTF-8,572.45578ms,,3a7ddf19
smarty,https://querybuscas.com/pages/smarty,,3866,404,69908,13101,980,text/html; charset=UTF-8,579.974681ms,,3a7ddf1a
smb,https://querybuscas.com/pages/smb,,3867,404,69908,13101,980,text/html; charset=UTF-8,534.973748ms,,3a7ddf1b
smblogin,https://querybuscas.com/pages/smblogin,,3868,404,69908,13101,980,text/html; charset=UTF-8,591.356014ms,,3a7ddf1c
smile,https://querybuscas.com/pages/smile,,3870,404,69908,13101,980,text/html; charset=UTF-8,591.398835ms,,3a7ddf1e
smf,https://querybuscas.com/pages/smf,,3869,404,69908,13101,980,text/html; charset=UTF-8,694.17684ms,,3a7ddf1d
smiles,https://querybuscas.com/pages/smiles,,3871,404,69908,13101,980,text/html; charset=UTF-8,594.473683ms,,3a7ddf1f
smileys,https://querybuscas.com/pages/smileys,,3872,404,69908,13101,980,text/html; charset=UTF-8,550.407754ms,,3a7ddf20
smilies,https://querybuscas.com/pages/smilies,,3873,404,69908,13101,980,text/html; charset=UTF-8,592.924589ms,,3a7ddf21
sms,https://querybuscas.com/pages/sms,,3874,404,69908,13101,980,text/html; charset=UTF-8,512.268999ms,,3a7ddf22
smtp,https://querybuscas.com/pages/smtp,,3875,404,69908,13101,980,text/html; charset=UTF-8,550.846586ms,,3a7ddf23
snippets,https://querybuscas.com/pages/snippets,,3876,404,69908,13101,980,text/html; charset=UTF-8,555.005928ms,,3a7ddf24
snoop,https://querybuscas.com/pages/snoop,,3877,404,69908,13101,980,text/html; charset=UTF-8,544.371703ms,,3a7ddf25
snp,https://querybuscas.com/pages/snp,,3878,404,69908,13101,980,text/html; charset=UTF-8,567.808116ms,,3a7ddf26
so,https://querybuscas.com/pages/so,,3879,404,69908,13101,980,text/html; charset=UTF-8,580.711613ms,,3a7ddf27
soap,https://querybuscas.com/pages/soap,,3880,404,69908,13101,980,text/html; charset=UTF-8,644.90853ms,,3a7ddf28
soapdocs,https://querybuscas.com/pages/soapdocs,,3881,404,69908,13101,980,text/html; charset=UTF-8,592.402864ms,,3a7ddf29
soaprouter,https://querybuscas.com/pages/soaprouter,,3882,404,69908,13101,980,text/html; charset=UTF-8,520.977359ms,,3a7ddf2a
social,https://querybuscas.com/pages/social,,3883,404,69908,13101,980,text/html; charset=UTF-8,584.706028ms,,3a7ddf2b
soft,https://querybuscas.com/pages/soft,,3884,404,69908,13101,980,text/html; charset=UTF-8,641.991003ms,,3a7ddf2c
software,https://querybuscas.com/pages/software,,3885,404,69908,13101,980,text/html; charset=UTF-8,656.305796ms,,3a7ddf2d
sohoadmin,https://querybuscas.com/pages/sohoadmin,,3886,404,69908,13101,980,text/html; charset=UTF-8,582.545524ms,,3a7ddf2e
solution,https://querybuscas.com/pages/solution,,3889,404,69908,13101,980,text/html; charset=UTF-8,609.51551ms,,3a7ddf31
solaris,https://querybuscas.com/pages/solaris,,3887,404,69908,13101,980,text/html; charset=UTF-8,684.602198ms,,3a7ddf2f
sold,https://querybuscas.com/pages/sold,,3888,404,69908,13101,980,text/html; charset=UTF-8,631.239263ms,,3a7ddf30
solutions,https://querybuscas.com/pages/solutions,,3890,404,69908,13101,980,text/html; charset=UTF-8,593.480446ms,,3a7ddf32
solve,https://querybuscas.com/pages/solve,,3891,404,69908,13101,980,text/html; charset=UTF-8,568.177459ms,,3a7ddf33
solved,https://querybuscas.com/pages/solved,,3892,404,69908,13101,980,text/html; charset=UTF-8,547.406273ms,,3a7ddf34
somebody,https://querybuscas.com/pages/somebody,,3893,404,69908,13101,980,text/html; charset=UTF-8,575.543007ms,,3a7ddf35
songs,https://querybuscas.com/pages/songs,,3894,404,69908,13101,980,text/html; charset=UTF-8,598.647861ms,,3a7ddf36
sony,https://querybuscas.com/pages/sony,,3895,404,69908,13101,980,text/html; charset=UTF-8,637.787894ms,,3a7ddf37
soporte,https://querybuscas.com/pages/soporte,,3896,404,69908,13101,980,text/html; charset=UTF-8,614.783011ms,,3a7ddf38
sort,https://querybuscas.com/pages/sort,,3897,404,69908,13101,980,text/html; charset=UTF-8,641.659081ms,,3a7ddf39
sound,https://querybuscas.com/pages/sound,,3898,404,69908,13101,980,text/html; charset=UTF-8,546.4918ms,,3a7ddf3a
sounds,https://querybuscas.com/pages/sounds,,3899,404,69908,13101,980,text/html; charset=UTF-8,561.675615ms,,3a7ddf3b
source,https://querybuscas.com/pages/source,,3900,404,69908,13101,980,text/html; charset=UTF-8,509.537719ms,,3a7ddf3c
sources,https://querybuscas.com/pages/sources,,3901,404,69908,13101,980,text/html; charset=UTF-8,562.654199ms,,3a7ddf3d
sox,https://querybuscas.com/pages/sox,,3902,404,69908,13101,980,text/html; charset=UTF-8,584.329585ms,,3a7ddf3e
sp,https://querybuscas.com/pages/sp,,3903,404,69908,13101,980,text/html; charset=UTF-8,617.795174ms,,3a7ddf3f
space,https://querybuscas.com/pages/space,,3904,404,69908,13101,980,text/html; charset=UTF-8,705.801296ms,,3a7ddf40
spacer,https://querybuscas.com/pages/spacer,,3905,404,69908,13101,980,text/html; charset=UTF-8,575.139636ms,,3a7ddf41
spain,https://querybuscas.com/pages/spain,,3906,404,69908,13101,980,text/html; charset=UTF-8,516.368506ms,,3a7ddf42
spam,https://querybuscas.com/pages/spam,,3907,404,69908,13101,980,text/html; charset=UTF-8,548.251883ms,,3a7ddf43
spamlog.log,https://querybuscas.com/pages/spamlog.log,,3908,404,69908,13101,980,text/html; charset=UTF-8,548.724546ms,,3a7ddf44
spanish,https://querybuscas.com/pages/spanish,,3909,404,69908,13101,980,text/html; charset=UTF-8,559.903302ms,,3a7ddf45
spaw,https://querybuscas.com/pages/spaw,,3910,404,69908,13101,980,text/html; charset=UTF-8,576.724247ms,,3a7ddf46
speakers,https://querybuscas.com/pages/speakers,,3911,404,69908,13101,980,text/html; charset=UTF-8,609.818551ms,,3a7ddf47
spec,https://querybuscas.com/pages/spec,,3912,404,69908,13101,980,text/html; charset=UTF-8,576.197752ms,,3a7ddf48
special,https://querybuscas.com/pages/special,,3913,404,69908,13101,980,text/html; charset=UTF-8,681.792263ms,,3a7ddf49
special_offers,https://querybuscas.com/pages/special_offers,,3914,404,69908,13101,980,text/html; charset=UTF-8,597.981222ms,,3a7ddf4a
specials,https://querybuscas.com/pages/specials,,3915,404,69908,13101,980,text/html; charset=UTF-8,576.421245ms,,3a7ddf4b
specified,https://querybuscas.com/pages/specified,,3916,404,69908,13101,980,text/html; charset=UTF-8,660.319639ms,,3a7ddf4c
specs,https://querybuscas.com/pages/specs,,3917,404,69908,13101,980,text/html; charset=UTF-8,557.559374ms,,3a7ddf4d
speedtest,https://querybuscas.com/pages/speedtest,,3918,404,69908,13101,980,text/html; charset=UTF-8,529.580639ms,,3a7ddf4e
spellchecker,https://querybuscas.com/pages/spellchecker,,3919,404,69908,13101,980,text/html; charset=UTF-8,612.055772ms,,3a7ddf4f
spider,https://querybuscas.com/pages/spider,,3921,404,69908,13101,980,text/html; charset=UTF-8,565.044962ms,,3a7ddf51
sphider,https://querybuscas.com/pages/sphider,,3920,404,69908,13101,980,text/html; charset=UTF-8,636.647262ms,,3a7ddf50
spiders,https://querybuscas.com/pages/spiders,,3922,404,69908,13101,980,text/html; charset=UTF-8,597.974057ms,,3a7ddf52
splash,https://querybuscas.com/pages/splash,,3923,404,69908,13101,980,text/html; charset=UTF-8,557.86479ms,,3a7ddf53
sponsor,https://querybuscas.com/pages/sponsor,,3924,404,69908,13101,980,text/html; charset=UTF-8,562.214518ms,,3a7ddf54
sponsors,https://querybuscas.com/pages/sponsors,,3925,404,69908,13101,980,text/html; charset=UTF-8,634.553791ms,,3a7ddf55
spool,https://querybuscas.com/pages/spool,,3926,404,69908,13101,980,text/html; charset=UTF-8,640.367815ms,,3a7ddf56
sport,https://querybuscas.com/pages/sport,,3927,404,69908,13101,980,text/html; charset=UTF-8,610.389914ms,,3a7ddf57
sports,https://querybuscas.com/pages/sports,,3928,404,69908,13101,980,text/html; charset=UTF-8,607.330706ms,,3a7ddf58
spotlight,https://querybuscas.com/pages/spotlight,,3929,404,69908,13101,980,text/html; charset=UTF-8,538.15615ms,,3a7ddf59
spryassets,https://querybuscas.com/pages/spryassets,,3930,404,69908,13101,980,text/html; charset=UTF-8,601.161181ms,,3a7ddf5a
spyware,https://querybuscas.com/pages/spyware,,3931,404,69908,13101,980,text/html; charset=UTF-8,595.406767ms,,3a7ddf5b
sq,https://querybuscas.com/pages/sq,,3932,404,69908,13101,980,text/html; charset=UTF-8,590.415494ms,,3a7ddf5c
sql,https://querybuscas.com/pages/sql,,3933,404,69908,13101,980,text/html; charset=UTF-8,547.627595ms,,3a7ddf5d
sql-admin,https://querybuscas.com/pages/sql-admin,,3934,404,69908,13101,980,text/html; charset=UTF-8,577.892664ms,,3a7ddf5e
sqladmin,https://querybuscas.com/pages/sqladmin,,3935,404,69908,13101,980,text/html; charset=UTF-8,593.314835ms,,3a7ddf5f
sqlmanager,https://querybuscas.com/pages/sqlmanager,,3936,404,69908,13101,980,text/html; charset=UTF-8,587.874066ms,,3a7ddf60
sqlnet,https://querybuscas.com/pages/sqlnet,,3937,404,69908,13101,980,text/html; charset=UTF-8,548.148002ms,,3a7ddf61
sqlweb,https://querybuscas.com/pages/sqlweb,,3938,404,69908,13101,980,text/html; charset=UTF-8,570.873361ms,,3a7ddf62
squelettes,https://querybuscas.com/pages/squelettes,,3939,404,69908,13101,980,text/html; charset=UTF-8,520.442089ms,,3a7ddf63
squelettes-dist,https://querybuscas.com/pages/squelettes-dist,,3940,404,69908,13101,980,text/html; charset=UTF-8,565.513908ms,,3a7ddf64
squirrel,https://querybuscas.com/pages/squirrel,,3941,404,69908,13101,980,text/html; charset=UTF-8,641.560133ms,,3a7ddf65
squirrelmail,https://querybuscas.com/pages/squirrelmail,,3942,404,69908,13101,980,text/html; charset=UTF-8,581.347366ms,,3a7ddf66
sr,https://querybuscas.com/pages/sr,,3943,404,69908,13101,980,text/html; charset=UTF-8,539.225685ms,,3a7ddf67
src,https://querybuscas.com/pages/src,,3944,404,69908,13101,980,text/html; charset=UTF-8,595.189022ms,,3a7ddf68
srchad,https://querybuscas.com/pages/srchad,,3945,404,69908,13101,980,text/html; charset=UTF-8,510.352376ms,,3a7ddf69
srv,https://querybuscas.com/pages/srv,,3946,404,69908,13101,980,text/html; charset=UTF-8,579.613881ms,,3a7ddf6a
ss,https://querybuscas.com/pages/ss,,3947,404,69908,13101,980,text/html; charset=UTF-8,571.295054ms,,3a7ddf6b
ss_vms_admin_sm,https://querybuscas.com/pages/ss_vms_admin_sm,,3948,404,69908,13101,980,text/html; charset=UTF-8,554.374179ms,,3a7ddf6c
ssfm,https://querybuscas.com/pages/ssfm,,3949,404,69908,13101,980,text/html; charset=UTF-8,552.528522ms,,3a7ddf6d
ssh,https://querybuscas.com/pages/ssh,,3950,404,69908,13101,980,text/html; charset=UTF-8,555.895906ms,,3a7ddf6e
sshadmin,https://querybuscas.com/pages/sshadmin,,3951,404,69908,13101,980,text/html; charset=UTF-8,529.355048ms,,3a7ddf6f
ssi,https://querybuscas.com/pages/ssi,,3952,404,69908,13101,980,text/html; charset=UTF-8,598.529865ms,,3a7ddf70
ssl,https://querybuscas.com/pages/ssl,,3953,404,69908,13101,980,text/html; charset=UTF-8,528.689944ms,,3a7ddf71
ssl_check,https://querybuscas.com/pages/ssl_check,,3954,404,69908,13101,980,text/html; charset=UTF-8,563.486623ms,,3a7ddf72
sslvpn,https://querybuscas.com/pages/sslvpn,,3955,404,69908,13101,980,text/html; charset=UTF-8,546.482315ms,,3a7ddf73
ssn,https://querybuscas.com/pages/ssn,,3956,404,69908,13101,980,text/html; charset=UTF-8,561.763333ms,,3a7ddf74
sso,https://querybuscas.com/pages/sso,,3957,404,69908,13101,980,text/html; charset=UTF-8,536.214968ms,,3a7ddf75
ssp_director,https://querybuscas.com/pages/ssp_director,,3958,404,69908,13101,980,text/html; charset=UTF-8,557.687191ms,,3a7ddf76
st,https://querybuscas.com/pages/st,,3959,404,69908,13101,980,text/html; charset=UTF-8,623.104496ms,,3a7ddf77
stackdump,https://querybuscas.com/pages/stackdump,,3960,404,69908,13101,980,text/html; charset=UTF-8,556.486831ms,,3a7ddf78
staff,https://querybuscas.com/pages/staff,,3961,404,69908,13101,980,text/html; charset=UTF-8,647.568144ms,,3a7ddf79
staff_directory,https://querybuscas.com/pages/staff_directory,,3962,404,69908,13101,980,text/html; charset=UTF-8,575.726394ms,,3a7ddf7a
stage,https://querybuscas.com/pages/stage,,3963,404,69908,13101,980,text/html; charset=UTF-8,531.100433ms,,3a7ddf7b
staging,https://querybuscas.com/pages/staging,,3964,404,69908,13101,980,text/html; charset=UTF-8,616.529444ms,,3a7ddf7c
stale,https://querybuscas.com/pages/stale,,3965,404,69908,13101,980,text/html; charset=UTF-8,517.999525ms,,3a7ddf7d
standalone,https://querybuscas.com/pages/standalone,,3966,404,69908,13101,980,text/html; charset=UTF-8,620.504484ms,,3a7ddf7e
standard,https://querybuscas.com/pages/standard,,3967,404,69908,13101,980,text/html; charset=UTF-8,584.286265ms,,3a7ddf7f
standards,https://querybuscas.com/pages/standards,,3968,404,69908,13101,980,text/html; charset=UTF-8,579.232732ms,,3a7ddf80
star,https://querybuscas.com/pages/star,,3969,404,69908,13101,980,text/html; charset=UTF-8,572.19163ms,,3a7ddf81
staradmin,https://querybuscas.com/pages/staradmin,,3970,404,69908,13101,980,text/html; charset=UTF-8,573.906177ms,,3a7ddf82
start,https://querybuscas.com/pages/start,,3971,404,69908,13101,980,text/html; charset=UTF-8,652.846861ms,,3a7ddf83
starter,https://querybuscas.com/pages/starter,,3972,404,69908,13101,980,text/html; charset=UTF-8,546.736ms,,3a7ddf84
startpage,https://querybuscas.com/pages/startpage,,3973,404,69908,13101,980,text/html; charset=UTF-8,511.371814ms,,3a7ddf85
stat,https://querybuscas.com/pages/stat,,3974,404,69908,13101,980,text/html; charset=UTF-8,597.341354ms,,3a7ddf86
state,https://querybuscas.com/pages/state,,3975,404,69908,13101,980,text/html; charset=UTF-8,507.602977ms,,3a7ddf87
statement,https://querybuscas.com/pages/statement,,3976,404,69908,13101,980,text/html; charset=UTF-8,586.668016ms,,3a7ddf88
statements,https://querybuscas.com/pages/statements,,3977,404,69908,13101,980,text/html; charset=UTF-8,635.694553ms,,3a7ddf89
states,https://querybuscas.com/pages/states,,3978,404,69908,13101,980,text/html; charset=UTF-8,604.926392ms,,3a7ddf8a
static,https://querybuscas.com/pages/static,,3979,404,69908,13101,980,text/html; charset=UTF-8,535.553006ms,,3a7ddf8b
staticpages,https://querybuscas.com/pages/staticpages,,3980,404,69908,13101,980,text/html; charset=UTF-8,610.615813ms,,3a7ddf8c
statistic,https://querybuscas.com/pages/statistic,,3981,404,69908,13101,980,text/html; charset=UTF-8,686.077333ms,,3a7ddf8d
statistics,https://querybuscas.com/pages/statistics,,3982,404,69908,13101,980,text/html; charset=UTF-8,623.873768ms,,3a7ddf8e
statistik,https://querybuscas.com/pages/statistik,,3983,404,69908,13101,980,text/html; charset=UTF-8,518.281004ms,,3a7ddf8f
stats,https://querybuscas.com/pages/stats,,3984,404,69908,13101,980,text/html; charset=UTF-8,577.203979ms,,3a7ddf90
statshistory,https://querybuscas.com/pages/statshistory,,3985,404,69908,13101,980,text/html; charset=UTF-8,544.660047ms,,3a7ddf91
status,https://querybuscas.com/pages/status,,3986,404,69908,13101,980,text/html; charset=UTF-8,698.340777ms,,3a7ddf92
status/ready,https://querybuscas.com/pages/status/ready,,3987,404,69908,13101,980,text/html; charset=UTF-8,680.874703ms,,3a7ddf93
statusicon,https://querybuscas.com/pages/statusicon,,3988,404,69908,13101,980,text/html; charset=UTF-8,704.243478ms,,3a7ddf94
stock,https://querybuscas.com/pages/stock,,3989,404,69908,13101,980,text/html; charset=UTF-8,682.274415ms,,3a7ddf95
stoneedge,https://querybuscas.com/pages/stoneedge,,3990,404,69908,13101,980,text/html; charset=UTF-8,703.971361ms,,3a7ddf96
stop,https://querybuscas.com/pages/stop,,3991,404,69908,13101,980,text/html; charset=UTF-8,625.608337ms,,3a7ddf97
storage,https://querybuscas.com/pages/storage,,3992,404,69908,13101,980,text/html; charset=UTF-8,539.495998ms,,3a7ddf98
store,https://querybuscas.com/pages/store,,3993,404,69908,13101,980,text/html; charset=UTF-8,562.273758ms,,3a7ddf99
store_closed,https://querybuscas.com/pages/store_closed,,3994,404,69908,13101,980,text/html; charset=UTF-8,588.555652ms,,3a7ddf9a
stored,https://querybuscas.com/pages/stored,,3995,404,69908,13101,980,text/html; charset=UTF-8,541.190403ms,,3a7ddf9b
stores,https://querybuscas.com/pages/stores,,3996,404,69908,13101,980,text/html; charset=UTF-8,564.935113ms,,3a7ddf9c
stories,https://querybuscas.com/pages/stories,,3997,404,69908,13101,980,text/html; charset=UTF-8,591.964282ms,,3a7ddf9d
story,https://querybuscas.com/pages/story,,3998,404,69908,13101,980,text/html; charset=UTF-8,548.979674ms,,3a7ddf9e
stow,https://querybuscas.com/pages/stow,,3999,404,69908,13101,980,text/html; charset=UTF-8,521.014799ms,,3a7ddf9f
stream,https://querybuscas.com/pages/stream,,4001,404,69908,13101,980,text/html; charset=UTF-8,533.848079ms,,3a7ddfa1
strategy,https://querybuscas.com/pages/strategy,,4000,404,69908,13101,980,text/html; charset=UTF-8,569.316159ms,,3a7ddfa0
string,https://querybuscas.com/pages/string,,4002,404,69908,13101,980,text/html; charset=UTF-8,561.668933ms,,3a7ddfa2
strut,https://querybuscas.com/pages/strut,,4003,404,69908,13101,980,text/html; charset=UTF-8,631.539318ms,,3a7ddfa3
struts,https://querybuscas.com/pages/struts,,4004,404,69908,13101,980,text/html; charset=UTF-8,611.58988ms,,3a7ddfa4
student,https://querybuscas.com/pages/student,,4005,404,69908,13101,980,text/html; charset=UTF-8,582.286785ms,,3a7ddfa5
students,https://querybuscas.com/pages/students,,4006,404,69908,13101,980,text/html; charset=UTF-8,601.128471ms,,3a7ddfa6
studio,https://querybuscas.com/pages/studio,,4007,404,69908,13101,980,text/html; charset=UTF-8,616.087963ms,,3a7ddfa7
stuff,https://querybuscas.com/pages/stuff,,4008,404,69908,13101,980,text/html; charset=UTF-8,564.763599ms,,3a7ddfa8
style,https://querybuscas.com/pages/style,,4009,404,69908,13101,980,text/html; charset=UTF-8,547.768088ms,,3a7ddfa9
style_avatars,https://querybuscas.com/pages/style_avatars,,4010,404,69908,13101,980,text/html; charset=UTF-8,529.657681ms,,3a7ddfaa
style_captcha,https://querybuscas.com/pages/style_captcha,,4011,404,69908,13101,980,text/html; charset=UTF-8,530.000789ms,,3a7ddfab
style_css,https://querybuscas.com/pages/style_css,,4012,404,69908,13101,980,text/html; charset=UTF-8,564.824639ms,,3a7ddfac
style_emoticons,https://querybuscas.com/pages/style_emoticons,,4013,404,69908,13101,980,text/html; charset=UTF-8,546.998408ms,,3a7ddfad
style_images,https://querybuscas.com/pages/style_images,,4014,404,69908,13101,980,text/html; charset=UTF-8,517.528765ms,,3a7ddfae
styles,https://querybuscas.com/pages/styles,,4015,404,69908,13101,980,text/html; charset=UTF-8,572.738286ms,,3a7ddfaf
stylesheet,https://querybuscas.com/pages/stylesheet,,4016,404,69908,13101,980,text/html; charset=UTF-8,530.739255ms,,3a7ddfb0
stylesheets,https://querybuscas.com/pages/stylesheets,,4017,404,69908,13101,980,text/html; charset=UTF-8,503.918817ms,,3a7ddfb1
sub,https://querybuscas.com/pages/sub,,4018,404,69908,13101,980,text/html; charset=UTF-8,624.963015ms,,3a7ddfb2
sub-login,https://querybuscas.com/pages/sub-login,,4019,404,69908,13101,980,text/html; charset=UTF-8,590.317033ms,,3a7ddfb3
subdomains,https://querybuscas.com/pages/subdomains,,4020,404,69908,13101,980,text/html; charset=UTF-8,565.31454ms,,3a7ddfb4
subject,https://querybuscas.com/pages/subject,,4021,404,69908,13101,980,text/html; charset=UTF-8,559.863332ms,,3a7ddfb5
submenus,https://querybuscas.com/pages/submenus,,4022,404,69908,13101,980,text/html; charset=UTF-8,527.45502ms,,3a7ddfb6
submissions,https://querybuscas.com/pages/submissions,,4023,404,69908,13101,980,text/html; charset=UTF-8,531.472911ms,,3a7ddfb7
submit,https://querybuscas.com/pages/submit,,4024,404,69908,13101,980,text/html; charset=UTF-8,571.238918ms,,3a7ddfb8
submitter,https://querybuscas.com/pages/submitter,,4025,404,69908,13101,980,text/html; charset=UTF-8,534.321814ms,,3a7ddfb9
subs,https://querybuscas.com/pages/subs,,4026,404,69908,13101,980,text/html; charset=UTF-8,561.387871ms,,3a7ddfba
subscribe,https://querybuscas.com/pages/subscribe,,4027,404,69908,13101,980,text/html; charset=UTF-8,577.830215ms,,3a7ddfbb
subscribed,https://querybuscas.com/pages/subscribed,,4028,404,69908,13101,980,text/html; charset=UTF-8,577.276617ms,,3a7ddfbc
subscriber,https://querybuscas.com/pages/subscriber,,4029,404,69908,13101,980,text/html; charset=UTF-8,519.658948ms,,3a7ddfbd
subscribers,https://querybuscas.com/pages/subscribers,,4030,404,69908,13101,980,text/html; charset=UTF-8,554.580216ms,,3a7ddfbe
subscriptions,https://querybuscas.com/pages/subscriptions,,4032,404,69908,13101,980,text/html; charset=UTF-8,571.324727ms,,3a7ddfc0
subscription,https://querybuscas.com/pages/subscription,,4031,404,69908,13101,980,text/html; charset=UTF-8,620.990393ms,,3a7ddfbf
success,https://querybuscas.com/pages/success,,4033,404,69908,13101,980,text/html; charset=UTF-8,559.578252ms,,3a7ddfc1
suche,https://querybuscas.com/pages/suche,,4034,404,69908,13101,980,text/html; charset=UTF-8,554.29063ms,,3a7ddfc2
sucontact,https://querybuscas.com/pages/sucontact,,4035,404,69908,13101,980,text/html; charset=UTF-8,556.369717ms,,3a7ddfc3
suffix,https://querybuscas.com/pages/suffix,,4036,404,69908,13101,980,text/html; charset=UTF-8,524.175889ms,,3a7ddfc4
suggest,https://querybuscas.com/pages/suggest,,4037,404,69908,13101,980,text/html; charset=UTF-8,555.517441ms,,3a7ddfc5
suggest-listing,https://querybuscas.com/pages/suggest-listing,,4038,404,69908,13101,980,text/html; charset=UTF-8,509.726469ms,,3a7ddfc6
suite,https://querybuscas.com/pages/suite,,4039,404,69908,13101,980,text/html; charset=UTF-8,562.496741ms,,3a7ddfc7
suites,https://querybuscas.com/pages/suites,,4040,404,69908,13101,980,text/html; charset=UTF-8,525.464548ms,,3a7ddfc8
summary,https://querybuscas.com/pages/summary,,4041,404,69908,13101,980,text/html; charset=UTF-8,590.431389ms,,3a7ddfc9
sun,https://querybuscas.com/pages/sun,,4042,404,69908,13101,980,text/html; charset=UTF-8,500.601743ms,,3a7ddfca
sunos,https://querybuscas.com/pages/sunos,,4043,404,69908,13101,980,text/html; charset=UTF-8,648.154796ms,,3a7ddfcb
super,https://querybuscas.com/pages/super,,4044,404,69908,13101,980,text/html; charset=UTF-8,611.328079ms,,3a7ddfcc
supplier,https://querybuscas.com/pages/supplier,,4045,404,69908,13101,980,text/html; charset=UTF-8,600.117299ms,,3a7ddfcd
support,https://querybuscas.com/pages/support,,4046,404,69908,13101,980,text/html; charset=UTF-8,535.615635ms,,3a7ddfce
support_login,https://querybuscas.com/pages/support_login,,4047,404,69908,13101,980,text/html; charset=UTF-8,561.821616ms,,3a7ddfcf
supported,https://querybuscas.com/pages/supported,,4048,404,69908,13101,980,text/html; charset=UTF-8,615.837647ms,,3a7ddfd0
surf,https://querybuscas.com/pages/surf,,4049,404,69908,13101,980,text/html; charset=UTF-8,572.723723ms,,3a7ddfd1
survey,https://querybuscas.com/pages/survey,,4050,404,69908,13101,980,text/html; charset=UTF-8,599.706869ms,,3a7ddfd2
surveys,https://querybuscas.com/pages/surveys,,4051,404,69908,13101,980,text/html; charset=UTF-8,633.606226ms,,3a7ddfd3
suspended.page,https://querybuscas.com/pages/suspended.page,,4052,404,69908,13101,980,text/html; charset=UTF-8,542.278028ms,,3a7ddfd4
suupgrade,https://querybuscas.com/pages/suupgrade,,4053,404,69908,13101,980,text/html; charset=UTF-8,561.112835ms,,3a7ddfd5
sv,https://querybuscas.com/pages/sv,,4054,404,69908,13101,980,text/html; charset=UTF-8,541.03745ms,,3a7ddfd6
svc,https://querybuscas.com/pages/svc,,4055,404,69908,13101,980,text/html; charset=UTF-8,595.279223ms,,3a7ddfd7
svn,https://querybuscas.com/pages/svn,,4056,404,69908,13101,980,text/html; charset=UTF-8,600.216429ms,,3a7ddfd8
svn-base,https://querybuscas.com/pages/svn-base,,4057,404,69908,13101,980,text/html; charset=UTF-8,514.887588ms,,3a7ddfd9
svr,https://querybuscas.com/pages/svr,,4058,404,69908,13101,980,text/html; charset=UTF-8,555.152414ms,,3a7ddfda
sw,https://querybuscas.com/pages/sw,,4059,404,69908,13101,980,text/html; charset=UTF-8,560.166339ms,,3a7ddfdb
swajax1,https://querybuscas.com/pages/swajax1,,4060,404,69908,13101,980,text/html; charset=UTF-8,588.535003ms,,3a7ddfdc
swf,https://querybuscas.com/pages/swf,,4061,404,69908,13101,980,text/html; charset=UTF-8,654.008452ms,,3a7ddfdd
swfs,https://querybuscas.com/pages/swfs,,4063,404,69908,13101,980,text/html; charset=UTF-8,681.599063ms,,3a7ddfdf
switch,https://querybuscas.com/pages/switch,,4064,404,69908,13101,980,text/html; charset=UTF-8,576.385379ms,,3a7ddfe0
sws,https://querybuscas.com/pages/sws,,4065,404,69908,13101,980,text/html; charset=UTF-8,537.810827ms,,3a7ddfe1
swfobject.js,https://querybuscas.com/pages/swfobject.js,,4062,404,68970,13094,980,text/html; charset=UTF-8,903.350361ms,,3a7ddfde
synapse,https://querybuscas.com/pages/synapse,,4066,404,69908,13101,980,text/html; charset=UTF-8,582.34943ms,,3a7ddfe2
sync,https://querybuscas.com/pages/sync,,4067,404,69908,13101,980,text/html; charset=UTF-8,641.043557ms,,3a7ddfe3
synced,https://querybuscas.com/pages/synced,,4068,404,69908,13101,980,text/html; charset=UTF-8,520.678243ms,,3a7ddfe4
syndication,https://querybuscas.com/pages/syndication,,4069,404,69908,13101,980,text/html; charset=UTF-8,589.75302ms,,3a7ddfe5
sys,https://querybuscas.com/pages/sys,,4070,404,69908,13101,980,text/html; charset=UTF-8,530.29423ms,,3a7ddfe6
sysadmin,https://querybuscas.com/pages/sysadmin,,4072,404,69908,13101,980,text/html; charset=UTF-8,531.842866ms,,3a7ddfe8
sys-admin,https://querybuscas.com/pages/sys-admin,,4071,404,69908,13101,980,text/html; charset=UTF-8,504.60453ms,,3a7ddfe7
sysadmin2,https://querybuscas.com/pages/sysadmin2,,4073,404,69908,13101,980,text/html; charset=UTF-8,568.303664ms,,3a7ddfe9
sysadmins,https://querybuscas.com/pages/sysadmins,,4074,404,69908,13101,980,text/html; charset=UTF-8,638.227941ms,,3a7ddfea
sysmanager,https://querybuscas.com/pages/sysmanager,,4075,404,69908,13101,980,text/html; charset=UTF-8,607.506217ms,,3a7ddfeb
system,https://querybuscas.com/pages/system,,4076,404,69908,13101,980,text/html; charset=UTF-8,538.927823ms,,3a7ddfec
system-admin,https://querybuscas.com/pages/system-admin,,4077,404,69908,13101,980,text/html; charset=UTF-8,552.02016ms,,3a7ddfed
system-administration,https://querybuscas.com/pages/system-administration,,4078,404,69908,13101,980,text/html; charset=UTF-8,630.691543ms,,3a7ddfee
system_admin,https://querybuscas.com/pages/system_admin,,4079,404,69908,13101,980,text/html; charset=UTF-8,597.126038ms,,3a7ddfef
system_administration,https://querybuscas.com/pages/system_administration,,4080,404,69908,13101,980,text/html; charset=UTF-8,537.609819ms,,3a7ddff0
system_web,https://querybuscas.com/pages/system_web,,4081,404,69908,13101,980,text/html; charset=UTF-8,601.42868ms,,3a7ddff1
systems,https://querybuscas.com/pages/systems,,4082,404,69908,13101,980,text/html; charset=UTF-8,550.627062ms,,3a7ddff2
sysuser,https://querybuscas.com/pages/sysuser,,4083,404,69908,13101,980,text/html; charset=UTF-8,531.443893ms,,3a7ddff3
szukaj,https://querybuscas.com/pages/szukaj,,4084,404,69908,13101,980,text/html; charset=UTF-8,587.717461ms,,3a7ddff4
t,https://querybuscas.com/pages/t,,4085,404,69908,13101,980,text/html; charset=UTF-8,595.317703ms,,3a7ddff5
t1,https://querybuscas.com/pages/t1,,4086,404,69908,13101,980,text/html; charset=UTF-8,689.926741ms,,3a7ddff6
t3lib,https://querybuscas.com/pages/t3lib,,4087,404,69908,13101,980,text/html; charset=UTF-8,680.967794ms,,3a7ddff7
table,https://querybuscas.com/pages/table,,4088,404,69908,13101,980,text/html; charset=UTF-8,705.990127ms,,3a7ddff8
tabs,https://querybuscas.com/pages/tabs,,4089,404,69908,13101,980,text/html; charset=UTF-8,680.591793ms,,3a7ddff9
tag,https://querybuscas.com/pages/tag,,4090,404,69908,13101,980,text/html; charset=UTF-8,621.729668ms,,3a7ddffa
tagline,https://querybuscas.com/pages/tagline,,4091,404,69908,13101,980,text/html; charset=UTF-8,524.739471ms,,3a7ddffb
tags,https://querybuscas.com/pages/tags,,4092,404,69908,13101,980,text/html; charset=UTF-8,549.658125ms,,3a7ddffc
talk,https://querybuscas.com/pages/talk,,4094,404,69908,13101,980,text/html; charset=UTF-8,563.590386ms,,3a7ddffe
tail,https://querybuscas.com/pages/tail,,4093,404,69908,13101,980,text/html; charset=UTF-8,580.189846ms,,3a7ddffd
talks,https://querybuscas.com/pages/talks,,4095,404,69908,13101,980,text/html; charset=UTF-8,559.923844ms,,3a7ddfff
tape,https://querybuscas.com/pages/tape,,4096,404,69908,13101,980,text/html; charset=UTF-8,666.91427ms,,3a7dd1000
tapes,https://querybuscas.com/pages/tapes,,4097,404,69908,13101,980,text/html; charset=UTF-8,583.308935ms,,3a7dd1001
tapestry,https://querybuscas.com/pages/tapestry,,4098,404,69908,13101,980,text/html; charset=UTF-8,602.931033ms,,3a7dd1002
tar,https://querybuscas.com/pages/tar,,4099,404,69908,13101,980,text/html; charset=UTF-8,561.245321ms,,3a7dd1003
target,https://querybuscas.com/pages/target,,4102,404,69908,13101,980,text/html; charset=UTF-8,551.912065ms,,3a7dd1006
tartarus,https://querybuscas.com/pages/tartarus,,4103,404,69908,13101,980,text/html; charset=UTF-8,563.964517ms,,3a7dd1007
task,https://querybuscas.com/pages/task,,4104,404,69908,13101,980,text/html; charset=UTF-8,549.147108ms,,3a7dd1008
tar.gz,https://querybuscas.com/pages/tar.gz,,4101,404,69908,13101,980,text/html; charset=UTF-8,860.49362ms,,3a7dd1005
tar.bz2,https://querybuscas.com/pages/tar.bz2,,4100,404,69908,13101,980,text/html; charset=UTF-8,896.27393ms,,3a7dd1004
tasks,https://querybuscas.com/pages/tasks,,4105,404,69908,13101,980,text/html; charset=UTF-8,508.386953ms,,3a7dd1009
taxonomy,https://querybuscas.com/pages/taxonomy,,4106,404,69908,13101,980,text/html; charset=UTF-8,571.22078ms,,3a7dd100a
tb,https://querybuscas.com/pages/tb,,4107,404,69908,13101,980,text/html; charset=UTF-8,634.436691ms,,3a7dd100b
tcl,https://querybuscas.com/pages/tcl,,4108,404,69908,13101,980,text/html; charset=UTF-8,579.970565ms,,3a7dd100c
te,https://querybuscas.com/pages/te,,4109,404,69908,13101,980,text/html; charset=UTF-8,620.542135ms,,3a7dd100d
team,https://querybuscas.com/pages/team,,4110,404,69908,13101,980,text/html; charset=UTF-8,550.013747ms,,3a7dd100e
tech,https://querybuscas.com/pages/tech,,4111,404,69908,13101,980,text/html; charset=UTF-8,570.496319ms,,3a7dd100f
technical,https://querybuscas.com/pages/technical,,4112,404,69908,13101,980,text/html; charset=UTF-8,523.018455ms,,3a7dd1010
technology,https://querybuscas.com/pages/technology,,4113,404,69908,13101,980,text/html; charset=UTF-8,615.641342ms,,3a7dd1011
tel,https://querybuscas.com/pages/tel,,4114,404,69908,13101,980,text/html; charset=UTF-8,517.295901ms,,3a7dd1012
tele,https://querybuscas.com/pages/tele,,4115,404,69908,13101,980,text/html; charset=UTF-8,539.664227ms,,3a7dd1013
television,https://querybuscas.com/pages/television,,4116,404,69908,13101,980,text/html; charset=UTF-8,616.092878ms,,3a7dd1014
tell_a_friend,https://querybuscas.com/pages/tell_a_friend,,4117,404,69908,13101,980,text/html; charset=UTF-8,668.893834ms,,3a7dd1015
tell_friend,https://querybuscas.com/pages/tell_friend,,4118,404,69908,13101,980,text/html; charset=UTF-8,613.588111ms,,3a7dd1016
tellafriend,https://querybuscas.com/pages/tellafriend,,4119,404,69908,13101,980,text/html; charset=UTF-8,587.973436ms,,3a7dd1017
temaoversikt,https://querybuscas.com/pages/temaoversikt,,4120,404,69908,13101,980,text/html; charset=UTF-8,633.116042ms,,3a7dd1018
temp,https://querybuscas.com/pages/temp,,4121,404,69908,13101,980,text/html; charset=UTF-8,567.514165ms,,3a7dd1019
templ,https://querybuscas.com/pages/templ,,4122,404,69908,13101,980,text/html; charset=UTF-8,580.160211ms,,3a7dd101a
template,https://querybuscas.com/pages/template,,4123,404,69908,13101,980,text/html; charset=UTF-8,524.610511ms,,3a7dd101b
templates,https://querybuscas.com/pages/templates,,4124,404,69908,13101,980,text/html; charset=UTF-8,598.84631ms,,3a7dd101c
templates_c,https://querybuscas.com/pages/templates_c,,4125,404,69908,13101,980,text/html; charset=UTF-8,537.760191ms,,3a7dd101d
templets,https://querybuscas.com/pages/templets,,4126,404,69908,13101,980,text/html; charset=UTF-8,596.645306ms,,3a7dd101e
temporal,https://querybuscas.com/pages/temporal,,4127,404,69908,13101,980,text/html; charset=UTF-8,555.894902ms,,3a7dd101f
temps,https://querybuscas.com/pages/temps,,4129,404,69908,13101,980,text/html; charset=UTF-8,541.282951ms,,3a7dd1021
temporary,https://querybuscas.com/pages/temporary,,4128,404,69908,13101,980,text/html; charset=UTF-8,606.251654ms,,3a7dd1020
term,https://querybuscas.com/pages/term,,4130,404,69908,13101,980,text/html; charset=UTF-8,558.994306ms,,3a7dd1022
terminal,https://querybuscas.com/pages/terminal,,4131,404,69908,13101,980,text/html; charset=UTF-8,591.74064ms,,3a7dd1023
terms,https://querybuscas.com/pages/terms,,4132,404,69908,13101,980,text/html; charset=UTF-8,504.580975ms,,3a7dd1024
terms-of-use,https://querybuscas.com/pages/terms-of-use,,4133,404,69908,13101,980,text/html; charset=UTF-8,602.273385ms,,3a7dd1025
terms_privacy,https://querybuscas.com/pages/terms_privacy,,4134,404,69908,13101,980,text/html; charset=UTF-8,570.830701ms,,3a7dd1026
termsofuse,https://querybuscas.com/pages/termsofuse,,4135,404,69908,13101,980,text/html; charset=UTF-8,505.062134ms,,3a7dd1027
terrorism,https://querybuscas.com/pages/terrorism,,4136,404,69908,13101,980,text/html; charset=UTF-8,490.728988ms,,3a7dd1028
test,https://querybuscas.com/pages/test,,4137,404,69908,13101,980,text/html; charset=UTF-8,511.875341ms,,3a7dd1029
test-cgi,https://querybuscas.com/pages/test-cgi,,4138,404,69908,13101,980,text/html; charset=UTF-8,564.525129ms,,3a7dd102a
test-env,https://querybuscas.com/pages/test-env,,4139,404,69908,13101,980,text/html; charset=UTF-8,623.829119ms,,3a7dd102b
test1,https://querybuscas.com/pages/test1,,4140,404,69908,13101,980,text/html; charset=UTF-8,611.001471ms,,3a7dd102c
test123,https://querybuscas.com/pages/test123,,4141,404,69908,13101,980,text/html; charset=UTF-8,581.702883ms,,3a7dd102d
test1234,https://querybuscas.com/pages/test1234,,4142,404,69908,13101,980,text/html; charset=UTF-8,635.150699ms,,3a7dd102e
test2,https://querybuscas.com/pages/test2,,4143,404,69908,13101,980,text/html; charset=UTF-8,569.038025ms,,3a7dd102f
test3,https://querybuscas.com/pages/test3,,4144,404,69908,13101,980,text/html; charset=UTF-8,570.025598ms,,3a7dd1030
test_db,https://querybuscas.com/pages/test_db,,4145,404,69908,13101,980,text/html; charset=UTF-8,584.473624ms,,3a7dd1031
teste,https://querybuscas.com/pages/teste,,4146,404,69908,13101,980,text/html; charset=UTF-8,521.66874ms,,3a7dd1032
testimonial,https://querybuscas.com/pages/testimonial,,4147,404,69908,13101,980,text/html; charset=UTF-8,575.421025ms,,3a7dd1033
testimonials,https://querybuscas.com/pages/testimonials,,4148,404,69908,13101,980,text/html; charset=UTF-8,547.674145ms,,3a7dd1034
testing,https://querybuscas.com/pages/testing,,4149,404,69908,13101,980,text/html; charset=UTF-8,629.186134ms,,3a7dd1035
tests,https://querybuscas.com/pages/tests,,4150,404,69908,13101,980,text/html; charset=UTF-8,576.477107ms,,3a7dd1036
testsite,https://querybuscas.com/pages/testsite,,4151,404,69908,13101,980,text/html; charset=UTF-8,513.782409ms,,3a7dd1037
texis,https://querybuscas.com/pages/texis,,4152,404,69908,13101,980,text/html; charset=UTF-8,496.475433ms,,3a7dd1038
text,https://querybuscas.com/pages/text,,4153,404,69908,13101,980,text/html; charset=UTF-8,535.347288ms,,3a7dd1039
text-base,https://querybuscas.com/pages/text-base,,4154,404,69908,13101,980,text/html; charset=UTF-8,581.926469ms,,3a7dd103a
textobject,https://querybuscas.com/pages/textobject,,4155,404,69908,13101,980,text/html; charset=UTF-8,535.591234ms,,3a7dd103b
textpattern,https://querybuscas.com/pages/textpattern,,4156,404,69908,13101,980,text/html; charset=UTF-8,584.134709ms,,3a7dd103c
texts,https://querybuscas.com/pages/texts,,4157,404,69908,13101,980,text/html; charset=UTF-8,543.086732ms,,3a7dd103d
tgp,https://querybuscas.com/pages/tgp,,4158,404,69908,13101,980,text/html; charset=UTF-8,546.411662ms,,3a7dd103e
tgz,https://querybuscas.com/pages/tgz,,4159,404,69908,13101,980,text/html; charset=UTF-8,597.962308ms,,3a7dd103f
th,https://querybuscas.com/pages/th,,4160,404,69908,13101,980,text/html; charset=UTF-8,654.019438ms,,3a7dd1040
thank-you,https://querybuscas.com/pages/thank-you,,4161,404,69908,13101,980,text/html; charset=UTF-8,574.931822ms,,3a7dd1041
thanks,https://querybuscas.com/pages/thanks,,4162,404,69908,13101,980,text/html; charset=UTF-8,529.990474ms,,3a7dd1042
thankyou,https://querybuscas.com/pages/thankyou,,4163,404,69908,13101,980,text/html; charset=UTF-8,571.589412ms,,3a7dd1043
the,https://querybuscas.com/pages/the,,4164,404,69908,13101,980,text/html; charset=UTF-8,498.80966ms,,3a7dd1044
theme,https://querybuscas.com/pages/theme,,4165,404,69908,13101,980,text/html; charset=UTF-8,636.583382ms,,3a7dd1045
themes,https://querybuscas.com/pages/themes,,4166,404,69908,13101,980,text/html; charset=UTF-8,550.912267ms,,3a7dd1046
thickbox,https://querybuscas.com/pages/thickbox,,4167,404,69908,13101,980,text/html; charset=UTF-8,629.731112ms,,3a7dd1047
third-party,https://querybuscas.com/pages/third-party,,4168,404,69908,13101,980,text/html; charset=UTF-8,523.720977ms,,3a7dd1048
this,https://querybuscas.com/pages/this,,4169,404,69908,13101,980,text/html; charset=UTF-8,520.689234ms,,3a7dd1049
thread,https://querybuscas.com/pages/thread,,4170,404,69908,13101,980,text/html; charset=UTF-8,587.660656ms,,3a7dd104a
threadrate,https://querybuscas.com/pages/threadrate,,4171,404,69908,13101,980,text/html; charset=UTF-8,529.923467ms,,3a7dd104b
threads,https://querybuscas.com/pages/threads,,4172,404,69908,13101,980,text/html; charset=UTF-8,540.423002ms,,3a7dd104c
threadtag,https://querybuscas.com/pages/threadtag,,4173,404,69908,13101,980,text/html; charset=UTF-8,526.093471ms,,3a7dd104d
thumb,https://querybuscas.com/pages/thumb,,4174,404,69908,13101,980,text/html; charset=UTF-8,554.106419ms,,3a7dd104e
thumbnail,https://querybuscas.com/pages/thumbnail,,4175,404,69908,13101,980,text/html; charset=UTF-8,513.682796ms,,3a7dd104f
thumbnails,https://querybuscas.com/pages/thumbnails,,4176,404,69908,13101,980,text/html; charset=UTF-8,547.401228ms,,3a7dd1050
thumbs,https://querybuscas.com/pages/thumbs,,4177,404,69908,13101,980,text/html; charset=UTF-8,601.41412ms,,3a7dd1051
thumbs.db,https://querybuscas.com/pages/thumbs.db,,4178,404,69908,13101,980,text/html; charset=UTF-8,540.740469ms,,3a7dd1052
ticket,https://querybuscas.com/pages/ticket,,4179,404,69908,13101,980,text/html; charset=UTF-8,543.722965ms,,3a7dd1053
ticket_list,https://querybuscas.com/pages/ticket_list,,4180,404,69908,13101,980,text/html; charset=UTF-8,588.90781ms,,3a7dd1054
ticket_new,https://querybuscas.com/pages/ticket_new,,4181,404,69908,13101,980,text/html; charset=UTF-8,656.766581ms,,3a7dd1055
tickets,https://querybuscas.com/pages/tickets,,4182,404,69908,13101,980,text/html; charset=UTF-8,568.757608ms,,3a7dd1056
tienda,https://querybuscas.com/pages/tienda,,4183,404,69908,13101,980,text/html; charset=UTF-8,569.575146ms,,3a7dd1057
tiki,https://querybuscas.com/pages/tiki,,4184,404,69908,13101,980,text/html; charset=UTF-8,906.52255ms,,3a7dd1058
tiles,https://querybuscas.com/pages/tiles,,4185,404,69908,13101,980,text/html; charset=UTF-8,883.504993ms,,3a7dd1059
time,https://querybuscas.com/pages/time,,4186,404,69908,13101,980,text/html; charset=UTF-8,784.059365ms,,3a7dd105a
timeline,https://querybuscas.com/pages/timeline,,4187,404,69908,13101,980,text/html; charset=UTF-8,1.014319813s,,3a7dd105b
tiny_mce,https://querybuscas.com/pages/tiny_mce,,4188,404,69908,13101,980,text/html; charset=UTF-8,818.999916ms,,3a7dd105c
tinymce,https://querybuscas.com/pages/tinymce,,4189,404,69908,13101,980,text/html; charset=UTF-8,707.195185ms,,3a7dd105d
title,https://querybuscas.com/pages/title,,4192,404,69908,13101,980,text/html; charset=UTF-8,495.789931ms,,3a7dd1060
tip,https://querybuscas.com/pages/tip,,4190,404,69908,13101,980,text/html; charset=UTF-8,603.681596ms,,3a7dd105e
tips,https://querybuscas.com/pages/tips,,4191,404,69908,13101,980,text/html; charset=UTF-8,555.647035ms,,3a7dd105f
titles,https://querybuscas.com/pages/titles,,4193,404,69908,13101,980,text/html; charset=UTF-8,631.749121ms,,3a7dd1061
tls,https://querybuscas.com/pages/tls,,4195,404,69908,13101,980,text/html; charset=UTF-8,582.142749ms,,3a7dd1063
tl,https://querybuscas.com/pages/tl,,4194,404,69908,13101,980,text/html; charset=UTF-8,787.230356ms,,3a7dd1062
tmpl,https://querybuscas.com/pages/tmpl,,4197,404,69908,13101,980,text/html; charset=UTF-8,568.5095ms,,3a7dd1065
tmp,https://querybuscas.com/pages/tmp,,4196,404,69908,13101,980,text/html; charset=UTF-8,552.994365ms,,3a7dd1064
tmps,https://querybuscas.com/pages/tmps,,4198,404,69908,13101,980,text/html; charset=UTF-8,618.067466ms,,3a7dd1066
tn,https://querybuscas.com/pages/tn,,4199,404,69908,13101,980,text/html; charset=UTF-8,601.906013ms,,3a7dd1067
tncms,https://querybuscas.com/pages/tncms,,4200,404,69908,13101,980,text/html; charset=UTF-8,550.284455ms,,3a7dd1068
to,https://querybuscas.com/pages/to,,4201,404,69908,13101,980,text/html; charset=UTF-8,596.118751ms,,3a7dd1069
today,https://querybuscas.com/pages/today,,4203,404,69908,13101,980,text/html; charset=UTF-8,540.528326ms,,3a7dd106b
toc,https://querybuscas.com/pages/toc,,4202,404,69908,13101,980,text/html; charset=UTF-8,553.632372ms,,3a7dd106a
todel,https://querybuscas.com/pages/todel,,4204,404,69908,13101,980,text/html; charset=UTF-8,534.753206ms,,3a7dd106c
todo,https://querybuscas.com/pages/todo,,4205,404,69908,13101,980,text/html; charset=UTF-8,499.080347ms,,3a7dd106d
toggle,https://querybuscas.com/pages/toggle,,4206,404,69908,13101,980,text/html; charset=UTF-8,604.906375ms,,3a7dd106e
token,https://querybuscas.com/pages/token,,4207,404,69908,13101,980,text/html; charset=UTF-8,614.185691ms,,3a7dd106f
token/introspect,https://querybuscas.com/pages/token/introspect,,4208,404,69908,13101,980,text/html; charset=UTF-8,538.307107ms,,3a7dd1070
token/revoke,https://querybuscas.com/pages/token/revoke,,4209,404,69908,13101,980,text/html; charset=UTF-8,506.77431ms,,3a7dd1071
tomcat,https://querybuscas.com/pages/tomcat,,4210,404,69908,13101,980,text/html; charset=UTF-8,747.706956ms,,3a7dd1072
tomcat-docs,https://querybuscas.com/pages/tomcat-docs,,4211,404,69908,13101,980,text/html; charset=UTF-8,707.596837ms,,3a7dd1073
tool,https://querybuscas.com/pages/tool,,4212,404,69908,13101,980,text/html; charset=UTF-8,671.053917ms,,3a7dd1074
toolbar,https://querybuscas.com/pages/toolbar,,4213,404,69908,13101,980,text/html; charset=UTF-8,600.846984ms,,3a7dd1075
toolkit,https://querybuscas.com/pages/toolkit,,4214,404,69908,13101,980,text/html; charset=UTF-8,530.501995ms,,3a7dd1076
tools,https://querybuscas.com/pages/tools,,4215,404,69908,13101,980,text/html; charset=UTF-8,568.761343ms,,3a7dd1077
top,https://querybuscas.com/pages/top,,4216,404,69908,13101,980,text/html; charset=UTF-8,491.941031ms,,3a7dd1078
top1,https://querybuscas.com/pages/top1,,4217,404,69908,13101,980,text/html; charset=UTF-8,543.704968ms,,3a7dd1079
topic,https://querybuscas.com/pages/topic,,4218,404,69908,13101,980,text/html; charset=UTF-8,549.245339ms,,3a7dd107a
topicadmin,https://querybuscas.com/pages/topicadmin,,4219,404,69908,13101,980,text/html; charset=UTF-8,591.047249ms,,3a7dd107b
topics,https://querybuscas.com/pages/topics,,4220,404,69908,13101,980,text/html; charset=UTF-8,556.745626ms,,3a7dd107c
toplist,https://querybuscas.com/pages/toplist,,4221,404,69908,13101,980,text/html; charset=UTF-8,600.314936ms,,3a7dd107d
toplists,https://querybuscas.com/pages/toplists,,4222,404,69908,13101,980,text/html; charset=UTF-8,628.926581ms,,3a7dd107e
topnav,https://querybuscas.com/pages/topnav,,4223,404,69908,13101,980,text/html; charset=UTF-8,568.128157ms,,3a7dd107f
topsites,https://querybuscas.com/pages/topsites,,4224,404,69908,13101,980,text/html; charset=UTF-8,573.194818ms,,3a7dd1080
torrent,https://querybuscas.com/pages/torrent,,4225,404,69908,13101,980,text/html; charset=UTF-8,612.012902ms,,3a7dd1081
torrents,https://querybuscas.com/pages/torrents,,4226,404,69908,13101,980,text/html; charset=UTF-8,605.07764ms,,3a7dd1082
tos,https://querybuscas.com/pages/tos,,4227,404,69908,13101,980,text/html; charset=UTF-8,562.337502ms,,3a7dd1083
tour,https://querybuscas.com/pages/tour,,4228,404,69908,13101,980,text/html; charset=UTF-8,596.380601ms,,3a7dd1084
tours,https://querybuscas.com/pages/tours,,4229,404,69908,13101,980,text/html; charset=UTF-8,627.862651ms,,3a7dd1085
toys,https://querybuscas.com/pages/toys,,4230,404,69908,13101,980,text/html; charset=UTF-8,586.350322ms,,3a7dd1086
tp,https://querybuscas.com/pages/tp,,4231,404,69908,13101,980,text/html; charset=UTF-8,617.334747ms,,3a7dd1087
tpl,https://querybuscas.com/pages/tpl,,4232,404,69908,13101,980,text/html; charset=UTF-8,612.988946ms,,3a7dd1088
tpv,https://querybuscas.com/pages/tpv,,4233,404,69908,13101,980,text/html; charset=UTF-8,612.481072ms,,3a7dd1089
tr,https://querybuscas.com/pages/tr,,4234,404,69908,13101,980,text/html; charset=UTF-8,580.741478ms,,3a7dd108a
trac,https://querybuscas.com/pages/trac,,4235,404,69908,13101,980,text/html; charset=UTF-8,558.952992ms,,3a7dd108b
trace,https://querybuscas.com/pages/trace,,4236,404,69908,13101,980,text/html; charset=UTF-8,560.593899ms,,3a7dd108c
traceroute,https://querybuscas.com/pages/traceroute,,4237,404,69908,13101,980,text/html; charset=UTF-8,581.087807ms,,3a7dd108d
traces,https://querybuscas.com/pages/traces,,4238,404,69908,13101,980,text/html; charset=UTF-8,541.722494ms,,3a7dd108e
track,https://querybuscas.com/pages/track,,4239,404,69908,13101,980,text/html; charset=UTF-8,599.465515ms,,3a7dd108f
trackback,https://querybuscas.com/pages/trackback,,4240,404,69908,13101,980,text/html; charset=UTF-8,598.986909ms,,3a7dd1090
trackclick,https://querybuscas.com/pages/trackclick,,4241,404,69908,13101,980,text/html; charset=UTF-8,625.069619ms,,3a7dd1091
tracker,https://querybuscas.com/pages/tracker,,4242,404,69908,13101,980,text/html; charset=UTF-8,620.460845ms,,3a7dd1092
trackers,https://querybuscas.com/pages/trackers,,4243,404,69908,13101,980,text/html; charset=UTF-8,634.513592ms,,3a7dd1093
tracking,https://querybuscas.com/pages/tracking,,4244,404,69908,13101,980,text/html; charset=UTF-8,562.475296ms,,3a7dd1094
trackpackage,https://querybuscas.com/pages/trackpackage,,4245,404,69908,13101,980,text/html; charset=UTF-8,537.744437ms,,3a7dd1095
tracks,https://querybuscas.com/pages/tracks,,4246,404,69908,13101,980,text/html; charset=UTF-8,538.328933ms,,3a7dd1096
trade,https://querybuscas.com/pages/trade,,4247,404,69908,13101,980,text/html; charset=UTF-8,593.356619ms,,3a7dd1097
trademarks,https://querybuscas.com/pages/trademarks,,4248,404,69908,13101,980,text/html; charset=UTF-8,558.37733ms,,3a7dd1098
traffic,https://querybuscas.com/pages/traffic,,4249,404,69908,13101,980,text/html; charset=UTF-8,644.897479ms,,3a7dd1099
trailer,https://querybuscas.com/pages/trailer,,4250,404,69908,13101,980,text/html; charset=UTF-8,597.880479ms,,3a7dd109a
trailers,https://querybuscas.com/pages/trailers,,4251,404,69908,13101,980,text/html; charset=UTF-8,616.878107ms,,3a7dd109b
training,https://querybuscas.com/pages/training,,4252,404,69908,13101,980,text/html; charset=UTF-8,533.80316ms,,3a7dd109c
trans,https://querybuscas.com/pages/trans,,4253,404,69908,13101,980,text/html; charset=UTF-8,705.396725ms,,3a7dd109d
transaction,https://querybuscas.com/pages/transaction,,4254,404,69908,13101,980,text/html; charset=UTF-8,607.343275ms,,3a7dd109e
transactions,https://querybuscas.com/pages/transactions,,4255,404,69908,13101,980,text/html; charset=UTF-8,626.330605ms,,3a7dd109f
transfer,https://querybuscas.com/pages/transfer,,4256,404,69908,13101,980,text/html; charset=UTF-8,653.892706ms,,3a7dd10a0
transformations,https://querybuscas.com/pages/transformations,,4257,404,69908,13101,980,text/html; charset=UTF-8,614.100575ms,,3a7dd10a1
translate,https://querybuscas.com/pages/translate,,4258,404,69908,13101,980,text/html; charset=UTF-8,598.30425ms,,3a7dd10a2
translations,https://querybuscas.com/pages/translations,,4259,404,69908,13101,980,text/html; charset=UTF-8,633.999861ms,,3a7dd10a3
transparent,https://querybuscas.com/pages/transparent,,4260,404,69908,13101,980,text/html; charset=UTF-8,598.041776ms,,3a7dd10a4
transport,https://querybuscas.com/pages/transport,,4261,404,69908,13101,980,text/html; charset=UTF-8,569.22794ms,,3a7dd10a5
trap,https://querybuscas.com/pages/trap,,4262,404,69908,13101,980,text/html; charset=UTF-8,546.627317ms,,3a7dd10a6
trash,https://querybuscas.com/pages/trash,,4263,404,69908,13101,980,text/html; charset=UTF-8,580.911216ms,,3a7dd10a7
travel,https://querybuscas.com/pages/travel,,4264,404,69908,13101,980,text/html; charset=UTF-8,584.877111ms,,3a7dd10a8
treasury,https://querybuscas.com/pages/treasury,,4265,404,69908,13101,980,text/html; charset=UTF-8,502.063015ms,,3a7dd10a9
trees,https://querybuscas.com/pages/trees,,4267,404,69908,13101,980,text/html; charset=UTF-8,562.979616ms,,3a7dd10ab
tree,https://querybuscas.com/pages/tree,,4266,404,69908,13101,980,text/html; charset=UTF-8,594.190768ms,,3a7dd10aa
trends,https://querybuscas.com/pages/trends,,4268,404,69908,13101,980,text/html; charset=UTF-8,594.719213ms,,3a7dd10ac
trial,https://querybuscas.com/pages/trial,,4269,404,69908,13101,980,text/html; charset=UTF-8,544.727743ms,,3a7dd10ad
true,https://querybuscas.com/pages/true,,4270,404,69908,13101,980,text/html; charset=UTF-8,618.170866ms,,3a7dd10ae
trunk,https://querybuscas.com/pages/trunk,,4271,404,69908,13101,980,text/html; charset=UTF-8,617.261186ms,,3a7dd10af
tsweb,https://querybuscas.com/pages/tsweb,,4273,404,69908,13101,980,text/html; charset=UTF-8,576.388006ms,,3a7dd10b1
tslib,https://querybuscas.com/pages/tslib,,4272,404,69908,13101,980,text/html; charset=UTF-8,560.795574ms,,3a7dd10b0
tt,https://querybuscas.com/pages/tt,,4274,404,69908,13101,980,text/html; charset=UTF-8,589.114403ms,,3a7dd10b2
tuning,https://querybuscas.com/pages/tuning,,4275,404,69908,13101,980,text/html; charset=UTF-8,646.245498ms,,3a7dd10b3
turbine,https://querybuscas.com/pages/turbine,,4276,404,69908,13101,980,text/html; charset=UTF-8,498.570483ms,,3a7dd10b4
tuscany,https://querybuscas.com/pages/tuscany,,4277,404,69908,13101,980,text/html; charset=UTF-8,580.947727ms,,3a7dd10b5
tutorials,https://querybuscas.com/pages/tutorials,,4279,404,69908,13101,980,text/html; charset=UTF-8,523.51097ms,,3a7dd10b7
tutorial,https://querybuscas.com/pages/tutorial,,4278,404,69908,13101,980,text/html; charset=UTF-8,535.597036ms,,3a7dd10b6
tv,https://querybuscas.com/pages/tv,,4280,404,69908,13101,980,text/html; charset=UTF-8,558.655619ms,,3a7dd10b8
tw,https://querybuscas.com/pages/tw,,4281,404,69908,13101,980,text/html; charset=UTF-8,612.3478ms,,3a7dd10b9
twatch,https://querybuscas.com/pages/twatch,,4282,404,69908,13101,980,text/html; charset=UTF-8,613.94058ms,,3a7dd10ba
tweak,https://querybuscas.com/pages/tweak,,4283,404,69908,13101,980,text/html; charset=UTF-8,570.483434ms,,3a7dd10bb
twiki,https://querybuscas.com/pages/twiki,,4284,404,69908,13101,980,text/html; charset=UTF-8,571.674609ms,,3a7dd10bc
twitter,https://querybuscas.com/pages/twitter,,4285,404,69908,13101,980,text/html; charset=UTF-8,622.881441ms,,3a7dd10bd
tx,https://querybuscas.com/pages/tx,,4286,404,69908,13101,980,text/html; charset=UTF-8,602.239333ms,,3a7dd10be
txt,https://querybuscas.com/pages/txt,,4287,404,69908,13101,980,text/html; charset=UTF-8,681.469482ms,,3a7dd10bf
type,https://querybuscas.com/pages/type,,4288,404,69908,13101,980,text/html; charset=UTF-8,588.082214ms,,3a7dd10c0
typo3,https://querybuscas.com/pages/typo3,,4289,404,69908,13101,980,text/html; charset=UTF-8,576.249194ms,,3a7dd10c1
typo3_src,https://querybuscas.com/pages/typo3_src,,4290,404,69908,13101,980,text/html; charset=UTF-8,589.805832ms,,3a7dd10c2
typo3conf,https://querybuscas.com/pages/typo3conf,,4291,404,69908,13101,980,text/html; charset=UTF-8,654.774744ms,,3a7dd10c3
typo3temp,https://querybuscas.com/pages/typo3temp,,4292,404,69908,13101,980,text/html; charset=UTF-8,751.896088ms,,3a7dd10c4
typolight,https://querybuscas.com/pages/typolight,,4293,404,69908,13101,980,text/html; charset=UTF-8,626.887659ms,,3a7dd10c5
u,https://querybuscas.com/pages/u,,4294,404,69908,13101,980,text/html; charset=UTF-8,578.431417ms,,3a7dd10c6
ua,https://querybuscas.com/pages/ua,,4295,404,69908,13101,980,text/html; charset=UTF-8,604.016864ms,,3a7dd10c7
ubb,https://querybuscas.com/pages/ubb,,4296,404,69908,13101,980,text/html; charset=UTF-8,611.775011ms,,3a7dd10c8
uc,https://querybuscas.com/pages/uc,,4297,404,69908,13101,980,text/html; charset=UTF-8,647.536795ms,,3a7dd10c9
uc_client,https://querybuscas.com/pages/uc_client,,4298,404,69908,13101,980,text/html; charset=UTF-8,597.125235ms,,3a7dd10ca
uc_server,https://querybuscas.com/pages/uc_server,,4299,404,69908,13101,980,text/html; charset=UTF-8,613.099574ms,,3a7dd10cb
ucenter,https://querybuscas.com/pages/ucenter,,4300,404,69908,13101,980,text/html; charset=UTF-8,623.468483ms,,3a7dd10cc
ucp,https://querybuscas.com/pages/ucp,,4301,404,69908,13101,980,text/html; charset=UTF-8,596.468412ms,,3a7dd10cd
uddi,https://querybuscas.com/pages/uddi,,4302,404,69908,13101,980,text/html; charset=UTF-8,539.302172ms,,3a7dd10ce
uds,https://querybuscas.com/pages/uds,,4303,404,69908,13101,980,text/html; charset=UTF-8,576.156664ms,,3a7dd10cf
ui,https://querybuscas.com/pages/ui,,4304,404,69908,13101,980,text/html; charset=UTF-8,508.921955ms,,3a7dd10d0
ui_config.properties,https://querybuscas.com/pages/ui_config.properties,,4305,404,69908,13101,980,text/html; charset=UTF-8,618.873519ms,,3a7dd10d1
uk,https://querybuscas.com/pages/uk,,4306,404,69908,13101,980,text/html; charset=UTF-8,566.777238ms,,3a7dd10d2
umbraco,https://querybuscas.com/pages/umbraco,,4307,404,69908,13101,980,text/html; charset=UTF-8,545.336406ms,,3a7dd10d3
umbraco_client,https://querybuscas.com/pages/umbraco_client,,4308,404,69908,13101,980,text/html; charset=UTF-8,580.088128ms,,3a7dd10d4
umts,https://querybuscas.com/pages/umts,,4309,404,69908,13101,980,text/html; charset=UTF-8,636.434725ms,,3a7dd10d5
uncategorized,https://querybuscas.com/pages/uncategorized,,4310,404,69908,13101,980,text/html; charset=UTF-8,554.781711ms,,3a7dd10d6
under_update,https://querybuscas.com/pages/under_update,,4311,404,69908,13101,980,text/html; charset=UTF-8,556.871326ms,,3a7dd10d7
uninstall,https://querybuscas.com/pages/uninstall,,4312,404,69908,13101,980,text/html; charset=UTF-8,498.692147ms,,3a7dd10d8
union,https://querybuscas.com/pages/union,,4313,404,69908,13101,980,text/html; charset=UTF-8,632.020047ms,,3a7dd10d9
unix,https://querybuscas.com/pages/unix,,4314,404,69908,13101,980,text/html; charset=UTF-8,551.602817ms,,3a7dd10da
unlock,https://querybuscas.com/pages/unlock,,4315,404,69908,13101,980,text/html; charset=UTF-8,587.970377ms,,3a7dd10db
unpaid,https://querybuscas.com/pages/unpaid,,4316,404,69908,13101,980,text/html; charset=UTF-8,521.668044ms,,3a7dd10dc
unreg,https://querybuscas.com/pages/unreg,,4317,404,69908,13101,980,text/html; charset=UTF-8,577.870258ms,,3a7dd10dd
unregister,https://querybuscas.com/pages/unregister,,4318,404,69908,13101,980,text/html; charset=UTF-8,636.881332ms,,3a7dd10de
unsafe,https://querybuscas.com/pages/unsafe,,4319,404,69908,13101,980,text/html; charset=UTF-8,610.187198ms,,3a7dd10df
unsubscribe,https://querybuscas.com/pages/unsubscribe,,4320,404,69908,13101,980,text/html; charset=UTF-8,567.290063ms,,3a7dd10e0
up,https://querybuscas.com/pages/up,,4322,404,69908,13101,980,text/html; charset=UTF-8,544.931213ms,,3a7dd10e2
unused,https://querybuscas.com/pages/unused,,4321,404,69908,13101,980,text/html; charset=UTF-8,597.125556ms,,3a7dd10e1
upcoming,https://querybuscas.com/pages/upcoming,,4323,404,69908,13101,980,text/html; charset=UTF-8,684.151132ms,,3a7dd10e3
upd,https://querybuscas.com/pages/upd,,4324,404,69908,13101,980,text/html; charset=UTF-8,591.020188ms,,3a7dd10e4
update,https://querybuscas.com/pages/update,,4325,404,69908,13101,980,text/html; charset=UTF-8,552.860822ms,,3a7dd10e5
updated,https://querybuscas.com/pages/updated,,4326,404,69908,13101,980,text/html; charset=UTF-8,509.070492ms,,3a7dd10e6
updateinstaller,https://querybuscas.com/pages/updateinstaller,,4327,404,69908,13101,980,text/html; charset=UTF-8,544.367658ms,,3a7dd10e7
updater,https://querybuscas.com/pages/updater,,4328,404,69908,13101,980,text/html; charset=UTF-8,698.371286ms,,3a7dd10e8
updates,https://querybuscas.com/pages/updates,,4329,404,69908,13101,980,text/html; charset=UTF-8,669.794327ms,,3a7dd10e9
updates-topic,https://querybuscas.com/pages/updates-topic,,4330,404,69908,13101,980,text/html; charset=UTF-8,575.889947ms,,3a7dd10ea
upgrade,https://querybuscas.com/pages/upgrade,,4331,404,69908,13101,980,text/html; charset=UTF-8,538.491803ms,,3a7dd10eb
upgrade.readme,https://querybuscas.com/pages/upgrade.readme,,4332,404,69908,13101,980,text/html; charset=UTF-8,555.117474ms,,3a7dd10ec
upload,https://querybuscas.com/pages/upload,,4333,404,69908,13101,980,text/html; charset=UTF-8,572.246347ms,,3a7dd10ed
upload_files,https://querybuscas.com/pages/upload_files,,4335,404,69908,13101,980,text/html; charset=UTF-8,575.840093ms,,3a7dd10ef
uploaded,https://querybuscas.com/pages/uploaded,,4336,404,69908,13101,980,text/html; charset=UTF-8,501.250569ms,,3a7dd10f0
upload_file,https://querybuscas.com/pages/upload_file,,4334,404,69908,13101,980,text/html; charset=UTF-8,647.955623ms,,3a7dd10ee
uploadedfiles,https://querybuscas.com/pages/uploadedfiles,,4337,404,69908,13101,980,text/html; charset=UTF-8,596.032474ms,,3a7dd10f1
uploadedimages,https://querybuscas.com/pages/uploadedimages,,4338,404,69908,13101,980,text/html; charset=UTF-8,553.760195ms,,3a7dd10f2
uploader,https://querybuscas.com/pages/uploader,,4339,404,69908,13101,980,text/html; charset=UTF-8,705.803106ms,,3a7dd10f3
uploadfiles,https://querybuscas.com/pages/uploadfiles,,4341,404,69908,13101,980,text/html; charset=UTF-8,565.525688ms,,3a7dd10f5
uploadfile,https://querybuscas.com/pages/uploadfile,,4340,404,69908,13101,980,text/html; charset=UTF-8,601.454302ms,,3a7dd10f4
uploads,https://querybuscas.com/pages/uploads,,4342,404,69908,13101,980,text/html; charset=UTF-8,602.275758ms,,3a7dd10f6
ur-admin,https://querybuscas.com/pages/ur-admin,,4343,404,69908,13101,980,text/html; charset=UTF-8,678.871266ms,,3a7dd10f7
urchin,https://querybuscas.com/pages/urchin,,4344,404,69908,13101,980,text/html; charset=UTF-8,600.170447ms,,3a7dd10f8
url,https://querybuscas.com/pages/url,,4345,404,69908,13101,980,text/html; charset=UTF-8,593.293471ms,,3a7dd10f9
urlrewriter,https://querybuscas.com/pages/urlrewriter,,4346,404,69908,13101,980,text/html; charset=UTF-8,537.898776ms,,3a7dd10fa
urls,https://querybuscas.com/pages/urls,,4347,404,69908,13101,980,text/html; charset=UTF-8,652.719365ms,,3a7dd10fb
us,https://querybuscas.com/pages/us,,4348,404,69908,13101,980,text/html; charset=UTF-8,578.399443ms,,3a7dd10fc
usa,https://querybuscas.com/pages/usa,,4349,404,69908,13101,980,text/html; charset=UTF-8,611.820562ms,,3a7dd10fd
usage,https://querybuscas.com/pages/usage,,4350,404,69908,13101,980,text/html; charset=UTF-8,609.511612ms,,3a7dd10fe
user_upload,https://querybuscas.com/pages/user_upload,,4352,404,69908,13101,980,text/html; charset=UTF-8,583.730784ms,,3a7dd1100
user,https://querybuscas.com/pages/user,,4351,404,69908,13101,980,text/html; charset=UTF-8,658.325029ms,,3a7dd10ff
useradmin,https://querybuscas.com/pages/useradmin,,4353,404,69908,13101,980,text/html; charset=UTF-8,667.921134ms,,3a7dd1101
userapp,https://querybuscas.com/pages/userapp,,4354,404,69908,13101,980,text/html; charset=UTF-8,668.415643ms,,3a7dd1102
usercontrols,https://querybuscas.com/pages/usercontrols,,4355,404,69908,13101,980,text/html; charset=UTF-8,737.826088ms,,3a7dd1103
usercp,https://querybuscas.com/pages/usercp,,4356,404,69908,13101,980,text/html; charset=UTF-8,625.700034ms,,3a7dd1104
usercp2,https://querybuscas.com/pages/usercp2,,4357,404,69908,13101,980,text/html; charset=UTF-8,833.284961ms,,3a7dd1105
userdir,https://querybuscas.com/pages/userdir,,4358,404,69908,13101,980,text/html; charset=UTF-8,800.499326ms,,3a7dd1106
userfiles,https://querybuscas.com/pages/userfiles,,4359,404,69908,13101,980,text/html; charset=UTF-8,973.930908ms,,3a7dd1107
userimages,https://querybuscas.com/pages/userimages,,4360,404,69908,13101,980,text/html; charset=UTF-8,940.09672ms,,3a7dd1108
userinfo,https://querybuscas.com/pages/userinfo,,4361,404,69908,13101,980,text/html; charset=UTF-8,944.963243ms,,3a7dd1109
userlist,https://querybuscas.com/pages/userlist,,4362,404,69908,13101,980,text/html; charset=UTF-8,798.910914ms,,3a7dd110a
userlog,https://querybuscas.com/pages/userlog,,4363,404,69908,13101,980,text/html; charset=UTF-8,603.38801ms,,3a7dd110b
userlogin,https://querybuscas.com/pages/userlogin,,4364,404,69908,13101,980,text/html; charset=UTF-8,544.912276ms,,3a7dd110c
usermanager,https://querybuscas.com/pages/usermanager,,4365,404,69908,13101,980,text/html; charset=UTF-8,595.955555ms,,3a7dd110d
username,https://querybuscas.com/pages/username,,4366,404,69908,13101,980,text/html; charset=UTF-8,558.645296ms,,3a7dd110e
usernames,https://querybuscas.com/pages/usernames,,4367,404,69908,13101,980,text/html; charset=UTF-8,570.259103ms,,3a7dd110f
usernote,https://querybuscas.com/pages/usernote,,4368,404,69908,13101,980,text/html; charset=UTF-8,519.446039ms,,3a7dd1110
users,https://querybuscas.com/pages/users,,4369,404,69908,13101,980,text/html; charset=UTF-8,609.465485ms,,3a7dd1111
usr,https://querybuscas.com/pages/usr,,4370,404,69908,13101,980,text/html; charset=UTF-8,550.826851ms,,3a7dd1112
usrmgr,https://querybuscas.com/pages/usrmgr,,4371,404,69908,13101,980,text/html; charset=UTF-8,628.41594ms,,3a7dd1113
usrs,https://querybuscas.com/pages/usrs,,4372,404,69908,13101,980,text/html; charset=UTF-8,618.181048ms,,3a7dd1114
ustats,https://querybuscas.com/pages/ustats,,4373,404,69908,13101,980,text/html; charset=UTF-8,577.536613ms,,3a7dd1115
usuario,https://querybuscas.com/pages/usuario,,4374,404,69908,13101,980,text/html; charset=UTF-8,543.897006ms,,3a7dd1116
usuarios,https://querybuscas.com/pages/usuarios,,4375,404,69908,13101,980,text/html; charset=UTF-8,598.748545ms,,3a7dd1117
util,https://querybuscas.com/pages/util,,4376,404,69908,13101,980,text/html; charset=UTF-8,553.18983ms,,3a7dd1118
utility,https://querybuscas.com/pages/utility,,4378,404,69908,13101,980,text/html; charset=UTF-8,512.425749ms,,3a7dd111a
utilities,https://querybuscas.com/pages/utilities,,4377,404,69908,13101,980,text/html; charset=UTF-8,599.977782ms,,3a7dd1119
utility_login,https://querybuscas.com/pages/utility_login,,4379,404,69908,13101,980,text/html; charset=UTF-8,627.875269ms,,3a7dd111b
utils,https://querybuscas.com/pages/utils,,4380,404,69908,13101,980,text/html; charset=UTF-8,577.095693ms,,3a7dd111c
v,https://querybuscas.com/pages/v,,4381,404,69908,13101,980,text/html; charset=UTF-8,522.770957ms,,3a7dd111d
v1,https://querybuscas.com/pages/v1,,4382,404,69908,13101,980,text/html; charset=UTF-8,584.117249ms,,3a7dd111e
v2,https://querybuscas.com/pages/v2,,4384,404,69908,13101,980,text/html; charset=UTF-8,588.199302ms,,3a7dd1120
v1/client_configs,https://querybuscas.com/pages/v1/client_configs,,4383,404,69908,13101,980,text/html; charset=UTF-8,658.52967ms,,3a7dd111f
v2/client_configs,https://querybuscas.com/pages/v2/client_configs,,4385,404,69908,13101,980,text/html; charset=UTF-8,588.491997ms,,3a7dd1121
v3,https://querybuscas.com/pages/v3,,4386,404,69908,13101,980,text/html; charset=UTF-8,577.234523ms,,3a7dd1122
v4,https://querybuscas.com/pages/v4,,4387,404,69908,13101,980,text/html; charset=UTF-8,515.410947ms,,3a7dd1123
vadmind,https://querybuscas.com/pages/vadmind,,4388,404,69908,13101,980,text/html; charset=UTF-8,590.131477ms,,3a7dd1124
validation,https://querybuscas.com/pages/validation,,4389,404,69908,13101,980,text/html; charset=UTF-8,568.529465ms,,3a7dd1125
validatior,https://querybuscas.com/pages/validatior,,4390,404,69908,13101,980,text/html; charset=UTF-8,571.88479ms,,3a7dd1126
vap,https://querybuscas.com/pages/vap,,4391,404,69908,13101,980,text/html; charset=UTF-8,588.569267ms,,3a7dd1127
var,https://querybuscas.com/pages/var,,4392,404,69908,13101,980,text/html; charset=UTF-8,513.305327ms,,3a7dd1128
vault,https://querybuscas.com/pages/vault,,4393,404,69908,13101,980,text/html; charset=UTF-8,495.375314ms,,3a7dd1129
vb,https://querybuscas.com/pages/vb,,4394,404,69908,13101,980,text/html; charset=UTF-8,575.016205ms,,3a7dd112a
vbmodcp,https://querybuscas.com/pages/vbmodcp,,4395,404,69908,13101,980,text/html; charset=UTF-8,595.187388ms,,3a7dd112b
vbs,https://querybuscas.com/pages/vbs,,4396,404,69908,13101,980,text/html; charset=UTF-8,565.965481ms,,3a7dd112c
vbscript,https://querybuscas.com/pages/vbscript,,4397,404,69908,13101,980,text/html; charset=UTF-8,502.935787ms,,3a7dd112d
vbscripts,https://querybuscas.com/pages/vbscripts,,4398,404,69908,13101,980,text/html; charset=UTF-8,547.321087ms,,3a7dd112e
vbseo,https://querybuscas.com/pages/vbseo,,4399,404,69908,13101,980,text/html; charset=UTF-8,556.397394ms,,3a7dd112f
vbseocp,https://querybuscas.com/pages/vbseocp,,4400,404,69908,13101,980,text/html; charset=UTF-8,541.501507ms,,3a7dd1130
vcss,https://querybuscas.com/pages/vcss,,4401,404,69908,13101,980,text/html; charset=UTF-8,600.873063ms,,3a7dd1131
vdsbackup,https://querybuscas.com/pages/vdsbackup,,4402,404,69908,13101,980,text/html; charset=UTF-8,555.336065ms,,3a7dd1132
vector,https://querybuscas.com/pages/vector,,4403,404,69908,13101,980,text/html; charset=UTF-8,548.082077ms,,3a7dd1133
vehicle,https://querybuscas.com/pages/vehicle,,4404,404,69908,13101,980,text/html; charset=UTF-8,542.756746ms,,3a7dd1134
vehiclemakeoffer,https://querybuscas.com/pages/vehiclemakeoffer,,4405,404,69908,13101,980,text/html; charset=UTF-8,557.959499ms,,3a7dd1135
vehiclequote,https://querybuscas.com/pages/vehiclequote,,4406,404,69908,13101,980,text/html; charset=UTF-8,540.175259ms,,3a7dd1136
vehicletestdrive,https://querybuscas.com/pages/vehicletestdrive,,4407,404,69908,13101,980,text/html; charset=UTF-8,532.85163ms,,3a7dd1137
velocity,https://querybuscas.com/pages/velocity,,4408,404,69908,13101,980,text/html; charset=UTF-8,653.157698ms,,3a7dd1138
venda,https://querybuscas.com/pages/venda,,4409,404,69908,13101,980,text/html; charset=UTF-8,556.079325ms,,3a7dd1139
vendor,https://querybuscas.com/pages/vendor,,4410,404,69908,13101,980,text/html; charset=UTF-8,568.420981ms,,3a7dd113a
vendors,https://querybuscas.com/pages/vendors,,4411,404,69908,13101,980,text/html; charset=UTF-8,576.516513ms,,3a7dd113b
ver,https://querybuscas.com/pages/ver,,4412,404,69908,13101,980,text/html; charset=UTF-8,574.972894ms,,3a7dd113c
ver1,https://querybuscas.com/pages/ver1,,4413,404,69908,13101,980,text/html; charset=UTF-8,586.024059ms,,3a7dd113d
ver2,https://querybuscas.com/pages/ver2,,4414,404,69908,13101,980,text/html; charset=UTF-8,593.781538ms,,3a7dd113e
version.json,https://querybuscas.com/pages/version.json,,4416,404,69908,13101,980,text/html; charset=UTF-8,552.502031ms,,3a7dd1140
version,https://querybuscas.com/pages/version,,4415,404,69908,13101,980,text/html; charset=UTF-8,640.568368ms,,3a7dd113f
verwaltung,https://querybuscas.com/pages/verwaltung,,4417,404,69908,13101,980,text/html; charset=UTF-8,581.871929ms,,3a7dd1141
vfs,https://querybuscas.com/pages/vfs,,4418,404,69908,13101,980,text/html; charset=UTF-8,602.655054ms,,3a7dd1142
vi,https://querybuscas.com/pages/vi,,4419,404,69908,13101,980,text/html; charset=UTF-8,628.771196ms,,3a7dd1143
viagra,https://querybuscas.com/pages/viagra,,4420,404,69908,13101,980,text/html; charset=UTF-8,536.565995ms,,3a7dd1144
vid,https://querybuscas.com/pages/vid,,4421,404,69908,13101,980,text/html; charset=UTF-8,664.78055ms,,3a7dd1145
video,https://querybuscas.com/pages/video,,4422,404,69908,13101,980,text/html; charset=UTF-8,616.598742ms,,3a7dd1146
videos,https://querybuscas.com/pages/videos,,4423,404,69908,13101,980,text/html; charset=UTF-8,540.296235ms,,3a7dd1147
view,https://querybuscas.com/pages/view,,4424,404,69908,13101,980,text/html; charset=UTF-8,569.066259ms,,3a7dd1148
view-source,https://querybuscas.com/pages/view-source,,4425,404,69908,13101,980,text/html; charset=UTF-8,579.436931ms,,3a7dd1149
view_cart,https://querybuscas.com/pages/view_cart,,4426,404,69908,13101,980,text/html; charset=UTF-8,550.415037ms,,3a7dd114a
viewcart,https://querybuscas.com/pages/viewcart,,4427,404,69908,13101,980,text/html; charset=UTF-8,550.393731ms,,3a7dd114b
viewcvs,https://querybuscas.com/pages/viewcvs,,4428,404,69908,13101,980,text/html; charset=UTF-8,568.096883ms,,3a7dd114c
viewer,https://querybuscas.com/pages/viewer,,4429,404,69908,13101,980,text/html; charset=UTF-8,555.175716ms,,3a7dd114d
viewfile,https://querybuscas.com/pages/viewfile,,4430,404,69908,13101,980,text/html; charset=UTF-8,611.468397ms,,3a7dd114e
viewforum,https://querybuscas.com/pages/viewforum,,4431,404,69908,13101,980,text/html; charset=UTF-8,645.062805ms,,3a7dd114f
viewlogin,https://querybuscas.com/pages/viewlogin,,4432,404,69908,13101,980,text/html; charset=UTF-8,537.426963ms,,3a7dd1150
viewonline,https://querybuscas.com/pages/viewonline,,4433,404,69908,13101,980,text/html; charset=UTF-8,570.173121ms,,3a7dd1151
views,https://querybuscas.com/pages/views,,4434,404,69908,13101,980,text/html; charset=UTF-8,598.132742ms,,3a7dd1152
viewsource,https://querybuscas.com/pages/viewsource,,4435,404,69908,13101,980,text/html; charset=UTF-8,546.769675ms,,3a7dd1153
viewsvn,https://querybuscas.com/pages/viewsvn,,4436,404,69908,13101,980,text/html; charset=UTF-8,566.199854ms,,3a7dd1154
viewthread,https://querybuscas.com/pages/viewthread,,4437,404,69908,13101,980,text/html; charset=UTF-8,529.7407ms,,3a7dd1155
viewtopic,https://querybuscas.com/pages/viewtopic,,4438,404,69908,13101,980,text/html; charset=UTF-8,550.30238ms,,3a7dd1156
viewvc,https://querybuscas.com/pages/viewvc,,4439,404,69908,13101,980,text/html; charset=UTF-8,501.182725ms,,3a7dd1157
vip,https://querybuscas.com/pages/vip,,4440,404,69908,13101,980,text/html; charset=UTF-8,553.057962ms,,3a7dd1158
virtual,https://querybuscas.com/pages/virtual,,4441,404,69908,13101,980,text/html; charset=UTF-8,525.653092ms,,3a7dd1159
virus,https://querybuscas.com/pages/virus,,4442,404,69908,13101,980,text/html; charset=UTF-8,584.047767ms,,3a7dd115a
visit,https://querybuscas.com/pages/visit,,4443,404,69908,13101,980,text/html; charset=UTF-8,589.766741ms,,3a7dd115b
visitor,https://querybuscas.com/pages/visitor,,4444,404,69908,13101,980,text/html; charset=UTF-8,526.132064ms,,3a7dd115c
visitormessage,https://querybuscas.com/pages/visitormessage,,4445,404,69908,13101,980,text/html; charset=UTF-8,612.518947ms,,3a7dd115d
vista,https://querybuscas.com/pages/vista,,4446,404,69908,13101,980,text/html; charset=UTF-8,566.704389ms,,3a7dd115e
vite.config.ts,https://querybuscas.com/pages/vite.config.ts,,4448,404,68970,13094,980,text/html; charset=UTF-8,532.796876ms,,3a7dd1160
vm,https://querybuscas.com/pages/vm,,4449,404,69908,13101,980,text/html; charset=UTF-8,567.281889ms,,3a7dd1161
vmailadmin,https://querybuscas.com/pages/vmailadmin,,4450,404,69908,13101,980,text/html; charset=UTF-8,592.886268ms,,3a7dd1162
void,https://querybuscas.com/pages/void,,4451,404,69908,13101,980,text/html; charset=UTF-8,571.408985ms,,3a7dd1163
vite.config.js,https://querybuscas.com/pages/vite.config.js,,4447,404,68970,13094,980,text/html; charset=UTF-8,908.322719ms,,3a7dd115f
voip,https://querybuscas.com/pages/voip,,4452,404,69908,13101,980,text/html; charset=UTF-8,630.696989ms,,3a7dd1164
vol,https://querybuscas.com/pages/vol,,4453,404,69908,13101,980,text/html; charset=UTF-8,573.237276ms,,3a7dd1165
volunteer,https://querybuscas.com/pages/volunteer,,4454,404,69908,13101,980,text/html; charset=UTF-8,546.945709ms,,3a7dd1166
vote,https://querybuscas.com/pages/vote,,4455,404,69908,13101,980,text/html; charset=UTF-8,620.940859ms,,3a7dd1167
voted,https://querybuscas.com/pages/voted,,4456,404,69908,13101,980,text/html; charset=UTF-8,610.822945ms,,3a7dd1168
voter,https://querybuscas.com/pages/voter,,4457,404,69908,13101,980,text/html; charset=UTF-8,544.918703ms,,3a7dd1169
votes,https://querybuscas.com/pages/votes,,4458,404,69908,13101,980,text/html; charset=UTF-8,593.304629ms,,3a7dd116a
vp,https://querybuscas.com/pages/vp,,4459,404,69908,13101,980,text/html; charset=UTF-8,559.993234ms,,3a7dd116b
vpg,https://querybuscas.com/pages/vpg,,4460,404,69908,13101,980,text/html; charset=UTF-8,504.543321ms,,3a7dd116c
vpn,https://querybuscas.com/pages/vpn,,4461,404,69908,13101,980,text/html; charset=UTF-8,560.354095ms,,3a7dd116d
vs,https://querybuscas.com/pages/vs,,4462,404,69908,13101,980,text/html; charset=UTF-8,561.906967ms,,3a7dd116e
vsadmin,https://querybuscas.com/pages/vsadmin,,4463,404,69908,13101,980,text/html; charset=UTF-8,561.330457ms,,3a7dd116f
vuln,https://querybuscas.com/pages/vuln,,4464,404,69908,13101,980,text/html; charset=UTF-8,562.216972ms,,3a7dd1170
vvc_display,https://querybuscas.com/pages/vvc_display,,4465,404,69908,13101,980,text/html; charset=UTF-8,552.594965ms,,3a7dd1171
w,https://querybuscas.com/pages/w,,4466,404,69908,13101,980,text/html; charset=UTF-8,537.542288ms,,3a7dd1172
w3c,https://querybuscas.com/pages/w3c,,4468,404,69908,13101,980,text/html; charset=UTF-8,564.953451ms,,3a7dd1174
w3,https://querybuscas.com/pages/w3,,4467,404,69908,13101,980,text/html; charset=UTF-8,590.852598ms,,3a7dd1173
w3svc,https://querybuscas.com/pages/w3svc,,4469,404,69908,13101,980,text/html; charset=UTF-8,497.017916ms,,3a7dd1175
wa,https://querybuscas.com/pages/wa,,4470,404,69908,13101,980,text/html; charset=UTF-8,577.725228ms,,3a7dd1176
wallpaper,https://querybuscas.com/pages/wallpaper,,4471,404,69908,13101,980,text/html; charset=UTF-8,590.948498ms,,3a7dd1177
wallpapers,https://querybuscas.com/pages/wallpapers,,4472,404,69908,13101,980,text/html; charset=UTF-8,568.811308ms,,3a7dd1178
wap,https://querybuscas.com/pages/wap,,4473,404,69908,13101,980,text/html; charset=UTF-8,612.162425ms,,3a7dd1179
war,https://querybuscas.com/pages/war,,4474,404,69908,13101,980,text/html; charset=UTF-8,536.144671ms,,3a7dd117a
warenkorb,https://querybuscas.com/pages/warenkorb,,4475,404,69908,13101,980,text/html; charset=UTF-8,551.144654ms,,3a7dd117b
warez,https://querybuscas.com/pages/warez,,4476,404,69908,13101,980,text/html; charset=UTF-8,554.441292ms,,3a7dd117c
warn,https://querybuscas.com/pages/warn,,4477,404,69908,13101,980,text/html; charset=UTF-8,496.125843ms,,3a7dd117d
way-board,https://querybuscas.com/pages/way-board,,4478,404,69908,13101,980,text/html; charset=UTF-8,540.868857ms,,3a7dd117e
wbsadmin,https://querybuscas.com/pages/wbsadmin,,4480,404,69908,13101,980,text/html; charset=UTF-8,588.590639ms,,3a7dd1180
wbboard,https://querybuscas.com/pages/wbboard,,4479,404,69908,13101,980,text/html; charset=UTF-8,611.610063ms,,3a7dd117f
wc,https://querybuscas.com/pages/wc,,4481,404,69908,13101,980,text/html; charset=UTF-8,505.757171ms,,3a7dd1181
wcs,https://querybuscas.com/pages/wcs,,4482,404,69908,13101,980,text/html; charset=UTF-8,530.359169ms,,3a7dd1182
wdav,https://querybuscas.com/pages/wdav,,4483,404,69908,13101,980,text/html; charset=UTF-8,683.775611ms,,3a7dd1183
weather,https://querybuscas.com/pages/weather,,4484,404,69908,13101,980,text/html; charset=UTF-8,685.578514ms,,3a7dd1184
web,https://querybuscas.com/pages/web,,4485,404,69908,13101,980,text/html; charset=UTF-8,636.462592ms,,3a7dd1185
web-beans,https://querybuscas.com/pages/web-beans,,4486,404,69908,13101,980,text/html; charset=UTF-8,648.03209ms,,3a7dd1186
web-console,https://querybuscas.com/pages/web-console,,4487,404,69908,13101,980,text/html; charset=UTF-8,650.997185ms,,3a7dd1187
web-inf,https://querybuscas.com/pages/web-inf,,4488,404,69908,13101,980,text/html; charset=UTF-8,659.99609ms,,3a7dd1188
web.config,https://querybuscas.com/pages/web.config,,4489,404,69908,13101,980,text/html; charset=UTF-8,603.320221ms,,3a7dd1189
web.xml,https://querybuscas.com/pages/web.xml,,4490,404,69908,13101,980,text/html; charset=UTF-8,606.88337ms,,3a7dd118a
web1,https://querybuscas.com/pages/web1,,4491,404,69908,13101,980,text/html; charset=UTF-8,584.332407ms,,3a7dd118b
web2,https://querybuscas.com/pages/web2,,4492,404,69908,13101,980,text/html; charset=UTF-8,583.699867ms,,3a7dd118c
web3,https://querybuscas.com/pages/web3,,4493,404,69908,13101,980,text/html; charset=UTF-8,602.786663ms,,3a7dd118d
web_users,https://querybuscas.com/pages/web_users,,4494,404,69908,13101,980,text/html; charset=UTF-8,579.656582ms,,3a7dd118e
webaccess,https://querybuscas.com/pages/webaccess,,4495,404,69908,13101,980,text/html; charset=UTF-8,539.87706ms,,3a7dd118f
webadm,https://querybuscas.com/pages/webadm,,4496,404,69908,13101,980,text/html; charset=UTF-8,513.189143ms,,3a7dd1190
webadmin,https://querybuscas.com/pages/webadmin,,4497,404,69908,13101,980,text/html; charset=UTF-8,580.812367ms,,3a7dd1191
webagent,https://querybuscas.com/pages/webagent,,4498,404,69908,13101,980,text/html; charset=UTF-8,518.134539ms,,3a7dd1192
webalizer,https://querybuscas.com/pages/webalizer,,4499,404,69908,13101,980,text/html; charset=UTF-8,574.772436ms,,3a7dd1193
webapp,https://querybuscas.com/pages/webapp,,4500,404,69908,13101,980,text/html; charset=UTF-8,509.678813ms,,3a7dd1194
webapps,https://querybuscas.com/pages/webapps,,4501,404,69908,13101,980,text/html; charset=UTF-8,546.460725ms,,3a7dd1195
webb,https://querybuscas.com/pages/webb,,4502,404,69908,13101,980,text/html; charset=UTF-8,542.498611ms,,3a7dd1196
webbbs,https://querybuscas.com/pages/webbbs,,4503,404,69908,13101,980,text/html; charset=UTF-8,594.492659ms,,3a7dd1197
webboard,https://querybuscas.com/pages/webboard,,4504,404,69908,13101,980,text/html; charset=UTF-8,551.685332ms,,3a7dd1198
webcalendar,https://querybuscas.com/pages/webcalendar,,4505,404,69908,13101,980,text/html; charset=UTF-8,502.792649ms,,3a7dd1199
webcam,https://querybuscas.com/pages/webcam,,4506,404,69908,13101,980,text/html; charset=UTF-8,556.939036ms,,3a7dd119a
webcart,https://querybuscas.com/pages/webcart,,4507,404,69908,13101,980,text/html; charset=UTF-8,568.321526ms,,3a7dd119b
webcast,https://querybuscas.com/pages/webcast,,4508,404,69908,13101,980,text/html; charset=UTF-8,545.155472ms,,3a7dd119c
webcasts,https://querybuscas.com/pages/webcasts,,4509,404,69908,13101,980,text/html; charset=UTF-8,528.634674ms,,3a7dd119d
webcgi,https://querybuscas.com/pages/webcgi,,4510,404,69908,13101,980,text/html; charset=UTF-8,502.925497ms,,3a7dd119e
webcharts,https://querybuscas.com/pages/webcharts,,4511,404,69908,13101,980,text/html; charset=UTF-8,541.287937ms,,3a7dd119f
webchat,https://querybuscas.com/pages/webchat,,4512,404,69908,13101,980,text/html; charset=UTF-8,597.026843ms,,3a7dd11a0
webctrl_client,https://querybuscas.com/pages/webctrl_client,,4513,404,69908,13101,980,text/html; charset=UTF-8,542.085253ms,,3a7dd11a1
webdata,https://querybuscas.com/pages/webdata,,4514,404,69908,13101,980,text/html; charset=UTF-8,597.280143ms,,3a7dd11a2
webdav,https://querybuscas.com/pages/webdav,,4515,404,69908,13101,980,text/html; charset=UTF-8,552.930065ms,,3a7dd11a3
webdb,https://querybuscas.com/pages/webdb,,4516,404,69908,13101,980,text/html; charset=UTF-8,562.994012ms,,3a7dd11a4
webdist,https://querybuscas.com/pages/webdist,,4517,404,69908,13101,980,text/html; charset=UTF-8,612.847168ms,,3a7dd11a5
webedit,https://querybuscas.com/pages/webedit,,4518,404,69908,13101,980,text/html; charset=UTF-8,563.766179ms,,3a7dd11a6
webfm_send,https://querybuscas.com/pages/webfm_send,,4519,404,69908,13101,980,text/html; charset=UTF-8,524.53592ms,,3a7dd11a7
webhits,https://querybuscas.com/pages/webhits,,4520,404,69908,13101,980,text/html; charset=UTF-8,524.483377ms,,3a7dd11a8
webim,https://querybuscas.com/pages/webim,,4521,404,69908,13101,980,text/html; charset=UTF-8,557.499051ms,,3a7dd11a9
webinar,https://querybuscas.com/pages/webinar,,4522,404,69908,13101,980,text/html; charset=UTF-8,588.047439ms,,3a7dd11aa
weblog,https://querybuscas.com/pages/weblog,,4523,404,69908,13101,980,text/html; charset=UTF-8,518.324757ms,,3a7dd11ab
weblogic,https://querybuscas.com/pages/weblogic,,4524,404,69908,13101,980,text/html; charset=UTF-8,595.838035ms,,3a7dd11ac
weblogs,https://querybuscas.com/pages/weblogs,,4525,404,69908,13101,980,text/html; charset=UTF-8,544.671548ms,,3a7dd11ad
webmail,https://querybuscas.com/pages/webmail,,4526,404,69908,13101,980,text/html; charset=UTF-8,549.772539ms,,3a7dd11ae
webmaster,https://querybuscas.com/pages/webmaster,,4527,404,69908,13101,980,text/html; charset=UTF-8,558.443879ms,,3a7dd11af
webmasters,https://querybuscas.com/pages/webmasters,,4528,404,69908,13101,980,text/html; charset=UTF-8,597.583522ms,,3a7dd11b0
webpack.manifest.json,https://querybuscas.com/pages/webpack.manifest.json,,4529,404,69908,13101,980,text/html; charset=UTF-8,578.274725ms,,3a7dd11b1
webpages,https://querybuscas.com/pages/webpages,,4530,404,69908,13101,980,text/html; charset=UTF-8,515.72737ms,,3a7dd11b2
webplus,https://querybuscas.com/pages/webplus,,4531,404,69908,13101,980,text/html; charset=UTF-8,552.353567ms,,3a7dd11b3
webresource,https://querybuscas.com/pages/webresource,,4532,404,69908,13101,980,text/html; charset=UTF-8,569.853453ms,,3a7dd11b4
websearch,https://querybuscas.com/pages/websearch,,4533,404,69908,13101,980,text/html; charset=UTF-8,564.392035ms,,3a7dd11b5
webservice,https://querybuscas.com/pages/webservice,,4534,404,69908,13101,980,text/html; charset=UTF-8,613.026728ms,,3a7dd11b6
webservices,https://querybuscas.com/pages/webservices,,4535,404,69908,13101,980,text/html; charset=UTF-8,504.228902ms,,3a7dd11b7
webshop,https://querybuscas.com/pages/webshop,,4536,404,69908,13101,980,text/html; charset=UTF-8,536.682828ms,,3a7dd11b8
website,https://querybuscas.com/pages/website,,4537,404,69908,13101,980,text/html; charset=UTF-8,704.199635ms,,3a7dd11b9
websites,https://querybuscas.com/pages/websites,,4538,404,69908,13101,980,text/html; charset=UTF-8,919.283154ms,,3a7dd11ba
websphere,https://querybuscas.com/pages/websphere,,4539,404,69908,13101,980,text/html; charset=UTF-8,982.901638ms,,3a7dd11bb
websql,https://querybuscas.com/pages/websql,,4540,404,69908,13101,980,text/html; charset=UTF-8,912.380748ms,,3a7dd11bc
webstat,https://querybuscas.com/pages/webstat,,4541,404,69908,13101,980,text/html; charset=UTF-8,940.971615ms,,3a7dd11bd
webstats,https://querybuscas.com/pages/webstats,,4542,404,69908,13101,980,text/html; charset=UTF-8,869.578403ms,,3a7dd11be
websvn,https://querybuscas.com/pages/websvn,,4543,404,69908,13101,980,text/html; charset=UTF-8,512.147672ms,,3a7dd11bf
webtrends,https://querybuscas.com/pages/webtrends,,4544,404,69908,13101,980,text/html; charset=UTF-8,626.547707ms,,3a7dd11c0
webusers,https://querybuscas.com/pages/webusers,,4545,404,69908,13101,980,text/html; charset=UTF-8,544.563221ms,,3a7dd11c1
webvpn,https://querybuscas.com/pages/webvpn,,4546,404,69908,13101,980,text/html; charset=UTF-8,541.696712ms,,3a7dd11c2
webwork,https://querybuscas.com/pages/webwork,,4547,404,69908,13101,980,text/html; charset=UTF-8,564.059046ms,,3a7dd11c3
wedding,https://querybuscas.com/pages/wedding,,4548,404,69908,13101,980,text/html; charset=UTF-8,554.905862ms,,3a7dd11c4
week,https://querybuscas.com/pages/week,,4549,404,69908,13101,980,text/html; charset=UTF-8,567.386638ms,,3a7dd11c5
weekly,https://querybuscas.com/pages/weekly,,4550,404,69908,13101,980,text/html; charset=UTF-8,566.513141ms,,3a7dd11c6
welcome,https://querybuscas.com/pages/welcome,,4551,404,69908,13101,980,text/html; charset=UTF-8,556.485468ms,,3a7dd11c7
wellcome,https://querybuscas.com/pages/wellcome,,4552,404,69908,13101,980,text/html; charset=UTF-8,520.807685ms,,3a7dd11c8
werbung,https://querybuscas.com/pages/werbung,,4553,404,69908,13101,980,text/html; charset=UTF-8,506.441059ms,,3a7dd11c9
wget,https://querybuscas.com/pages/wget,,4554,404,69908,13101,980,text/html; charset=UTF-8,578.926307ms,,3a7dd11ca
what,https://querybuscas.com/pages/what,,4555,404,69908,13101,980,text/html; charset=UTF-8,587.474494ms,,3a7dd11cb
whatever,https://querybuscas.com/pages/whatever,,4556,404,69908,13101,980,text/html; charset=UTF-8,529.566708ms,,3a7dd11cc
whatnot,https://querybuscas.com/pages/whatnot,,4557,404,69908,13101,980,text/html; charset=UTF-8,571.459813ms,,3a7dd11cd
whatsnew,https://querybuscas.com/pages/whatsnew,,4558,404,69908,13101,980,text/html; charset=UTF-8,660.001504ms,,3a7dd11ce
white,https://querybuscas.com/pages/white,,4559,404,69908,13101,980,text/html; charset=UTF-8,622.264975ms,,3a7dd11cf
whitepaper,https://querybuscas.com/pages/whitepaper,,4560,404,69908,13101,980,text/html; charset=UTF-8,537.239242ms,,3a7dd11d0
whitepapers,https://querybuscas.com/pages/whitepapers,,4561,404,69908,13101,980,text/html; charset=UTF-8,547.85148ms,,3a7dd11d1
who,https://querybuscas.com/pages/who,,4562,404,69908,13101,980,text/html; charset=UTF-8,552.412296ms,,3a7dd11d2
whois,https://querybuscas.com/pages/whois,,4563,404,69908,13101,980,text/html; charset=UTF-8,645.899403ms,,3a7dd11d3
whosonline,https://querybuscas.com/pages/whosonline,,4565,404,69908,13101,980,text/html; charset=UTF-8,548.558207ms,,3a7dd11d5
wholesale,https://querybuscas.com/pages/wholesale,,4564,404,69908,13101,980,text/html; charset=UTF-8,630.740628ms,,3a7dd11d4
why,https://querybuscas.com/pages/why,,4566,404,69908,13101,980,text/html; charset=UTF-8,579.721053ms,,3a7dd11d6
wicket,https://querybuscas.com/pages/wicket,,4567,404,69908,13101,980,text/html; charset=UTF-8,540.860467ms,,3a7dd11d7
wide_search,https://querybuscas.com/pages/wide_search,,4568,404,69908,13101,980,text/html; charset=UTF-8,611.713514ms,,3a7dd11d8
widget,https://querybuscas.com/pages/widget,,4569,404,69908,13101,980,text/html; charset=UTF-8,586.004061ms,,3a7dd11d9
widgets,https://querybuscas.com/pages/widgets,,4570,404,69908,13101,980,text/html; charset=UTF-8,520.921006ms,,3a7dd11da
wifi,https://querybuscas.com/pages/wifi,,4571,404,69908,13101,980,text/html; charset=UTF-8,548.461184ms,,3a7dd11db
wii,https://querybuscas.com/pages/wii,,4572,404,69908,13101,980,text/html; charset=UTF-8,571.275345ms,,3a7dd11dc
wiki,https://querybuscas.com/pages/wiki,,4573,404,69908,13101,980,text/html; charset=UTF-8,504.063912ms,,3a7dd11dd
will,https://querybuscas.com/pages/will,,4574,404,69908,13101,980,text/html; charset=UTF-8,544.205627ms,,3a7dd11de
win,https://querybuscas.com/pages/win,,4575,404,69908,13101,980,text/html; charset=UTF-8,591.565037ms,,3a7dd11df
win32,https://querybuscas.com/pages/win32,,4576,404,69908,13101,980,text/html; charset=UTF-8,514.967408ms,,3a7dd11e0
windows,https://querybuscas.com/pages/windows,,4577,404,69908,13101,980,text/html; charset=UTF-8,503.746429ms,,3a7dd11e1
wink,https://querybuscas.com/pages/wink,,4578,404,69908,13101,980,text/html; charset=UTF-8,500.853524ms,,3a7dd11e2
winnt,https://querybuscas.com/pages/winnt,,4579,404,69908,13101,980,text/html; charset=UTF-8,610.703913ms,,3a7dd11e3
wireless,https://querybuscas.com/pages/wireless,,4580,404,69908,13101,980,text/html; charset=UTF-8,654.480789ms,,3a7dd11e4
wishlist,https://querybuscas.com/pages/wishlist,,4581,404,69908,13101,980,text/html; charset=UTF-8,543.408171ms,,3a7dd11e5
with,https://querybuscas.com/pages/with,,4582,404,69908,13101,980,text/html; charset=UTF-8,581.701709ms,,3a7dd11e6
wizmysqladmin,https://querybuscas.com/pages/wizmysqladmin,,4583,404,69908,13101,980,text/html; charset=UTF-8,582.927589ms,,3a7dd11e7
wml,https://querybuscas.com/pages/wml,,4584,404,69908,13101,980,text/html; charset=UTF-8,589.161331ms,,3a7dd11e8
wolthuis,https://querybuscas.com/pages/wolthuis,,4585,404,69908,13101,980,text/html; charset=UTF-8,605.989448ms,,3a7dd11e9
wordpress,https://querybuscas.com/pages/wordpress,,4587,404,69908,13101,980,text/html; charset=UTF-8,561.405105ms,,3a7dd11eb
word,https://querybuscas.com/pages/word,,4586,404,69908,13101,980,text/html; charset=UTF-8,613.055161ms,,3a7dd11ea
work,https://querybuscas.com/pages/work,,4588,404,69908,13101,980,text/html; charset=UTF-8,563.421849ms,,3a7dd11ec
workarea,https://querybuscas.com/pages/workarea,,4589,404,69908,13101,980,text/html; charset=UTF-8,631.304119ms,,3a7dd11ed
workflowtasks,https://querybuscas.com/pages/workflowtasks,,4590,404,69908,13101,980,text/html; charset=UTF-8,538.986839ms,,3a7dd11ee
working,https://querybuscas.com/pages/working,,4591,404,69908,13101,980,text/html; charset=UTF-8,548.929794ms,,3a7dd11ef
workplace,https://querybuscas.com/pages/workplace,,4592,404,69908,13101,980,text/html; charset=UTF-8,573.744418ms,,3a7dd11f0
workshop,https://querybuscas.com/pages/workshop,,4594,404,69908,13101,980,text/html; charset=UTF-8,525.545118ms,,3a7dd11f2
works,https://querybuscas.com/pages/works,,4593,404,69908,13101,980,text/html; charset=UTF-8,569.717112ms,,3a7dd11f1
workshops,https://querybuscas.com/pages/workshops,,4595,404,69908,13101,980,text/html; charset=UTF-8,623.398637ms,,3a7dd11f3
world,https://querybuscas.com/pages/world,,4596,404,69908,13101,980,text/html; charset=UTF-8,636.397519ms,,3a7dd11f4
worldpayreturn,https://querybuscas.com/pages/worldpayreturn,,4597,404,69908,13101,980,text/html; charset=UTF-8,559.031232ms,,3a7dd11f5
worldwide,https://querybuscas.com/pages/worldwide,,4598,404,69908,13101,980,text/html; charset=UTF-8,516.420387ms,,3a7dd11f6
wow,https://querybuscas.com/pages/wow,,4599,404,69908,13101,980,text/html; charset=UTF-8,623.53032ms,,3a7dd11f7
wp,https://querybuscas.com/pages/wp,,4600,404,69908,13101,980,text/html; charset=UTF-8,551.628304ms,,3a7dd11f8
wp-admin,https://querybuscas.com/pages/wp-admin,,4601,404,69908,13101,980,text/html; charset=UTF-8,566.879528ms,,3a7dd11f9
wp-app,https://querybuscas.com/pages/wp-app,,4602,404,69908,13101,980,text/html; charset=UTF-8,565.080188ms,,3a7dd11fa
wp-atom,https://querybuscas.com/pages/wp-atom,,4603,404,69908,13101,980,text/html; charset=UTF-8,623.232144ms,,3a7dd11fb
wp-blog-header,https://querybuscas.com/pages/wp-blog-header,,4604,404,69908,13101,980,text/html; charset=UTF-8,533.113563ms,,3a7dd11fc
wp-comments,https://querybuscas.com/pages/wp-comments,,4605,404,69908,13101,980,text/html; charset=UTF-8,539.195494ms,,3a7dd11fd
wp-commentsrss2,https://querybuscas.com/pages/wp-commentsrss2,,4606,404,69908,13101,980,text/html; charset=UTF-8,603.090606ms,,3a7dd11fe
wp-config,https://querybuscas.com/pages/wp-config,,4607,404,69908,13101,980,text/html; charset=UTF-8,580.239088ms,,3a7dd11ff
wp-content,https://querybuscas.com/pages/wp-content,,4608,404,69908,13101,980,text/html; charset=UTF-8,526.906615ms,,3a7dd1200
wp-cron,https://querybuscas.com/pages/wp-cron,,4609,404,69908,13101,980,text/html; charset=UTF-8,589.460133ms,,3a7dd1201
wp-dbmanager,https://querybuscas.com/pages/wp-dbmanager,,4610,404,69908,13101,980,text/html; charset=UTF-8,581.320155ms,,3a7dd1202
wp-feed,https://querybuscas.com/pages/wp-feed,,4611,404,69908,13101,980,text/html; charset=UTF-8,557.863576ms,,3a7dd1203
wp-icludes,https://querybuscas.com/pages/wp-icludes,,4612,404,69908,13101,980,text/html; charset=UTF-8,541.714551ms,,3a7dd1204
wp-includes,https://querybuscas.com/pages/wp-includes,,4614,404,69908,13101,980,text/html; charset=UTF-8,554.84309ms,,3a7dd1206
wp-images,https://querybuscas.com/pages/wp-images,,4613,404,69908,13101,980,text/html; charset=UTF-8,570.969578ms,,3a7dd1205
wp-links-opml,https://querybuscas.com/pages/wp-links-opml,,4615,404,69908,13101,980,text/html; charset=UTF-8,533.83181ms,,3a7dd1207
wp-load,https://querybuscas.com/pages/wp-load,,4616,404,69908,13101,980,text/html; charset=UTF-8,603.521973ms,,3a7dd1208
wp-login,https://querybuscas.com/pages/wp-login,,4617,404,69908,13101,980,text/html; charset=UTF-8,549.462567ms,,3a7dd1209
wp-mail,https://querybuscas.com/pages/wp-mail,,4618,404,69908,13101,980,text/html; charset=UTF-8,543.558207ms,,3a7dd120a
wp-pass,https://querybuscas.com/pages/wp-pass,,4619,404,69908,13101,980,text/html; charset=UTF-8,534.585776ms,,3a7dd120b
wp-rdf,https://querybuscas.com/pages/wp-rdf,,4620,404,69908,13101,980,text/html; charset=UTF-8,562.271082ms,,3a7dd120c
wp-register,https://querybuscas.com/pages/wp-register,,4621,404,69908,13101,980,text/html; charset=UTF-8,543.375556ms,,3a7dd120d
wp-rss,https://querybuscas.com/pages/wp-rss,,4622,404,69908,13101,980,text/html; charset=UTF-8,558.744306ms,,3a7dd120e
wp-rss2,https://querybuscas.com/pages/wp-rss2,,4623,404,69908,13101,980,text/html; charset=UTF-8,589.732653ms,,3a7dd120f
wp-settings,https://querybuscas.com/pages/wp-settings,,4624,404,69908,13101,980,text/html; charset=UTF-8,601.017242ms,,3a7dd1210
wp-signup,https://querybuscas.com/pages/wp-signup,,4625,404,69908,13101,980,text/html; charset=UTF-8,543.242426ms,,3a7dd1211
wp-syntax,https://querybuscas.com/pages/wp-syntax,,4626,404,69908,13101,980,text/html; charset=UTF-8,545.066075ms,,3a7dd1212
wp-trackback,https://querybuscas.com/pages/wp-trackback,,4627,404,69908,13101,980,text/html; charset=UTF-8,536.857793ms,,3a7dd1213
wpau-backup,https://querybuscas.com/pages/wpau-backup,,4628,404,69908,13101,980,text/html; charset=UTF-8,645.758674ms,,3a7dd1214
wpcallback,https://querybuscas.com/pages/wpcallback,,4629,404,69908,13101,980,text/html; charset=UTF-8,749.702359ms,,3a7dd1215
wpcontent,https://querybuscas.com/pages/wpcontent,,4630,404,69908,13101,980,text/html; charset=UTF-8,742.049717ms,,3a7dd1216
wps,https://querybuscas.com/pages/wps,,4631,404,69908,13101,980,text/html; charset=UTF-8,747.591552ms,,3a7dd1217
wrap,https://querybuscas.com/pages/wrap,,4632,404,69908,13101,980,text/html; charset=UTF-8,798.443162ms,,3a7dd1218
writing,https://querybuscas.com/pages/writing,,4633,404,69908,13101,980,text/html; charset=UTF-8,719.273593ms,,3a7dd1219
ws,https://querybuscas.com/pages/ws,,4634,404,69908,13101,980,text/html; charset=UTF-8,564.010015ms,,3a7dd121a
ws-client,https://querybuscas.com/pages/ws-client,,4635,404,69908,13101,980,text/html; charset=UTF-8,496.945495ms,,3a7dd121b
ws_ftp,https://querybuscas.com/pages/ws_ftp,,4636,404,69908,13101,980,text/html; charset=UTF-8,544.729898ms,,3a7dd121c
wsdl,https://querybuscas.com/pages/wsdl,,4637,404,69908,13101,980,text/html; charset=UTF-8,548.875637ms,,3a7dd121d
wss,https://querybuscas.com/pages/wss,,4638,404,69908,13101,980,text/html; charset=UTF-8,538.431491ms,,3a7dd121e
wstat,https://querybuscas.com/pages/wstat,,4639,404,69908,13101,980,text/html; charset=UTF-8,595.729652ms,,3a7dd121f
wstats,https://querybuscas.com/pages/wstats,,4640,404,69908,13101,980,text/html; charset=UTF-8,563.482818ms,,3a7dd1220
wt,https://querybuscas.com/pages/wt,,4641,404,69908,13101,980,text/html; charset=UTF-8,566.597757ms,,3a7dd1221
wtai,https://querybuscas.com/pages/wtai,,4642,404,69908,13101,980,text/html; charset=UTF-8,557.548936ms,,3a7dd1222
wusage,https://querybuscas.com/pages/wusage,,4643,404,69908,13101,980,text/html; charset=UTF-8,525.573676ms,,3a7dd1223
wwhelp,https://querybuscas.com/pages/wwhelp,,4644,404,69908,13101,980,text/html; charset=UTF-8,651.721232ms,,3a7dd1224
www,https://querybuscas.com/pages/www,,4645,404,69908,13101,980,text/html; charset=UTF-8,561.71516ms,,3a7dd1225
www-sql,https://querybuscas.com/pages/www-sql,,4646,404,69908,13101,980,text/html; charset=UTF-8,570.882262ms,,3a7dd1226
www1,https://querybuscas.com/pages/www1,,4647,404,69908,13101,980,text/html; charset=UTF-8,584.183861ms,,3a7dd1227
www2,https://querybuscas.com/pages/www2,,4648,404,69908,13101,980,text/html; charset=UTF-8,567.233977ms,,3a7dd1228
www3,https://querybuscas.com/pages/www3,,4649,404,69908,13101,980,text/html; charset=UTF-8,544.911208ms,,3a7dd1229
wwwboard,https://querybuscas.com/pages/wwwboard,,4650,404,69908,13101,980,text/html; charset=UTF-8,555.90774ms,,3a7dd122a
wwwjoin,https://querybuscas.com/pages/wwwjoin,,4651,404,69908,13101,980,text/html; charset=UTF-8,608.671892ms,,3a7dd122b
wwwlog,https://querybuscas.com/pages/wwwlog,,4652,404,69908,13101,980,text/html; charset=UTF-8,551.273236ms,,3a7dd122c
wwwroot,https://querybuscas.com/pages/wwwroot,,4653,404,69908,13101,980,text/html; charset=UTF-8,573.425665ms,,3a7dd122d
wwwstat,https://querybuscas.com/pages/wwwstat,,4654,404,69908,13101,980,text/html; charset=UTF-8,565.849588ms,,3a7dd122e
wwwstats,https://querybuscas.com/pages/wwwstats,,4655,404,69908,13101,980,text/html; charset=UTF-8,588.637045ms,,3a7dd122f
wwwthreads,https://querybuscas.com/pages/wwwthreads,,4656,404,69908,13101,980,text/html; charset=UTF-8,515.642128ms,,3a7dd1230
wwwuser,https://querybuscas.com/pages/wwwuser,,4657,404,69908,13101,980,text/html; charset=UTF-8,556.597219ms,,3a7dd1231
wysiwyg,https://querybuscas.com/pages/wysiwyg,,4658,404,69908,13101,980,text/html; charset=UTF-8,509.476823ms,,3a7dd1232
wysiwygpro,https://querybuscas.com/pages/wysiwygpro,,4659,404,69908,13101,980,text/html; charset=UTF-8,521.729719ms,,3a7dd1233
x,https://querybuscas.com/pages/x,,4660,404,69908,13101,980,text/html; charset=UTF-8,552.025499ms,,3a7dd1234
xajax,https://querybuscas.com/pages/xajax,,4661,404,69908,13101,980,text/html; charset=UTF-8,556.439941ms,,3a7dd1235
xajax_js,https://querybuscas.com/pages/xajax_js,,4662,404,69908,13101,980,text/html; charset=UTF-8,515.911722ms,,3a7dd1236
xalan,https://querybuscas.com/pages/xalan,,4663,404,69908,13101,980,text/html; charset=UTF-8,563.890712ms,,3a7dd1237
xbox,https://querybuscas.com/pages/xbox,,4664,404,69908,13101,980,text/html; charset=UTF-8,556.060508ms,,3a7dd1238
xcache,https://querybuscas.com/pages/xcache,,4665,404,69908,13101,980,text/html; charset=UTF-8,508.844895ms,,3a7dd1239
xcart,https://querybuscas.com/pages/xcart,,4666,404,69908,13101,980,text/html; charset=UTF-8,726.730808ms,,3a7dd123a
xd_receiver,https://querybuscas.com/pages/xd_receiver,,4667,404,69908,13101,980,text/html; charset=UTF-8,866.383936ms,,3a7dd123b
xdb,https://querybuscas.com/pages/xdb,,4668,404,69908,13101,980,text/html; charset=UTF-8,917.853102ms,,3a7dd123c
xerces,https://querybuscas.com/pages/xerces,,4669,404,69908,13101,980,text/html; charset=UTF-8,937.488986ms,,3a7dd123d
xfer,https://querybuscas.com/pages/xfer,,4670,404,69908,13101,980,text/html; charset=UTF-8,911.994657ms,,3a7dd123e
xhtml,https://querybuscas.com/pages/xhtml,,4671,404,69908,13101,980,text/html; charset=UTF-8,800.308199ms,,3a7dd123f
xlogin,https://querybuscas.com/pages/xlogin,,4672,404,69908,13101,980,text/html; charset=UTF-8,559.381905ms,,3a7dd1240
xls,https://querybuscas.com/pages/xls,,4673,404,69908,13101,980,text/html; charset=UTF-8,547.498095ms,,3a7dd1241
xmas,https://querybuscas.com/pages/xmas,,4674,404,69908,13101,980,text/html; charset=UTF-8,541.1876ms,,3a7dd1242
xml,https://querybuscas.com/pages/xml,,4675,404,69908,13101,980,text/html; charset=UTF-8,541.860097ms,,3a7dd1243
xml-rpc,https://querybuscas.com/pages/xml-rpc,,4676,404,69908,13101,980,text/html; charset=UTF-8,519.242913ms,,3a7dd1244
xmlfiles,https://querybuscas.com/pages/xmlfiles,,4677,404,69908,13101,980,text/html; charset=UTF-8,577.919331ms,,3a7dd1245
xmlimporter,https://querybuscas.com/pages/xmlimporter,,4678,404,69908,13101,980,text/html; charset=UTF-8,599.359599ms,,3a7dd1246
xmlrpc,https://querybuscas.com/pages/xmlrpc,,4679,404,69908,13101,980,text/html; charset=UTF-8,539.862552ms,,3a7dd1247
xmlrpc.php,https://querybuscas.com/pages/xmlrpc.php,,4680,404,69908,13101,980,text/html; charset=UTF-8,555.81442ms,,3a7dd1248
xn,https://querybuscas.com/pages/xn,,4681,404,69908,13101,980,text/html; charset=UTF-8,599.502391ms,,3a7dd1249
xsl,https://querybuscas.com/pages/xsl,,4682,404,69908,13101,980,text/html; charset=UTF-8,556.339811ms,,3a7dd124a
xslt,https://querybuscas.com/pages/xslt,,4683,404,69908,13101,980,text/html; charset=UTF-8,674.338623ms,,3a7dd124b
xsql,https://querybuscas.com/pages/xsql,,4684,404,69908,13101,980,text/html; charset=UTF-8,682.028657ms,,3a7dd124c
xx,https://querybuscas.com/pages/xx,,4685,404,69908,13101,980,text/html; charset=UTF-8,618.998038ms,,3a7dd124d
xxx,https://querybuscas.com/pages/xxx,,4686,404,69908,13101,980,text/html; charset=UTF-8,589.173305ms,,3a7dd124e
xyz,https://querybuscas.com/pages/xyz,,4687,404,69908,13101,980,text/html; charset=UTF-8,705.007403ms,,3a7dd124f
xyzzy,https://querybuscas.com/pages/xyzzy,,4688,404,69908,13101,980,text/html; charset=UTF-8,533.132248ms,,3a7dd1250
y,https://querybuscas.com/pages/y,,4689,404,69908,13101,980,text/html; charset=UTF-8,545.210118ms,,3a7dd1251
yahoo,https://querybuscas.com/pages/yahoo,,4690,404,69908,13101,980,text/html; charset=UTF-8,537.44198ms,,3a7dd1252
year,https://querybuscas.com/pages/year,,4691,404,69908,13101,980,text/html; charset=UTF-8,554.063608ms,,3a7dd1253
yearly,https://querybuscas.com/pages/yearly,,4692,404,69908,13101,980,text/html; charset=UTF-8,596.210687ms,,3a7dd1254
yesterday,https://querybuscas.com/pages/yesterday,,4693,404,69908,13101,980,text/html; charset=UTF-8,570.708082ms,,3a7dd1255
yml,https://querybuscas.com/pages/yml,,4694,404,69908,13101,980,text/html; charset=UTF-8,587.699388ms,,3a7dd1256
yonetici,https://querybuscas.com/pages/yonetici,,4695,404,69908,13101,980,text/html; charset=UTF-8,574.603239ms,,3a7dd1257
yonetim,https://querybuscas.com/pages/yonetim,,4696,404,69908,13101,980,text/html; charset=UTF-8,537.988156ms,,3a7dd1258
youtube,https://querybuscas.com/pages/youtube,,4697,404,69908,13101,980,text/html; charset=UTF-8,544.257279ms,,3a7dd1259
yt,https://querybuscas.com/pages/yt,,4699,404,69908,13101,980,text/html; charset=UTF-8,502.691652ms,,3a7dd125b
yshop,https://querybuscas.com/pages/yshop,,4698,404,69908,13101,980,text/html; charset=UTF-8,660.136107ms,,3a7dd125a
yui,https://querybuscas.com/pages/yui,,4700,404,69908,13101,980,text/html; charset=UTF-8,602.659099ms,,3a7dd125c
z,https://querybuscas.com/pages/z,,4701,404,69908,13101,980,text/html; charset=UTF-8,562.270543ms,,3a7dd125d
zboard,https://querybuscas.com/pages/zboard,,4703,404,69908,13101,980,text/html; charset=UTF-8,627.602003ms,,3a7dd125f
zap,https://querybuscas.com/pages/zap,,4702,404,69908,13101,980,text/html; charset=UTF-8,762.53721ms,,3a7dd125e
zencart,https://querybuscas.com/pages/zencart,,4704,404,69908,13101,980,text/html; charset=UTF-8,670.622588ms,,3a7dd1260
zero,https://querybuscas.com/pages/zero,,4706,404,69908,13101,980,text/html; charset=UTF-8,569.520357ms,,3a7dd1262
zend,https://querybuscas.com/pages/zend,,4705,404,69908,13101,980,text/html; charset=UTF-8,625.148511ms,,3a7dd1261
zeus,https://querybuscas.com/pages/zeus,,4707,404,69908,13101,980,text/html; charset=UTF-8,769.765827ms,,3a7dd1263
zh-cn,https://querybuscas.com/pages/zh-cn,,4709,404,69908,13101,980,text/html; charset=UTF-8,745.295396ms,,3a7dd1265
zh,https://querybuscas.com/pages/zh,,4708,404,69908,13101,980,text/html; charset=UTF-8,873.520549ms,,3a7dd1264
zh-tw,https://querybuscas.com/pages/zh-tw,,4710,404,69908,13101,980,text/html; charset=UTF-8,633.427619ms,,3a7dd1266
zh_CN,https://querybuscas.com/pages/zh_CN,,4711,404,69908,13101,980,text/html; charset=UTF-8,579.242354ms,,3a7dd1267
zh_TW,https://querybuscas.com/pages/zh_TW,,4712,404,69908,13101,980,text/html; charset=UTF-8,553.157097ms,,3a7dd1268
zimbra,https://querybuscas.com/pages/zimbra,,4713,404,69908,13101,980,text/html; charset=UTF-8,818.343127ms,,3a7dd1269
zipfiles,https://querybuscas.com/pages/zipfiles,,4715,404,69908,13101,980,text/html; charset=UTF-8,581.447992ms,,3a7dd126b
zip,https://querybuscas.com/pages/zip,,4714,404,69908,13101,980,text/html; charset=UTF-8,665.249161ms,,3a7dd126a
zips,https://querybuscas.com/pages/zips,,4716,404,69908,13101,980,text/html; charset=UTF-8,567.484802ms,,3a7dd126c
zope,https://querybuscas.com/pages/zope,,4719,404,69908,13101,980,text/html; charset=UTF-8,716.236915ms,,3a7dd126f
zoeken,https://querybuscas.com/pages/zoeken,,4717,404,69908,13101,980,text/html; charset=UTF-8,788.363905ms,,3a7dd126d
zoom,https://querybuscas.com/pages/zoom,,4718,404,69908,13101,980,text/html; charset=UTF-8,745.460631ms,,3a7dd126e
~adm,https://querybuscas.com/pages/~adm,,4722,404,69908,13101,980,text/html; charset=UTF-8,594.860513ms,,3a7dd1272
zorum,https://querybuscas.com/pages/zorum,,4720,404,69908,13101,980,text/html; charset=UTF-8,656.272302ms,,3a7dd1270
zt,https://querybuscas.com/pages/zt,,4721,404,69908,13101,980,text/html; charset=UTF-8,624.38063ms,,3a7dd1271
~admin,https://querybuscas.com/pages/~admin,,4723,404,69908,13101,980,text/html; charset=UTF-8,568.979633ms,,3a7dd1273
~administrator,https://querybuscas.com/pages/~administrator,,4724,404,69908,13101,980,text/html; charset=UTF-8,507.384514ms,,3a7dd1274
~amanda,https://querybuscas.com/pages/~amanda,,4725,404,69908,13101,980,text/html; charset=UTF-8,706.626817ms,,3a7dd1275
~ftp,https://querybuscas.com/pages/~ftp,,4728,404,69908,13101,980,text/html; charset=UTF-8,554.844116ms,,3a7dd1278
~apache,https://querybuscas.com/pages/~apache,,4726,404,69908,13101,980,text/html; charset=UTF-8,669.080315ms,,3a7dd1276
~bin,https://querybuscas.com/pages/~bin,,4727,404,69908,13101,980,text/html; charset=UTF-8,606.6253ms,,3a7dd1277
~guest,https://querybuscas.com/pages/~guest,,4729,404,69908,13101,980,text/html; charset=UTF-8,562.328651ms,,3a7dd1279
~http,https://querybuscas.com/pages/~http,,4730,404,69908,13101,980,text/html; charset=UTF-8,607.061105ms,,3a7dd127a
~httpd,https://querybuscas.com/pages/~httpd,,4731,404,69908,13101,980,text/html; charset=UTF-8,592.78385ms,,3a7dd127b
~log,https://querybuscas.com/pages/~log,,4732,404,69908,13101,980,text/html; charset=UTF-8,544.348507ms,,3a7dd127c
~lp,https://querybuscas.com/pages/~lp,,4734,404,69908,13101,980,text/html; charset=UTF-8,872.185661ms,,3a7dd127e
~logs,https://querybuscas.com/pages/~logs,,4733,404,69908,13101,980,text/html; charset=UTF-8,877.14906ms,,3a7dd127d
~nobody,https://querybuscas.com/pages/~nobody,,4736,404,69908,13101,980,text/html; charset=UTF-8,805.839577ms,,3a7dd1280
~operator,https://querybuscas.com/pages/~operator,,4737,404,69908,13101,980,text/html; charset=UTF-8,596.766841ms,,3a7dd1281
~root,https://querybuscas.com/pages/~root,,4738,404,69908,13101,980,text/html; charset=UTF-8,758.138719ms,,3a7dd1282
~mail,https://querybuscas.com/pages/~mail,,4735,404,69908,13101,980,text/html; charset=UTF-8,764.57698ms,,3a7dd127f
~sys,https://querybuscas.com/pages/~sys,,4739,404,69908,13101,980,text/html; charset=UTF-8,793.836427ms,,3a7dd1283
~sysadm,https://querybuscas.com/pages/~sysadm,,4740,404,69908,13101,980,text/html; charset=UTF-8,845.157962ms,,3a7dd1284
~sysadmin,https://querybuscas.com/pages/~sysadmin,,4741,404,69908,13101,980,text/html; charset=UTF-8,880.259789ms,,3a7dd1285
~test,https://querybuscas.com/pages/~test,,4742,404,69908,13101,980,text/html; charset=UTF-8,833.114235ms,,3a7dd1286
~tmp,https://querybuscas.com/pages/~tmp,,4743,404,69908,13101,980,text/html; charset=UTF-8,632.809608ms,,3a7dd1287
~user,https://querybuscas.com/pages/~user,,4744,404,69908,13101,980,text/html; charset=UTF-8,512.522208ms,,3a7dd1288
~webmaster,https://querybuscas.com/pages/~webmaster,,4745,404,69908,13101,980,text/html; charset=UTF-8,580.564678ms,,3a7dd1289
~www,https://querybuscas.com/pages/~www,,4746,404,69908,13101,980,text/html; charset=UTF-8,584.399267ms,,3a7dd128a
dns-query?dns=q80BAAABAAAAAAAAA3d3dwdleGFtcGxlA2NvbQAAAQAB,https://querybuscas.com/pages/dns-query?dns=q80BAAABAAAAAAAAA3d3dwdleGFtcGxlA2NvbQAAAQAB,,4747,404,69908,13101,980,text/html; charset=UTF-8,606.646887ms,,3a7dd128b
dns-query?name=google.com&type=A,https://querybuscas.com/pages/dns-query?name=google.com&type=A,,4748,404,69908,13101,980,text/html; charset=UTF-8,554.608094ms,,3a7dd128c
sse,https://querybuscas.com/pages/sse,,4749,404,69908,13101,980,text/html; charset=UTF-8,529.523228ms,,3a7dd128d
mcp,https://querybuscas.com/pages/mcp,,4750,404,69908,13101,980,text/html; charset=UTF-8,816.71577ms,,3a7dd128e
mcp/transport,https://querybuscas.com/pages/mcp/transport,,4751,404,69908,13101,980,text/html; charset=UTF-8,880.972827ms,,3a7dd128f
mcp/message,https://querybuscas.com/pages/mcp/message,,4752,404,69908,13101,980,text/html; charset=UTF-8,778.36985ms,,3a7dd1290
