[18-May-2026 21:20:25 UTC] Automatic updates starting...
[18-May-2026 21:20:25 UTC]   Automatic plugin updates starting...
[18-May-2026 21:20:25 UTC]   Automatic plugin updates complete.
[18-May-2026 21:20:25 UTC]   Automatic theme updates starting...
[18-May-2026 21:20:25 UTC]   Automatic theme updates complete.
[18-May-2026 21:20:25 UTC] Automatic updates complete.
[18-May-2026 22:54:14 UTC] Automatic updates starting...
[18-May-2026 22:54:14 UTC]   Automatic plugin updates starting...
[18-May-2026 22:54:14 UTC]   Automatic plugin updates complete.
[18-May-2026 22:54:14 UTC]   Automatic theme updates starting...
[18-May-2026 22:54:14 UTC]   Automatic theme updates complete.
[18-May-2026 22:54:14 UTC] Automatic updates complete.
[19-May-2026 21:42:52 UTC] Automatic updates starting...
[19-May-2026 21:42:52 UTC]   Automatic plugin updates starting...
[19-May-2026 21:42:52 UTC]   Automatic plugin updates complete.
[19-May-2026 21:42:52 UTC]   Automatic theme updates starting...
[19-May-2026 21:42:52 UTC]   Automatic theme updates complete.
[19-May-2026 21:42:52 UTC] Automatic updates complete.
[19-May-2026 23:42:00 UTC] Automatic updates starting...
[19-May-2026 23:42:00 UTC]   Automatic plugin updates starting...
[19-May-2026 23:42:00 UTC]   Automatic plugin updates complete.
[19-May-2026 23:42:00 UTC]   Automatic theme updates starting...
[19-May-2026 23:42:00 UTC]   Automatic theme updates complete.
[19-May-2026 23:42:00 UTC] Automatic updates complete.
[20-May-2026 13:04:04 UTC] Automatic updates starting...
[20-May-2026 13:04:04 UTC]   Automatic plugin updates starting...
[20-May-2026 13:04:04 UTC]   Automatic plugin updates complete.
[20-May-2026 13:04:04 UTC]   Automatic theme updates starting...
[20-May-2026 13:04:04 UTC]   Automatic theme updates complete.
[20-May-2026 13:04:04 UTC] Automatic updates complete.
[21-May-2026 02:12:25 UTC] Automatic updates starting...
[21-May-2026 02:12:25 UTC]   Automatic plugin updates starting...
[21-May-2026 02:12:25 UTC]     Upgrading plugin 'google-analytics-for-wordpress'...
[21-May-2026 02:12:27 UTC]     Plugin 'google-analytics-for-wordpress' has been upgraded.
[21-May-2026 02:12:29 UTC]     Scraping home page...
[21-May-2026 02:12:31 UTC] '###### wp_scraping_result_start:2bfcdbd6737a0b098c470d1e60285674 ######
true
###### wp_scraping_result_end:2bfcdbd6737a0b098c470d1e60285674 ######
'
[21-May-2026 02:12:31 UTC]     The update for 'google-analytics-for-wordpress' has no fatal errors.
[21-May-2026 02:12:31 UTC]   Automatic plugin updates complete.
[21-May-2026 02:12:31 UTC]   Automatic theme updates starting...
[21-May-2026 02:12:32 UTC]   Automatic theme updates complete.
[21-May-2026 02:12:32 UTC] Automatic updates complete.
[21-May-2026 16:03:44 UTC] Automatic updates starting...
[21-May-2026 16:03:44 UTC]   Automatic plugin updates starting...
[21-May-2026 16:03:44 UTC]   Automatic plugin updates complete.
[21-May-2026 16:03:44 UTC]   Automatic theme updates starting...
[21-May-2026 16:03:45 UTC]   Automatic theme updates complete.
[21-May-2026 16:03:45 UTC] Automatic updates complete.
[21-May-2026 22:15:08 UTC] Automatic updates starting...
[21-May-2026 22:15:09 UTC]   Automatic plugin updates starting...
[21-May-2026 22:15:09 UTC]   Automatic plugin updates complete.
[21-May-2026 22:15:09 UTC]   Automatic theme updates starting...
[21-May-2026 22:15:09 UTC]   Automatic theme updates complete.
[21-May-2026 22:15:09 UTC] Automatic updates complete.
[22-May-2026 10:45:40 UTC] Automatic updates starting...
[22-May-2026 10:45:40 UTC]   Automatic plugin updates starting...
[22-May-2026 10:45:40 UTC]   Automatic plugin updates complete.
[22-May-2026 10:45:40 UTC]   Automatic theme updates starting...
[22-May-2026 10:45:40 UTC]   Automatic theme updates complete.
[22-May-2026 10:45:40 UTC] Automatic updates complete.
[23-May-2026 00:15:21 UTC] Automatic updates starting...
[23-May-2026 00:15:21 UTC]   Automatic plugin updates starting...
[23-May-2026 00:15:21 UTC]   Automatic plugin updates complete.
[23-May-2026 00:15:21 UTC]   Automatic theme updates starting...
[23-May-2026 00:15:21 UTC]   Automatic theme updates complete.
[23-May-2026 00:15:21 UTC] Automatic updates complete.
[23-May-2026 10:19:24 UTC] Automatic updates starting...
[23-May-2026 10:19:24 UTC]   Automatic plugin updates starting...
[23-May-2026 10:19:24 UTC]   Automatic plugin updates complete.
[23-May-2026 10:19:24 UTC]   Automatic theme updates starting...
[23-May-2026 10:19:24 UTC]   Automatic theme updates complete.
[23-May-2026 10:19:24 UTC] Automatic updates complete.
[23-May-2026 22:16:07 UTC] Automatic updates starting...
[23-May-2026 22:16:08 UTC]   Automatic plugin updates starting...
[23-May-2026 22:16:08 UTC]   Automatic plugin updates complete.
[23-May-2026 22:16:08 UTC]   Automatic theme updates starting...
[23-May-2026 22:16:08 UTC]   Automatic theme updates complete.
[23-May-2026 22:16:08 UTC] Automatic updates complete.
[24-May-2026 10:14:52 UTC] Automatic updates starting...
[24-May-2026 10:14:52 UTC]   Automatic plugin updates starting...
[24-May-2026 10:14:52 UTC]   Automatic plugin updates complete.
[24-May-2026 10:14:52 UTC]   Automatic theme updates starting...
[24-May-2026 10:14:52 UTC]   Automatic theme updates complete.
[24-May-2026 10:14:52 UTC] Automatic updates complete.
[24-May-2026 10:25:59 UTC] PHP Warning:  The URL https://s0.softaculous.com/a/loginizer//updates.php?version=2.0.5&checking_for_updates=1&installed_version=2.0.5&license=SOFTWP-65975-58186-61378-85147&url=https%3A%2F%2F8kiptv.co%2Ftv does not point to a valid plugin metadata file. WP HTTP Error: cURL error 28: Operation timed out after 10000 milliseconds with 0 bytes received in /home/servpcxr/8kiptv.co/tv/wp-content/plugins/loginizer-security/updater/plugin-update-checker.php on line 985
[24-May-2026 22:18:35 UTC] Automatic updates starting...
[24-May-2026 22:18:35 UTC]   Automatic plugin updates starting...
[24-May-2026 22:18:35 UTC]   Automatic plugin updates complete.
[24-May-2026 22:18:35 UTC]   Automatic theme updates starting...
[24-May-2026 22:18:35 UTC]   Automatic theme updates complete.
[24-May-2026 22:18:35 UTC] Automatic updates complete.
[25-May-2026 10:28:09 UTC] Automatic updates starting...
[25-May-2026 10:28:10 UTC]   Automatic plugin updates starting...
[25-May-2026 10:28:10 UTC]   Automatic plugin updates complete.
[25-May-2026 10:28:10 UTC]   Automatic theme updates starting...
[25-May-2026 10:28:10 UTC]   Automatic theme updates complete.
[25-May-2026 10:28:10 UTC] Automatic updates complete.
[25-May-2026 22:18:17 UTC] Automatic updates starting...
[25-May-2026 22:18:17 UTC]   Automatic plugin updates starting...
[25-May-2026 22:18:17 UTC]   Automatic plugin updates complete.
[25-May-2026 22:18:17 UTC]   Automatic theme updates starting...
[25-May-2026 22:18:17 UTC]   Automatic theme updates complete.
[25-May-2026 22:18:17 UTC] Automatic updates complete.
[26-May-2026 10:22:37 UTC] Automatic updates starting...
[26-May-2026 10:22:37 UTC]   Automatic plugin updates starting...
[26-May-2026 10:22:37 UTC]   Automatic plugin updates complete.
[26-May-2026 10:22:37 UTC]   Automatic theme updates starting...
[26-May-2026 10:22:37 UTC]   Automatic theme updates complete.
[26-May-2026 10:22:37 UTC] Automatic updates complete.
[26-May-2026 22:15:16 UTC] Automatic updates starting...
[26-May-2026 22:15:16 UTC]   Automatic plugin updates starting...
[26-May-2026 22:15:16 UTC]   Automatic plugin updates complete.
[26-May-2026 22:15:16 UTC]   Automatic theme updates starting...
[26-May-2026 22:15:16 UTC]   Automatic theme updates complete.
[26-May-2026 22:15:16 UTC] Automatic updates complete.
[27-May-2026 10:16:40 UTC] Automatic updates starting...
[27-May-2026 10:16:40 UTC]   Automatic plugin updates starting...
[27-May-2026 10:16:40 UTC]   Automatic plugin updates complete.
[27-May-2026 10:16:40 UTC]   Automatic theme updates starting...
[27-May-2026 10:16:40 UTC]   Automatic theme updates complete.
[27-May-2026 10:16:40 UTC] Automatic updates complete.
[27-May-2026 22:18:45 UTC] Automatic updates starting...
[27-May-2026 22:18:45 UTC]   Automatic plugin updates starting...
[27-May-2026 22:18:45 UTC]     Upgrading plugin 'google-analytics-for-wordpress'...
[27-May-2026 22:18:47 UTC]     Plugin 'google-analytics-for-wordpress' has been upgraded.
[27-May-2026 22:18:49 UTC]     Scraping home page...
[27-May-2026 22:18:50 UTC] '###### wp_scraping_result_start:8b85f5deea16bf4674f665de53c88726 ######
true
###### wp_scraping_result_end:8b85f5deea16bf4674f665de53c88726 ######
'
[27-May-2026 22:18:50 UTC]     The update for 'google-analytics-for-wordpress' has no fatal errors.
[27-May-2026 22:18:50 UTC]   Automatic plugin updates complete.
[27-May-2026 22:18:50 UTC]   Automatic theme updates starting...
[27-May-2026 22:18:50 UTC]   Automatic theme updates complete.
[27-May-2026 22:18:50 UTC] Automatic updates complete.
[28-May-2026 10:16:56 UTC] Automatic updates starting...
[28-May-2026 10:16:56 UTC]   Automatic plugin updates starting...
[28-May-2026 10:16:56 UTC]   Automatic plugin updates complete.
[28-May-2026 10:16:56 UTC]   Automatic theme updates starting...
[28-May-2026 10:16:56 UTC]   Automatic theme updates complete.
[28-May-2026 10:16:56 UTC] Automatic updates complete.
[28-May-2026 22:18:07 UTC] Automatic updates starting...
[28-May-2026 22:18:07 UTC]   Automatic plugin updates starting...
[28-May-2026 22:18:07 UTC]   Automatic plugin updates complete.
[28-May-2026 22:18:07 UTC]   Automatic theme updates starting...
[28-May-2026 22:18:07 UTC]   Automatic theme updates complete.
[28-May-2026 22:18:07 UTC] Automatic updates complete.
[29-May-2026 10:15:06 UTC] Automatic updates starting...
[29-May-2026 10:15:07 UTC]   Automatic plugin updates starting...
[29-May-2026 10:15:07 UTC]   Automatic plugin updates complete.
[29-May-2026 10:15:07 UTC]   Automatic theme updates starting...
[29-May-2026 10:15:07 UTC]   Automatic theme updates complete.
[29-May-2026 10:15:07 UTC] Automatic updates complete.
[29-May-2026 10:33:50 UTC] PHP Notice:  Function WP_Styles::add was called <strong>incorrectly</strong>. The style with the handle "elementor-post-605" was enqueued with dependencies that are not registered: elementor-frontend. Please see <a href="https://developer.wordpress.org/advanced-administration/debug/debug-wordpress/">Debugging in WordPress</a> for more information. (This message was added in version 6.9.1.) in /home/servpcxr/8kiptv.co/tv/wp-includes/functions.php on line 6170
[29-May-2026 10:33:50 UTC] PHP Notice:  Function WP_Styles::add was called <strong>incorrectly</strong>. The style with the handle "elementor-post-611" was enqueued with dependencies that are not registered: elementor-frontend. Please see <a href="https://developer.wordpress.org/advanced-administration/debug/debug-wordpress/">Debugging in WordPress</a> for more information. (This message was added in version 6.9.1.) in /home/servpcxr/8kiptv.co/tv/wp-includes/functions.php on line 6170
[29-May-2026 10:33:50 UTC] PHP Notice:  Function WP_Styles::add was called <strong>incorrectly</strong>. The style with the handle "elementor-post-616" was enqueued with dependencies that are not registered: elementor-frontend. Please see <a href="https://developer.wordpress.org/advanced-administration/debug/debug-wordpress/">Debugging in WordPress</a> for more information. (This message was added in version 6.9.1.) in /home/servpcxr/8kiptv.co/tv/wp-includes/functions.php on line 6170
[29-May-2026 10:33:50 UTC] PHP Notice:  Function WP_Scripts::add was called <strong>incorrectly</strong>. The script with the handle "elementor-v2-editor-components" was enqueued with dependencies that are not registered: elementor-v2-editor-canvas, elementor-v2-editor-controls, elementor-v2-editor-editing-panel, elementor-v2-editor-elements, elementor-v2-editor-props, elementor-v2-editor-styles-repository, elementor-v2-editor-templates. Please see <a href="https://developer.wordpress.org/advanced-administration/debug/debug-wordpress/">Debugging in WordPress</a> for more information. (This message was added in version 6.9.1.) in /home/servpcxr/8kiptv.co/tv/wp-includes/functions.php on line 6170
[29-May-2026 10:33:53 UTC] PHP Notice:  Function WP_Styles::add was called <strong>incorrectly</strong>. The style with the handle "elementor-post-605" was enqueued with dependencies that are not registered: elementor-frontend. Please see <a href="https://developer.wordpress.org/advanced-administration/debug/debug-wordpress/">Debugging in WordPress</a> for more information. (This message was added in version 6.9.1.) in /home/servpcxr/8kiptv.co/tv/wp-includes/functions.php on line 6170
[29-May-2026 10:33:53 UTC] PHP Notice:  Function WP_Styles::add was called <strong>incorrectly</strong>. The style with the handle "elementor-post-611" was enqueued with dependencies that are not registered: elementor-frontend. Please see <a href="https://developer.wordpress.org/advanced-administration/debug/debug-wordpress/">Debugging in WordPress</a> for more information. (This message was added in version 6.9.1.) in /home/servpcxr/8kiptv.co/tv/wp-includes/functions.php on line 6170
[29-May-2026 10:33:53 UTC] PHP Notice:  Function WP_Styles::add was called <strong>incorrectly</strong>. The style with the handle "elementor-post-616" was enqueued with dependencies that are not registered: elementor-frontend. Please see <a href="https://developer.wordpress.org/advanced-administration/debug/debug-wordpress/">Debugging in WordPress</a> for more information. (This message was added in version 6.9.1.) in /home/servpcxr/8kiptv.co/tv/wp-includes/functions.php on line 6170
[29-May-2026 10:33:53 UTC] PHP Notice:  Function WP_Scripts::add was called <strong>incorrectly</strong>. The script with the handle "elementor-v2-editor-components" was enqueued with dependencies that are not registered: elementor-v2-editor-canvas, elementor-v2-editor-controls, elementor-v2-editor-editing-panel, elementor-v2-editor-elements, elementor-v2-editor-props, elementor-v2-editor-styles-repository, elementor-v2-editor-templates. Please see <a href="https://developer.wordpress.org/advanced-administration/debug/debug-wordpress/">Debugging in WordPress</a> for more information. (This message was added in version 6.9.1.) in /home/servpcxr/8kiptv.co/tv/wp-includes/functions.php on line 6170
[29-May-2026 10:34:23 UTC] PHP Notice:  Function WP_Scripts::add was called <strong>incorrectly</strong>. The script with the handle "elementor-v2-editor-components" was enqueued with dependencies that are not registered: elementor-v2-editor-canvas, elementor-v2-editor-controls, elementor-v2-editor-editing-panel, elementor-v2-editor-elements, elementor-v2-editor-props, elementor-v2-editor-styles-repository, elementor-v2-editor-templates. Please see <a href="https://developer.wordpress.org/advanced-administration/debug/debug-wordpress/">Debugging in WordPress</a> for more information. (This message was added in version 6.9.1.) in /home/servpcxr/8kiptv.co/tv/wp-includes/functions.php on line 6170
[29-May-2026 10:34:25 UTC] PHP Notice:  Function WP_Scripts::add was called <strong>incorrectly</strong>. The script with the handle "elementor-v2-editor-components" was enqueued with dependencies that are not registered: elementor-v2-editor-canvas, elementor-v2-editor-controls, elementor-v2-editor-editing-panel, elementor-v2-editor-elements, elementor-v2-editor-props, elementor-v2-editor-styles-repository, elementor-v2-editor-templates. Please see <a href="https://developer.wordpress.org/advanced-administration/debug/debug-wordpress/">Debugging in WordPress</a> for more information. (This message was added in version 6.9.1.) in /home/servpcxr/8kiptv.co/tv/wp-includes/functions.php on line 6170
[29-May-2026 21:22:57 UTC] Cron reschedule event error for hook: mwp_wpvivid_check_version_event, Error code: could_not_set, Error message: The cron event list could not be saved., Data: {"schedule":"hourly","args":[],"interval":3600}
[29-May-2026 21:27:29 UTC] Cron reschedule event error for hook: action_scheduler_run_queue, Error code: could_not_set, Error message: The cron event list could not be saved., Data: {"schedule":"every_minute","args":["WP Cron"],"interval":60}
[29-May-2026 22:15:20 UTC] Automatic updates starting...
[29-May-2026 22:15:21 UTC]   Automatic plugin updates starting...
[29-May-2026 22:15:21 UTC]     Upgrading plugin 'google-analytics-for-wordpress'...
[29-May-2026 22:15:22 UTC]     Plugin 'google-analytics-for-wordpress' has been upgraded.
[29-May-2026 22:15:24 UTC]     Scraping home page...
[29-May-2026 22:15:25 UTC] '###### wp_scraping_result_start:d5b5a99022e2b0474f2ff6654489c0e6 ######
true
###### wp_scraping_result_end:d5b5a99022e2b0474f2ff6654489c0e6 ######
'
[29-May-2026 22:15:25 UTC]     The update for 'google-analytics-for-wordpress' has no fatal errors.
[29-May-2026 22:15:25 UTC]   Automatic plugin updates complete.
[29-May-2026 22:15:25 UTC]   Automatic theme updates starting...
[29-May-2026 22:15:25 UTC]   Automatic theme updates complete.
[29-May-2026 22:15:25 UTC] Automatic updates complete.
[30-May-2026 10:15:21 UTC] Automatic updates starting...
[30-May-2026 10:15:21 UTC]   Automatic plugin updates starting...
[30-May-2026 10:15:21 UTC]   Automatic plugin updates complete.
[30-May-2026 10:15:21 UTC]   Automatic theme updates starting...
[30-May-2026 10:15:21 UTC]   Automatic theme updates complete.
[30-May-2026 10:15:21 UTC] Automatic updates complete.
[30-May-2026 22:17:26 UTC] Automatic updates starting...
[30-May-2026 22:17:26 UTC]   Automatic plugin updates starting...
[30-May-2026 22:17:26 UTC]   Automatic plugin updates complete.
[30-May-2026 22:17:26 UTC]   Automatic theme updates starting...
[30-May-2026 22:17:26 UTC]   Automatic theme updates complete.
[30-May-2026 22:17:26 UTC] Automatic updates complete.
[31-May-2026 10:15:03 UTC] Automatic updates starting...
[31-May-2026 10:15:03 UTC]   Automatic plugin updates starting...
[31-May-2026 10:15:03 UTC]   Automatic plugin updates complete.
[31-May-2026 10:15:03 UTC]   Automatic theme updates starting...
[31-May-2026 10:15:03 UTC]   Automatic theme updates complete.
[31-May-2026 10:15:03 UTC] Automatic updates complete.
[31-May-2026 22:15:58 UTC] Automatic updates starting...
[31-May-2026 22:15:59 UTC]   Automatic plugin updates starting...
[31-May-2026 22:15:59 UTC]   Automatic plugin updates complete.
[31-May-2026 22:15:59 UTC]   Automatic theme updates starting...
[31-May-2026 22:15:59 UTC]   Automatic theme updates complete.
[31-May-2026 22:15:59 UTC] Automatic updates complete.
[01-Jun-2026 10:15:36 UTC] Automatic updates starting...
[01-Jun-2026 10:15:36 UTC]   Automatic plugin updates starting...
[01-Jun-2026 10:15:36 UTC]   Automatic plugin updates complete.
[01-Jun-2026 10:15:36 UTC]   Automatic theme updates starting...
[01-Jun-2026 10:15:36 UTC]   Automatic theme updates complete.
[01-Jun-2026 10:15:36 UTC] Automatic updates complete.
[01-Jun-2026 22:21:38 UTC] Automatic updates starting...
[01-Jun-2026 22:21:38 UTC]   Automatic plugin updates starting...
[01-Jun-2026 22:21:38 UTC]   Automatic plugin updates complete.
[01-Jun-2026 22:21:38 UTC]   Automatic theme updates starting...
[01-Jun-2026 22:21:38 UTC]   Automatic theme updates complete.
[01-Jun-2026 22:21:38 UTC] Automatic updates complete.
[02-Jun-2026 05:26:11 UTC] Cron reschedule event error for hook: action_scheduler_run_queue, Error code: could_not_set, Error message: The cron event list could not be saved., Data: {"schedule":"every_minute","args":["WP Cron"],"interval":60}
[02-Jun-2026 10:16:09 UTC] Automatic updates starting...
[02-Jun-2026 10:16:09 UTC]   Automatic plugin updates starting...
[02-Jun-2026 10:16:09 UTC]   Automatic plugin updates complete.
[02-Jun-2026 10:16:09 UTC]   Automatic theme updates starting...
[02-Jun-2026 10:16:09 UTC]   Automatic theme updates complete.
[02-Jun-2026 10:16:09 UTC] Automatic updates complete.
[02-Jun-2026 22:14:58 UTC] Automatic updates starting...
[02-Jun-2026 22:14:58 UTC]   Automatic plugin updates starting...
[02-Jun-2026 22:14:58 UTC]   Automatic plugin updates complete.
[02-Jun-2026 22:14:58 UTC]   Automatic theme updates starting...
[02-Jun-2026 22:14:58 UTC]   Automatic theme updates complete.
[02-Jun-2026 22:14:58 UTC] Automatic updates complete.
[03-Jun-2026 10:17:15 UTC] Automatic updates starting...
[03-Jun-2026 10:17:15 UTC]   Automatic plugin updates starting...
[03-Jun-2026 10:17:15 UTC]   Automatic plugin updates complete.
[03-Jun-2026 10:17:15 UTC]   Automatic theme updates starting...
[03-Jun-2026 10:17:15 UTC]   Automatic theme updates complete.
[03-Jun-2026 10:17:15 UTC] Automatic updates complete.
[03-Jun-2026 22:16:16 UTC] Automatic updates starting...
[03-Jun-2026 22:16:16 UTC]   Automatic plugin updates starting...
[03-Jun-2026 22:16:16 UTC]   Automatic plugin updates complete.
[03-Jun-2026 22:16:16 UTC]   Automatic theme updates starting...
[03-Jun-2026 22:16:16 UTC]   Automatic theme updates complete.
[03-Jun-2026 22:16:16 UTC] Automatic updates complete.
[04-Jun-2026 10:16:21 UTC] Automatic updates starting...
[04-Jun-2026 10:16:21 UTC]   Automatic plugin updates starting...
[04-Jun-2026 10:16:21 UTC]   Automatic plugin updates complete.
[04-Jun-2026 10:16:21 UTC]   Automatic theme updates starting...
[04-Jun-2026 10:16:21 UTC]   Automatic theme updates complete.
[04-Jun-2026 10:16:21 UTC] Automatic updates complete.
[04-Jun-2026 10:26:02 UTC] PHP Notice:  Function WP_Styles::add was called <strong>incorrectly</strong>. The style with the handle "elementor-post-605" was enqueued with dependencies that are not registered: elementor-frontend. Please see <a href="https://developer.wordpress.org/advanced-administration/debug/debug-wordpress/">Debugging in WordPress</a> for more information. (This message was added in version 6.9.1.) in /home/servpcxr/8kiptv.co/tv/wp-includes/functions.php on line 6170
[04-Jun-2026 10:26:02 UTC] PHP Notice:  Function WP_Styles::add was called <strong>incorrectly</strong>. The style with the handle "elementor-post-611" was enqueued with dependencies that are not registered: elementor-frontend. Please see <a href="https://developer.wordpress.org/advanced-administration/debug/debug-wordpress/">Debugging in WordPress</a> for more information. (This message was added in version 6.9.1.) in /home/servpcxr/8kiptv.co/tv/wp-includes/functions.php on line 6170
[04-Jun-2026 10:26:02 UTC] PHP Notice:  Function WP_Styles::add was called <strong>incorrectly</strong>. The style with the handle "elementor-post-616" was enqueued with dependencies that are not registered: elementor-frontend. Please see <a href="https://developer.wordpress.org/advanced-administration/debug/debug-wordpress/">Debugging in WordPress</a> for more information. (This message was added in version 6.9.1.) in /home/servpcxr/8kiptv.co/tv/wp-includes/functions.php on line 6170
[04-Jun-2026 10:26:02 UTC] PHP Notice:  Function WP_Scripts::add was called <strong>incorrectly</strong>. The script with the handle "elementor-v2-editor-components" was enqueued with dependencies that are not registered: elementor-v2-editor-canvas, elementor-v2-editor-controls, elementor-v2-editor-editing-panel, elementor-v2-editor-elements, elementor-v2-editor-props, elementor-v2-editor-styles-repository, elementor-v2-editor-templates. Please see <a href="https://developer.wordpress.org/advanced-administration/debug/debug-wordpress/">Debugging in WordPress</a> for more information. (This message was added in version 6.9.1.) in /home/servpcxr/8kiptv.co/tv/wp-includes/functions.php on line 6170
[04-Jun-2026 10:26:05 UTC] PHP Notice:  Function WP_Styles::add was called <strong>incorrectly</strong>. The style with the handle "elementor-post-605" was enqueued with dependencies that are not registered: elementor-frontend. Please see <a href="https://developer.wordpress.org/advanced-administration/debug/debug-wordpress/">Debugging in WordPress</a> for more information. (This message was added in version 6.9.1.) in /home/servpcxr/8kiptv.co/tv/wp-includes/functions.php on line 6170
[04-Jun-2026 10:26:05 UTC] PHP Notice:  Function WP_Styles::add was called <strong>incorrectly</strong>. The style with the handle "elementor-post-611" was enqueued with dependencies that are not registered: elementor-frontend. Please see <a href="https://developer.wordpress.org/advanced-administration/debug/debug-wordpress/">Debugging in WordPress</a> for more information. (This message was added in version 6.9.1.) in /home/servpcxr/8kiptv.co/tv/wp-includes/functions.php on line 6170
[04-Jun-2026 10:26:05 UTC] PHP Notice:  Function WP_Styles::add was called <strong>incorrectly</strong>. The style with the handle "elementor-post-616" was enqueued with dependencies that are not registered: elementor-frontend. Please see <a href="https://developer.wordpress.org/advanced-administration/debug/debug-wordpress/">Debugging in WordPress</a> for more information. (This message was added in version 6.9.1.) in /home/servpcxr/8kiptv.co/tv/wp-includes/functions.php on line 6170
[04-Jun-2026 10:26:05 UTC] PHP Notice:  Function WP_Scripts::add was called <strong>incorrectly</strong>. The script with the handle "elementor-v2-editor-components" was enqueued with dependencies that are not registered: elementor-v2-editor-canvas, elementor-v2-editor-controls, elementor-v2-editor-editing-panel, elementor-v2-editor-elements, elementor-v2-editor-props, elementor-v2-editor-styles-repository, elementor-v2-editor-templates. Please see <a href="https://developer.wordpress.org/advanced-administration/debug/debug-wordpress/">Debugging in WordPress</a> for more information. (This message was added in version 6.9.1.) in /home/servpcxr/8kiptv.co/tv/wp-includes/functions.php on line 6170
[04-Jun-2026 10:26:26 UTC] PHP Notice:  Function WP_Scripts::add was called <strong>incorrectly</strong>. The script with the handle "elementor-v2-editor-components" was enqueued with dependencies that are not registered: elementor-v2-editor-canvas, elementor-v2-editor-controls, elementor-v2-editor-editing-panel, elementor-v2-editor-elements, elementor-v2-editor-props, elementor-v2-editor-styles-repository, elementor-v2-editor-templates. Please see <a href="https://developer.wordpress.org/advanced-administration/debug/debug-wordpress/">Debugging in WordPress</a> for more information. (This message was added in version 6.9.1.) in /home/servpcxr/8kiptv.co/tv/wp-includes/functions.php on line 6170
[04-Jun-2026 10:26:29 UTC] PHP Notice:  Function WP_Scripts::add was called <strong>incorrectly</strong>. The script with the handle "elementor-v2-editor-components" was enqueued with dependencies that are not registered: elementor-v2-editor-canvas, elementor-v2-editor-controls, elementor-v2-editor-editing-panel, elementor-v2-editor-elements, elementor-v2-editor-props, elementor-v2-editor-styles-repository, elementor-v2-editor-templates. Please see <a href="https://developer.wordpress.org/advanced-administration/debug/debug-wordpress/">Debugging in WordPress</a> for more information. (This message was added in version 6.9.1.) in /home/servpcxr/8kiptv.co/tv/wp-includes/functions.php on line 6170
[04-Jun-2026 10:27:00 UTC] PHP Notice:  Function WP_Scripts::add was called <strong>incorrectly</strong>. The script with the handle "elementor-v2-editor-components" was enqueued with dependencies that are not registered: elementor-v2-editor-canvas, elementor-v2-editor-controls, elementor-v2-editor-editing-panel, elementor-v2-editor-elements, elementor-v2-editor-props, elementor-v2-editor-styles-repository, elementor-v2-editor-templates. Please see <a href="https://developer.wordpress.org/advanced-administration/debug/debug-wordpress/">Debugging in WordPress</a> for more information. (This message was added in version 6.9.1.) in /home/servpcxr/8kiptv.co/tv/wp-includes/functions.php on line 6170
[04-Jun-2026 10:27:02 UTC] PHP Notice:  Function WP_Scripts::add was called <strong>incorrectly</strong>. The script with the handle "elementor-v2-editor-components" was enqueued with dependencies that are not registered: elementor-v2-editor-canvas, elementor-v2-editor-controls, elementor-v2-editor-editing-panel, elementor-v2-editor-elements, elementor-v2-editor-props, elementor-v2-editor-styles-repository, elementor-v2-editor-templates. Please see <a href="https://developer.wordpress.org/advanced-administration/debug/debug-wordpress/">Debugging in WordPress</a> for more information. (This message was added in version 6.9.1.) in /home/servpcxr/8kiptv.co/tv/wp-includes/functions.php on line 6170
[04-Jun-2026 10:28:32 UTC] PHP Notice:  Function WP_Styles::add was called <strong>incorrectly</strong>. The style with the handle "elementor-post-605" was enqueued with dependencies that are not registered: elementor-frontend. Please see <a href="https://developer.wordpress.org/advanced-administration/debug/debug-wordpress/">Debugging in WordPress</a> for more information. (This message was added in version 6.9.1.) in /home/servpcxr/8kiptv.co/tv/wp-includes/functions.php on line 6170
[04-Jun-2026 10:28:32 UTC] PHP Notice:  Function WP_Styles::add was called <strong>incorrectly</strong>. The style with the handle "elementor-post-611" was enqueued with dependencies that are not registered: elementor-frontend. Please see <a href="https://developer.wordpress.org/advanced-administration/debug/debug-wordpress/">Debugging in WordPress</a> for more information. (This message was added in version 6.9.1.) in /home/servpcxr/8kiptv.co/tv/wp-includes/functions.php on line 6170
[04-Jun-2026 10:28:32 UTC] PHP Notice:  Function WP_Styles::add was called <strong>incorrectly</strong>. The style with the handle "elementor-post-616" was enqueued with dependencies that are not registered: elementor-frontend. Please see <a href="https://developer.wordpress.org/advanced-administration/debug/debug-wordpress/">Debugging in WordPress</a> for more information. (This message was added in version 6.9.1.) in /home/servpcxr/8kiptv.co/tv/wp-includes/functions.php on line 6170
[04-Jun-2026 10:28:32 UTC] PHP Notice:  Function WP_Scripts::add was called <strong>incorrectly</strong>. The script with the handle "elementor-v2-editor-components" was enqueued with dependencies that are not registered: elementor-v2-editor-canvas, elementor-v2-editor-controls, elementor-v2-editor-editing-panel, elementor-v2-editor-elements, elementor-v2-editor-props, elementor-v2-editor-styles-repository, elementor-v2-editor-templates. Please see <a href="https://developer.wordpress.org/advanced-administration/debug/debug-wordpress/">Debugging in WordPress</a> for more information. (This message was added in version 6.9.1.) in /home/servpcxr/8kiptv.co/tv/wp-includes/functions.php on line 6170
[04-Jun-2026 10:28:35 UTC] PHP Notice:  Function WP_Styles::add was called <strong>incorrectly</strong>. The style with the handle "elementor-post-605" was enqueued with dependencies that are not registered: elementor-frontend. Please see <a href="https://developer.wordpress.org/advanced-administration/debug/debug-wordpress/">Debugging in WordPress</a> for more information. (This message was added in version 6.9.1.) in /home/servpcxr/8kiptv.co/tv/wp-includes/functions.php on line 6170
[04-Jun-2026 10:28:35 UTC] PHP Notice:  Function WP_Styles::add was called <strong>incorrectly</strong>. The style with the handle "elementor-post-611" was enqueued with dependencies that are not registered: elementor-frontend. Please see <a href="https://developer.wordpress.org/advanced-administration/debug/debug-wordpress/">Debugging in WordPress</a> for more information. (This message was added in version 6.9.1.) in /home/servpcxr/8kiptv.co/tv/wp-includes/functions.php on line 6170
[04-Jun-2026 10:28:35 UTC] PHP Notice:  Function WP_Styles::add was called <strong>incorrectly</strong>. The style with the handle "elementor-post-616" was enqueued with dependencies that are not registered: elementor-frontend. Please see <a href="https://developer.wordpress.org/advanced-administration/debug/debug-wordpress/">Debugging in WordPress</a> for more information. (This message was added in version 6.9.1.) in /home/servpcxr/8kiptv.co/tv/wp-includes/functions.php on line 6170
[04-Jun-2026 10:28:35 UTC] PHP Notice:  Function WP_Scripts::add was called <strong>incorrectly</strong>. The script with the handle "elementor-v2-editor-components" was enqueued with dependencies that are not registered: elementor-v2-editor-canvas, elementor-v2-editor-controls, elementor-v2-editor-editing-panel, elementor-v2-editor-elements, elementor-v2-editor-props, elementor-v2-editor-styles-repository, elementor-v2-editor-templates. Please see <a href="https://developer.wordpress.org/advanced-administration/debug/debug-wordpress/">Debugging in WordPress</a> for more information. (This message was added in version 6.9.1.) in /home/servpcxr/8kiptv.co/tv/wp-includes/functions.php on line 6170
[04-Jun-2026 20:49:18 UTC] Cron reschedule event error for hook: action_scheduler_run_queue, Error code: could_not_set, Error message: The cron event list could not be saved., Data: {"schedule":"every_minute","args":["WP Cron"],"interval":60}
[04-Jun-2026 22:15:03 UTC] Automatic updates starting...
[04-Jun-2026 22:15:04 UTC]   Automatic plugin updates starting...
[04-Jun-2026 22:15:04 UTC]   Automatic plugin updates complete.
[04-Jun-2026 22:15:04 UTC]   Automatic theme updates starting...
[04-Jun-2026 22:15:04 UTC]   Automatic theme updates complete.
[04-Jun-2026 22:15:04 UTC] Automatic updates complete.
[05-Jun-2026 10:16:54 UTC] Automatic updates starting...
[05-Jun-2026 10:16:54 UTC]   Automatic plugin updates starting...
[05-Jun-2026 10:16:54 UTC]   Automatic plugin updates complete.
[05-Jun-2026 10:16:54 UTC]   Automatic theme updates starting...
[05-Jun-2026 10:16:54 UTC]   Automatic theme updates complete.
[05-Jun-2026 10:16:54 UTC] Automatic updates complete.
[05-Jun-2026 11:11:45 UTC] PHP Notice:  Function WP_Styles::add was called <strong>incorrectly</strong>. The style with the handle "elementor-post-605" was enqueued with dependencies that are not registered: elementor-frontend. Please see <a href="https://developer.wordpress.org/advanced-administration/debug/debug-wordpress/">Debugging in WordPress</a> for more information. (This message was added in version 6.9.1.) in /home/servpcxr/8kiptv.co/tv/wp-includes/functions.php on line 6170
[05-Jun-2026 11:11:45 UTC] PHP Notice:  Function WP_Styles::add was called <strong>incorrectly</strong>. The style with the handle "elementor-post-611" was enqueued with dependencies that are not registered: elementor-frontend. Please see <a href="https://developer.wordpress.org/advanced-administration/debug/debug-wordpress/">Debugging in WordPress</a> for more information. (This message was added in version 6.9.1.) in /home/servpcxr/8kiptv.co/tv/wp-includes/functions.php on line 6170
[05-Jun-2026 11:11:45 UTC] PHP Notice:  Function WP_Styles::add was called <strong>incorrectly</strong>. The style with the handle "elementor-post-616" was enqueued with dependencies that are not registered: elementor-frontend. Please see <a href="https://developer.wordpress.org/advanced-administration/debug/debug-wordpress/">Debugging in WordPress</a> for more information. (This message was added in version 6.9.1.) in /home/servpcxr/8kiptv.co/tv/wp-includes/functions.php on line 6170
[05-Jun-2026 11:11:45 UTC] PHP Notice:  Function WP_Scripts::add was called <strong>incorrectly</strong>. The script with the handle "elementor-v2-editor-components" was enqueued with dependencies that are not registered: elementor-v2-editor-canvas, elementor-v2-editor-controls, elementor-v2-editor-editing-panel, elementor-v2-editor-elements, elementor-v2-editor-props, elementor-v2-editor-styles-repository, elementor-v2-editor-templates. Please see <a href="https://developer.wordpress.org/advanced-administration/debug/debug-wordpress/">Debugging in WordPress</a> for more information. (This message was added in version 6.9.1.) in /home/servpcxr/8kiptv.co/tv/wp-includes/functions.php on line 6170
[05-Jun-2026 11:11:49 UTC] PHP Notice:  Function WP_Styles::add was called <strong>incorrectly</strong>. The style with the handle "elementor-post-605" was enqueued with dependencies that are not registered: elementor-frontend. Please see <a href="https://developer.wordpress.org/advanced-administration/debug/debug-wordpress/">Debugging in WordPress</a> for more information. (This message was added in version 6.9.1.) in /home/servpcxr/8kiptv.co/tv/wp-includes/functions.php on line 6170
[05-Jun-2026 11:11:49 UTC] PHP Notice:  Function WP_Styles::add was called <strong>incorrectly</strong>. The style with the handle "elementor-post-611" was enqueued with dependencies that are not registered: elementor-frontend. Please see <a href="https://developer.wordpress.org/advanced-administration/debug/debug-wordpress/">Debugging in WordPress</a> for more information. (This message was added in version 6.9.1.) in /home/servpcxr/8kiptv.co/tv/wp-includes/functions.php on line 6170
[05-Jun-2026 11:11:49 UTC] PHP Notice:  Function WP_Styles::add was called <strong>incorrectly</strong>. The style with the handle "elementor-post-616" was enqueued with dependencies that are not registered: elementor-frontend. Please see <a href="https://developer.wordpress.org/advanced-administration/debug/debug-wordpress/">Debugging in WordPress</a> for more information. (This message was added in version 6.9.1.) in /home/servpcxr/8kiptv.co/tv/wp-includes/functions.php on line 6170
[05-Jun-2026 11:11:49 UTC] PHP Notice:  Function WP_Scripts::add was called <strong>incorrectly</strong>. The script with the handle "elementor-v2-editor-components" was enqueued with dependencies that are not registered: elementor-v2-editor-canvas, elementor-v2-editor-controls, elementor-v2-editor-editing-panel, elementor-v2-editor-elements, elementor-v2-editor-props, elementor-v2-editor-styles-repository, elementor-v2-editor-templates. Please see <a href="https://developer.wordpress.org/advanced-administration/debug/debug-wordpress/">Debugging in WordPress</a> for more information. (This message was added in version 6.9.1.) in /home/servpcxr/8kiptv.co/tv/wp-includes/functions.php on line 6170
[05-Jun-2026 11:15:09 UTC] PHP Notice:  Function WP_Styles::add was called <strong>incorrectly</strong>. The style with the handle "elementor-post-605" was enqueued with dependencies that are not registered: elementor-frontend. Please see <a href="https://developer.wordpress.org/advanced-administration/debug/debug-wordpress/">Debugging in WordPress</a> for more information. (This message was added in version 6.9.1.) in /home/servpcxr/8kiptv.co/tv/wp-includes/functions.php on line 6170
[05-Jun-2026 11:15:09 UTC] PHP Notice:  Function WP_Styles::add was called <strong>incorrectly</strong>. The style with the handle "elementor-post-611" was enqueued with dependencies that are not registered: elementor-frontend. Please see <a href="https://developer.wordpress.org/advanced-administration/debug/debug-wordpress/">Debugging in WordPress</a> for more information. (This message was added in version 6.9.1.) in /home/servpcxr/8kiptv.co/tv/wp-includes/functions.php on line 6170
[05-Jun-2026 11:15:09 UTC] PHP Notice:  Function WP_Styles::add was called <strong>incorrectly</strong>. The style with the handle "elementor-post-616" was enqueued with dependencies that are not registered: elementor-frontend. Please see <a href="https://developer.wordpress.org/advanced-administration/debug/debug-wordpress/">Debugging in WordPress</a> for more information. (This message was added in version 6.9.1.) in /home/servpcxr/8kiptv.co/tv/wp-includes/functions.php on line 6170
[05-Jun-2026 11:15:09 UTC] PHP Notice:  Function WP_Scripts::add was called <strong>incorrectly</strong>. The script with the handle "elementor-v2-editor-components" was enqueued with dependencies that are not registered: elementor-v2-editor-canvas, elementor-v2-editor-controls, elementor-v2-editor-editing-panel, elementor-v2-editor-elements, elementor-v2-editor-props, elementor-v2-editor-styles-repository, elementor-v2-editor-templates. Please see <a href="https://developer.wordpress.org/advanced-administration/debug/debug-wordpress/">Debugging in WordPress</a> for more information. (This message was added in version 6.9.1.) in /home/servpcxr/8kiptv.co/tv/wp-includes/functions.php on line 6170
[05-Jun-2026 11:15:11 UTC] PHP Notice:  Function WP_Styles::add was called <strong>incorrectly</strong>. The style with the handle "elementor-post-605" was enqueued with dependencies that are not registered: elementor-frontend. Please see <a href="https://developer.wordpress.org/advanced-administration/debug/debug-wordpress/">Debugging in WordPress</a> for more information. (This message was added in version 6.9.1.) in /home/servpcxr/8kiptv.co/tv/wp-includes/functions.php on line 6170
[05-Jun-2026 11:15:11 UTC] PHP Notice:  Function WP_Styles::add was called <strong>incorrectly</strong>. The style with the handle "elementor-post-611" was enqueued with dependencies that are not registered: elementor-frontend. Please see <a href="https://developer.wordpress.org/advanced-administration/debug/debug-wordpress/">Debugging in WordPress</a> for more information. (This message was added in version 6.9.1.) in /home/servpcxr/8kiptv.co/tv/wp-includes/functions.php on line 6170
[05-Jun-2026 11:15:11 UTC] PHP Notice:  Function WP_Styles::add was called <strong>incorrectly</strong>. The style with the handle "elementor-post-616" was enqueued with dependencies that are not registered: elementor-frontend. Please see <a href="https://developer.wordpress.org/advanced-administration/debug/debug-wordpress/">Debugging in WordPress</a> for more information. (This message was added in version 6.9.1.) in /home/servpcxr/8kiptv.co/tv/wp-includes/functions.php on line 6170
[05-Jun-2026 11:15:11 UTC] PHP Notice:  Function WP_Scripts::add was called <strong>incorrectly</strong>. The script with the handle "elementor-v2-editor-components" was enqueued with dependencies that are not registered: elementor-v2-editor-canvas, elementor-v2-editor-controls, elementor-v2-editor-editing-panel, elementor-v2-editor-elements, elementor-v2-editor-props, elementor-v2-editor-styles-repository, elementor-v2-editor-templates. Please see <a href="https://developer.wordpress.org/advanced-administration/debug/debug-wordpress/">Debugging in WordPress</a> for more information. (This message was added in version 6.9.1.) in /home/servpcxr/8kiptv.co/tv/wp-includes/functions.php on line 6170
[05-Jun-2026 11:15:36 UTC] PHP Notice:  Function WP_Scripts::add was called <strong>incorrectly</strong>. The script with the handle "elementor-v2-editor-components" was enqueued with dependencies that are not registered: elementor-v2-editor-canvas, elementor-v2-editor-controls, elementor-v2-editor-editing-panel, elementor-v2-editor-elements, elementor-v2-editor-props, elementor-v2-editor-styles-repository, elementor-v2-editor-templates. Please see <a href="https://developer.wordpress.org/advanced-administration/debug/debug-wordpress/">Debugging in WordPress</a> for more information. (This message was added in version 6.9.1.) in /home/servpcxr/8kiptv.co/tv/wp-includes/functions.php on line 6170
[05-Jun-2026 11:15:38 UTC] PHP Notice:  Function WP_Scripts::add was called <strong>incorrectly</strong>. The script with the handle "elementor-v2-editor-components" was enqueued with dependencies that are not registered: elementor-v2-editor-canvas, elementor-v2-editor-controls, elementor-v2-editor-editing-panel, elementor-v2-editor-elements, elementor-v2-editor-props, elementor-v2-editor-styles-repository, elementor-v2-editor-templates. Please see <a href="https://developer.wordpress.org/advanced-administration/debug/debug-wordpress/">Debugging in WordPress</a> for more information. (This message was added in version 6.9.1.) in /home/servpcxr/8kiptv.co/tv/wp-includes/functions.php on line 6170
[05-Jun-2026 12:28:42 UTC] PHP Notice:  Function WP_Styles::add was called <strong>incorrectly</strong>. The style with the handle "elementor-post-605" was enqueued with dependencies that are not registered: elementor-frontend. Please see <a href="https://developer.wordpress.org/advanced-administration/debug/debug-wordpress/">Debugging in WordPress</a> for more information. (This message was added in version 6.9.1.) in /home/servpcxr/8kiptv.co/tv/wp-includes/functions.php on line 6170
[05-Jun-2026 12:28:42 UTC] PHP Notice:  Function WP_Styles::add was called <strong>incorrectly</strong>. The style with the handle "elementor-post-611" was enqueued with dependencies that are not registered: elementor-frontend. Please see <a href="https://developer.wordpress.org/advanced-administration/debug/debug-wordpress/">Debugging in WordPress</a> for more information. (This message was added in version 6.9.1.) in /home/servpcxr/8kiptv.co/tv/wp-includes/functions.php on line 6170
[05-Jun-2026 12:28:42 UTC] PHP Notice:  Function WP_Styles::add was called <strong>incorrectly</strong>. The style with the handle "elementor-post-616" was enqueued with dependencies that are not registered: elementor-frontend. Please see <a href="https://developer.wordpress.org/advanced-administration/debug/debug-wordpress/">Debugging in WordPress</a> for more information. (This message was added in version 6.9.1.) in /home/servpcxr/8kiptv.co/tv/wp-includes/functions.php on line 6170
[05-Jun-2026 12:28:42 UTC] PHP Notice:  Function WP_Scripts::add was called <strong>incorrectly</strong>. The script with the handle "elementor-v2-editor-components" was enqueued with dependencies that are not registered: elementor-v2-editor-canvas, elementor-v2-editor-controls, elementor-v2-editor-editing-panel, elementor-v2-editor-elements, elementor-v2-editor-props, elementor-v2-editor-styles-repository, elementor-v2-editor-templates. Please see <a href="https://developer.wordpress.org/advanced-administration/debug/debug-wordpress/">Debugging in WordPress</a> for more information. (This message was added in version 6.9.1.) in /home/servpcxr/8kiptv.co/tv/wp-includes/functions.php on line 6170
[05-Jun-2026 12:28:45 UTC] PHP Notice:  Function WP_Styles::add was called <strong>incorrectly</strong>. The style with the handle "elementor-post-605" was enqueued with dependencies that are not registered: elementor-frontend. Please see <a href="https://developer.wordpress.org/advanced-administration/debug/debug-wordpress/">Debugging in WordPress</a> for more information. (This message was added in version 6.9.1.) in /home/servpcxr/8kiptv.co/tv/wp-includes/functions.php on line 6170
[05-Jun-2026 12:28:45 UTC] PHP Notice:  Function WP_Styles::add was called <strong>incorrectly</strong>. The style with the handle "elementor-post-611" was enqueued with dependencies that are not registered: elementor-frontend. Please see <a href="https://developer.wordpress.org/advanced-administration/debug/debug-wordpress/">Debugging in WordPress</a> for more information. (This message was added in version 6.9.1.) in /home/servpcxr/8kiptv.co/tv/wp-includes/functions.php on line 6170
[05-Jun-2026 12:28:45 UTC] PHP Notice:  Function WP_Styles::add was called <strong>incorrectly</strong>. The style with the handle "elementor-post-616" was enqueued with dependencies that are not registered: elementor-frontend. Please see <a href="https://developer.wordpress.org/advanced-administration/debug/debug-wordpress/">Debugging in WordPress</a> for more information. (This message was added in version 6.9.1.) in /home/servpcxr/8kiptv.co/tv/wp-includes/functions.php on line 6170
[05-Jun-2026 12:28:45 UTC] PHP Notice:  Function WP_Scripts::add was called <strong>incorrectly</strong>. The script with the handle "elementor-v2-editor-components" was enqueued with dependencies that are not registered: elementor-v2-editor-canvas, elementor-v2-editor-controls, elementor-v2-editor-editing-panel, elementor-v2-editor-elements, elementor-v2-editor-props, elementor-v2-editor-styles-repository, elementor-v2-editor-templates. Please see <a href="https://developer.wordpress.org/advanced-administration/debug/debug-wordpress/">Debugging in WordPress</a> for more information. (This message was added in version 6.9.1.) in /home/servpcxr/8kiptv.co/tv/wp-includes/functions.php on line 6170
[05-Jun-2026 16:17:13 UTC] PHP Notice:  Function WP_Styles::add was called <strong>incorrectly</strong>. The style with the handle "elementor-post-605" was enqueued with dependencies that are not registered: elementor-frontend. Please see <a href="https://developer.wordpress.org/advanced-administration/debug/debug-wordpress/">Debugging in WordPress</a> for more information. (This message was added in version 6.9.1.) in /home/servpcxr/8kiptv.co/tv/wp-includes/functions.php on line 6170
[05-Jun-2026 16:17:13 UTC] PHP Notice:  Function WP_Styles::add was called <strong>incorrectly</strong>. The style with the handle "elementor-post-611" was enqueued with dependencies that are not registered: elementor-frontend. Please see <a href="https://developer.wordpress.org/advanced-administration/debug/debug-wordpress/">Debugging in WordPress</a> for more information. (This message was added in version 6.9.1.) in /home/servpcxr/8kiptv.co/tv/wp-includes/functions.php on line 6170
[05-Jun-2026 16:17:13 UTC] PHP Notice:  Function WP_Styles::add was called <strong>incorrectly</strong>. The style with the handle "elementor-post-616" was enqueued with dependencies that are not registered: elementor-frontend. Please see <a href="https://developer.wordpress.org/advanced-administration/debug/debug-wordpress/">Debugging in WordPress</a> for more information. (This message was added in version 6.9.1.) in /home/servpcxr/8kiptv.co/tv/wp-includes/functions.php on line 6170
[05-Jun-2026 16:17:13 UTC] PHP Notice:  Function WP_Scripts::add was called <strong>incorrectly</strong>. The script with the handle "elementor-v2-editor-components" was enqueued with dependencies that are not registered: elementor-v2-editor-canvas, elementor-v2-editor-controls, elementor-v2-editor-editing-panel, elementor-v2-editor-elements, elementor-v2-editor-props, elementor-v2-editor-styles-repository, elementor-v2-editor-templates. Please see <a href="https://developer.wordpress.org/advanced-administration/debug/debug-wordpress/">Debugging in WordPress</a> for more information. (This message was added in version 6.9.1.) in /home/servpcxr/8kiptv.co/tv/wp-includes/functions.php on line 6170
[05-Jun-2026 16:17:17 UTC] PHP Notice:  Function WP_Styles::add was called <strong>incorrectly</strong>. The style with the handle "elementor-post-605" was enqueued with dependencies that are not registered: elementor-frontend. Please see <a href="https://developer.wordpress.org/advanced-administration/debug/debug-wordpress/">Debugging in WordPress</a> for more information. (This message was added in version 6.9.1.) in /home/servpcxr/8kiptv.co/tv/wp-includes/functions.php on line 6170
[05-Jun-2026 16:17:17 UTC] PHP Notice:  Function WP_Styles::add was called <strong>incorrectly</strong>. The style with the handle "elementor-post-611" was enqueued with dependencies that are not registered: elementor-frontend. Please see <a href="https://developer.wordpress.org/advanced-administration/debug/debug-wordpress/">Debugging in WordPress</a> for more information. (This message was added in version 6.9.1.) in /home/servpcxr/8kiptv.co/tv/wp-includes/functions.php on line 6170
[05-Jun-2026 16:17:17 UTC] PHP Notice:  Function WP_Styles::add was called <strong>incorrectly</strong>. The style with the handle "elementor-post-616" was enqueued with dependencies that are not registered: elementor-frontend. Please see <a href="https://developer.wordpress.org/advanced-administration/debug/debug-wordpress/">Debugging in WordPress</a> for more information. (This message was added in version 6.9.1.) in /home/servpcxr/8kiptv.co/tv/wp-includes/functions.php on line 6170
[05-Jun-2026 16:17:17 UTC] PHP Notice:  Function WP_Scripts::add was called <strong>incorrectly</strong>. The script with the handle "elementor-v2-editor-components" was enqueued with dependencies that are not registered: elementor-v2-editor-canvas, elementor-v2-editor-controls, elementor-v2-editor-editing-panel, elementor-v2-editor-elements, elementor-v2-editor-props, elementor-v2-editor-styles-repository, elementor-v2-editor-templates. Please see <a href="https://developer.wordpress.org/advanced-administration/debug/debug-wordpress/">Debugging in WordPress</a> for more information. (This message was added in version 6.9.1.) in /home/servpcxr/8kiptv.co/tv/wp-includes/functions.php on line 6170
[05-Jun-2026 22:15:01 UTC] Automatic updates starting...
[05-Jun-2026 22:15:01 UTC]   Automatic plugin updates starting...
[05-Jun-2026 22:15:01 UTC]   Automatic plugin updates complete.
[05-Jun-2026 22:15:01 UTC]   Automatic theme updates starting...
[05-Jun-2026 22:15:01 UTC]   Automatic theme updates complete.
[05-Jun-2026 22:15:01 UTC] Automatic updates complete.
[06-Jun-2026 10:14:54 UTC] Automatic updates starting...
[06-Jun-2026 10:14:54 UTC]   Automatic plugin updates starting...
[06-Jun-2026 10:14:54 UTC]   Automatic plugin updates complete.
[06-Jun-2026 10:14:54 UTC]   Automatic theme updates starting...
[06-Jun-2026 10:14:54 UTC]   Automatic theme updates complete.
[06-Jun-2026 10:14:54 UTC] Automatic updates complete.
[06-Jun-2026 22:15:26 UTC] Automatic updates starting...
[06-Jun-2026 22:15:26 UTC]   Automatic plugin updates starting...
[06-Jun-2026 22:15:26 UTC]   Automatic plugin updates complete.
[06-Jun-2026 22:15:26 UTC]   Automatic theme updates starting...
[06-Jun-2026 22:15:26 UTC]   Automatic theme updates complete.
[06-Jun-2026 22:15:26 UTC] Automatic updates complete.
[07-Jun-2026 02:45:35 UTC] Cron reschedule event error for hook: action_scheduler_run_queue, Error code: could_not_set, Error message: The cron event list could not be saved., Data: {"schedule":"every_minute","args":["WP Cron"],"interval":60}
[07-Jun-2026 10:15:07 UTC] Automatic updates starting...
[07-Jun-2026 10:15:07 UTC]   Automatic plugin updates starting...
[07-Jun-2026 10:15:07 UTC]   Automatic plugin updates complete.
[07-Jun-2026 10:15:07 UTC]   Automatic theme updates starting...
[07-Jun-2026 10:15:07 UTC]   Automatic theme updates complete.
[07-Jun-2026 10:15:07 UTC] Automatic updates complete.
[07-Jun-2026 22:15:00 UTC] Automatic updates starting...
[07-Jun-2026 22:15:00 UTC]   Automatic plugin updates starting...
[07-Jun-2026 22:15:00 UTC]   Automatic plugin updates complete.
[07-Jun-2026 22:15:00 UTC]   Automatic theme updates starting...
[07-Jun-2026 22:15:00 UTC]   Automatic theme updates complete.
[07-Jun-2026 22:15:00 UTC] Automatic updates complete.
[08-Jun-2026 10:16:59 UTC] Automatic updates starting...
[08-Jun-2026 10:17:00 UTC]   Automatic plugin updates starting...
[08-Jun-2026 10:17:00 UTC]   Automatic plugin updates complete.
[08-Jun-2026 10:17:00 UTC]   Automatic theme updates starting...
[08-Jun-2026 10:17:00 UTC]   Automatic theme updates complete.
[08-Jun-2026 10:17:00 UTC] Automatic updates complete.
[08-Jun-2026 22:15:36 UTC] Automatic updates starting...
[08-Jun-2026 22:15:36 UTC]   Automatic plugin updates starting...
[08-Jun-2026 22:15:36 UTC]   Automatic plugin updates complete.
[08-Jun-2026 22:15:36 UTC]   Automatic theme updates starting...
[08-Jun-2026 22:15:36 UTC]   Automatic theme updates complete.
[08-Jun-2026 22:15:36 UTC] Automatic updates complete.
[09-Jun-2026 10:16:14 UTC] Automatic updates starting...
[09-Jun-2026 10:16:14 UTC]   Automatic plugin updates starting...
[09-Jun-2026 10:16:14 UTC]   Automatic plugin updates complete.
[09-Jun-2026 10:16:14 UTC]   Automatic theme updates starting...
[09-Jun-2026 10:16:14 UTC]   Automatic theme updates complete.
[09-Jun-2026 10:16:14 UTC] Automatic updates complete.
[09-Jun-2026 14:44:37 UTC] PHP Notice:  Function map_meta_cap was called <strong>incorrectly</strong>. The post type <code>shop_order</code> is not registered, so it may not be reliable to check the capability <code>edit_post</code> against a post of that type. Please see <a href="https://developer.wordpress.org/advanced-administration/debug/debug-wordpress/">Debugging in WordPress</a> for more information. (This message was added in version 4.4.0.) in /home/servpcxr/8kiptv.co/tv/wp-includes/functions.php on line 6170
[09-Jun-2026 14:44:37 UTC] PHP Notice:  Function map_meta_cap was called <strong>incorrectly</strong>. The post type <code>shop_order</code> is not registered, so it may not be reliable to check the capability <code>edit_post</code> against a post of that type. Please see <a href="https://developer.wordpress.org/advanced-administration/debug/debug-wordpress/">Debugging in WordPress</a> for more information. (This message was added in version 4.4.0.) in /home/servpcxr/8kiptv.co/tv/wp-includes/functions.php on line 6170
[09-Jun-2026 14:44:37 UTC] PHP Notice:  Function map_meta_cap was called <strong>incorrectly</strong>. The post type <code>shop_order</code> is not registered, so it may not be reliable to check the capability <code>edit_post</code> against a post of that type. Please see <a href="https://developer.wordpress.org/advanced-administration/debug/debug-wordpress/">Debugging in WordPress</a> for more information. (This message was added in version 4.4.0.) in /home/servpcxr/8kiptv.co/tv/wp-includes/functions.php on line 6170
[09-Jun-2026 14:44:37 UTC] PHP Notice:  Function map_meta_cap was called <strong>incorrectly</strong>. The post type <code>shop_order</code> is not registered, so it may not be reliable to check the capability <code>edit_post</code> against a post of that type. Please see <a href="https://developer.wordpress.org/advanced-administration/debug/debug-wordpress/">Debugging in WordPress</a> for more information. (This message was added in version 4.4.0.) in /home/servpcxr/8kiptv.co/tv/wp-includes/functions.php on line 6170
[09-Jun-2026 14:44:37 UTC] PHP Notice:  Function map_meta_cap was called <strong>incorrectly</strong>. The post type <code>shop_order</code> is not registered, so it may not be reliable to check the capability <code>edit_post</code> against a post of that type. Please see <a href="https://developer.wordpress.org/advanced-administration/debug/debug-wordpress/">Debugging in WordPress</a> for more information. (This message was added in version 4.4.0.) in /home/servpcxr/8kiptv.co/tv/wp-includes/functions.php on line 6170
[09-Jun-2026 14:44:37 UTC] PHP Notice:  Function map_meta_cap was called <strong>incorrectly</strong>. The post type <code>shop_order</code> is not registered, so it may not be reliable to check the capability <code>edit_post</code> against a post of that type. Please see <a href="https://developer.wordpress.org/advanced-administration/debug/debug-wordpress/">Debugging in WordPress</a> for more information. (This message was added in version 4.4.0.) in /home/servpcxr/8kiptv.co/tv/wp-includes/functions.php on line 6170
[09-Jun-2026 14:44:45 UTC] PHP Notice:  Function map_meta_cap was called <strong>incorrectly</strong>. The post type <code>shop_order</code> is not registered, so it may not be reliable to check the capability <code>edit_post</code> against a post of that type. Please see <a href="https://developer.wordpress.org/advanced-administration/debug/debug-wordpress/">Debugging in WordPress</a> for more information. (This message was added in version 4.4.0.) in /home/servpcxr/8kiptv.co/tv/wp-includes/functions.php on line 6170
[09-Jun-2026 14:44:45 UTC] PHP Notice:  Function map_meta_cap was called <strong>incorrectly</strong>. The post type <code>shop_order</code> is not registered, so it may not be reliable to check the capability <code>edit_post</code> against a post of that type. Please see <a href="https://developer.wordpress.org/advanced-administration/debug/debug-wordpress/">Debugging in WordPress</a> for more information. (This message was added in version 4.4.0.) in /home/servpcxr/8kiptv.co/tv/wp-includes/functions.php on line 6170
[09-Jun-2026 14:44:45 UTC] PHP Notice:  Function map_meta_cap was called <strong>incorrectly</strong>. The post type <code>shop_order</code> is not registered, so it may not be reliable to check the capability <code>edit_post</code> against a post of that type. Please see <a href="https://developer.wordpress.org/advanced-administration/debug/debug-wordpress/">Debugging in WordPress</a> for more information. (This message was added in version 4.4.0.) in /home/servpcxr/8kiptv.co/tv/wp-includes/functions.php on line 6170
[09-Jun-2026 14:44:45 UTC] PHP Notice:  Function map_meta_cap was called <strong>incorrectly</strong>. The post type <code>shop_order</code> is not registered, so it may not be reliable to check the capability <code>edit_post</code> against a post of that type. Please see <a href="https://developer.wordpress.org/advanced-administration/debug/debug-wordpress/">Debugging in WordPress</a> for more information. (This message was added in version 4.4.0.) in /home/servpcxr/8kiptv.co/tv/wp-includes/functions.php on line 6170
[09-Jun-2026 14:44:45 UTC] PHP Notice:  Function map_meta_cap was called <strong>incorrectly</strong>. The post type <code>shop_order</code> is not registered, so it may not be reliable to check the capability <code>edit_post</code> against a post of that type. Please see <a href="https://developer.wordpress.org/advanced-administration/debug/debug-wordpress/">Debugging in WordPress</a> for more information. (This message was added in version 4.4.0.) in /home/servpcxr/8kiptv.co/tv/wp-includes/functions.php on line 6170
[09-Jun-2026 14:44:45 UTC] PHP Notice:  Function map_meta_cap was called <strong>incorrectly</strong>. The post type <code>shop_order</code> is not registered, so it may not be reliable to check the capability <code>edit_post</code> against a post of that type. Please see <a href="https://developer.wordpress.org/advanced-administration/debug/debug-wordpress/">Debugging in WordPress</a> for more information. (This message was added in version 4.4.0.) in /home/servpcxr/8kiptv.co/tv/wp-includes/functions.php on line 6170
[09-Jun-2026 20:44:35 UTC] PHP Notice:  Function map_meta_cap was called <strong>incorrectly</strong>. The post type <code>shop_order</code> is not registered, so it may not be reliable to check the capability <code>edit_post</code> against a post of that type. Please see <a href="https://developer.wordpress.org/advanced-administration/debug/debug-wordpress/">Debugging in WordPress</a> for more information. (This message was added in version 4.4.0.) in /home/servpcxr/8kiptv.co/tv/wp-includes/functions.php on line 6170
[09-Jun-2026 20:44:35 UTC] PHP Notice:  Function map_meta_cap was called <strong>incorrectly</strong>. The post type <code>shop_order</code> is not registered, so it may not be reliable to check the capability <code>edit_post</code> against a post of that type. Please see <a href="https://developer.wordpress.org/advanced-administration/debug/debug-wordpress/">Debugging in WordPress</a> for more information. (This message was added in version 4.4.0.) in /home/servpcxr/8kiptv.co/tv/wp-includes/functions.php on line 6170
[09-Jun-2026 20:44:35 UTC] PHP Notice:  Function map_meta_cap was called <strong>incorrectly</strong>. The post type <code>shop_order</code> is not registered, so it may not be reliable to check the capability <code>edit_post</code> against a post of that type. Please see <a href="https://developer.wordpress.org/advanced-administration/debug/debug-wordpress/">Debugging in WordPress</a> for more information. (This message was added in version 4.4.0.) in /home/servpcxr/8kiptv.co/tv/wp-includes/functions.php on line 6170
[09-Jun-2026 20:44:35 UTC] PHP Notice:  Function map_meta_cap was called <strong>incorrectly</strong>. The post type <code>shop_order</code> is not registered, so it may not be reliable to check the capability <code>edit_post</code> against a post of that type. Please see <a href="https://developer.wordpress.org/advanced-administration/debug/debug-wordpress/">Debugging in WordPress</a> for more information. (This message was added in version 4.4.0.) in /home/servpcxr/8kiptv.co/tv/wp-includes/functions.php on line 6170
[09-Jun-2026 20:44:35 UTC] PHP Notice:  Function map_meta_cap was called <strong>incorrectly</strong>. The post type <code>shop_order</code> is not registered, so it may not be reliable to check the capability <code>edit_post</code> against a post of that type. Please see <a href="https://developer.wordpress.org/advanced-administration/debug/debug-wordpress/">Debugging in WordPress</a> for more information. (This message was added in version 4.4.0.) in /home/servpcxr/8kiptv.co/tv/wp-includes/functions.php on line 6170
[09-Jun-2026 20:44:35 UTC] PHP Notice:  Function map_meta_cap was called <strong>incorrectly</strong>. The post type <code>shop_order</code> is not registered, so it may not be reliable to check the capability <code>edit_post</code> against a post of that type. Please see <a href="https://developer.wordpress.org/advanced-administration/debug/debug-wordpress/">Debugging in WordPress</a> for more information. (This message was added in version 4.4.0.) in /home/servpcxr/8kiptv.co/tv/wp-includes/functions.php on line 6170
[09-Jun-2026 20:44:37 UTC] PHP Notice:  Function map_meta_cap was called <strong>incorrectly</strong>. The post type <code>shop_order</code> is not registered, so it may not be reliable to check the capability <code>edit_post</code> against a post of that type. Please see <a href="https://developer.wordpress.org/advanced-administration/debug/debug-wordpress/">Debugging in WordPress</a> for more information. (This message was added in version 4.4.0.) in /home/servpcxr/8kiptv.co/tv/wp-includes/functions.php on line 6170
[09-Jun-2026 20:44:37 UTC] PHP Notice:  Function map_meta_cap was called <strong>incorrectly</strong>. The post type <code>shop_order</code> is not registered, so it may not be reliable to check the capability <code>edit_post</code> against a post of that type. Please see <a href="https://developer.wordpress.org/advanced-administration/debug/debug-wordpress/">Debugging in WordPress</a> for more information. (This message was added in version 4.4.0.) in /home/servpcxr/8kiptv.co/tv/wp-includes/functions.php on line 6170
[09-Jun-2026 20:44:37 UTC] PHP Notice:  Function map_meta_cap was called <strong>incorrectly</strong>. The post type <code>shop_order</code> is not registered, so it may not be reliable to check the capability <code>edit_post</code> against a post of that type. Please see <a href="https://developer.wordpress.org/advanced-administration/debug/debug-wordpress/">Debugging in WordPress</a> for more information. (This message was added in version 4.4.0.) in /home/servpcxr/8kiptv.co/tv/wp-includes/functions.php on line 6170
[09-Jun-2026 20:44:37 UTC] PHP Notice:  Function map_meta_cap was called <strong>incorrectly</strong>. The post type <code>shop_order</code> is not registered, so it may not be reliable to check the capability <code>edit_post</code> against a post of that type. Please see <a href="https://developer.wordpress.org/advanced-administration/debug/debug-wordpress/">Debugging in WordPress</a> for more information. (This message was added in version 4.4.0.) in /home/servpcxr/8kiptv.co/tv/wp-includes/functions.php on line 6170
[09-Jun-2026 20:44:37 UTC] PHP Notice:  Function map_meta_cap was called <strong>incorrectly</strong>. The post type <code>shop_order</code> is not registered, so it may not be reliable to check the capability <code>edit_post</code> against a post of that type. Please see <a href="https://developer.wordpress.org/advanced-administration/debug/debug-wordpress/">Debugging in WordPress</a> for more information. (This message was added in version 4.4.0.) in /home/servpcxr/8kiptv.co/tv/wp-includes/functions.php on line 6170
[09-Jun-2026 20:44:37 UTC] PHP Notice:  Function map_meta_cap was called <strong>incorrectly</strong>. The post type <code>shop_order</code> is not registered, so it may not be reliable to check the capability <code>edit_post</code> against a post of that type. Please see <a href="https://developer.wordpress.org/advanced-administration/debug/debug-wordpress/">Debugging in WordPress</a> for more information. (This message was added in version 4.4.0.) in /home/servpcxr/8kiptv.co/tv/wp-includes/functions.php on line 6170
[09-Jun-2026 22:15:30 UTC] Automatic updates starting...
[09-Jun-2026 22:15:30 UTC]   Automatic plugin updates starting...
[09-Jun-2026 22:15:30 UTC]   Automatic plugin updates complete.
[09-Jun-2026 22:15:30 UTC]   Automatic theme updates starting...
[09-Jun-2026 22:15:30 UTC]   Automatic theme updates complete.
[09-Jun-2026 22:15:30 UTC] Automatic updates complete.
[10-Jun-2026 10:15:16 UTC] Automatic updates starting...
[10-Jun-2026 10:15:16 UTC]   Automatic plugin updates starting...
[10-Jun-2026 10:15:16 UTC]   Automatic plugin updates complete.
[10-Jun-2026 10:15:16 UTC]   Automatic theme updates starting...
[10-Jun-2026 10:15:16 UTC]   Automatic theme updates complete.
[10-Jun-2026 10:15:16 UTC] Automatic updates complete.
[10-Jun-2026 22:15:23 UTC] Automatic updates starting...
[10-Jun-2026 22:15:23 UTC]   Automatic plugin updates starting...
[10-Jun-2026 22:15:23 UTC]   Automatic plugin updates complete.
[10-Jun-2026 22:15:23 UTC]   Automatic theme updates starting...
[10-Jun-2026 22:15:23 UTC]   Automatic theme updates complete.
[10-Jun-2026 22:15:23 UTC] Automatic updates complete.
[11-Jun-2026 10:15:12 UTC] Automatic updates starting...
[11-Jun-2026 10:15:13 UTC]   Automatic plugin updates starting...
[11-Jun-2026 10:15:13 UTC]   Automatic plugin updates complete.
[11-Jun-2026 10:15:13 UTC]   Automatic theme updates starting...
[11-Jun-2026 10:15:13 UTC]   Automatic theme updates complete.
[11-Jun-2026 10:15:13 UTC] Automatic updates complete.
[11-Jun-2026 22:14:56 UTC] Automatic updates starting...
[11-Jun-2026 22:14:56 UTC]   Automatic plugin updates starting...
[11-Jun-2026 22:14:56 UTC]   Automatic plugin updates complete.
[11-Jun-2026 22:14:56 UTC]   Automatic theme updates starting...
[11-Jun-2026 22:14:56 UTC]   Automatic theme updates complete.
[11-Jun-2026 22:14:56 UTC] Automatic updates complete.
[12-Jun-2026 00:19:47 UTC] Cron reschedule event error for hook: action_scheduler_run_queue, Error code: could_not_set, Error message: The cron event list could not be saved., Data: {"schedule":"every_minute","args":["WP Cron"],"interval":60}
[12-Jun-2026 10:16:56 UTC] Automatic updates starting...
[12-Jun-2026 10:16:57 UTC]   Automatic plugin updates starting...
[12-Jun-2026 10:16:57 UTC]   Automatic plugin updates complete.
[12-Jun-2026 10:16:57 UTC]   Automatic theme updates starting...
[12-Jun-2026 10:16:57 UTC]   Automatic theme updates complete.
[12-Jun-2026 10:16:57 UTC] Automatic updates complete.
[12-Jun-2026 22:15:06 UTC] Automatic updates starting...
[12-Jun-2026 22:15:06 UTC]   Automatic plugin updates starting...
[12-Jun-2026 22:15:06 UTC]   Automatic plugin updates complete.
[12-Jun-2026 22:15:06 UTC]   Automatic theme updates starting...
[12-Jun-2026 22:15:06 UTC]   Automatic theme updates complete.
[12-Jun-2026 22:15:06 UTC] Automatic updates complete.
[13-Jun-2026 10:15:41 UTC] Automatic updates starting...
[13-Jun-2026 10:15:42 UTC]   Automatic plugin updates starting...
[13-Jun-2026 10:15:42 UTC]   Automatic plugin updates complete.
[13-Jun-2026 10:15:42 UTC]   Automatic theme updates starting...
[13-Jun-2026 10:15:42 UTC]   Automatic theme updates complete.
[13-Jun-2026 10:15:42 UTC] Automatic updates complete.
[13-Jun-2026 22:15:04 UTC] Automatic updates starting...
[13-Jun-2026 22:15:04 UTC]   Automatic plugin updates starting...
[13-Jun-2026 22:15:04 UTC]   Automatic plugin updates complete.
[13-Jun-2026 22:15:04 UTC]   Automatic theme updates starting...
[13-Jun-2026 22:15:04 UTC]   Automatic theme updates complete.
[13-Jun-2026 22:15:04 UTC] Automatic updates complete.
[14-Jun-2026 10:14:56 UTC] Automatic updates starting...
[14-Jun-2026 10:14:56 UTC]   Automatic plugin updates starting...
[14-Jun-2026 10:14:56 UTC]   Automatic plugin updates complete.
[14-Jun-2026 10:14:56 UTC]   Automatic theme updates starting...
[14-Jun-2026 10:14:56 UTC]   Automatic theme updates complete.
[14-Jun-2026 10:14:56 UTC] Automatic updates complete.
[14-Jun-2026 22:15:01 UTC] Automatic updates starting...
[14-Jun-2026 22:15:01 UTC]   Automatic plugin updates starting...
[14-Jun-2026 22:15:01 UTC]   Automatic plugin updates complete.
[14-Jun-2026 22:15:01 UTC]   Automatic theme updates starting...
[14-Jun-2026 22:15:01 UTC]   Automatic theme updates complete.
[14-Jun-2026 22:15:01 UTC] Automatic updates complete.
[15-Jun-2026 10:16:51 UTC] Automatic updates starting...
[15-Jun-2026 10:16:51 UTC]   Automatic plugin updates starting...
[15-Jun-2026 10:16:51 UTC]   Automatic plugin updates complete.
[15-Jun-2026 10:16:51 UTC]   Automatic theme updates starting...
[15-Jun-2026 10:16:51 UTC]   Automatic theme updates complete.
[15-Jun-2026 10:16:51 UTC] Automatic updates complete.
[15-Jun-2026 22:15:46 UTC] Automatic updates starting...
[15-Jun-2026 22:15:46 UTC]   Automatic plugin updates starting...
[15-Jun-2026 22:15:46 UTC]   Automatic plugin updates complete.
[15-Jun-2026 22:15:46 UTC]   Automatic theme updates starting...
[15-Jun-2026 22:15:46 UTC]   Automatic theme updates complete.
[15-Jun-2026 22:15:46 UTC] Automatic updates complete.
[16-Jun-2026 03:28:09 UTC] Cron reschedule event error for hook: action_scheduler_run_queue, Error code: could_not_set, Error message: The cron event list could not be saved., Data: {"schedule":"every_minute","args":["WP Cron"],"interval":60}
[16-Jun-2026 06:24:00 UTC] Cron reschedule event error for hook: action_scheduler_run_queue, Error code: could_not_set, Error message: The cron event list could not be saved., Data: {"schedule":"every_minute","args":["WP Cron"],"interval":60}
[16-Jun-2026 06:24:00 UTC] Cron reschedule event error for hook: wp_privacy_delete_old_export_files, Error code: could_not_set, Error message: The cron event list could not be saved., Data: {"schedule":"hourly","args":[],"interval":3600}
[16-Jun-2026 10:15:05 UTC] Automatic updates starting...
[16-Jun-2026 10:15:05 UTC]   Automatic plugin updates starting...
[16-Jun-2026 10:15:05 UTC]   Automatic plugin updates complete.
[16-Jun-2026 10:15:05 UTC]   Automatic theme updates starting...
[16-Jun-2026 10:15:05 UTC]   Automatic theme updates complete.
[16-Jun-2026 10:15:05 UTC] Automatic updates complete.
[16-Jun-2026 10:23:47 UTC] PHP Warning:  The URL https://s5.softaculous.com/a/loginizer//updates.php?version=2.0.5&checking_for_updates=1&installed_version=2.0.5&license=SOFTWP-65975-58186-61378-85147&url=https%3A%2F%2F8kiptv.co%2Ftv does not point to a valid plugin metadata file. HTTP response code is 502 (expected: 200) in /home/servpcxr/8kiptv.co/tv/wp-content/plugins/loginizer-security/updater/plugin-update-checker.php on line 985
[16-Jun-2026 21:13:31 UTC] Cron reschedule event error for hook: action_scheduler_run_queue, Error code: could_not_set, Error message: The cron event list could not be saved., Data: {"schedule":"every_minute","args":["WP Cron"],"interval":60}
[16-Jun-2026 22:18:51 UTC] Automatic updates starting...
[16-Jun-2026 22:18:52 UTC]   Automatic plugin updates starting...
[16-Jun-2026 22:18:52 UTC]   Automatic plugin updates complete.
[16-Jun-2026 22:18:52 UTC]   Automatic theme updates starting...
[16-Jun-2026 22:18:52 UTC]   Automatic theme updates complete.
[16-Jun-2026 22:18:52 UTC] Automatic updates complete.
[17-Jun-2026 10:15:35 UTC] Automatic updates starting...
[17-Jun-2026 10:15:35 UTC]   Automatic plugin updates starting...
[17-Jun-2026 10:15:35 UTC]   Automatic plugin updates complete.
[17-Jun-2026 10:15:35 UTC]   Automatic theme updates starting...
[17-Jun-2026 10:15:35 UTC]   Automatic theme updates complete.
[17-Jun-2026 10:15:35 UTC] Automatic updates complete.
[17-Jun-2026 22:17:38 UTC] Automatic updates starting...
[17-Jun-2026 22:17:38 UTC]   Automatic plugin updates starting...
[17-Jun-2026 22:17:38 UTC]   Automatic plugin updates complete.
[17-Jun-2026 22:17:38 UTC]   Automatic theme updates starting...
[17-Jun-2026 22:17:38 UTC]   Automatic theme updates complete.
[17-Jun-2026 22:17:38 UTC] Automatic updates complete.
[17-Jun-2026 23:37:06 UTC] PHP Warning:  Invalid argument supplied for foreach() in /home/servpcxr/8kiptv.co/tv/wp-content/plugins/userfeedback-lite/includes/admin/class-userfeedback-notifications.php on line 236
[18-Jun-2026 10:15:04 UTC] Automatic updates starting...
[18-Jun-2026 10:15:04 UTC]   Automatic plugin updates starting...
[18-Jun-2026 10:15:04 UTC]   Automatic plugin updates complete.
[18-Jun-2026 10:15:04 UTC]   Automatic theme updates starting...
[18-Jun-2026 10:15:04 UTC]   Automatic theme updates complete.
[18-Jun-2026 10:15:04 UTC] Automatic updates complete.
[18-Jun-2026 22:15:32 UTC] Automatic updates starting...
[18-Jun-2026 22:15:33 UTC]   Automatic plugin updates starting...
[18-Jun-2026 22:15:33 UTC]   Automatic plugin updates complete.
[18-Jun-2026 22:15:33 UTC]   Automatic theme updates starting...
[18-Jun-2026 22:15:33 UTC]   Automatic theme updates complete.
[18-Jun-2026 22:15:33 UTC] Automatic updates complete.
[19-Jun-2026 10:17:31 UTC] Automatic updates starting...
[19-Jun-2026 10:17:31 UTC]   Automatic plugin updates starting...
[19-Jun-2026 10:17:31 UTC]   Automatic plugin updates complete.
[19-Jun-2026 10:17:31 UTC]   Automatic theme updates starting...
[19-Jun-2026 10:17:31 UTC]   Automatic theme updates complete.
[19-Jun-2026 10:17:31 UTC] Automatic updates complete.
[19-Jun-2026 10:31:22 UTC] PHP Warning:  Invalid argument supplied for foreach() in /home/servpcxr/8kiptv.co/tv/wp-content/plugins/userfeedback-lite/includes/admin/class-userfeedback-notifications.php on line 236
[19-Jun-2026 10:31:22 UTC] PHP Notice:  Function map_meta_cap was called <strong>incorrectly</strong>. The post type <code>shop_order</code> is not registered, so it may not be reliable to check the capability <code>edit_post</code> against a post of that type. Please see <a href="https://developer.wordpress.org/advanced-administration/debug/debug-wordpress/">Debugging in WordPress</a> for more information. (This message was added in version 4.4.0.) in /home/servpcxr/8kiptv.co/tv/wp-includes/functions.php on line 6170
[19-Jun-2026 10:31:22 UTC] PHP Notice:  Function map_meta_cap was called <strong>incorrectly</strong>. The post type <code>shop_order</code> is not registered, so it may not be reliable to check the capability <code>edit_post</code> against a post of that type. Please see <a href="https://developer.wordpress.org/advanced-administration/debug/debug-wordpress/">Debugging in WordPress</a> for more information. (This message was added in version 4.4.0.) in /home/servpcxr/8kiptv.co/tv/wp-includes/functions.php on line 6170
[19-Jun-2026 10:31:22 UTC] PHP Notice:  Function map_meta_cap was called <strong>incorrectly</strong>. The post type <code>shop_order</code> is not registered, so it may not be reliable to check the capability <code>edit_post</code> against a post of that type. Please see <a href="https://developer.wordpress.org/advanced-administration/debug/debug-wordpress/">Debugging in WordPress</a> for more information. (This message was added in version 4.4.0.) in /home/servpcxr/8kiptv.co/tv/wp-includes/functions.php on line 6170
[19-Jun-2026 10:31:22 UTC] PHP Notice:  Function map_meta_cap was called <strong>incorrectly</strong>. The post type <code>shop_order</code> is not registered, so it may not be reliable to check the capability <code>edit_post</code> against a post of that type. Please see <a href="https://developer.wordpress.org/advanced-administration/debug/debug-wordpress/">Debugging in WordPress</a> for more information. (This message was added in version 4.4.0.) in /home/servpcxr/8kiptv.co/tv/wp-includes/functions.php on line 6170
[19-Jun-2026 10:31:22 UTC] PHP Notice:  Function map_meta_cap was called <strong>incorrectly</strong>. The post type <code>shop_order</code> is not registered, so it may not be reliable to check the capability <code>edit_post</code> against a post of that type. Please see <a href="https://developer.wordpress.org/advanced-administration/debug/debug-wordpress/">Debugging in WordPress</a> for more information. (This message was added in version 4.4.0.) in /home/servpcxr/8kiptv.co/tv/wp-includes/functions.php on line 6170
[19-Jun-2026 10:31:22 UTC] PHP Notice:  Function map_meta_cap was called <strong>incorrectly</strong>. The post type <code>shop_order</code> is not registered, so it may not be reliable to check the capability <code>edit_post</code> against a post of that type. Please see <a href="https://developer.wordpress.org/advanced-administration/debug/debug-wordpress/">Debugging in WordPress</a> for more information. (This message was added in version 4.4.0.) in /home/servpcxr/8kiptv.co/tv/wp-includes/functions.php on line 6170
[19-Jun-2026 10:31:27 UTC] PHP Notice:  Function map_meta_cap was called <strong>incorrectly</strong>. The post type <code>shop_order</code> is not registered, so it may not be reliable to check the capability <code>edit_post</code> against a post of that type. Please see <a href="https://developer.wordpress.org/advanced-administration/debug/debug-wordpress/">Debugging in WordPress</a> for more information. (This message was added in version 4.4.0.) in /home/servpcxr/8kiptv.co/tv/wp-includes/functions.php on line 6170
[19-Jun-2026 10:31:27 UTC] PHP Notice:  Function map_meta_cap was called <strong>incorrectly</strong>. The post type <code>shop_order</code> is not registered, so it may not be reliable to check the capability <code>edit_post</code> against a post of that type. Please see <a href="https://developer.wordpress.org/advanced-administration/debug/debug-wordpress/">Debugging in WordPress</a> for more information. (This message was added in version 4.4.0.) in /home/servpcxr/8kiptv.co/tv/wp-includes/functions.php on line 6170
[19-Jun-2026 10:31:27 UTC] PHP Notice:  Function map_meta_cap was called <strong>incorrectly</strong>. The post type <code>shop_order</code> is not registered, so it may not be reliable to check the capability <code>edit_post</code> against a post of that type. Please see <a href="https://developer.wordpress.org/advanced-administration/debug/debug-wordpress/">Debugging in WordPress</a> for more information. (This message was added in version 4.4.0.) in /home/servpcxr/8kiptv.co/tv/wp-includes/functions.php on line 6170
[19-Jun-2026 10:31:27 UTC] PHP Notice:  Function map_meta_cap was called <strong>incorrectly</strong>. The post type <code>shop_order</code> is not registered, so it may not be reliable to check the capability <code>edit_post</code> against a post of that type. Please see <a href="https://developer.wordpress.org/advanced-administration/debug/debug-wordpress/">Debugging in WordPress</a> for more information. (This message was added in version 4.4.0.) in /home/servpcxr/8kiptv.co/tv/wp-includes/functions.php on line 6170
[19-Jun-2026 10:31:27 UTC] PHP Notice:  Function map_meta_cap was called <strong>incorrectly</strong>. The post type <code>shop_order</code> is not registered, so it may not be reliable to check the capability <code>edit_post</code> against a post of that type. Please see <a href="https://developer.wordpress.org/advanced-administration/debug/debug-wordpress/">Debugging in WordPress</a> for more information. (This message was added in version 4.4.0.) in /home/servpcxr/8kiptv.co/tv/wp-includes/functions.php on line 6170
[19-Jun-2026 10:31:27 UTC] PHP Notice:  Function map_meta_cap was called <strong>incorrectly</strong>. The post type <code>shop_order</code> is not registered, so it may not be reliable to check the capability <code>edit_post</code> against a post of that type. Please see <a href="https://developer.wordpress.org/advanced-administration/debug/debug-wordpress/">Debugging in WordPress</a> for more information. (This message was added in version 4.4.0.) in /home/servpcxr/8kiptv.co/tv/wp-includes/functions.php on line 6170
[19-Jun-2026 10:33:39 UTC] PHP Notice:  Function WP_Scripts::add was called <strong>incorrectly</strong>. The script with the handle "elementor-v2-editor-components" was enqueued with dependencies that are not registered: elementor-v2-editor-canvas, elementor-v2-editor-controls, elementor-v2-editor-editing-panel, elementor-v2-editor-elements, elementor-v2-editor-props, elementor-v2-editor-styles-repository, elementor-v2-editor-templates. Please see <a href="https://developer.wordpress.org/advanced-administration/debug/debug-wordpress/">Debugging in WordPress</a> for more information. (This message was added in version 6.9.1.) in /home/servpcxr/8kiptv.co/tv/wp-includes/functions.php on line 6170
[19-Jun-2026 10:33:42 UTC] PHP Notice:  Function WP_Scripts::add was called <strong>incorrectly</strong>. The script with the handle "elementor-v2-editor-components" was enqueued with dependencies that are not registered: elementor-v2-editor-canvas, elementor-v2-editor-controls, elementor-v2-editor-editing-panel, elementor-v2-editor-elements, elementor-v2-editor-props, elementor-v2-editor-styles-repository, elementor-v2-editor-templates. Please see <a href="https://developer.wordpress.org/advanced-administration/debug/debug-wordpress/">Debugging in WordPress</a> for more information. (This message was added in version 6.9.1.) in /home/servpcxr/8kiptv.co/tv/wp-includes/functions.php on line 6170
[19-Jun-2026 22:15:43 UTC] Automatic updates starting...
[19-Jun-2026 22:15:43 UTC]   Automatic plugin updates starting...
[19-Jun-2026 22:15:43 UTC]   Automatic plugin updates complete.
[19-Jun-2026 22:15:43 UTC]   Automatic theme updates starting...
[19-Jun-2026 22:15:43 UTC]   Automatic theme updates complete.
[19-Jun-2026 22:15:43 UTC] Automatic updates complete.
[20-Jun-2026 10:16:05 UTC] Automatic updates starting...
[20-Jun-2026 10:16:06 UTC]   Automatic plugin updates starting...
[20-Jun-2026 10:16:06 UTC]   Automatic plugin updates complete.
[20-Jun-2026 10:16:06 UTC]   Automatic theme updates starting...
[20-Jun-2026 10:16:06 UTC]   Automatic theme updates complete.
[20-Jun-2026 10:16:06 UTC] Automatic updates complete.
[20-Jun-2026 12:18:02 UTC] PHP Warning:  Invalid argument supplied for foreach() in /home/servpcxr/8kiptv.co/tv/wp-content/plugins/userfeedback-lite/includes/admin/class-userfeedback-notifications.php on line 236
[20-Jun-2026 12:18:26 UTC] PHP Notice:  Function WP_Styles::add was called <strong>incorrectly</strong>. The style with the handle "elementor-post-605" was enqueued with dependencies that are not registered: elementor-frontend. Please see <a href="https://developer.wordpress.org/advanced-administration/debug/debug-wordpress/">Debugging in WordPress</a> for more information. (This message was added in version 6.9.1.) in /home/servpcxr/8kiptv.co/tv/wp-includes/functions.php on line 6170
[20-Jun-2026 12:18:26 UTC] PHP Notice:  Function WP_Styles::add was called <strong>incorrectly</strong>. The style with the handle "elementor-post-611" was enqueued with dependencies that are not registered: elementor-frontend. Please see <a href="https://developer.wordpress.org/advanced-administration/debug/debug-wordpress/">Debugging in WordPress</a> for more information. (This message was added in version 6.9.1.) in /home/servpcxr/8kiptv.co/tv/wp-includes/functions.php on line 6170
[20-Jun-2026 12:18:26 UTC] PHP Notice:  Function WP_Styles::add was called <strong>incorrectly</strong>. The style with the handle "elementor-post-616" was enqueued with dependencies that are not registered: elementor-frontend. Please see <a href="https://developer.wordpress.org/advanced-administration/debug/debug-wordpress/">Debugging in WordPress</a> for more information. (This message was added in version 6.9.1.) in /home/servpcxr/8kiptv.co/tv/wp-includes/functions.php on line 6170
[20-Jun-2026 12:18:26 UTC] PHP Notice:  Function WP_Scripts::add was called <strong>incorrectly</strong>. The script with the handle "elementor-v2-editor-components" was enqueued with dependencies that are not registered: elementor-v2-editor-canvas, elementor-v2-editor-controls, elementor-v2-editor-editing-panel, elementor-v2-editor-elements, elementor-v2-editor-props, elementor-v2-editor-styles-repository, elementor-v2-editor-templates. Please see <a href="https://developer.wordpress.org/advanced-administration/debug/debug-wordpress/">Debugging in WordPress</a> for more information. (This message was added in version 6.9.1.) in /home/servpcxr/8kiptv.co/tv/wp-includes/functions.php on line 6170
[20-Jun-2026 12:18:29 UTC] PHP Notice:  Function WP_Styles::add was called <strong>incorrectly</strong>. The style with the handle "elementor-post-605" was enqueued with dependencies that are not registered: elementor-frontend. Please see <a href="https://developer.wordpress.org/advanced-administration/debug/debug-wordpress/">Debugging in WordPress</a> for more information. (This message was added in version 6.9.1.) in /home/servpcxr/8kiptv.co/tv/wp-includes/functions.php on line 6170
[20-Jun-2026 12:18:29 UTC] PHP Notice:  Function WP_Styles::add was called <strong>incorrectly</strong>. The style with the handle "elementor-post-611" was enqueued with dependencies that are not registered: elementor-frontend. Please see <a href="https://developer.wordpress.org/advanced-administration/debug/debug-wordpress/">Debugging in WordPress</a> for more information. (This message was added in version 6.9.1.) in /home/servpcxr/8kiptv.co/tv/wp-includes/functions.php on line 6170
[20-Jun-2026 12:18:29 UTC] PHP Notice:  Function WP_Styles::add was called <strong>incorrectly</strong>. The style with the handle "elementor-post-616" was enqueued with dependencies that are not registered: elementor-frontend. Please see <a href="https://developer.wordpress.org/advanced-administration/debug/debug-wordpress/">Debugging in WordPress</a> for more information. (This message was added in version 6.9.1.) in /home/servpcxr/8kiptv.co/tv/wp-includes/functions.php on line 6170
[20-Jun-2026 12:18:29 UTC] PHP Notice:  Function WP_Scripts::add was called <strong>incorrectly</strong>. The script with the handle "elementor-v2-editor-components" was enqueued with dependencies that are not registered: elementor-v2-editor-canvas, elementor-v2-editor-controls, elementor-v2-editor-editing-panel, elementor-v2-editor-elements, elementor-v2-editor-props, elementor-v2-editor-styles-repository, elementor-v2-editor-templates. Please see <a href="https://developer.wordpress.org/advanced-administration/debug/debug-wordpress/">Debugging in WordPress</a> for more information. (This message was added in version 6.9.1.) in /home/servpcxr/8kiptv.co/tv/wp-includes/functions.php on line 6170
[20-Jun-2026 12:18:54 UTC] PHP Notice:  Function WP_Scripts::add was called <strong>incorrectly</strong>. The script with the handle "elementor-v2-editor-components" was enqueued with dependencies that are not registered: elementor-v2-editor-canvas, elementor-v2-editor-controls, elementor-v2-editor-editing-panel, elementor-v2-editor-elements, elementor-v2-editor-props, elementor-v2-editor-styles-repository, elementor-v2-editor-templates. Please see <a href="https://developer.wordpress.org/advanced-administration/debug/debug-wordpress/">Debugging in WordPress</a> for more information. (This message was added in version 6.9.1.) in /home/servpcxr/8kiptv.co/tv/wp-includes/functions.php on line 6170
[20-Jun-2026 12:18:56 UTC] PHP Notice:  Function WP_Scripts::add was called <strong>incorrectly</strong>. The script with the handle "elementor-v2-editor-components" was enqueued with dependencies that are not registered: elementor-v2-editor-canvas, elementor-v2-editor-controls, elementor-v2-editor-editing-panel, elementor-v2-editor-elements, elementor-v2-editor-props, elementor-v2-editor-styles-repository, elementor-v2-editor-templates. Please see <a href="https://developer.wordpress.org/advanced-administration/debug/debug-wordpress/">Debugging in WordPress</a> for more information. (This message was added in version 6.9.1.) in /home/servpcxr/8kiptv.co/tv/wp-includes/functions.php on line 6170
[20-Jun-2026 18:39:58 UTC] PHP Notice:  Function map_meta_cap was called <strong>incorrectly</strong>. The post type <code>shop_order</code> is not registered, so it may not be reliable to check the capability <code>edit_post</code> against a post of that type. Please see <a href="https://developer.wordpress.org/advanced-administration/debug/debug-wordpress/">Debugging in WordPress</a> for more information. (This message was added in version 4.4.0.) in /home/servpcxr/8kiptv.co/tv/wp-includes/functions.php on line 6170
[20-Jun-2026 18:39:58 UTC] PHP Notice:  Function map_meta_cap was called <strong>incorrectly</strong>. The post type <code>shop_order</code> is not registered, so it may not be reliable to check the capability <code>edit_post</code> against a post of that type. Please see <a href="https://developer.wordpress.org/advanced-administration/debug/debug-wordpress/">Debugging in WordPress</a> for more information. (This message was added in version 4.4.0.) in /home/servpcxr/8kiptv.co/tv/wp-includes/functions.php on line 6170
[20-Jun-2026 18:39:58 UTC] PHP Notice:  Function map_meta_cap was called <strong>incorrectly</strong>. The post type <code>shop_order</code> is not registered, so it may not be reliable to check the capability <code>edit_post</code> against a post of that type. Please see <a href="https://developer.wordpress.org/advanced-administration/debug/debug-wordpress/">Debugging in WordPress</a> for more information. (This message was added in version 4.4.0.) in /home/servpcxr/8kiptv.co/tv/wp-includes/functions.php on line 6170
[20-Jun-2026 18:39:58 UTC] PHP Notice:  Function map_meta_cap was called <strong>incorrectly</strong>. The post type <code>shop_order</code> is not registered, so it may not be reliable to check the capability <code>edit_post</code> against a post of that type. Please see <a href="https://developer.wordpress.org/advanced-administration/debug/debug-wordpress/">Debugging in WordPress</a> for more information. (This message was added in version 4.4.0.) in /home/servpcxr/8kiptv.co/tv/wp-includes/functions.php on line 6170
[20-Jun-2026 18:39:58 UTC] PHP Notice:  Function map_meta_cap was called <strong>incorrectly</strong>. The post type <code>shop_order</code> is not registered, so it may not be reliable to check the capability <code>edit_post</code> against a post of that type. Please see <a href="https://developer.wordpress.org/advanced-administration/debug/debug-wordpress/">Debugging in WordPress</a> for more information. (This message was added in version 4.4.0.) in /home/servpcxr/8kiptv.co/tv/wp-includes/functions.php on line 6170
[20-Jun-2026 18:39:58 UTC] PHP Notice:  Function map_meta_cap was called <strong>incorrectly</strong>. The post type <code>shop_order</code> is not registered, so it may not be reliable to check the capability <code>edit_post</code> against a post of that type. Please see <a href="https://developer.wordpress.org/advanced-administration/debug/debug-wordpress/">Debugging in WordPress</a> for more information. (This message was added in version 4.4.0.) in /home/servpcxr/8kiptv.co/tv/wp-includes/functions.php on line 6170
[20-Jun-2026 18:40:02 UTC] PHP Notice:  Function map_meta_cap was called <strong>incorrectly</strong>. The post type <code>shop_order</code> is not registered, so it may not be reliable to check the capability <code>edit_post</code> against a post of that type. Please see <a href="https://developer.wordpress.org/advanced-administration/debug/debug-wordpress/">Debugging in WordPress</a> for more information. (This message was added in version 4.4.0.) in /home/servpcxr/8kiptv.co/tv/wp-includes/functions.php on line 6170
[20-Jun-2026 18:40:02 UTC] PHP Notice:  Function map_meta_cap was called <strong>incorrectly</strong>. The post type <code>shop_order</code> is not registered, so it may not be reliable to check the capability <code>edit_post</code> against a post of that type. Please see <a href="https://developer.wordpress.org/advanced-administration/debug/debug-wordpress/">Debugging in WordPress</a> for more information. (This message was added in version 4.4.0.) in /home/servpcxr/8kiptv.co/tv/wp-includes/functions.php on line 6170
[20-Jun-2026 18:40:02 UTC] PHP Notice:  Function map_meta_cap was called <strong>incorrectly</strong>. The post type <code>shop_order</code> is not registered, so it may not be reliable to check the capability <code>edit_post</code> against a post of that type. Please see <a href="https://developer.wordpress.org/advanced-administration/debug/debug-wordpress/">Debugging in WordPress</a> for more information. (This message was added in version 4.4.0.) in /home/servpcxr/8kiptv.co/tv/wp-includes/functions.php on line 6170
[20-Jun-2026 18:40:02 UTC] PHP Notice:  Function map_meta_cap was called <strong>incorrectly</strong>. The post type <code>shop_order</code> is not registered, so it may not be reliable to check the capability <code>edit_post</code> against a post of that type. Please see <a href="https://developer.wordpress.org/advanced-administration/debug/debug-wordpress/">Debugging in WordPress</a> for more information. (This message was added in version 4.4.0.) in /home/servpcxr/8kiptv.co/tv/wp-includes/functions.php on line 6170
[20-Jun-2026 18:40:02 UTC] PHP Notice:  Function map_meta_cap was called <strong>incorrectly</strong>. The post type <code>shop_order</code> is not registered, so it may not be reliable to check the capability <code>edit_post</code> against a post of that type. Please see <a href="https://developer.wordpress.org/advanced-administration/debug/debug-wordpress/">Debugging in WordPress</a> for more information. (This message was added in version 4.4.0.) in /home/servpcxr/8kiptv.co/tv/wp-includes/functions.php on line 6170
[20-Jun-2026 18:40:02 UTC] PHP Notice:  Function map_meta_cap was called <strong>incorrectly</strong>. The post type <code>shop_order</code> is not registered, so it may not be reliable to check the capability <code>edit_post</code> against a post of that type. Please see <a href="https://developer.wordpress.org/advanced-administration/debug/debug-wordpress/">Debugging in WordPress</a> for more information. (This message was added in version 4.4.0.) in /home/servpcxr/8kiptv.co/tv/wp-includes/functions.php on line 6170
[20-Jun-2026 22:16:19 UTC] Automatic updates starting...
[20-Jun-2026 22:16:19 UTC]   Automatic plugin updates starting...
[20-Jun-2026 22:16:19 UTC]   Automatic plugin updates complete.
[20-Jun-2026 22:16:19 UTC]   Automatic theme updates starting...
[20-Jun-2026 22:16:19 UTC]   Automatic theme updates complete.
[20-Jun-2026 22:16:19 UTC] Automatic updates complete.
[21-Jun-2026 10:14:56 UTC] Automatic updates starting...
[21-Jun-2026 10:14:56 UTC]   Automatic plugin updates starting...
[21-Jun-2026 10:14:56 UTC]   Automatic plugin updates complete.
[21-Jun-2026 10:14:56 UTC]   Automatic theme updates starting...
[21-Jun-2026 10:14:56 UTC]   Automatic theme updates complete.
[21-Jun-2026 10:14:56 UTC] Automatic updates complete.
[21-Jun-2026 22:15:25 UTC] Automatic updates starting...
[21-Jun-2026 22:15:25 UTC]   Automatic plugin updates starting...
[21-Jun-2026 22:15:25 UTC]   Automatic plugin updates complete.
[21-Jun-2026 22:15:25 UTC]   Automatic theme updates starting...
[21-Jun-2026 22:15:25 UTC]   Automatic theme updates complete.
[21-Jun-2026 22:15:25 UTC] Automatic updates complete.
[22-Jun-2026 04:32:44 UTC] Cron reschedule event error for hook: action_scheduler_run_queue, Error code: could_not_set, Error message: The cron event list could not be saved., Data: {"schedule":"every_minute","args":["WP Cron"],"interval":60}
[22-Jun-2026 10:17:33 UTC] Automatic updates starting...
[22-Jun-2026 10:17:34 UTC]   Automatic plugin updates starting...
[22-Jun-2026 10:17:34 UTC]   Automatic plugin updates complete.
[22-Jun-2026 10:17:34 UTC]   Automatic theme updates starting...
[22-Jun-2026 10:17:34 UTC]   Automatic theme updates complete.
[22-Jun-2026 10:17:34 UTC] Automatic updates complete.
[22-Jun-2026 22:19:42 UTC] Automatic updates starting...
[22-Jun-2026 22:19:42 UTC]   Automatic plugin updates starting...
[22-Jun-2026 22:19:42 UTC]   Automatic plugin updates complete.
[22-Jun-2026 22:19:42 UTC]   Automatic theme updates starting...
[22-Jun-2026 22:19:42 UTC]   Automatic theme updates complete.
[22-Jun-2026 22:19:42 UTC] Automatic updates complete.
[23-Jun-2026 10:15:38 UTC] Automatic updates starting...
[23-Jun-2026 10:15:38 UTC]   Automatic plugin updates starting...
[23-Jun-2026 10:15:38 UTC]   Automatic plugin updates complete.
[23-Jun-2026 10:15:38 UTC]   Automatic theme updates starting...
[23-Jun-2026 10:15:38 UTC]   Automatic theme updates complete.
[23-Jun-2026 10:15:38 UTC] Automatic updates complete.
[23-Jun-2026 12:32:56 UTC] PHP Warning:  Invalid argument supplied for foreach() in /home/servpcxr/8kiptv.co/tv/wp-content/plugins/userfeedback-lite/includes/admin/class-userfeedback-notifications.php on line 236
[23-Jun-2026 12:34:19 UTC] PHP Notice:  Function WP_Scripts::add was called <strong>incorrectly</strong>. The script with the handle "elementor-v2-editor-components" was enqueued with dependencies that are not registered: elementor-v2-editor-canvas, elementor-v2-editor-controls, elementor-v2-editor-editing-panel, elementor-v2-editor-elements, elementor-v2-editor-props, elementor-v2-editor-styles-repository, elementor-v2-editor-templates. Please see <a href="https://developer.wordpress.org/advanced-administration/debug/debug-wordpress/">Debugging in WordPress</a> for more information. (This message was added in version 6.9.1.) in /home/servpcxr/8kiptv.co/tv/wp-includes/functions.php on line 6170
[23-Jun-2026 12:34:23 UTC] PHP Notice:  Function WP_Scripts::add was called <strong>incorrectly</strong>. The script with the handle "elementor-v2-editor-components" was enqueued with dependencies that are not registered: elementor-v2-editor-canvas, elementor-v2-editor-controls, elementor-v2-editor-editing-panel, elementor-v2-editor-elements, elementor-v2-editor-props, elementor-v2-editor-styles-repository, elementor-v2-editor-templates. Please see <a href="https://developer.wordpress.org/advanced-administration/debug/debug-wordpress/">Debugging in WordPress</a> for more information. (This message was added in version 6.9.1.) in /home/servpcxr/8kiptv.co/tv/wp-includes/functions.php on line 6170
[23-Jun-2026 22:15:17 UTC] Automatic updates starting...
[23-Jun-2026 22:15:21 UTC]   Automatic plugin updates starting...
[23-Jun-2026 22:15:21 UTC]   Automatic plugin updates complete.
[23-Jun-2026 22:15:21 UTC]   Automatic theme updates starting...
[23-Jun-2026 22:15:21 UTC]   Automatic theme updates complete.
[23-Jun-2026 22:15:21 UTC] Automatic updates complete.
[23-Jun-2026 22:44:38 UTC] Cron reschedule event error for hook: action_scheduler_run_queue, Error code: could_not_set, Error message: The cron event list could not be saved., Data: {"schedule":"every_minute","args":["WP Cron"],"interval":60}
[24-Jun-2026 10:15:10 UTC] Automatic updates starting...
[24-Jun-2026 10:15:10 UTC]   Automatic plugin updates starting...
[24-Jun-2026 10:15:10 UTC]   Automatic plugin updates complete.
[24-Jun-2026 10:15:10 UTC]   Automatic theme updates starting...
[24-Jun-2026 10:15:10 UTC]   Automatic theme updates complete.
[24-Jun-2026 10:15:10 UTC] Automatic updates complete.
[24-Jun-2026 10:20:29 UTC] PHP Warning:  The URL https://s4.softaculous.com/a/loginizer//updates.php?version=2.0.5&checking_for_updates=1&installed_version=2.0.5&license=SOFTWP-65975-58186-61378-85147&url=https%3A%2F%2F8kiptv.co%2Ftv does not point to a valid plugin metadata file. WP HTTP Error: cURL error 28: Operation timed out after 10001 milliseconds with 0 bytes received in /home/servpcxr/8kiptv.co/tv/wp-content/plugins/loginizer-security/updater/plugin-update-checker.php on line 985
[24-Jun-2026 22:14:53 UTC] Automatic updates starting...
[24-Jun-2026 22:14:53 UTC]   Automatic plugin updates starting...
[24-Jun-2026 22:14:53 UTC]   Automatic plugin updates complete.
[24-Jun-2026 22:14:53 UTC]   Automatic theme updates starting...
[24-Jun-2026 22:14:53 UTC]   Automatic theme updates complete.
[24-Jun-2026 22:14:53 UTC] Automatic updates complete.
[25-Jun-2026 10:17:28 UTC] Automatic updates starting...
[25-Jun-2026 10:17:28 UTC]   Automatic plugin updates starting...
[25-Jun-2026 10:17:28 UTC]   Automatic plugin updates complete.
[25-Jun-2026 10:17:28 UTC]   Automatic theme updates starting...
[25-Jun-2026 10:17:28 UTC]   Automatic theme updates complete.
[25-Jun-2026 10:17:28 UTC] Automatic updates complete.
[25-Jun-2026 12:40:49 UTC] Cron reschedule event error for hook: action_scheduler_run_queue, Error code: could_not_set, Error message: The cron event list could not be saved., Data: {"schedule":"every_minute","args":["WP Cron"],"interval":60}
[25-Jun-2026 22:16:15 UTC] Automatic updates starting...
[25-Jun-2026 22:16:15 UTC]   Automatic plugin updates starting...
[25-Jun-2026 22:16:15 UTC]   Automatic plugin updates complete.
[25-Jun-2026 22:16:15 UTC]   Automatic theme updates starting...
[25-Jun-2026 22:16:15 UTC]   Automatic theme updates complete.
[25-Jun-2026 22:16:15 UTC] Automatic updates complete.
[26-Jun-2026 10:16:43 UTC] Automatic updates starting...
[26-Jun-2026 10:16:44 UTC]   Automatic plugin updates starting...
[26-Jun-2026 10:16:44 UTC]   Automatic plugin updates complete.
[26-Jun-2026 10:16:44 UTC]   Automatic theme updates starting...
[26-Jun-2026 10:16:44 UTC]   Automatic theme updates complete.
[26-Jun-2026 10:16:44 UTC] Automatic updates complete.
[26-Jun-2026 22:15:32 UTC] Automatic updates starting...
[26-Jun-2026 22:15:32 UTC]   Automatic plugin updates starting...
[26-Jun-2026 22:15:32 UTC]   Automatic plugin updates complete.
[26-Jun-2026 22:15:32 UTC]   Automatic theme updates starting...
[26-Jun-2026 22:15:32 UTC]   Automatic theme updates complete.
[26-Jun-2026 22:15:32 UTC] Automatic updates complete.
[27-Jun-2026 10:15:05 UTC] Automatic updates starting...
[27-Jun-2026 10:15:05 UTC]   Automatic plugin updates starting...
[27-Jun-2026 10:15:05 UTC]   Automatic plugin updates complete.
[27-Jun-2026 10:15:05 UTC]   Automatic theme updates starting...
[27-Jun-2026 10:15:05 UTC]   Automatic theme updates complete.
[27-Jun-2026 10:15:05 UTC] Automatic updates complete.
[27-Jun-2026 22:15:41 UTC] Automatic updates starting...
[27-Jun-2026 22:15:41 UTC]   Automatic plugin updates starting...
[27-Jun-2026 22:15:41 UTC]   Automatic plugin updates complete.
[27-Jun-2026 22:15:41 UTC]   Automatic theme updates starting...
[27-Jun-2026 22:15:41 UTC]   Automatic theme updates complete.
[27-Jun-2026 22:15:41 UTC] Automatic updates complete.
[28-Jun-2026 10:15:09 UTC] Automatic updates starting...
[28-Jun-2026 10:15:09 UTC]   Automatic plugin updates starting...
[28-Jun-2026 10:15:09 UTC]   Automatic plugin updates complete.
[28-Jun-2026 10:15:09 UTC]   Automatic theme updates starting...
[28-Jun-2026 10:15:09 UTC]   Automatic theme updates complete.
[28-Jun-2026 10:15:09 UTC] Automatic updates complete.
[28-Jun-2026 18:31:34 UTC] PHP Warning:  Invalid argument supplied for foreach() in /home/servpcxr/8kiptv.co/tv/wp-content/plugins/userfeedback-lite/includes/admin/class-userfeedback-notifications.php on line 236
[28-Jun-2026 20:07:59 UTC] PHP Notice:  Function WP_Scripts::add was called <strong>incorrectly</strong>. The script with the handle "elementor-v2-editor-components" was enqueued with dependencies that are not registered: elementor-v2-editor-canvas, elementor-v2-editor-controls, elementor-v2-editor-editing-panel, elementor-v2-editor-elements, elementor-v2-editor-props, elementor-v2-editor-styles-repository, elementor-v2-editor-templates. Please see <a href="https://developer.wordpress.org/advanced-administration/debug/debug-wordpress/">Debugging in WordPress</a> for more information. (This message was added in version 6.9.1.) in /home/servpcxr/8kiptv.co/tv/wp-includes/functions.php on line 6170
[28-Jun-2026 20:08:03 UTC] PHP Notice:  Function WP_Scripts::add was called <strong>incorrectly</strong>. The script with the handle "elementor-v2-editor-components" was enqueued with dependencies that are not registered: elementor-v2-editor-canvas, elementor-v2-editor-controls, elementor-v2-editor-editing-panel, elementor-v2-editor-elements, elementor-v2-editor-props, elementor-v2-editor-styles-repository, elementor-v2-editor-templates. Please see <a href="https://developer.wordpress.org/advanced-administration/debug/debug-wordpress/">Debugging in WordPress</a> for more information. (This message was added in version 6.9.1.) in /home/servpcxr/8kiptv.co/tv/wp-includes/functions.php on line 6170
[28-Jun-2026 22:15:32 UTC] Automatic updates starting...
[28-Jun-2026 22:15:32 UTC]   Automatic plugin updates starting...
[28-Jun-2026 22:15:32 UTC]   Automatic plugin updates complete.
[28-Jun-2026 22:15:32 UTC]   Automatic theme updates starting...
[28-Jun-2026 22:15:32 UTC]   Automatic theme updates complete.
[28-Jun-2026 22:15:32 UTC] Automatic updates complete.
[29-Jun-2026 10:15:30 UTC] Automatic updates starting...
[29-Jun-2026 10:15:30 UTC]   Automatic plugin updates starting...
[29-Jun-2026 10:15:30 UTC]   Automatic plugin updates complete.
[29-Jun-2026 10:15:30 UTC]   Automatic theme updates starting...
[29-Jun-2026 10:15:30 UTC]   Automatic theme updates complete.
[29-Jun-2026 10:15:30 UTC] Automatic updates complete.
[29-Jun-2026 22:18:38 UTC] Automatic updates starting...
[29-Jun-2026 22:18:38 UTC]   Automatic plugin updates starting...
[29-Jun-2026 22:18:38 UTC]   Automatic plugin updates complete.
[29-Jun-2026 22:18:38 UTC]   Automatic theme updates starting...
[29-Jun-2026 22:18:38 UTC]   Automatic theme updates complete.
[29-Jun-2026 22:18:38 UTC] Automatic updates complete.
[30-Jun-2026 10:14:55 UTC] Automatic updates starting...
[30-Jun-2026 10:14:55 UTC]   Automatic plugin updates starting...
[30-Jun-2026 10:14:55 UTC]   Automatic plugin updates complete.
[30-Jun-2026 10:14:55 UTC]   Automatic theme updates starting...
[30-Jun-2026 10:14:55 UTC]   Automatic theme updates complete.
[30-Jun-2026 10:14:55 UTC] Automatic updates complete.
[30-Jun-2026 22:15:15 UTC] Automatic updates starting...
[30-Jun-2026 22:15:16 UTC]   Automatic plugin updates starting...
[30-Jun-2026 22:15:16 UTC]   Automatic plugin updates complete.
[30-Jun-2026 22:15:16 UTC]   Automatic theme updates starting...
[30-Jun-2026 22:15:16 UTC]   Automatic theme updates complete.
[30-Jun-2026 22:15:16 UTC] Automatic updates complete.
[01-Jul-2026 10:16:28 UTC] Automatic updates starting...
[01-Jul-2026 10:16:28 UTC]   Automatic plugin updates starting...
[01-Jul-2026 10:16:28 UTC]   Automatic plugin updates complete.
[01-Jul-2026 10:16:28 UTC]   Automatic theme updates starting...
[01-Jul-2026 10:16:28 UTC]   Automatic theme updates complete.
[01-Jul-2026 10:16:28 UTC] Automatic updates complete.
[01-Jul-2026 22:15:46 UTC] Automatic updates starting...
[01-Jul-2026 22:15:46 UTC]   Automatic plugin updates starting...
[01-Jul-2026 22:15:46 UTC]   Automatic plugin updates complete.
[01-Jul-2026 22:15:46 UTC]   Automatic theme updates starting...
[01-Jul-2026 22:15:46 UTC]   Automatic theme updates complete.
[01-Jul-2026 22:15:46 UTC] Automatic updates complete.
[02-Jul-2026 10:15:39 UTC] Automatic updates starting...
[02-Jul-2026 10:15:39 UTC]   Automatic plugin updates starting...
[02-Jul-2026 10:15:39 UTC]   Automatic plugin updates complete.
[02-Jul-2026 10:15:39 UTC]   Automatic theme updates starting...
[02-Jul-2026 10:15:39 UTC]   Automatic theme updates complete.
[02-Jul-2026 10:15:39 UTC] Automatic updates complete.
[02-Jul-2026 22:15:10 UTC] Automatic updates starting...
[02-Jul-2026 22:15:10 UTC]   Automatic plugin updates starting...
[02-Jul-2026 22:15:10 UTC]   Automatic plugin updates complete.
[02-Jul-2026 22:15:10 UTC]   Automatic theme updates starting...
[02-Jul-2026 22:15:10 UTC]   Automatic theme updates complete.
[02-Jul-2026 22:15:10 UTC] Automatic updates complete.
[03-Jul-2026 10:15:34 UTC] Automatic updates starting...
[03-Jul-2026 10:15:34 UTC]   Automatic plugin updates starting...
[03-Jul-2026 10:15:34 UTC]   Automatic plugin updates complete.
[03-Jul-2026 10:15:34 UTC]   Automatic theme updates starting...
[03-Jul-2026 10:15:34 UTC]   Automatic theme updates complete.
[03-Jul-2026 10:15:34 UTC] Automatic updates complete.
[03-Jul-2026 22:15:43 UTC] Automatic updates starting...
[03-Jul-2026 22:15:43 UTC]   Automatic plugin updates starting...
[03-Jul-2026 22:15:43 UTC]   Automatic plugin updates complete.
[03-Jul-2026 22:15:43 UTC]   Automatic theme updates starting...
[03-Jul-2026 22:15:43 UTC]   Automatic theme updates complete.
[03-Jul-2026 22:15:43 UTC] Automatic updates complete.
[04-Jul-2026 10:16:02 UTC] Automatic updates starting...
[04-Jul-2026 10:16:03 UTC]   Automatic plugin updates starting...
[04-Jul-2026 10:16:03 UTC]   Automatic plugin updates complete.
[04-Jul-2026 10:16:03 UTC]   Automatic theme updates starting...
[04-Jul-2026 10:16:03 UTC]   Automatic theme updates complete.
[04-Jul-2026 10:16:03 UTC] Automatic updates complete.
[04-Jul-2026 22:14:52 UTC] Automatic updates starting...
[04-Jul-2026 22:14:53 UTC]   Automatic plugin updates starting...
[04-Jul-2026 22:14:53 UTC]   Automatic plugin updates complete.
[04-Jul-2026 22:14:53 UTC]   Automatic theme updates starting...
[04-Jul-2026 22:14:53 UTC]   Automatic theme updates complete.
[04-Jul-2026 22:14:53 UTC] Automatic updates complete.
[05-Jul-2026 08:43:52 UTC] Cron reschedule event error for hook: action_scheduler_run_queue, Error code: could_not_set, Error message: The cron event list could not be saved., Data: {"schedule":"every_minute","args":["WP Cron"],"interval":60}
[05-Jul-2026 08:43:52 UTC] Cron reschedule event error for hook: jetpack_clean_nonces, Error code: could_not_set, Error message: The cron event list could not be saved., Data: {"schedule":"hourly","args":[],"interval":3600}
[05-Jul-2026 10:15:52 UTC] Automatic updates starting...
[05-Jul-2026 10:15:52 UTC]   Automatic plugin updates starting...
[05-Jul-2026 10:15:52 UTC]   Automatic plugin updates complete.
[05-Jul-2026 10:15:52 UTC]   Automatic theme updates starting...
[05-Jul-2026 10:15:52 UTC]   Automatic theme updates complete.
[05-Jul-2026 10:15:52 UTC] Automatic updates complete.
[05-Jul-2026 22:15:09 UTC] Automatic updates starting...
[05-Jul-2026 22:15:10 UTC]   Automatic plugin updates starting...
[05-Jul-2026 22:15:10 UTC]   Automatic plugin updates complete.
[05-Jul-2026 22:15:10 UTC]   Automatic theme updates starting...
[05-Jul-2026 22:15:10 UTC]   Automatic theme updates complete.
[05-Jul-2026 22:15:10 UTC] Automatic updates complete.
[06-Jul-2026 03:49:07 UTC] Cron reschedule event error for hook: action_scheduler_run_queue, Error code: could_not_set, Error message: The cron event list could not be saved., Data: {"schedule":"every_minute","args":["WP Cron"],"interval":60}
[06-Jul-2026 10:18:02 UTC] Automatic updates starting...
[06-Jul-2026 10:18:02 UTC]   Automatic plugin updates starting...
[06-Jul-2026 10:18:02 UTC]   Automatic plugin updates complete.
[06-Jul-2026 10:18:02 UTC]   Automatic theme updates starting...
[06-Jul-2026 10:18:02 UTC]   Automatic theme updates complete.
[06-Jul-2026 10:18:02 UTC] Automatic updates complete.
[06-Jul-2026 13:18:42 UTC] PHP Warning:  Invalid argument supplied for foreach() in /home/servpcxr/8kiptv.co/tv/wp-content/plugins/userfeedback-lite/includes/admin/class-userfeedback-notifications.php on line 236
[06-Jul-2026 22:15:38 UTC] Automatic updates starting...
[06-Jul-2026 22:15:38 UTC]   Automatic plugin updates starting...
[06-Jul-2026 22:15:38 UTC]   Automatic plugin updates complete.
[06-Jul-2026 22:15:38 UTC]   Automatic theme updates starting...
[06-Jul-2026 22:15:38 UTC]   Automatic theme updates complete.
[06-Jul-2026 22:15:38 UTC] Automatic updates complete.
[07-Jul-2026 10:18:58 UTC] Automatic updates starting...
[07-Jul-2026 10:18:58 UTC]   Automatic plugin updates starting...
[07-Jul-2026 10:18:58 UTC]   Automatic plugin updates complete.
[07-Jul-2026 10:18:58 UTC]   Automatic theme updates starting...
[07-Jul-2026 10:18:58 UTC]   Automatic theme updates complete.
[07-Jul-2026 10:18:58 UTC] Automatic updates complete.
[07-Jul-2026 17:28:28 UTC] PHP Warning:  Invalid argument supplied for foreach() in /home/servpcxr/8kiptv.co/tv/wp-content/plugins/userfeedback-lite/includes/admin/class-userfeedback-notifications.php on line 236
[07-Jul-2026 22:15:12 UTC] Automatic updates starting...
[07-Jul-2026 22:15:12 UTC]   Automatic plugin updates starting...
[07-Jul-2026 22:15:12 UTC]   Automatic plugin updates complete.
[07-Jul-2026 22:15:12 UTC]   Automatic theme updates starting...
[07-Jul-2026 22:15:12 UTC]   Automatic theme updates complete.
[07-Jul-2026 22:15:12 UTC] Automatic updates complete.
[08-Jul-2026 10:16:06 UTC] Automatic updates starting...
[08-Jul-2026 10:16:06 UTC]   Automatic plugin updates starting...
[08-Jul-2026 10:16:06 UTC]   Automatic plugin updates complete.
[08-Jul-2026 10:16:06 UTC]   Automatic theme updates starting...
[08-Jul-2026 10:16:06 UTC]   Automatic theme updates complete.
[08-Jul-2026 10:16:06 UTC] Automatic updates complete.
[08-Jul-2026 22:16:25 UTC] Automatic updates starting...
[08-Jul-2026 22:16:25 UTC]   Automatic plugin updates starting...
[08-Jul-2026 22:16:25 UTC]   Automatic plugin updates complete.
[08-Jul-2026 22:16:25 UTC]   Automatic theme updates starting...
[08-Jul-2026 22:16:25 UTC]   Automatic theme updates complete.
[08-Jul-2026 22:16:25 UTC] Automatic updates complete.
[09-Jul-2026 10:15:08 UTC] Automatic updates starting...
[09-Jul-2026 10:15:08 UTC]   Automatic plugin updates starting...
[09-Jul-2026 10:15:08 UTC]   Automatic plugin updates complete.
[09-Jul-2026 10:15:08 UTC]   Automatic theme updates starting...
[09-Jul-2026 10:15:08 UTC]   Automatic theme updates complete.
[09-Jul-2026 10:15:08 UTC] Automatic updates complete.
[09-Jul-2026 13:12:27 UTC] PHP Warning:  Invalid argument supplied for foreach() in /home/servpcxr/8kiptv.co/tv/wp-content/plugins/userfeedback-lite/includes/admin/class-userfeedback-notifications.php on line 236
[09-Jul-2026 22:14:57 UTC] Automatic updates starting...
[09-Jul-2026 22:14:57 UTC]   Automatic plugin updates starting...
[09-Jul-2026 22:14:57 UTC]   Automatic plugin updates complete.
[09-Jul-2026 22:14:57 UTC]   Automatic theme updates starting...
[09-Jul-2026 22:14:57 UTC]   Automatic theme updates complete.
[09-Jul-2026 22:14:57 UTC] Automatic updates complete.
[10-Jul-2026 05:07:39 UTC] Cron reschedule event error for hook: action_scheduler_run_queue, Error code: could_not_set, Error message: The cron event list could not be saved., Data: {"schedule":"every_minute","args":["WP Cron"],"interval":60}
[10-Jul-2026 10:15:28 UTC] Automatic updates starting...
[10-Jul-2026 10:15:28 UTC]   Automatic plugin updates starting...
[10-Jul-2026 10:15:28 UTC]   Automatic plugin updates complete.
[10-Jul-2026 10:15:28 UTC]   Automatic theme updates starting...
[10-Jul-2026 10:15:28 UTC]   Automatic theme updates complete.
[10-Jul-2026 10:15:28 UTC] Automatic updates complete.
[10-Jul-2026 22:15:22 UTC] Automatic updates starting...
[10-Jul-2026 22:15:22 UTC]   Automatic plugin updates starting...
[10-Jul-2026 22:15:22 UTC]   Automatic plugin updates complete.
[10-Jul-2026 22:15:22 UTC]   Automatic theme updates starting...
[10-Jul-2026 22:15:22 UTC]   Automatic theme updates complete.
[10-Jul-2026 22:15:22 UTC] Automatic updates complete.
[11-Jul-2026 10:15:13 UTC] Automatic updates starting...
[11-Jul-2026 10:15:14 UTC]   Automatic plugin updates starting...
[11-Jul-2026 10:15:14 UTC]   Automatic plugin updates complete.
[11-Jul-2026 10:15:14 UTC]   Automatic theme updates starting...
[11-Jul-2026 10:15:14 UTC]   Automatic theme updates complete.
[11-Jul-2026 10:15:14 UTC] Automatic updates complete.
[11-Jul-2026 22:14:52 UTC] Automatic updates starting...
[11-Jul-2026 22:14:53 UTC]   Automatic plugin updates starting...
[11-Jul-2026 22:14:53 UTC]   Automatic plugin updates complete.
[11-Jul-2026 22:14:53 UTC]   Automatic theme updates starting...
[11-Jul-2026 22:14:53 UTC]   Automatic theme updates complete.
[11-Jul-2026 22:14:53 UTC] Automatic updates complete.
[11-Jul-2026 23:12:06 UTC] Cron reschedule event error for hook: action_scheduler_run_queue, Error code: could_not_set, Error message: The cron event list could not be saved., Data: {"schedule":"every_minute","args":["WP Cron"],"interval":60}
[12-Jul-2026 10:15:02 UTC] Automatic updates starting...
[12-Jul-2026 10:15:03 UTC]   Automatic plugin updates starting...
[12-Jul-2026 10:15:03 UTC]   Automatic plugin updates complete.
[12-Jul-2026 10:15:03 UTC]   Automatic theme updates starting...
[12-Jul-2026 10:15:03 UTC]   Automatic theme updates complete.
[12-Jul-2026 10:15:03 UTC] Automatic updates complete.
[12-Jul-2026 22:17:33 UTC] Automatic updates starting...
[12-Jul-2026 22:17:33 UTC]   Automatic plugin updates starting...
[12-Jul-2026 22:17:33 UTC]   Automatic plugin updates complete.
[12-Jul-2026 22:17:33 UTC]   Automatic theme updates starting...
[12-Jul-2026 22:17:33 UTC]   Automatic theme updates complete.
[12-Jul-2026 22:17:33 UTC] Automatic updates complete.
[13-Jul-2026 10:22:49 UTC] Automatic updates starting...
[13-Jul-2026 10:22:49 UTC]   Automatic plugin updates starting...
[13-Jul-2026 10:22:49 UTC]   Automatic plugin updates complete.
[13-Jul-2026 10:22:49 UTC]   Automatic theme updates starting...
[13-Jul-2026 10:22:49 UTC]   Automatic theme updates complete.
[13-Jul-2026 10:22:49 UTC] Automatic updates complete.
[13-Jul-2026 10:23:00 UTC] PHP Warning:  The URL https://s0.softaculous.com/a/loginizer//updates.php?version=2.0.5&checking_for_updates=1&installed_version=2.0.5&license=SOFTWP-65975-58186-61378-85147&url=https%3A%2F%2F8kiptv.co%2Ftv does not point to a valid plugin metadata file. WP HTTP Error: cURL error 28: Connection timed out after 10002 milliseconds in /home/servpcxr/8kiptv.co/tv/wp-content/plugins/loginizer-security/updater/plugin-update-checker.php on line 985
[13-Jul-2026 13:19:53 UTC] PHP Warning:  Invalid argument supplied for foreach() in /home/servpcxr/8kiptv.co/tv/wp-content/plugins/userfeedback-lite/includes/admin/class-userfeedback-notifications.php on line 236
[13-Jul-2026 22:22:44 UTC] Automatic updates starting...
[13-Jul-2026 22:22:44 UTC]   Automatic plugin updates starting...
[13-Jul-2026 22:22:44 UTC]   Automatic plugin updates complete.
[13-Jul-2026 22:22:44 UTC]   Automatic theme updates starting...
[13-Jul-2026 22:22:44 UTC]   Automatic theme updates complete.
[13-Jul-2026 22:22:44 UTC] Automatic updates complete.
[13-Jul-2026 22:22:56 UTC] PHP Warning:  The URL https://s5.softaculous.com/a/loginizer//updates.php?version=2.0.5&checking_for_updates=1&installed_version=2.0.5&license=SOFTWP-65975-58186-61378-85147&url=https%3A%2F%2F8kiptv.co%2Ftv does not point to a valid plugin metadata file. WP HTTP Error: cURL error 28: Operation timed out after 10002 milliseconds with 0 bytes received in /home/servpcxr/8kiptv.co/tv/wp-content/plugins/loginizer-security/updater/plugin-update-checker.php on line 985
[14-Jul-2026 10:14:55 UTC] Automatic updates starting...
[14-Jul-2026 10:14:55 UTC]   Automatic plugin updates starting...
[14-Jul-2026 10:14:55 UTC]   Automatic plugin updates complete.
[14-Jul-2026 10:14:55 UTC]   Automatic theme updates starting...
[14-Jul-2026 10:14:55 UTC]   Automatic theme updates complete.
[14-Jul-2026 10:14:55 UTC] Automatic updates complete.
[14-Jul-2026 22:15:09 UTC] Automatic updates starting...
[14-Jul-2026 22:15:10 UTC]   Automatic plugin updates starting...
[14-Jul-2026 22:15:10 UTC]   Automatic plugin updates complete.
[14-Jul-2026 22:15:10 UTC]   Automatic theme updates starting...
[14-Jul-2026 22:15:10 UTC]   Automatic theme updates complete.
[14-Jul-2026 22:15:10 UTC] Automatic updates complete.
[15-Jul-2026 10:22:36 UTC] Automatic updates starting...
[15-Jul-2026 10:22:36 UTC]   Automatic plugin updates starting...
[15-Jul-2026 10:22:36 UTC]   Automatic plugin updates complete.
[15-Jul-2026 10:22:36 UTC]   Automatic theme updates starting...
[15-Jul-2026 10:22:36 UTC]   Automatic theme updates complete.
[15-Jul-2026 10:22:36 UTC] Automatic updates complete.
[15-Jul-2026 22:15:09 UTC] Automatic updates starting...
[15-Jul-2026 22:15:09 UTC]   Automatic plugin updates starting...
[15-Jul-2026 22:15:09 UTC]   Automatic plugin updates complete.
[15-Jul-2026 22:15:09 UTC]   Automatic theme updates starting...
[15-Jul-2026 22:15:09 UTC]   Automatic theme updates complete.
[15-Jul-2026 22:15:09 UTC] Automatic updates complete.
[16-Jul-2026 10:15:27 UTC] Automatic updates starting...
[16-Jul-2026 10:15:27 UTC]   Automatic plugin updates starting...
[16-Jul-2026 10:15:27 UTC]   Automatic plugin updates complete.
[16-Jul-2026 10:15:27 UTC]   Automatic theme updates starting...
[16-Jul-2026 10:15:27 UTC]   Automatic theme updates complete.
[16-Jul-2026 10:15:27 UTC] Automatic updates complete.
[16-Jul-2026 22:15:07 UTC] Automatic updates starting...
[16-Jul-2026 22:15:07 UTC]   Automatic plugin updates starting...
[16-Jul-2026 22:15:07 UTC]   Automatic plugin updates complete.
[16-Jul-2026 22:15:07 UTC]   Automatic theme updates starting...
[16-Jul-2026 22:15:07 UTC]   Automatic theme updates complete.
[16-Jul-2026 22:15:07 UTC] Automatic updates complete.
[16-Jul-2026 23:15:57 UTC] Automatic updates starting...
[16-Jul-2026 23:15:57 UTC]   Automatic plugin updates starting...
[16-Jul-2026 23:15:57 UTC]   Automatic plugin updates complete.
[16-Jul-2026 23:15:57 UTC]   Automatic theme updates starting...
[16-Jul-2026 23:15:57 UTC]   Automatic theme updates complete.
[16-Jul-2026 23:15:57 UTC] Automatic updates complete.
[17-Jul-2026 00:16:00 UTC] Automatic updates starting...
[17-Jul-2026 00:16:00 UTC]   Automatic plugin updates starting...
[17-Jul-2026 00:16:00 UTC]   Automatic plugin updates complete.
[17-Jul-2026 00:16:00 UTC]   Automatic theme updates starting...
[17-Jul-2026 00:16:00 UTC]   Automatic theme updates complete.
[17-Jul-2026 00:16:00 UTC] Automatic updates complete.
[17-Jul-2026 01:19:23 UTC] Automatic updates starting...
[17-Jul-2026 01:19:23 UTC]   Automatic plugin updates starting...
[17-Jul-2026 01:19:23 UTC]   Automatic plugin updates complete.
[17-Jul-2026 01:19:23 UTC]   Automatic theme updates starting...
[17-Jul-2026 01:19:23 UTC]   Automatic theme updates complete.
[17-Jul-2026 01:19:23 UTC] Automatic updates complete.
[17-Jul-2026 02:20:28 UTC] Automatic updates starting...
[17-Jul-2026 02:20:28 UTC]   Automatic plugin updates starting...
[17-Jul-2026 02:20:28 UTC]   Automatic plugin updates complete.
[17-Jul-2026 02:20:28 UTC]   Automatic theme updates starting...
[17-Jul-2026 02:20:28 UTC]   Automatic theme updates complete.
[17-Jul-2026 02:20:28 UTC] Automatic updates complete.
[17-Jul-2026 03:20:54 UTC] Automatic updates starting...
[17-Jul-2026 03:20:54 UTC]   Automatic plugin updates starting...
[17-Jul-2026 03:20:54 UTC]   Automatic plugin updates complete.
[17-Jul-2026 03:20:54 UTC]   Automatic theme updates starting...
[17-Jul-2026 03:20:54 UTC]   Automatic theme updates complete.
[17-Jul-2026 03:20:54 UTC] Automatic updates complete.
[17-Jul-2026 04:23:48 UTC] Automatic updates starting...
[17-Jul-2026 04:23:48 UTC]   Automatic plugin updates starting...
[17-Jul-2026 04:23:48 UTC]   Automatic plugin updates complete.
[17-Jul-2026 04:23:48 UTC]   Automatic theme updates starting...
[17-Jul-2026 04:23:48 UTC]   Automatic theme updates complete.
[17-Jul-2026 04:23:48 UTC] Automatic updates complete.
[17-Jul-2026 05:26:10 UTC] Automatic updates starting...
[17-Jul-2026 05:26:10 UTC]   Automatic plugin updates starting...
[17-Jul-2026 05:26:10 UTC]   Automatic plugin updates complete.
[17-Jul-2026 05:26:10 UTC]   Automatic theme updates starting...
[17-Jul-2026 05:26:10 UTC]   Automatic theme updates complete.
[17-Jul-2026 05:26:10 UTC] Automatic updates complete.
[17-Jul-2026 06:27:07 UTC] Automatic updates starting...
[17-Jul-2026 06:27:08 UTC]   Automatic plugin updates starting...
[17-Jul-2026 06:27:08 UTC]   Automatic plugin updates complete.
[17-Jul-2026 06:27:08 UTC]   Automatic theme updates starting...
[17-Jul-2026 06:27:08 UTC]   Automatic theme updates complete.
[17-Jul-2026 06:27:08 UTC] Automatic updates complete.
[17-Jul-2026 07:27:10 UTC] Automatic updates starting...
[17-Jul-2026 07:27:10 UTC]   Automatic plugin updates starting...
[17-Jul-2026 07:27:10 UTC]   Automatic plugin updates complete.
[17-Jul-2026 07:27:10 UTC]   Automatic theme updates starting...
[17-Jul-2026 07:27:10 UTC]   Automatic theme updates complete.
[17-Jul-2026 07:27:10 UTC] Automatic updates complete.
[17-Jul-2026 08:29:31 UTC] Automatic updates starting...
[17-Jul-2026 08:29:31 UTC]   Automatic plugin updates starting...
[17-Jul-2026 08:29:31 UTC]   Automatic plugin updates complete.
[17-Jul-2026 08:29:31 UTC]   Automatic theme updates starting...
[17-Jul-2026 08:29:31 UTC]   Automatic theme updates complete.
[17-Jul-2026 08:29:31 UTC] Automatic updates complete.
[17-Jul-2026 09:30:05 UTC] Automatic updates starting...
[17-Jul-2026 09:30:06 UTC]   Automatic plugin updates starting...
[17-Jul-2026 09:30:06 UTC]   Automatic plugin updates complete.
[17-Jul-2026 09:30:06 UTC]   Automatic theme updates starting...
[17-Jul-2026 09:30:06 UTC]   Automatic theme updates complete.
[17-Jul-2026 09:30:06 UTC] Automatic updates complete.
[17-Jul-2026 10:16:38 UTC] Automatic updates starting...
[17-Jul-2026 10:16:38 UTC]   Automatic plugin updates starting...
[17-Jul-2026 10:16:38 UTC]   Automatic plugin updates complete.
[17-Jul-2026 10:16:38 UTC]   Automatic theme updates starting...
[17-Jul-2026 10:16:38 UTC]   Automatic theme updates complete.
[17-Jul-2026 10:16:38 UTC] Automatic updates complete.
[17-Jul-2026 11:17:34 UTC] Automatic updates starting...
[17-Jul-2026 11:17:34 UTC]   Automatic plugin updates starting...
[17-Jul-2026 11:17:34 UTC]   Automatic plugin updates complete.
[17-Jul-2026 11:17:34 UTC]   Automatic theme updates starting...
[17-Jul-2026 11:17:34 UTC]   Automatic theme updates complete.
[17-Jul-2026 11:17:34 UTC] Automatic updates complete.
[17-Jul-2026 12:17:58 UTC] Automatic updates starting...
[17-Jul-2026 12:17:58 UTC]   Automatic plugin updates starting...
[17-Jul-2026 12:17:58 UTC]   Automatic plugin updates complete.
[17-Jul-2026 12:17:58 UTC]   Automatic theme updates starting...
[17-Jul-2026 12:17:58 UTC]   Automatic theme updates complete.
[17-Jul-2026 12:17:58 UTC] Automatic updates complete.
[17-Jul-2026 13:18:27 UTC] Automatic updates starting...
[17-Jul-2026 13:18:27 UTC]   Automatic plugin updates starting...
[17-Jul-2026 13:18:27 UTC]   Automatic plugin updates complete.
[17-Jul-2026 13:18:27 UTC]   Automatic theme updates starting...
[17-Jul-2026 13:18:27 UTC]   Automatic theme updates complete.
[17-Jul-2026 13:18:27 UTC] Automatic updates complete.
[17-Jul-2026 14:20:01 UTC] Automatic updates starting...
[17-Jul-2026 14:20:02 UTC]   Automatic plugin updates starting...
[17-Jul-2026 14:20:02 UTC]   Automatic plugin updates complete.
[17-Jul-2026 14:20:02 UTC]   Automatic theme updates starting...
[17-Jul-2026 14:20:02 UTC]   Automatic theme updates complete.
[17-Jul-2026 14:20:02 UTC] Automatic updates complete.
[17-Jul-2026 15:20:32 UTC] Automatic updates starting...
[17-Jul-2026 15:20:33 UTC]   Automatic plugin updates starting...
[17-Jul-2026 15:20:33 UTC]   Automatic plugin updates complete.
[17-Jul-2026 15:20:33 UTC]   Automatic theme updates starting...
[17-Jul-2026 15:20:33 UTC]   Automatic theme updates complete.
[17-Jul-2026 15:20:33 UTC] Automatic updates complete.
[17-Jul-2026 16:22:19 UTC] Automatic updates starting...
[17-Jul-2026 16:22:20 UTC]   Automatic plugin updates starting...
[17-Jul-2026 16:22:20 UTC]   Automatic plugin updates complete.
[17-Jul-2026 16:22:20 UTC]   Automatic theme updates starting...
[17-Jul-2026 16:22:20 UTC]   Automatic theme updates complete.
[17-Jul-2026 16:22:20 UTC] Automatic updates complete.
[17-Jul-2026 17:22:26 UTC] Automatic updates starting...
[17-Jul-2026 17:22:27 UTC]   Automatic plugin updates starting...
[17-Jul-2026 17:22:27 UTC]   Automatic plugin updates complete.
[17-Jul-2026 17:22:27 UTC]   Automatic theme updates starting...
[17-Jul-2026 17:22:27 UTC]   Automatic theme updates complete.
[17-Jul-2026 17:22:27 UTC] Automatic updates complete.
[17-Jul-2026 18:24:44 UTC] Automatic updates starting...
[17-Jul-2026 18:24:45 UTC]   Automatic plugin updates starting...
[17-Jul-2026 18:24:45 UTC]   Automatic plugin updates complete.
[17-Jul-2026 18:24:45 UTC]   Automatic theme updates starting...
[17-Jul-2026 18:24:45 UTC]   Automatic theme updates complete.
[17-Jul-2026 18:24:45 UTC] Automatic updates complete.
[17-Jul-2026 19:29:13 UTC] Automatic updates starting...
[17-Jul-2026 19:29:13 UTC]   Automatic plugin updates starting...
[17-Jul-2026 19:29:13 UTC]   Automatic plugin updates complete.
[17-Jul-2026 19:29:13 UTC]   Automatic theme updates starting...
[17-Jul-2026 19:29:13 UTC]   Automatic theme updates complete.
[17-Jul-2026 19:29:13 UTC] Automatic updates complete.
[17-Jul-2026 22:15:25 UTC] Automatic updates starting...
[17-Jul-2026 22:15:27 UTC]   Automatic plugin updates starting...
[17-Jul-2026 22:15:27 UTC]   Automatic plugin updates complete.
[17-Jul-2026 22:15:27 UTC]   Automatic theme updates starting...
[17-Jul-2026 22:15:27 UTC]   Automatic theme updates complete.
[17-Jul-2026 22:15:27 UTC] Automatic updates complete.
[18-Jul-2026 10:15:56 UTC] Automatic updates starting...
[18-Jul-2026 10:15:57 UTC]   Automatic plugin updates starting...
[18-Jul-2026 10:15:57 UTC]   Automatic plugin updates complete.
[18-Jul-2026 10:15:57 UTC]   Automatic theme updates starting...
[18-Jul-2026 10:15:57 UTC]   Automatic theme updates complete.
[18-Jul-2026 10:15:57 UTC] Automatic updates complete.
[18-Jul-2026 22:18:22 UTC] Automatic updates starting...
[18-Jul-2026 22:18:22 UTC]   Automatic plugin updates starting...
[18-Jul-2026 22:18:22 UTC]   Automatic plugin updates complete.
[18-Jul-2026 22:18:22 UTC]   Automatic theme updates starting...
[18-Jul-2026 22:18:22 UTC]   Automatic theme updates complete.
[18-Jul-2026 22:18:22 UTC] Automatic updates complete.
[19-Jul-2026 10:14:55 UTC] Automatic updates starting...
[19-Jul-2026 10:14:56 UTC]   Automatic plugin updates starting...
[19-Jul-2026 10:14:56 UTC]   Automatic plugin updates complete.
[19-Jul-2026 10:14:56 UTC]   Automatic theme updates starting...
[19-Jul-2026 10:14:56 UTC]   Automatic theme updates complete.
[19-Jul-2026 10:14:56 UTC] Automatic updates complete.
[19-Jul-2026 22:15:28 UTC] Automatic updates starting...
[19-Jul-2026 22:15:29 UTC]   Automatic plugin updates starting...
[19-Jul-2026 22:15:29 UTC]   Automatic plugin updates complete.
[19-Jul-2026 22:15:29 UTC]   Automatic theme updates starting...
[19-Jul-2026 22:15:29 UTC]   Automatic theme updates complete.
[19-Jul-2026 22:15:29 UTC] Automatic updates complete.
[20-Jul-2026 10:16:02 UTC] Automatic updates starting...
[20-Jul-2026 10:16:02 UTC]   Automatic plugin updates starting...
[20-Jul-2026 10:16:02 UTC]   Automatic plugin updates complete.
[20-Jul-2026 10:16:02 UTC]   Automatic theme updates starting...
[20-Jul-2026 10:16:02 UTC]   Automatic theme updates complete.
[20-Jul-2026 10:16:02 UTC] Automatic updates complete.
[20-Jul-2026 17:37:30 UTC] PHP Warning:  Invalid argument supplied for foreach() in /home/servpcxr/8kiptv.co/tv/wp-content/plugins/userfeedback-lite/includes/admin/class-userfeedback-notifications.php on line 236
[20-Jul-2026 22:15:06 UTC] Automatic updates starting...
[20-Jul-2026 22:15:06 UTC]   Automatic plugin updates starting...
[20-Jul-2026 22:15:06 UTC]   Automatic plugin updates complete.
[20-Jul-2026 22:15:06 UTC]   Automatic theme updates starting...
[20-Jul-2026 22:15:06 UTC]   Automatic theme updates complete.
[20-Jul-2026 22:15:06 UTC] Automatic updates complete.
[21-Jul-2026 10:16:41 UTC] Automatic updates starting...
[21-Jul-2026 10:16:41 UTC]   Automatic plugin updates starting...
[21-Jul-2026 10:16:41 UTC]   Automatic plugin updates complete.
[21-Jul-2026 10:16:41 UTC]   Automatic theme updates starting...
[21-Jul-2026 10:16:41 UTC]   Automatic theme updates complete.
[21-Jul-2026 10:16:41 UTC] Automatic updates complete.
[21-Jul-2026 21:55:36 UTC] PHP Warning:  Invalid argument supplied for foreach() in /home/servpcxr/8kiptv.co/tv/wp-content/plugins/userfeedback-lite/includes/admin/class-userfeedback-notifications.php on line 236
[21-Jul-2026 22:15:03 UTC] Automatic updates starting...
[21-Jul-2026 22:15:03 UTC]   Automatic plugin updates starting...
[21-Jul-2026 22:15:03 UTC]     Upgrading plugin 'google-analytics-for-wordpress'...
[21-Jul-2026 22:15:09 UTC]     Plugin 'google-analytics-for-wordpress' has been upgraded.
[21-Jul-2026 22:15:11 UTC]     Scraping home page...
[21-Jul-2026 22:15:13 UTC] '###### wp_scraping_result_start:987f1c1ed0028431e7408cb307c6224c ######
true
###### wp_scraping_result_end:987f1c1ed0028431e7408cb307c6224c ######
'
[21-Jul-2026 22:15:13 UTC]     The update for 'google-analytics-for-wordpress' has no fatal errors.
[21-Jul-2026 22:15:13 UTC]   Automatic plugin updates complete.
[21-Jul-2026 22:15:13 UTC]   Automatic theme updates starting...
[21-Jul-2026 22:15:13 UTC]   Automatic theme updates complete.
[21-Jul-2026 22:15:13 UTC] Automatic updates complete.
[22-Jul-2026 07:10:16 UTC] Cron reschedule event error for hook: action_scheduler_run_queue, Error code: could_not_set, Error message: The cron event list could not be saved., Data: {"schedule":"every_minute","args":["WP Cron"],"interval":60}
[22-Jul-2026 10:15:00 UTC] Automatic updates starting...
[22-Jul-2026 10:15:00 UTC]   Automatic plugin updates starting...
[22-Jul-2026 10:15:00 UTC]   Automatic plugin updates complete.
[22-Jul-2026 10:15:00 UTC]   Automatic theme updates starting...
[22-Jul-2026 10:15:00 UTC]   Automatic theme updates complete.
[22-Jul-2026 10:15:00 UTC] Automatic updates complete.
[22-Jul-2026 18:09:31 UTC] Cron reschedule event error for hook: action_scheduler_run_queue, Error code: could_not_set, Error message: The cron event list could not be saved., Data: {"schedule":"every_minute","args":["WP Cron"],"interval":60}
[22-Jul-2026 22:15:11 UTC] Automatic updates starting...
[22-Jul-2026 22:15:11 UTC]   Automatic plugin updates starting...
[22-Jul-2026 22:15:11 UTC]     Upgrading plugin 'google-analytics-for-wordpress'...
[22-Jul-2026 22:15:14 UTC]     Plugin 'google-analytics-for-wordpress' has been upgraded.
[22-Jul-2026 22:15:16 UTC]     Scraping home page...
[22-Jul-2026 22:15:17 UTC] '###### wp_scraping_result_start:a687cb679c79250c3936332180277dde ######
true
###### wp_scraping_result_end:a687cb679c79250c3936332180277dde ######
'
[22-Jul-2026 22:15:17 UTC]     The update for 'google-analytics-for-wordpress' has no fatal errors.
[22-Jul-2026 22:15:17 UTC]   Automatic plugin updates complete.
[22-Jul-2026 22:15:17 UTC]   Automatic theme updates starting...
[22-Jul-2026 22:15:17 UTC]   Automatic theme updates complete.
[22-Jul-2026 22:15:17 UTC] Automatic updates complete.
[23-Jul-2026 10:20:53 UTC] Automatic updates starting...
[23-Jul-2026 10:20:53 UTC]   Automatic plugin updates starting...
[23-Jul-2026 10:20:53 UTC]   Automatic plugin updates complete.
[23-Jul-2026 10:20:53 UTC]   Automatic theme updates starting...
[23-Jul-2026 10:20:53 UTC]   Automatic theme updates complete.
[23-Jul-2026 10:20:53 UTC] Automatic updates complete.
[23-Jul-2026 22:19:57 UTC] Automatic updates starting...
[23-Jul-2026 22:19:57 UTC]   Automatic plugin updates starting...
[23-Jul-2026 22:19:57 UTC]   Automatic plugin updates complete.
[23-Jul-2026 22:19:57 UTC]   Automatic theme updates starting...
[23-Jul-2026 22:19:57 UTC]   Automatic theme updates complete.
[23-Jul-2026 22:19:57 UTC] Automatic updates complete.
[24-Jul-2026 10:19:55 UTC] Automatic updates starting...
[24-Jul-2026 10:19:55 UTC]   Automatic plugin updates starting...
[24-Jul-2026 10:19:55 UTC]   Automatic plugin updates complete.
[24-Jul-2026 10:19:55 UTC]   Automatic theme updates starting...
[24-Jul-2026 10:19:55 UTC]   Automatic theme updates complete.
[24-Jul-2026 10:19:55 UTC] Automatic updates complete.
[24-Jul-2026 22:16:58 UTC] Automatic updates starting...
[24-Jul-2026 22:16:58 UTC]   Automatic plugin updates starting...
[24-Jul-2026 22:16:58 UTC]   Automatic plugin updates complete.
[24-Jul-2026 22:16:58 UTC]   Automatic theme updates starting...
[24-Jul-2026 22:16:58 UTC]   Automatic theme updates complete.
[24-Jul-2026 22:16:58 UTC] Automatic updates complete.
[24-Jul-2026 22:38:47 UTC] Cron reschedule event error for hook: action_scheduler_run_queue, Error code: could_not_set, Error message: The cron event list could not be saved., Data: {"schedule":"every_minute","args":["WP Cron"],"interval":60}
[25-Jul-2026 10:15:59 UTC] Automatic updates starting...
[25-Jul-2026 10:15:59 UTC]   Automatic plugin updates starting...
[25-Jul-2026 10:15:59 UTC]   Automatic plugin updates complete.
[25-Jul-2026 10:15:59 UTC]   Automatic theme updates starting...
[25-Jul-2026 10:15:59 UTC]   Automatic theme updates complete.
[25-Jul-2026 10:15:59 UTC] Automatic updates complete.
[25-Jul-2026 22:15:24 UTC] Automatic updates starting...
[25-Jul-2026 22:15:25 UTC]   Automatic plugin updates starting...
[25-Jul-2026 22:15:25 UTC]   Automatic plugin updates complete.
[25-Jul-2026 22:15:25 UTC]   Automatic theme updates starting...
[25-Jul-2026 22:15:25 UTC]   Automatic theme updates complete.
[25-Jul-2026 22:15:25 UTC] Automatic updates complete.
[26-Jul-2026 10:15:07 UTC] Automatic updates starting...
[26-Jul-2026 10:15:07 UTC]   Automatic plugin updates starting...
[26-Jul-2026 10:15:07 UTC]   Automatic plugin updates complete.
[26-Jul-2026 10:15:07 UTC]   Automatic theme updates starting...
[26-Jul-2026 10:15:07 UTC]   Automatic theme updates complete.
[26-Jul-2026 10:15:07 UTC] Automatic updates complete.
[26-Jul-2026 22:16:29 UTC] Automatic updates starting...
[26-Jul-2026 22:16:29 UTC]   Automatic plugin updates starting...
[26-Jul-2026 22:16:29 UTC]   Automatic plugin updates complete.
[26-Jul-2026 22:16:29 UTC]   Automatic theme updates starting...
[26-Jul-2026 22:16:29 UTC]   Automatic theme updates complete.
[26-Jul-2026 22:16:29 UTC] Automatic updates complete.
[27-Jul-2026 10:15:11 UTC] Automatic updates starting...
[27-Jul-2026 10:15:12 UTC]   Automatic plugin updates starting...
[27-Jul-2026 10:15:12 UTC]   Automatic plugin updates complete.
[27-Jul-2026 10:15:12 UTC]   Automatic theme updates starting...
[27-Jul-2026 10:15:12 UTC]   Automatic theme updates complete.
[27-Jul-2026 10:15:12 UTC] Automatic updates complete.
[27-Jul-2026 11:08:44 UTC] PHP Warning:  Invalid argument supplied for foreach() in /home/servpcxr/8kiptv.co/tvs/wp-content/plugins/userfeedback-lite/includes/admin/class-userfeedback-notifications.php on line 236
[27-Jul-2026 11:09:41 UTC] PHP Notice:  Function _load_textdomain_just_in_time was called <strong>incorrectly</strong>. Translation loading for the <code>duplicator</code> domain was triggered too early. This is usually an indicator for some code in the plugin or theme running too early. Translations should be loaded at the <code>init</code> action or later. Please see <a href="https://developer.wordpress.org/advanced-administration/debug/debug-wordpress/">Debugging in WordPress</a> for more information. (This message was added in version 6.7.0.) in /home/servpcxr/8kiptv.co/tvs/wp-includes/functions.php on line 6170
[27-Jul-2026 11:09:41 UTC] PHP Notice:  Function _load_textdomain_just_in_time was called <strong>incorrectly</strong>. Translation loading for the <code>wpvivid-backuprestore</code> domain was triggered too early. This is usually an indicator for some code in the plugin or theme running too early. Translations should be loaded at the <code>init</code> action or later. Please see <a href="https://developer.wordpress.org/advanced-administration/debug/debug-wordpress/">Debugging in WordPress</a> for more information. (This message was added in version 6.7.0.) in /home/servpcxr/8kiptv.co/tvs/wp-includes/functions.php on line 6170
[27-Jul-2026 11:17:30 UTC] PHP Notice:  Function map_meta_cap was called <strong>incorrectly</strong>. The post type <code>shop_order</code> is not registered, so it may not be reliable to check the capability <code>edit_post</code> against a post of that type. Please see <a href="https://developer.wordpress.org/advanced-administration/debug/debug-wordpress/">Debugging in WordPress</a> for more information. (This message was added in version 4.4.0.) in /home/servpcxr/8kiptv.co/tvs/wp-includes/functions.php on line 6170
[27-Jul-2026 11:17:30 UTC] PHP Notice:  Function map_meta_cap was called <strong>incorrectly</strong>. The post type <code>shop_order</code> is not registered, so it may not be reliable to check the capability <code>edit_post</code> against a post of that type. Please see <a href="https://developer.wordpress.org/advanced-administration/debug/debug-wordpress/">Debugging in WordPress</a> for more information. (This message was added in version 4.4.0.) in /home/servpcxr/8kiptv.co/tvs/wp-includes/functions.php on line 6170
[27-Jul-2026 11:17:30 UTC] PHP Notice:  Function map_meta_cap was called <strong>incorrectly</strong>. The post type <code>shop_order</code> is not registered, so it may not be reliable to check the capability <code>edit_post</code> against a post of that type. Please see <a href="https://developer.wordpress.org/advanced-administration/debug/debug-wordpress/">Debugging in WordPress</a> for more information. (This message was added in version 4.4.0.) in /home/servpcxr/8kiptv.co/tvs/wp-includes/functions.php on line 6170
[27-Jul-2026 11:17:30 UTC] PHP Notice:  Function map_meta_cap was called <strong>incorrectly</strong>. The post type <code>shop_order</code> is not registered, so it may not be reliable to check the capability <code>edit_post</code> against a post of that type. Please see <a href="https://developer.wordpress.org/advanced-administration/debug/debug-wordpress/">Debugging in WordPress</a> for more information. (This message was added in version 4.4.0.) in /home/servpcxr/8kiptv.co/tvs/wp-includes/functions.php on line 6170
[27-Jul-2026 11:17:30 UTC] PHP Notice:  Function map_meta_cap was called <strong>incorrectly</strong>. The post type <code>shop_order</code> is not registered, so it may not be reliable to check the capability <code>edit_post</code> against a post of that type. Please see <a href="https://developer.wordpress.org/advanced-administration/debug/debug-wordpress/">Debugging in WordPress</a> for more information. (This message was added in version 4.4.0.) in /home/servpcxr/8kiptv.co/tvs/wp-includes/functions.php on line 6170
[27-Jul-2026 11:17:30 UTC] PHP Notice:  Function map_meta_cap was called <strong>incorrectly</strong>. The post type <code>shop_order</code> is not registered, so it may not be reliable to check the capability <code>edit_post</code> against a post of that type. Please see <a href="https://developer.wordpress.org/advanced-administration/debug/debug-wordpress/">Debugging in WordPress</a> for more information. (This message was added in version 4.4.0.) in /home/servpcxr/8kiptv.co/tvs/wp-includes/functions.php on line 6170
[27-Jul-2026 11:17:34 UTC] PHP Notice:  Function map_meta_cap was called <strong>incorrectly</strong>. The post type <code>shop_order</code> is not registered, so it may not be reliable to check the capability <code>edit_post</code> against a post of that type. Please see <a href="https://developer.wordpress.org/advanced-administration/debug/debug-wordpress/">Debugging in WordPress</a> for more information. (This message was added in version 4.4.0.) in /home/servpcxr/8kiptv.co/tvs/wp-includes/functions.php on line 6170
[27-Jul-2026 11:17:34 UTC] PHP Notice:  Function map_meta_cap was called <strong>incorrectly</strong>. The post type <code>shop_order</code> is not registered, so it may not be reliable to check the capability <code>edit_post</code> against a post of that type. Please see <a href="https://developer.wordpress.org/advanced-administration/debug/debug-wordpress/">Debugging in WordPress</a> for more information. (This message was added in version 4.4.0.) in /home/servpcxr/8kiptv.co/tvs/wp-includes/functions.php on line 6170
[27-Jul-2026 11:17:34 UTC] PHP Notice:  Function map_meta_cap was called <strong>incorrectly</strong>. The post type <code>shop_order</code> is not registered, so it may not be reliable to check the capability <code>edit_post</code> against a post of that type. Please see <a href="https://developer.wordpress.org/advanced-administration/debug/debug-wordpress/">Debugging in WordPress</a> for more information. (This message was added in version 4.4.0.) in /home/servpcxr/8kiptv.co/tvs/wp-includes/functions.php on line 6170
[27-Jul-2026 11:17:34 UTC] PHP Notice:  Function map_meta_cap was called <strong>incorrectly</strong>. The post type <code>shop_order</code> is not registered, so it may not be reliable to check the capability <code>edit_post</code> against a post of that type. Please see <a href="https://developer.wordpress.org/advanced-administration/debug/debug-wordpress/">Debugging in WordPress</a> for more information. (This message was added in version 4.4.0.) in /home/servpcxr/8kiptv.co/tvs/wp-includes/functions.php on line 6170
[27-Jul-2026 11:17:34 UTC] PHP Notice:  Function map_meta_cap was called <strong>incorrectly</strong>. The post type <code>shop_order</code> is not registered, so it may not be reliable to check the capability <code>edit_post</code> against a post of that type. Please see <a href="https://developer.wordpress.org/advanced-administration/debug/debug-wordpress/">Debugging in WordPress</a> for more information. (This message was added in version 4.4.0.) in /home/servpcxr/8kiptv.co/tvs/wp-includes/functions.php on line 6170
[27-Jul-2026 11:17:34 UTC] PHP Notice:  Function map_meta_cap was called <strong>incorrectly</strong>. The post type <code>shop_order</code> is not registered, so it may not be reliable to check the capability <code>edit_post</code> against a post of that type. Please see <a href="https://developer.wordpress.org/advanced-administration/debug/debug-wordpress/">Debugging in WordPress</a> for more information. (This message was added in version 4.4.0.) in /home/servpcxr/8kiptv.co/tvs/wp-includes/functions.php on line 6170
[27-Jul-2026 11:18:54 UTC] Cron unschedule event error for hook: extendify_update_domains_cache, Error code: could_not_set, Error message: The cron event list could not be saved., Data: {"schedule":false,"args":[]}
[27-Jul-2026 22:23:06 UTC] Automatic updates starting...
[27-Jul-2026 22:23:07 UTC]   Automatic plugin updates starting...
[27-Jul-2026 22:23:07 UTC]   Automatic plugin updates complete.
[27-Jul-2026 22:23:07 UTC]   Automatic theme updates starting...
[27-Jul-2026 22:23:07 UTC]   Automatic theme updates complete.
[27-Jul-2026 22:23:07 UTC] Automatic updates complete.
[27-Jul-2026 23:23:17 UTC] Automatic updates starting...
[27-Jul-2026 23:23:17 UTC]   Automatic plugin updates starting...
[27-Jul-2026 23:23:17 UTC]   Automatic plugin updates complete.
[27-Jul-2026 23:23:17 UTC]   Automatic theme updates starting...
[27-Jul-2026 23:23:17 UTC]   Automatic theme updates complete.
[27-Jul-2026 23:23:17 UTC] Automatic updates complete.
[28-Jul-2026 00:26:22 UTC] Automatic updates starting...
[28-Jul-2026 00:26:22 UTC]   Automatic plugin updates starting...
[28-Jul-2026 00:26:22 UTC]   Automatic plugin updates complete.
[28-Jul-2026 00:26:22 UTC]   Automatic theme updates starting...
[28-Jul-2026 00:26:22 UTC]   Automatic theme updates complete.
[28-Jul-2026 00:26:22 UTC] Automatic updates complete.
[28-Jul-2026 01:26:49 UTC] Automatic updates starting...
[28-Jul-2026 01:26:49 UTC]   Automatic plugin updates starting...
[28-Jul-2026 01:26:49 UTC]   Automatic plugin updates complete.
[28-Jul-2026 01:26:49 UTC]   Automatic theme updates starting...
[28-Jul-2026 01:26:49 UTC]   Automatic theme updates complete.
[28-Jul-2026 01:26:49 UTC] Automatic updates complete.
[28-Jul-2026 02:26:51 UTC] Automatic updates starting...
[28-Jul-2026 02:26:51 UTC]   Automatic plugin updates starting...
[28-Jul-2026 02:26:51 UTC]   Automatic plugin updates complete.
[28-Jul-2026 02:26:51 UTC]   Automatic theme updates starting...
[28-Jul-2026 02:26:51 UTC]   Automatic theme updates complete.
[28-Jul-2026 02:26:51 UTC] Automatic updates complete.
[28-Jul-2026 03:28:53 UTC] Automatic updates starting...
[28-Jul-2026 03:28:53 UTC]   Automatic plugin updates starting...
[28-Jul-2026 03:28:53 UTC]   Automatic plugin updates complete.
[28-Jul-2026 03:28:53 UTC]   Automatic theme updates starting...
[28-Jul-2026 03:28:53 UTC]   Automatic theme updates complete.
[28-Jul-2026 03:28:53 UTC] Automatic updates complete.
[28-Jul-2026 04:31:49 UTC] Automatic updates starting...
[28-Jul-2026 04:31:49 UTC]   Automatic plugin updates starting...
[28-Jul-2026 04:31:49 UTC]   Automatic plugin updates complete.
[28-Jul-2026 04:31:49 UTC]   Automatic theme updates starting...
[28-Jul-2026 04:31:49 UTC]   Automatic theme updates complete.
[28-Jul-2026 04:31:49 UTC] Automatic updates complete.
[28-Jul-2026 05:33:53 UTC] Automatic updates starting...
[28-Jul-2026 05:33:53 UTC]   Automatic plugin updates starting...
[28-Jul-2026 05:33:53 UTC]   Automatic plugin updates complete.
[28-Jul-2026 05:33:53 UTC]   Automatic theme updates starting...
[28-Jul-2026 05:33:53 UTC]   Automatic theme updates complete.
[28-Jul-2026 05:33:53 UTC] Automatic updates complete.
[28-Jul-2026 06:49:28 UTC] Automatic updates starting...
[28-Jul-2026 06:49:29 UTC]   Automatic plugin updates starting...
[28-Jul-2026 06:49:29 UTC]   Automatic plugin updates complete.
[28-Jul-2026 06:49:29 UTC]   Automatic theme updates starting...
[28-Jul-2026 06:49:29 UTC]   Automatic theme updates complete.
[28-Jul-2026 06:49:29 UTC] Automatic updates complete.
[28-Jul-2026 07:56:18 UTC] Automatic updates starting...
[28-Jul-2026 07:56:18 UTC]   Automatic plugin updates starting...
[28-Jul-2026 07:56:18 UTC]   Automatic plugin updates complete.
[28-Jul-2026 07:56:18 UTC]   Automatic theme updates starting...
[28-Jul-2026 07:56:18 UTC]   Automatic theme updates complete.
[28-Jul-2026 07:56:18 UTC] Automatic updates complete.
[28-Jul-2026 08:57:26 UTC] Automatic updates starting...
[28-Jul-2026 08:57:27 UTC]   Automatic plugin updates starting...
[28-Jul-2026 08:57:27 UTC]   Automatic plugin updates complete.
[28-Jul-2026 08:57:27 UTC]   Automatic theme updates starting...
[28-Jul-2026 08:57:27 UTC]   Automatic theme updates complete.
[28-Jul-2026 08:57:27 UTC] Automatic updates complete.
[28-Jul-2026 09:59:34 UTC] Automatic updates starting...
[28-Jul-2026 09:59:34 UTC]   Automatic plugin updates starting...
[28-Jul-2026 09:59:34 UTC]   Automatic plugin updates complete.
[28-Jul-2026 09:59:34 UTC]   Automatic theme updates starting...
[28-Jul-2026 09:59:34 UTC]   Automatic theme updates complete.
[28-Jul-2026 09:59:34 UTC] Automatic updates complete.
[28-Jul-2026 10:15:11 UTC] Automatic updates starting...
[28-Jul-2026 10:15:12 UTC]   Automatic plugin updates starting...
[28-Jul-2026 10:15:12 UTC]   Automatic plugin updates complete.
[28-Jul-2026 10:15:12 UTC]   Automatic theme updates starting...
[28-Jul-2026 10:15:12 UTC]   Automatic theme updates complete.
[28-Jul-2026 10:15:12 UTC] Automatic updates complete.
[28-Jul-2026 11:17:11 UTC] Automatic updates starting...
[28-Jul-2026 11:17:12 UTC]   Automatic plugin updates starting...
[28-Jul-2026 11:17:12 UTC]   Automatic plugin updates complete.
[28-Jul-2026 11:17:12 UTC]   Automatic theme updates starting...
[28-Jul-2026 11:17:12 UTC]   Automatic theme updates complete.
[28-Jul-2026 11:17:12 UTC] Automatic updates complete.
[28-Jul-2026 12:03:52 UTC] PHP Warning:  Invalid argument supplied for foreach() in /home/servpcxr/8kiptv.co/tvs/wp-content/plugins/userfeedback-lite/includes/admin/class-userfeedback-notifications.php on line 236
[28-Jul-2026 12:17:31 UTC] Automatic updates starting...
[28-Jul-2026 12:17:31 UTC]   Automatic plugin updates starting...
[28-Jul-2026 12:17:31 UTC]   Automatic plugin updates complete.
[28-Jul-2026 12:17:31 UTC]   Automatic theme updates starting...
[28-Jul-2026 12:17:31 UTC]   Automatic theme updates complete.
[28-Jul-2026 12:17:31 UTC] Automatic updates complete.
[28-Jul-2026 13:17:47 UTC] Automatic updates starting...
[28-Jul-2026 13:17:47 UTC]   Automatic plugin updates starting...
[28-Jul-2026 13:17:47 UTC]   Automatic plugin updates complete.
[28-Jul-2026 13:17:47 UTC]   Automatic theme updates starting...
[28-Jul-2026 13:17:47 UTC]   Automatic theme updates complete.
[28-Jul-2026 13:17:47 UTC] Automatic updates complete.
[28-Jul-2026 14:18:03 UTC] Automatic updates starting...
[28-Jul-2026 14:18:03 UTC]   Automatic plugin updates starting...
[28-Jul-2026 14:18:03 UTC]   Automatic plugin updates complete.
[28-Jul-2026 14:18:03 UTC]   Automatic theme updates starting...
[28-Jul-2026 14:18:03 UTC]   Automatic theme updates complete.
[28-Jul-2026 14:18:03 UTC] Automatic updates complete.
[28-Jul-2026 15:18:55 UTC] Automatic updates starting...
[28-Jul-2026 15:18:55 UTC]   Automatic plugin updates starting...
[28-Jul-2026 15:18:55 UTC]   Automatic plugin updates complete.
[28-Jul-2026 15:18:55 UTC]   Automatic theme updates starting...
[28-Jul-2026 15:18:55 UTC]   Automatic theme updates complete.
[28-Jul-2026 15:18:55 UTC] Automatic updates complete.
[28-Jul-2026 16:25:29 UTC] Automatic updates starting...
[28-Jul-2026 16:25:29 UTC]   Automatic plugin updates starting...
[28-Jul-2026 16:25:29 UTC]   Automatic plugin updates complete.
[28-Jul-2026 16:25:29 UTC]   Automatic theme updates starting...
[28-Jul-2026 16:25:29 UTC]   Automatic theme updates complete.
[28-Jul-2026 16:25:29 UTC] Automatic updates complete.
[28-Jul-2026 17:26:22 UTC] Automatic updates starting...
[28-Jul-2026 17:26:22 UTC]   Automatic plugin updates starting...
[28-Jul-2026 17:26:22 UTC]   Automatic plugin updates complete.
[28-Jul-2026 17:26:22 UTC]   Automatic theme updates starting...
[28-Jul-2026 17:26:22 UTC]   Automatic theme updates complete.
[28-Jul-2026 17:26:22 UTC] Automatic updates complete.
[28-Jul-2026 18:26:25 UTC] Automatic updates starting...
[28-Jul-2026 18:26:26 UTC]   Automatic plugin updates starting...
[28-Jul-2026 18:26:26 UTC]   Automatic plugin updates complete.
[28-Jul-2026 18:26:26 UTC]   Automatic theme updates starting...
[28-Jul-2026 18:26:26 UTC]   Automatic theme updates complete.
[28-Jul-2026 18:26:26 UTC] Automatic updates complete.
[28-Jul-2026 19:27:23 UTC] Automatic updates starting...
[28-Jul-2026 19:27:23 UTC]   Automatic plugin updates starting...
[28-Jul-2026 19:27:23 UTC]   Automatic plugin updates complete.
[28-Jul-2026 19:27:23 UTC]   Automatic theme updates starting...
[28-Jul-2026 19:27:23 UTC]   Automatic theme updates complete.
[28-Jul-2026 19:27:23 UTC] Automatic updates complete.
[28-Jul-2026 20:28:15 UTC] Automatic updates starting...
[28-Jul-2026 20:28:15 UTC]   Automatic plugin updates starting...
[28-Jul-2026 20:28:15 UTC]   Automatic plugin updates complete.
[28-Jul-2026 20:28:15 UTC]   Automatic theme updates starting...
[28-Jul-2026 20:28:15 UTC]   Automatic theme updates complete.
[28-Jul-2026 20:28:15 UTC] Automatic updates complete.
[28-Jul-2026 21:28:54 UTC] Automatic updates starting...
[28-Jul-2026 21:28:54 UTC]   Automatic plugin updates starting...
[28-Jul-2026 21:28:54 UTC]   Automatic plugin updates complete.
[28-Jul-2026 21:28:54 UTC]   Automatic theme updates starting...
[28-Jul-2026 21:28:54 UTC]   Automatic theme updates complete.
[28-Jul-2026 21:28:54 UTC] Automatic updates complete.
[28-Jul-2026 22:15:56 UTC] Automatic updates starting...
[28-Jul-2026 22:15:57 UTC]   Automatic plugin updates starting...
[28-Jul-2026 22:15:57 UTC]   Automatic plugin updates complete.
[28-Jul-2026 22:15:57 UTC]   Automatic theme updates starting...
[28-Jul-2026 22:15:57 UTC]   Automatic theme updates complete.
[28-Jul-2026 22:15:57 UTC] Automatic updates complete.
[28-Jul-2026 23:16:19 UTC] Automatic updates starting...
[28-Jul-2026 23:16:19 UTC]   Automatic plugin updates starting...
[28-Jul-2026 23:16:19 UTC]   Automatic plugin updates complete.
[28-Jul-2026 23:16:19 UTC]   Automatic theme updates starting...
[28-Jul-2026 23:16:19 UTC]   Automatic theme updates complete.
[28-Jul-2026 23:16:19 UTC] Automatic updates complete.
[29-Jul-2026 00:17:08 UTC] Automatic updates starting...
[29-Jul-2026 00:17:08 UTC]   Automatic plugin updates starting...
[29-Jul-2026 00:17:08 UTC]   Automatic plugin updates complete.
[29-Jul-2026 00:17:08 UTC]   Automatic theme updates starting...
[29-Jul-2026 00:17:08 UTC]   Automatic theme updates complete.
[29-Jul-2026 00:17:08 UTC] Automatic updates complete.
[29-Jul-2026 01:18:01 UTC] Automatic updates starting...
[29-Jul-2026 01:18:01 UTC]   Automatic plugin updates starting...
[29-Jul-2026 01:18:01 UTC]   Automatic plugin updates complete.
[29-Jul-2026 01:18:01 UTC]   Automatic theme updates starting...
[29-Jul-2026 01:18:01 UTC]   Automatic theme updates complete.
[29-Jul-2026 01:18:01 UTC] Automatic updates complete.
[29-Jul-2026 02:18:15 UTC] Automatic updates starting...
[29-Jul-2026 02:18:15 UTC]   Automatic plugin updates starting...
[29-Jul-2026 02:18:15 UTC]   Automatic plugin updates complete.
[29-Jul-2026 02:18:15 UTC]   Automatic theme updates starting...
[29-Jul-2026 02:18:15 UTC]   Automatic theme updates complete.
[29-Jul-2026 02:18:15 UTC] Automatic updates complete.
[29-Jul-2026 03:19:56 UTC] Automatic updates starting...
[29-Jul-2026 03:19:57 UTC]   Automatic plugin updates starting...
[29-Jul-2026 03:19:57 UTC]   Automatic plugin updates complete.
[29-Jul-2026 03:19:57 UTC]   Automatic theme updates starting...
[29-Jul-2026 03:19:57 UTC]   Automatic theme updates complete.
[29-Jul-2026 03:19:57 UTC] Automatic updates complete.
[29-Jul-2026 04:32:25 UTC] Automatic updates starting...
[29-Jul-2026 04:32:25 UTC]   Automatic plugin updates starting...
[29-Jul-2026 04:32:25 UTC]   Automatic plugin updates complete.
[29-Jul-2026 04:32:25 UTC]   Automatic theme updates starting...
[29-Jul-2026 04:32:25 UTC]   Automatic theme updates complete.
[29-Jul-2026 04:32:25 UTC] Automatic updates complete.
[29-Jul-2026 05:32:36 UTC] Automatic updates starting...
[29-Jul-2026 05:32:36 UTC]   Automatic plugin updates starting...
[29-Jul-2026 05:32:36 UTC]   Automatic plugin updates complete.
[29-Jul-2026 05:32:36 UTC]   Automatic theme updates starting...
[29-Jul-2026 05:32:36 UTC]   Automatic theme updates complete.
[29-Jul-2026 05:32:36 UTC] Automatic updates complete.
[29-Jul-2026 06:34:37 UTC] Automatic updates starting...
[29-Jul-2026 06:34:38 UTC]   Automatic plugin updates starting...
[29-Jul-2026 06:34:38 UTC]   Automatic plugin updates complete.
[29-Jul-2026 06:34:38 UTC]   Automatic theme updates starting...
[29-Jul-2026 06:34:38 UTC]   Automatic theme updates complete.
[29-Jul-2026 06:34:38 UTC] Automatic updates complete.
[29-Jul-2026 07:39:05 UTC] Automatic updates starting...
[29-Jul-2026 07:39:05 UTC]   Automatic plugin updates starting...
[29-Jul-2026 07:39:05 UTC]   Automatic plugin updates complete.
[29-Jul-2026 07:39:05 UTC]   Automatic theme updates starting...
[29-Jul-2026 07:39:05 UTC]   Automatic theme updates complete.
[29-Jul-2026 07:39:05 UTC] Automatic updates complete.
[29-Jul-2026 08:41:16 UTC] Automatic updates starting...
[29-Jul-2026 08:41:16 UTC]   Automatic plugin updates starting...
[29-Jul-2026 08:41:16 UTC]   Automatic plugin updates complete.
[29-Jul-2026 08:41:16 UTC]   Automatic theme updates starting...
[29-Jul-2026 08:41:16 UTC]   Automatic theme updates complete.
[29-Jul-2026 08:41:16 UTC] Automatic updates complete.
[29-Jul-2026 09:43:27 UTC] Automatic updates starting...
[29-Jul-2026 09:43:27 UTC]   Automatic plugin updates starting...
[29-Jul-2026 09:43:27 UTC]   Automatic plugin updates complete.
[29-Jul-2026 09:43:27 UTC]   Automatic theme updates starting...
[29-Jul-2026 09:43:27 UTC]   Automatic theme updates complete.
[29-Jul-2026 09:43:27 UTC] Automatic updates complete.
[29-Jul-2026 10:15:28 UTC] Automatic updates starting...
[29-Jul-2026 10:15:29 UTC]   Automatic plugin updates starting...
[29-Jul-2026 10:15:29 UTC]   Automatic plugin updates complete.
[29-Jul-2026 10:15:29 UTC]   Automatic theme updates starting...
[29-Jul-2026 10:15:29 UTC]   Automatic theme updates complete.
[29-Jul-2026 10:15:29 UTC] Automatic updates complete.
[29-Jul-2026 11:15:48 UTC] Automatic updates starting...
[29-Jul-2026 11:15:48 UTC]   Automatic plugin updates starting...
[29-Jul-2026 11:15:48 UTC]   Automatic plugin updates complete.
[29-Jul-2026 11:15:48 UTC]   Automatic theme updates starting...
[29-Jul-2026 11:15:48 UTC]   Automatic theme updates complete.
[29-Jul-2026 11:15:48 UTC] Automatic updates complete.
[29-Jul-2026 12:22:11 UTC] Automatic updates starting...
[29-Jul-2026 12:22:11 UTC]   Automatic plugin updates starting...
[29-Jul-2026 12:22:11 UTC]   Automatic plugin updates complete.
[29-Jul-2026 12:22:11 UTC]   Automatic theme updates starting...
[29-Jul-2026 12:22:11 UTC]   Automatic theme updates complete.
[29-Jul-2026 12:22:11 UTC] Automatic updates complete.
[29-Jul-2026 13:25:06 UTC] Automatic updates starting...
[29-Jul-2026 13:25:07 UTC]   Automatic plugin updates starting...
[29-Jul-2026 13:25:07 UTC]   Automatic plugin updates complete.
[29-Jul-2026 13:25:07 UTC]   Automatic theme updates starting...
[29-Jul-2026 13:25:07 UTC]   Automatic theme updates complete.
[29-Jul-2026 13:25:07 UTC] Automatic updates complete.
[29-Jul-2026 14:25:08 UTC] Automatic updates starting...
[29-Jul-2026 14:25:08 UTC]   Automatic plugin updates starting...
[29-Jul-2026 14:25:08 UTC]   Automatic plugin updates complete.
[29-Jul-2026 14:25:08 UTC]   Automatic theme updates starting...
[29-Jul-2026 14:25:08 UTC]   Automatic theme updates complete.
[29-Jul-2026 14:25:08 UTC] Automatic updates complete.
[29-Jul-2026 15:28:49 UTC] Automatic updates starting...
[29-Jul-2026 15:28:49 UTC]   Automatic plugin updates starting...
[29-Jul-2026 15:28:49 UTC]   Automatic plugin updates complete.
[29-Jul-2026 15:28:49 UTC]   Automatic theme updates starting...
[29-Jul-2026 15:28:49 UTC]   Automatic theme updates complete.
[29-Jul-2026 15:28:49 UTC] Automatic updates complete.
[29-Jul-2026 16:29:09 UTC] Automatic updates starting...
[29-Jul-2026 16:29:09 UTC]   Automatic plugin updates starting...
[29-Jul-2026 16:29:09 UTC]   Automatic plugin updates complete.
[29-Jul-2026 16:29:09 UTC]   Automatic theme updates starting...
[29-Jul-2026 16:29:09 UTC]   Automatic theme updates complete.
[29-Jul-2026 16:29:09 UTC] Automatic updates complete.
[29-Jul-2026 17:31:05 UTC] Automatic updates starting...
[29-Jul-2026 17:31:05 UTC]   Automatic plugin updates starting...
[29-Jul-2026 17:31:05 UTC]   Automatic plugin updates complete.
[29-Jul-2026 17:31:05 UTC]   Automatic theme updates starting...
[29-Jul-2026 17:31:05 UTC]   Automatic theme updates complete.
[29-Jul-2026 17:31:05 UTC] Automatic updates complete.
[29-Jul-2026 18:31:46 UTC] Automatic updates starting...
[29-Jul-2026 18:31:46 UTC]   Automatic plugin updates starting...
[29-Jul-2026 18:31:46 UTC]   Automatic plugin updates complete.
[29-Jul-2026 18:31:46 UTC]   Automatic theme updates starting...
[29-Jul-2026 18:31:46 UTC]   Automatic theme updates complete.
[29-Jul-2026 18:31:46 UTC] Automatic updates complete.
[29-Jul-2026 19:35:12 UTC] Automatic updates starting...
[29-Jul-2026 19:35:12 UTC]   Automatic plugin updates starting...
[29-Jul-2026 19:35:12 UTC]   Automatic plugin updates complete.
[29-Jul-2026 19:35:12 UTC]   Automatic theme updates starting...
[29-Jul-2026 19:35:12 UTC]   Automatic theme updates complete.
[29-Jul-2026 19:35:12 UTC] Automatic updates complete.
[29-Jul-2026 20:40:52 UTC] Automatic updates starting...
[29-Jul-2026 20:40:52 UTC]   Automatic plugin updates starting...
[29-Jul-2026 20:40:52 UTC]   Automatic plugin updates complete.
[29-Jul-2026 20:40:52 UTC]   Automatic theme updates starting...
[29-Jul-2026 20:40:52 UTC]   Automatic theme updates complete.
[29-Jul-2026 20:40:52 UTC] Automatic updates complete.
[29-Jul-2026 21:41:48 UTC] Automatic updates starting...
[29-Jul-2026 21:41:48 UTC]   Automatic plugin updates starting...
[29-Jul-2026 21:41:48 UTC]   Automatic plugin updates complete.
[29-Jul-2026 21:41:48 UTC]   Automatic theme updates starting...
[29-Jul-2026 21:41:48 UTC]   Automatic theme updates complete.
[29-Jul-2026 21:41:48 UTC] Automatic updates complete.
[29-Jul-2026 22:17:32 UTC] Automatic updates starting...
[29-Jul-2026 22:17:32 UTC]   Automatic plugin updates starting...
[29-Jul-2026 22:17:32 UTC]   Automatic plugin updates complete.
[29-Jul-2026 22:17:32 UTC]   Automatic theme updates starting...
[29-Jul-2026 22:17:32 UTC]   Automatic theme updates complete.
[29-Jul-2026 22:17:32 UTC] Automatic updates complete.
[29-Jul-2026 23:20:12 UTC] Automatic updates starting...
[29-Jul-2026 23:20:12 UTC]   Automatic plugin updates starting...
[29-Jul-2026 23:20:12 UTC]   Automatic plugin updates complete.
[29-Jul-2026 23:20:12 UTC]   Automatic theme updates starting...
[29-Jul-2026 23:20:12 UTC]   Automatic theme updates complete.
[29-Jul-2026 23:20:12 UTC] Automatic updates complete.
[30-Jul-2026 00:27:14 UTC] Automatic updates starting...
[30-Jul-2026 00:27:14 UTC]   Automatic plugin updates starting...
[30-Jul-2026 00:27:14 UTC]     Upgrading plugin 'google-analytics-for-wordpress'...
[30-Jul-2026 00:27:17 UTC]     Plugin 'google-analytics-for-wordpress' has been upgraded.
[30-Jul-2026 00:27:19 UTC]     Scraping home page...
[30-Jul-2026 00:27:21 UTC] '###### wp_scraping_result_start:eb4a2a0bc4e4d45e7eb7cd4989c3f21e ######
true
###### wp_scraping_result_end:eb4a2a0bc4e4d45e7eb7cd4989c3f21e ######
'
[30-Jul-2026 00:27:21 UTC]     The update for 'google-analytics-for-wordpress' has no fatal errors.
[30-Jul-2026 00:27:21 UTC]   Automatic plugin updates complete.
[30-Jul-2026 00:27:21 UTC]   Automatic theme updates starting...
[30-Jul-2026 00:27:21 UTC]   Automatic theme updates complete.
[30-Jul-2026 00:27:21 UTC] Automatic updates complete.
[30-Jul-2026 01:27:19 UTC] Automatic updates starting...
[30-Jul-2026 01:27:19 UTC]   Automatic plugin updates starting...
[30-Jul-2026 01:27:19 UTC]   Automatic plugin updates complete.
[30-Jul-2026 01:27:19 UTC]   Automatic theme updates starting...
[30-Jul-2026 01:27:19 UTC]   Automatic theme updates complete.
[30-Jul-2026 01:27:19 UTC] Automatic updates complete.
[30-Jul-2026 02:27:36 UTC] Automatic updates starting...
[30-Jul-2026 02:27:37 UTC]   Automatic plugin updates starting...
[30-Jul-2026 02:27:37 UTC]   Automatic plugin updates complete.
[30-Jul-2026 02:27:37 UTC]   Automatic theme updates starting...
[30-Jul-2026 02:27:37 UTC]   Automatic theme updates complete.
[30-Jul-2026 02:27:37 UTC] Automatic updates complete.
[30-Jul-2026 03:28:26 UTC] Automatic updates starting...
[30-Jul-2026 03:28:27 UTC]   Automatic plugin updates starting...
[30-Jul-2026 03:28:27 UTC]   Automatic plugin updates complete.
[30-Jul-2026 03:28:27 UTC]   Automatic theme updates starting...
[30-Jul-2026 03:28:27 UTC]   Automatic theme updates complete.
[30-Jul-2026 03:28:27 UTC] Automatic updates complete.
[30-Jul-2026 04:30:24 UTC] Automatic updates starting...
[30-Jul-2026 04:30:25 UTC]   Automatic plugin updates starting...
[30-Jul-2026 04:30:25 UTC]   Automatic plugin updates complete.
[30-Jul-2026 04:30:25 UTC]   Automatic theme updates starting...
[30-Jul-2026 04:30:25 UTC]   Automatic theme updates complete.
[30-Jul-2026 04:30:25 UTC] Automatic updates complete.
[30-Jul-2026 05:47:13 UTC] Automatic updates starting...
[30-Jul-2026 05:47:13 UTC]   Automatic plugin updates starting...
[30-Jul-2026 05:47:13 UTC]   Automatic plugin updates complete.
[30-Jul-2026 05:47:13 UTC]   Automatic theme updates starting...
[30-Jul-2026 05:47:13 UTC]   Automatic theme updates complete.
[30-Jul-2026 05:47:13 UTC] Automatic updates complete.
[30-Jul-2026 07:02:25 UTC] Automatic updates starting...
[30-Jul-2026 07:02:25 UTC]   Automatic plugin updates starting...
[30-Jul-2026 07:02:25 UTC]   Automatic plugin updates complete.
[30-Jul-2026 07:02:25 UTC]   Automatic theme updates starting...
[30-Jul-2026 07:02:26 UTC]   Automatic theme updates complete.
[30-Jul-2026 07:02:26 UTC] Automatic updates complete.
[30-Jul-2026 08:04:02 UTC] Automatic updates starting...
[30-Jul-2026 08:04:02 UTC]   Automatic plugin updates starting...
[30-Jul-2026 08:04:02 UTC]   Automatic plugin updates complete.
[30-Jul-2026 08:04:02 UTC]   Automatic theme updates starting...
[30-Jul-2026 08:04:02 UTC]   Automatic theme updates complete.
[30-Jul-2026 08:04:02 UTC] Automatic updates complete.
[30-Jul-2026 08:53:12 UTC] Cron reschedule event error for hook: action_scheduler_run_queue, Error code: could_not_set, Error message: The cron event list could not be saved., Data: {"schedule":"every_minute","args":["WP Cron"],"interval":60}
[30-Jul-2026 09:09:22 UTC] Automatic updates starting...
[30-Jul-2026 09:09:23 UTC]   Automatic plugin updates starting...
[30-Jul-2026 09:09:23 UTC]   Automatic plugin updates complete.
[30-Jul-2026 09:09:23 UTC]   Automatic theme updates starting...
[30-Jul-2026 09:09:23 UTC]   Automatic theme updates complete.
[30-Jul-2026 09:09:23 UTC] Automatic updates complete.
[30-Jul-2026 10:15:12 UTC] Automatic updates starting...
[30-Jul-2026 10:15:12 UTC]   Automatic plugin updates starting...
[30-Jul-2026 10:15:12 UTC]   Automatic plugin updates complete.
[30-Jul-2026 10:15:12 UTC]   Automatic theme updates starting...
[30-Jul-2026 10:15:12 UTC]   Automatic theme updates complete.
[30-Jul-2026 10:15:12 UTC] Automatic updates complete.
[30-Jul-2026 11:17:40 UTC] Automatic updates starting...
[30-Jul-2026 11:17:40 UTC]   Automatic plugin updates starting...
[30-Jul-2026 11:17:40 UTC]   Automatic plugin updates complete.
[30-Jul-2026 11:17:40 UTC]   Automatic theme updates starting...
[30-Jul-2026 11:17:40 UTC]   Automatic theme updates complete.
[30-Jul-2026 11:17:40 UTC] Automatic updates complete.
[30-Jul-2026 12:28:32 UTC] Automatic updates starting...
[30-Jul-2026 12:28:32 UTC]   Automatic plugin updates starting...
[30-Jul-2026 12:28:32 UTC]   Automatic plugin updates complete.
[30-Jul-2026 12:28:32 UTC]   Automatic theme updates starting...
[30-Jul-2026 12:28:32 UTC]   Automatic theme updates complete.
[30-Jul-2026 12:28:32 UTC] Automatic updates complete.
[30-Jul-2026 13:33:06 UTC] Automatic updates starting...
[30-Jul-2026 13:33:07 UTC]   Automatic plugin updates starting...
[30-Jul-2026 13:33:07 UTC]   Automatic plugin updates complete.
[30-Jul-2026 13:33:07 UTC]   Automatic theme updates starting...
[30-Jul-2026 13:33:07 UTC]   Automatic theme updates complete.
[30-Jul-2026 13:33:07 UTC] Automatic updates complete.
[30-Jul-2026 14:33:31 UTC] Automatic updates starting...
[30-Jul-2026 14:33:31 UTC]   Automatic plugin updates starting...
[30-Jul-2026 14:33:31 UTC]   Automatic plugin updates complete.
[30-Jul-2026 14:33:31 UTC]   Automatic theme updates starting...
[30-Jul-2026 14:33:31 UTC]   Automatic theme updates complete.
[30-Jul-2026 14:33:31 UTC] Automatic updates complete.
[30-Jul-2026 15:34:45 UTC] Automatic updates starting...
[30-Jul-2026 15:34:45 UTC]   Automatic plugin updates starting...
[30-Jul-2026 15:34:45 UTC]   Automatic plugin updates complete.
[30-Jul-2026 15:34:45 UTC]   Automatic theme updates starting...
[30-Jul-2026 15:34:45 UTC]   Automatic theme updates complete.
[30-Jul-2026 15:34:45 UTC] Automatic updates complete.
[30-Jul-2026 16:38:20 UTC] Automatic updates starting...
[30-Jul-2026 16:38:20 UTC]   Automatic plugin updates starting...
[30-Jul-2026 16:38:20 UTC]   Automatic plugin updates complete.
[30-Jul-2026 16:38:20 UTC]   Automatic theme updates starting...
[30-Jul-2026 16:38:20 UTC]   Automatic theme updates complete.
[30-Jul-2026 16:38:20 UTC] Automatic updates complete.
[30-Jul-2026 17:38:33 UTC] Automatic updates starting...
[30-Jul-2026 17:38:34 UTC]   Automatic plugin updates starting...
[30-Jul-2026 17:38:34 UTC]   Automatic plugin updates complete.
[30-Jul-2026 17:38:34 UTC]   Automatic theme updates starting...
[30-Jul-2026 17:38:34 UTC]   Automatic theme updates complete.
[30-Jul-2026 17:38:34 UTC] Automatic updates complete.
[30-Jul-2026 18:41:32 UTC] Automatic updates starting...
[30-Jul-2026 18:41:32 UTC]   Automatic plugin updates starting...
[30-Jul-2026 18:41:32 UTC]   Automatic plugin updates complete.
[30-Jul-2026 18:41:32 UTC]   Automatic theme updates starting...
[30-Jul-2026 18:41:32 UTC]   Automatic theme updates complete.
[30-Jul-2026 18:41:32 UTC] Automatic updates complete.
[30-Jul-2026 19:42:11 UTC] Automatic updates starting...
[30-Jul-2026 19:42:11 UTC]   Automatic plugin updates starting...
[30-Jul-2026 19:42:11 UTC]   Automatic plugin updates complete.
[30-Jul-2026 19:42:11 UTC]   Automatic theme updates starting...
[30-Jul-2026 19:42:11 UTC]   Automatic theme updates complete.
[30-Jul-2026 19:42:11 UTC] Automatic updates complete.
[30-Jul-2026 20:43:40 UTC] Automatic updates starting...
[30-Jul-2026 20:43:40 UTC]   Automatic plugin updates starting...
[30-Jul-2026 20:43:40 UTC]   Automatic plugin updates complete.
[30-Jul-2026 20:43:40 UTC]   Automatic theme updates starting...
[30-Jul-2026 20:43:40 UTC]   Automatic theme updates complete.
[30-Jul-2026 20:43:40 UTC] Automatic updates complete.
[30-Jul-2026 21:46:05 UTC] Automatic updates starting...
[30-Jul-2026 21:46:05 UTC]   Automatic plugin updates starting...
[30-Jul-2026 21:46:05 UTC]   Automatic plugin updates complete.
[30-Jul-2026 21:46:05 UTC]   Automatic theme updates starting...
[30-Jul-2026 21:46:05 UTC]   Automatic theme updates complete.
[30-Jul-2026 21:46:05 UTC] Automatic updates complete.
[30-Jul-2026 22:15:51 UTC] Automatic updates starting...
[30-Jul-2026 22:15:52 UTC]   Automatic plugin updates starting...
[30-Jul-2026 22:15:52 UTC]   Automatic plugin updates complete.
[30-Jul-2026 22:15:52 UTC]   Automatic theme updates starting...
[30-Jul-2026 22:15:52 UTC]   Automatic theme updates complete.
[30-Jul-2026 22:15:52 UTC] Automatic updates complete.
[30-Jul-2026 23:15:56 UTC] Automatic updates starting...
[30-Jul-2026 23:15:56 UTC]   Automatic plugin updates starting...
[30-Jul-2026 23:15:56 UTC]   Automatic plugin updates complete.
[30-Jul-2026 23:15:56 UTC]   Automatic theme updates starting...
[30-Jul-2026 23:15:56 UTC]   Automatic theme updates complete.
[30-Jul-2026 23:15:56 UTC] Automatic updates complete.
[31-Jul-2026 00:16:23 UTC] Automatic updates starting...
[31-Jul-2026 00:16:24 UTC]   Automatic plugin updates starting...
[31-Jul-2026 00:16:24 UTC]   Automatic plugin updates complete.
[31-Jul-2026 00:16:24 UTC]   Automatic theme updates starting...
[31-Jul-2026 00:16:24 UTC]   Automatic theme updates complete.
[31-Jul-2026 00:16:24 UTC] Automatic updates complete.
[31-Jul-2026 01:19:40 UTC] Automatic updates starting...
[31-Jul-2026 01:19:41 UTC]   Automatic plugin updates starting...
[31-Jul-2026 01:19:41 UTC]   Automatic plugin updates complete.
[31-Jul-2026 01:19:41 UTC]   Automatic theme updates starting...
[31-Jul-2026 01:19:41 UTC]   Automatic theme updates complete.
[31-Jul-2026 01:19:41 UTC] Automatic updates complete.
[31-Jul-2026 02:21:39 UTC] Automatic updates starting...
[31-Jul-2026 02:21:39 UTC]   Automatic plugin updates starting...
[31-Jul-2026 02:21:39 UTC]   Automatic plugin updates complete.
[31-Jul-2026 02:21:39 UTC]   Automatic theme updates starting...
[31-Jul-2026 02:21:39 UTC]   Automatic theme updates complete.
[31-Jul-2026 02:21:39 UTC] Automatic updates complete.
[31-Jul-2026 03:21:40 UTC] Automatic updates starting...
[31-Jul-2026 03:21:40 UTC]   Automatic plugin updates starting...
[31-Jul-2026 03:21:40 UTC]   Automatic plugin updates complete.
[31-Jul-2026 03:21:40 UTC]   Automatic theme updates starting...
[31-Jul-2026 03:21:40 UTC]   Automatic theme updates complete.
[31-Jul-2026 03:21:40 UTC] Automatic updates complete.
[31-Jul-2026 04:37:52 UTC] Automatic updates starting...
[31-Jul-2026 04:37:52 UTC]   Automatic plugin updates starting...
[31-Jul-2026 04:37:52 UTC]   Automatic plugin updates complete.
[31-Jul-2026 04:37:52 UTC]   Automatic theme updates starting...
[31-Jul-2026 04:37:52 UTC]   Automatic theme updates complete.
[31-Jul-2026 04:37:52 UTC] Automatic updates complete.
[31-Jul-2026 05:48:17 UTC] Automatic updates starting...
[31-Jul-2026 05:48:18 UTC]   Automatic plugin updates starting...
[31-Jul-2026 05:48:18 UTC]   Automatic plugin updates complete.
[31-Jul-2026 05:48:18 UTC]   Automatic theme updates starting...
[31-Jul-2026 05:48:18 UTC]   Automatic theme updates complete.
[31-Jul-2026 05:48:18 UTC] Automatic updates complete.
[31-Jul-2026 06:49:07 UTC] Automatic updates starting...
[31-Jul-2026 06:49:07 UTC]   Automatic plugin updates starting...
[31-Jul-2026 06:49:07 UTC]   Automatic plugin updates complete.
[31-Jul-2026 06:49:07 UTC]   Automatic theme updates starting...
[31-Jul-2026 06:49:07 UTC]   Automatic theme updates complete.
[31-Jul-2026 06:49:07 UTC] Automatic updates complete.
[31-Jul-2026 08:02:07 UTC] Automatic updates starting...
[31-Jul-2026 08:02:07 UTC]   Automatic plugin updates starting...
[31-Jul-2026 08:02:07 UTC]   Automatic plugin updates complete.
[31-Jul-2026 08:02:07 UTC]   Automatic theme updates starting...
[31-Jul-2026 08:02:07 UTC]   Automatic theme updates complete.
[31-Jul-2026 08:02:07 UTC] Automatic updates complete.
[31-Jul-2026 09:04:42 UTC] Automatic updates starting...
[31-Jul-2026 09:04:42 UTC]   Automatic plugin updates starting...
[31-Jul-2026 09:04:42 UTC]   Automatic plugin updates complete.
[31-Jul-2026 09:04:42 UTC]   Automatic theme updates starting...
[31-Jul-2026 09:04:42 UTC]   Automatic theme updates complete.
[31-Jul-2026 09:04:42 UTC] Automatic updates complete.
[31-Jul-2026 10:09:15 UTC] Automatic updates starting...
[31-Jul-2026 10:09:16 UTC]   Automatic plugin updates starting...
[31-Jul-2026 10:09:16 UTC]   Automatic plugin updates complete.
[31-Jul-2026 10:09:16 UTC]   Automatic theme updates starting...
[31-Jul-2026 10:09:16 UTC]   Automatic theme updates complete.
[31-Jul-2026 10:09:16 UTC] Automatic updates complete.
[31-Jul-2026 10:19:14 UTC] Automatic updates starting...
[31-Jul-2026 10:19:14 UTC]   Automatic plugin updates starting...
[31-Jul-2026 10:19:14 UTC]   Automatic plugin updates complete.
[31-Jul-2026 10:19:14 UTC]   Automatic theme updates starting...
[31-Jul-2026 10:19:14 UTC]   Automatic theme updates complete.
[31-Jul-2026 10:19:14 UTC] Automatic updates complete.
[31-Jul-2026 11:21:19 UTC] Automatic updates starting...
[31-Jul-2026 11:21:20 UTC]   Automatic plugin updates starting...
[31-Jul-2026 11:21:20 UTC]   Automatic plugin updates complete.
[31-Jul-2026 11:21:20 UTC]   Automatic theme updates starting...
[31-Jul-2026 11:21:20 UTC]   Automatic theme updates complete.
[31-Jul-2026 11:21:20 UTC] Automatic updates complete.
[31-Jul-2026 12:04:08 UTC] PHP Warning:  Invalid argument supplied for foreach() in /home/servpcxr/8kiptv.co/tvss/wp-content/plugins/userfeedback-lite/includes/admin/class-userfeedback-notifications.php on line 236
[31-Jul-2026 12:41:27 UTC] Automatic updates starting...
[31-Jul-2026 12:41:27 UTC]   Automatic plugin updates starting...
[31-Jul-2026 12:41:27 UTC]   Automatic plugin updates complete.
[31-Jul-2026 12:41:27 UTC]   Automatic theme updates starting...
[31-Jul-2026 12:41:27 UTC]   Automatic theme updates complete.
[31-Jul-2026 12:41:27 UTC] Automatic updates complete.
[31-Jul-2026 13:44:13 UTC] Automatic updates starting...
[31-Jul-2026 13:44:14 UTC]   Automatic plugin updates starting...
[31-Jul-2026 13:44:14 UTC]   Automatic plugin updates complete.
[31-Jul-2026 13:44:14 UTC]   Automatic theme updates starting...
[31-Jul-2026 13:44:14 UTC]   Automatic theme updates complete.
[31-Jul-2026 13:44:14 UTC] Automatic updates complete.
[31-Jul-2026 14:53:54 UTC] Automatic updates starting...
[31-Jul-2026 14:53:55 UTC]   Automatic plugin updates starting...
[31-Jul-2026 14:53:55 UTC]   Automatic plugin updates complete.
[31-Jul-2026 14:53:55 UTC]   Automatic theme updates starting...
[31-Jul-2026 14:53:55 UTC]   Automatic theme updates complete.
[31-Jul-2026 14:53:55 UTC] Automatic updates complete.
[31-Jul-2026 16:01:17 UTC] Automatic updates starting...
[31-Jul-2026 16:01:17 UTC]   Automatic plugin updates starting...
[31-Jul-2026 16:01:17 UTC]   Automatic plugin updates complete.
[31-Jul-2026 16:01:17 UTC]   Automatic theme updates starting...
[31-Jul-2026 16:01:17 UTC]   Automatic theme updates complete.
[31-Jul-2026 16:01:17 UTC] Automatic updates complete.
[31-Jul-2026 17:02:30 UTC] Automatic updates starting...
[31-Jul-2026 17:02:30 UTC]   Automatic plugin updates starting...
[31-Jul-2026 17:02:30 UTC]   Automatic plugin updates complete.
[31-Jul-2026 17:02:30 UTC]   Automatic theme updates starting...
[31-Jul-2026 17:02:30 UTC]   Automatic theme updates complete.
[31-Jul-2026 17:02:30 UTC] Automatic updates complete.
[31-Jul-2026 18:02:41 UTC] Automatic updates starting...
[31-Jul-2026 18:02:42 UTC]   Automatic plugin updates starting...
[31-Jul-2026 18:02:42 UTC]   Automatic plugin updates complete.
[31-Jul-2026 18:02:42 UTC]   Automatic theme updates starting...
[31-Jul-2026 18:02:42 UTC]   Automatic theme updates complete.
[31-Jul-2026 18:02:42 UTC] Automatic updates complete.
[31-Jul-2026 19:02:51 UTC] Automatic updates starting...
[31-Jul-2026 19:02:52 UTC]   Automatic plugin updates starting...
[31-Jul-2026 19:02:52 UTC]   Automatic plugin updates complete.
[31-Jul-2026 19:02:52 UTC]   Automatic theme updates starting...
[31-Jul-2026 19:02:52 UTC]   Automatic theme updates complete.
[31-Jul-2026 19:02:52 UTC] Automatic updates complete.
[31-Jul-2026 20:06:24 UTC] Automatic updates starting...
[31-Jul-2026 20:06:24 UTC]   Automatic plugin updates starting...
[31-Jul-2026 20:06:24 UTC]   Automatic plugin updates complete.
[31-Jul-2026 20:06:24 UTC]   Automatic theme updates starting...
[31-Jul-2026 20:06:24 UTC]   Automatic theme updates complete.
[31-Jul-2026 20:06:24 UTC] Automatic updates complete.
[31-Jul-2026 21:07:54 UTC] Automatic updates starting...
[31-Jul-2026 21:07:54 UTC]   Automatic plugin updates starting...
[31-Jul-2026 21:07:54 UTC]   Automatic plugin updates complete.
[31-Jul-2026 21:07:54 UTC]   Automatic theme updates starting...
[31-Jul-2026 21:07:54 UTC]   Automatic theme updates complete.
[31-Jul-2026 21:07:54 UTC] Automatic updates complete.
[31-Jul-2026 22:20:28 UTC] Automatic updates starting...
[31-Jul-2026 22:20:28 UTC]   Automatic plugin updates starting...
[31-Jul-2026 22:20:28 UTC]   Automatic plugin updates complete.
[31-Jul-2026 22:20:28 UTC]   Automatic theme updates starting...
[31-Jul-2026 22:20:28 UTC]   Automatic theme updates complete.
[31-Jul-2026 22:20:28 UTC] Automatic updates complete.
[31-Jul-2026 23:24:35 UTC] Automatic updates starting...
[31-Jul-2026 23:24:35 UTC]   Automatic plugin updates starting...
[31-Jul-2026 23:24:35 UTC]   Automatic plugin updates complete.
[31-Jul-2026 23:24:35 UTC]   Automatic theme updates starting...
[31-Jul-2026 23:24:35 UTC]   Automatic theme updates complete.
[31-Jul-2026 23:24:35 UTC] Automatic updates complete.
[01-Aug-2026 00:26:12 UTC] Automatic updates starting...
[01-Aug-2026 00:26:12 UTC]   Automatic plugin updates starting...
[01-Aug-2026 00:26:12 UTC]   Automatic plugin updates complete.
[01-Aug-2026 00:26:12 UTC]   Automatic theme updates starting...
[01-Aug-2026 00:26:12 UTC]   Automatic theme updates complete.
[01-Aug-2026 00:26:12 UTC] Automatic updates complete.
[01-Aug-2026 01:32:17 UTC] Automatic updates starting...
[01-Aug-2026 01:32:18 UTC]   Automatic plugin updates starting...
[01-Aug-2026 01:32:18 UTC]   Automatic plugin updates complete.
[01-Aug-2026 01:32:18 UTC]   Automatic theme updates starting...
[01-Aug-2026 01:32:18 UTC]   Automatic theme updates complete.
[01-Aug-2026 01:32:18 UTC] Automatic updates complete.
[01-Aug-2026 02:33:03 UTC] Automatic updates starting...
[01-Aug-2026 02:33:04 UTC]   Automatic plugin updates starting...
[01-Aug-2026 02:33:04 UTC]   Automatic plugin updates complete.
[01-Aug-2026 02:33:04 UTC]   Automatic theme updates starting...
[01-Aug-2026 02:33:04 UTC]   Automatic theme updates complete.
[01-Aug-2026 02:33:04 UTC] Automatic updates complete.
[01-Aug-2026 03:33:06 UTC] Automatic updates starting...
[01-Aug-2026 03:33:06 UTC]   Automatic plugin updates starting...
[01-Aug-2026 03:33:06 UTC]   Automatic plugin updates complete.
[01-Aug-2026 03:33:06 UTC]   Automatic theme updates starting...
[01-Aug-2026 03:33:06 UTC]   Automatic theme updates complete.
[01-Aug-2026 03:33:06 UTC] Automatic updates complete.
[01-Aug-2026 04:35:40 UTC] Automatic updates starting...
[01-Aug-2026 04:35:40 UTC]   Automatic plugin updates starting...
[01-Aug-2026 04:35:40 UTC]   Automatic plugin updates complete.
[01-Aug-2026 04:35:40 UTC]   Automatic theme updates starting...
[01-Aug-2026 04:35:40 UTC]   Automatic theme updates complete.
[01-Aug-2026 04:35:40 UTC] Automatic updates complete.
[01-Aug-2026 05:35:43 UTC] Automatic updates starting...
[01-Aug-2026 05:35:44 UTC]   Automatic plugin updates starting...
[01-Aug-2026 05:35:44 UTC]   Automatic plugin updates complete.
[01-Aug-2026 05:35:44 UTC]   Automatic theme updates starting...
[01-Aug-2026 05:35:44 UTC]   Automatic theme updates complete.
[01-Aug-2026 05:35:44 UTC] Automatic updates complete.
[01-Aug-2026 06:39:34 UTC] Automatic updates starting...
[01-Aug-2026 06:39:34 UTC]   Automatic plugin updates starting...
[01-Aug-2026 06:39:34 UTC]   Automatic plugin updates complete.
[01-Aug-2026 06:39:34 UTC]   Automatic theme updates starting...
[01-Aug-2026 06:39:34 UTC]   Automatic theme updates complete.
[01-Aug-2026 06:39:34 UTC] Automatic updates complete.
[01-Aug-2026 07:40:15 UTC] Automatic updates starting...
[01-Aug-2026 07:40:15 UTC]   Automatic plugin updates starting...
[01-Aug-2026 07:40:15 UTC]   Automatic plugin updates complete.
[01-Aug-2026 07:40:15 UTC]   Automatic theme updates starting...
[01-Aug-2026 07:40:15 UTC]   Automatic theme updates complete.
[01-Aug-2026 07:40:15 UTC] Automatic updates complete.
[01-Aug-2026 08:43:20 UTC] Automatic updates starting...
[01-Aug-2026 08:43:20 UTC]   Automatic plugin updates starting...
[01-Aug-2026 08:43:21 UTC]   Automatic plugin updates complete.
[01-Aug-2026 08:43:21 UTC]   Automatic theme updates starting...
[01-Aug-2026 08:43:21 UTC]   Automatic theme updates complete.
[01-Aug-2026 08:43:21 UTC] Automatic updates complete.
[01-Aug-2026 09:43:41 UTC] Automatic updates starting...
[01-Aug-2026 09:43:41 UTC]   Automatic plugin updates starting...
[01-Aug-2026 09:43:41 UTC]   Automatic plugin updates complete.
[01-Aug-2026 09:43:41 UTC]   Automatic theme updates starting...
[01-Aug-2026 09:43:41 UTC]   Automatic theme updates complete.
[01-Aug-2026 09:43:41 UTC] Automatic updates complete.
[01-Aug-2026 10:24:50 UTC] Automatic updates starting...
[01-Aug-2026 10:24:50 UTC]   Automatic plugin updates starting...
[01-Aug-2026 10:24:50 UTC]   Automatic plugin updates complete.
[01-Aug-2026 10:24:50 UTC]   Automatic theme updates starting...
[01-Aug-2026 10:24:50 UTC]   Automatic theme updates complete.
[01-Aug-2026 10:24:50 UTC] Automatic updates complete.
[01-Aug-2026 11:31:51 UTC] Automatic updates starting...
[01-Aug-2026 11:31:51 UTC]   Automatic plugin updates starting...
[01-Aug-2026 11:31:51 UTC]   Automatic plugin updates complete.
[01-Aug-2026 11:31:51 UTC]   Automatic theme updates starting...
[01-Aug-2026 11:31:51 UTC]   Automatic theme updates complete.
[01-Aug-2026 11:31:51 UTC] Automatic updates complete.
[01-Aug-2026 12:35:14 UTC] Automatic updates starting...
[01-Aug-2026 12:35:14 UTC]   Automatic plugin updates starting...
[01-Aug-2026 12:35:14 UTC]   Automatic plugin updates complete.
[01-Aug-2026 12:35:14 UTC]   Automatic theme updates starting...
[01-Aug-2026 12:35:14 UTC]   Automatic theme updates complete.
[01-Aug-2026 12:35:14 UTC] Automatic updates complete.
[01-Aug-2026 13:35:26 UTC] Automatic updates starting...
[01-Aug-2026 13:35:26 UTC]   Automatic plugin updates starting...
[01-Aug-2026 13:35:27 UTC]   Automatic plugin updates complete.
[01-Aug-2026 13:35:27 UTC]   Automatic theme updates starting...
[01-Aug-2026 13:35:27 UTC]   Automatic theme updates complete.
[01-Aug-2026 13:35:27 UTC] Automatic updates complete.
[01-Aug-2026 14:36:23 UTC] Automatic updates starting...
[01-Aug-2026 14:36:23 UTC]   Automatic plugin updates starting...
[01-Aug-2026 14:36:23 UTC]   Automatic plugin updates complete.
[01-Aug-2026 14:36:23 UTC]   Automatic theme updates starting...
[01-Aug-2026 14:36:23 UTC]   Automatic theme updates complete.
[01-Aug-2026 14:36:23 UTC] Automatic updates complete.
[01-Aug-2026 15:40:03 UTC] Automatic updates starting...
[01-Aug-2026 15:40:03 UTC]   Automatic plugin updates starting...
[01-Aug-2026 15:40:03 UTC]   Automatic plugin updates complete.
[01-Aug-2026 15:40:03 UTC]   Automatic theme updates starting...
[01-Aug-2026 15:40:03 UTC]   Automatic theme updates complete.
[01-Aug-2026 15:40:03 UTC] Automatic updates complete.
[01-Aug-2026 16:40:16 UTC] Automatic updates starting...
[01-Aug-2026 16:40:17 UTC]   Automatic plugin updates starting...
[01-Aug-2026 16:40:17 UTC]   Automatic plugin updates complete.
[01-Aug-2026 16:40:17 UTC]   Automatic theme updates starting...
[01-Aug-2026 16:40:17 UTC]   Automatic theme updates complete.
[01-Aug-2026 16:40:17 UTC] Automatic updates complete.
[01-Aug-2026 17:12:50 UTC] PHP Warning:  Invalid argument supplied for foreach() in /home/servpcxr/8kiptv.co/tvss/wp-content/plugins/userfeedback-lite/includes/admin/class-userfeedback-notifications.php on line 236
[01-Aug-2026 17:41:09 UTC] Automatic updates starting...
[01-Aug-2026 17:41:09 UTC]   Automatic plugin updates starting...
[01-Aug-2026 17:41:09 UTC]   Automatic plugin updates complete.
[01-Aug-2026 17:41:09 UTC]   Automatic theme updates starting...
[01-Aug-2026 17:41:09 UTC]   Automatic theme updates complete.
[01-Aug-2026 17:41:09 UTC] Automatic updates complete.
[01-Aug-2026 18:41:40 UTC] Automatic updates starting...
[01-Aug-2026 18:41:40 UTC]   Automatic plugin updates starting...
[01-Aug-2026 18:41:40 UTC]   Automatic plugin updates complete.
[01-Aug-2026 18:41:40 UTC]   Automatic theme updates starting...
[01-Aug-2026 18:41:40 UTC]   Automatic theme updates complete.
[01-Aug-2026 18:41:40 UTC] Automatic updates complete.
[01-Aug-2026 19:42:40 UTC] Automatic updates starting...
[01-Aug-2026 19:42:40 UTC]   Automatic plugin updates starting...
[01-Aug-2026 19:42:40 UTC]   Automatic plugin updates complete.
[01-Aug-2026 19:42:40 UTC]   Automatic theme updates starting...
[01-Aug-2026 19:42:40 UTC]   Automatic theme updates complete.
[01-Aug-2026 19:42:40 UTC] Automatic updates complete.
[01-Aug-2026 20:44:48 UTC] Automatic updates starting...
[01-Aug-2026 20:44:48 UTC]   Automatic plugin updates starting...
[01-Aug-2026 20:44:48 UTC]   Automatic plugin updates complete.
[01-Aug-2026 20:44:48 UTC]   Automatic theme updates starting...
[01-Aug-2026 20:44:48 UTC]   Automatic theme updates complete.
[01-Aug-2026 20:44:48 UTC] Automatic updates complete.
[01-Aug-2026 21:46:48 UTC] Automatic updates starting...
[01-Aug-2026 21:46:48 UTC]   Automatic plugin updates starting...
[01-Aug-2026 21:46:48 UTC]   Automatic plugin updates complete.
[01-Aug-2026 21:46:48 UTC]   Automatic theme updates starting...
[01-Aug-2026 21:46:48 UTC]   Automatic theme updates complete.
[01-Aug-2026 21:46:48 UTC] Automatic updates complete.
[01-Aug-2026 22:17:14 UTC] Automatic updates starting...
[01-Aug-2026 22:17:15 UTC]   Automatic plugin updates starting...
[01-Aug-2026 22:17:15 UTC]   Automatic plugin updates complete.
[01-Aug-2026 22:17:15 UTC]   Automatic theme updates starting...
[01-Aug-2026 22:17:15 UTC]   Automatic theme updates complete.
[01-Aug-2026 22:17:15 UTC] Automatic updates complete.
[01-Aug-2026 23:19:52 UTC] Automatic updates starting...
[01-Aug-2026 23:19:52 UTC]   Automatic plugin updates starting...
[01-Aug-2026 23:19:52 UTC]   Automatic plugin updates complete.
[01-Aug-2026 23:19:52 UTC]   Automatic theme updates starting...
[01-Aug-2026 23:19:52 UTC]   Automatic theme updates complete.
[01-Aug-2026 23:19:52 UTC] Automatic updates complete.
[02-Aug-2026 00:20:26 UTC] Automatic updates starting...
[02-Aug-2026 00:20:26 UTC]   Automatic plugin updates starting...
[02-Aug-2026 00:20:26 UTC]   Automatic plugin updates complete.
[02-Aug-2026 00:20:26 UTC]   Automatic theme updates starting...
[02-Aug-2026 00:20:26 UTC]   Automatic theme updates complete.
[02-Aug-2026 00:20:26 UTC] Automatic updates complete.
[02-Aug-2026 01:20:57 UTC] Automatic updates starting...
[02-Aug-2026 01:20:58 UTC]   Automatic plugin updates starting...
[02-Aug-2026 01:20:58 UTC]   Automatic plugin updates complete.
[02-Aug-2026 01:20:58 UTC]   Automatic theme updates starting...
[02-Aug-2026 01:20:58 UTC]   Automatic theme updates complete.
[02-Aug-2026 01:20:58 UTC] Automatic updates complete.
[02-Aug-2026 02:23:29 UTC] Automatic updates starting...
[02-Aug-2026 02:23:29 UTC]   Automatic plugin updates starting...
[02-Aug-2026 02:23:29 UTC]   Automatic plugin updates complete.
[02-Aug-2026 02:23:29 UTC]   Automatic theme updates starting...
[02-Aug-2026 02:23:29 UTC]   Automatic theme updates complete.
[02-Aug-2026 02:23:29 UTC] Automatic updates complete.
[02-Aug-2026 03:25:49 UTC] Automatic updates starting...
[02-Aug-2026 03:25:50 UTC]   Automatic plugin updates starting...
[02-Aug-2026 03:25:50 UTC]   Automatic plugin updates complete.
[02-Aug-2026 03:25:50 UTC]   Automatic theme updates starting...
[02-Aug-2026 03:25:50 UTC]   Automatic theme updates complete.
[02-Aug-2026 03:25:50 UTC] Automatic updates complete.
[02-Aug-2026 04:32:47 UTC] Automatic updates starting...
[02-Aug-2026 04:32:48 UTC]   Automatic plugin updates starting...
[02-Aug-2026 04:32:48 UTC]   Automatic plugin updates complete.
[02-Aug-2026 04:32:48 UTC]   Automatic theme updates starting...
[02-Aug-2026 04:32:48 UTC]   Automatic theme updates complete.
[02-Aug-2026 04:32:48 UTC] Automatic updates complete.
[02-Aug-2026 05:36:37 UTC] Automatic updates starting...
[02-Aug-2026 05:36:37 UTC]   Automatic plugin updates starting...
[02-Aug-2026 05:36:37 UTC]   Automatic plugin updates complete.
[02-Aug-2026 05:36:37 UTC]   Automatic theme updates starting...
[02-Aug-2026 05:36:37 UTC]   Automatic theme updates complete.
[02-Aug-2026 05:36:37 UTC] Automatic updates complete.
[02-Aug-2026 06:40:22 UTC] Automatic updates starting...
[02-Aug-2026 06:40:22 UTC]   Automatic plugin updates starting...
[02-Aug-2026 06:40:22 UTC]   Automatic plugin updates complete.
[02-Aug-2026 06:40:22 UTC]   Automatic theme updates starting...
[02-Aug-2026 06:40:22 UTC]   Automatic theme updates complete.
[02-Aug-2026 06:40:22 UTC] Automatic updates complete.
[02-Aug-2026 07:46:19 UTC] Automatic updates starting...
[02-Aug-2026 07:46:20 UTC]   Automatic plugin updates starting...
[02-Aug-2026 07:46:20 UTC]   Automatic plugin updates complete.
[02-Aug-2026 07:46:20 UTC]   Automatic theme updates starting...
[02-Aug-2026 07:46:20 UTC]   Automatic theme updates complete.
[02-Aug-2026 07:46:20 UTC] Automatic updates complete.
[02-Aug-2026 08:47:16 UTC] Automatic updates starting...
[02-Aug-2026 08:47:16 UTC]   Automatic plugin updates starting...
[02-Aug-2026 08:47:16 UTC]   Automatic plugin updates complete.
[02-Aug-2026 08:47:16 UTC]   Automatic theme updates starting...
[02-Aug-2026 08:47:16 UTC]   Automatic theme updates complete.
[02-Aug-2026 08:47:16 UTC] Automatic updates complete.
[02-Aug-2026 09:50:53 UTC] Automatic updates starting...
[02-Aug-2026 09:50:53 UTC]   Automatic plugin updates starting...
[02-Aug-2026 09:50:53 UTC]   Automatic plugin updates complete.
[02-Aug-2026 09:50:53 UTC]   Automatic theme updates starting...
[02-Aug-2026 09:50:53 UTC]   Automatic theme updates complete.
[02-Aug-2026 09:50:53 UTC] Automatic updates complete.
[02-Aug-2026 10:15:20 UTC] Automatic updates starting...
[02-Aug-2026 10:15:20 UTC]   Automatic plugin updates starting...
[02-Aug-2026 10:15:20 UTC]   Automatic plugin updates complete.
[02-Aug-2026 10:15:20 UTC]   Automatic theme updates starting...
[02-Aug-2026 10:15:20 UTC]   Automatic theme updates complete.
[02-Aug-2026 10:15:20 UTC] Automatic updates complete.
[02-Aug-2026 11:16:38 UTC] Automatic updates starting...
[02-Aug-2026 11:16:38 UTC]   Automatic plugin updates starting...
[02-Aug-2026 11:16:38 UTC]   Automatic plugin updates complete.
[02-Aug-2026 11:16:38 UTC]   Automatic theme updates starting...
[02-Aug-2026 11:16:38 UTC]   Automatic theme updates complete.
[02-Aug-2026 11:16:38 UTC] Automatic updates complete.
[02-Aug-2026 12:16:55 UTC] Automatic updates starting...
[02-Aug-2026 12:16:56 UTC]   Automatic plugin updates starting...
[02-Aug-2026 12:16:56 UTC]   Automatic plugin updates complete.
[02-Aug-2026 12:16:56 UTC]   Automatic theme updates starting...
[02-Aug-2026 12:16:56 UTC]   Automatic theme updates complete.
[02-Aug-2026 12:16:56 UTC] Automatic updates complete.
[02-Aug-2026 13:17:36 UTC] Automatic updates starting...
[02-Aug-2026 13:17:36 UTC]   Automatic plugin updates starting...
[02-Aug-2026 13:17:36 UTC]   Automatic plugin updates complete.
[02-Aug-2026 13:17:36 UTC]   Automatic theme updates starting...
[02-Aug-2026 13:17:36 UTC]   Automatic theme updates complete.
[02-Aug-2026 13:17:36 UTC] Automatic updates complete.
[02-Aug-2026 14:18:03 UTC] Automatic updates starting...
[02-Aug-2026 14:18:03 UTC]   Automatic plugin updates starting...
[02-Aug-2026 14:18:03 UTC]   Automatic plugin updates complete.
[02-Aug-2026 14:18:03 UTC]   Automatic theme updates starting...
[02-Aug-2026 14:18:03 UTC]   Automatic theme updates complete.
[02-Aug-2026 14:18:03 UTC] Automatic updates complete.
[02-Aug-2026 15:19:08 UTC] Automatic updates starting...
[02-Aug-2026 15:19:08 UTC]   Automatic plugin updates starting...
[02-Aug-2026 15:19:08 UTC]   Automatic plugin updates complete.
[02-Aug-2026 15:19:08 UTC]   Automatic theme updates starting...
[02-Aug-2026 15:19:08 UTC]   Automatic theme updates complete.
[02-Aug-2026 15:19:08 UTC] Automatic updates complete.
[02-Aug-2026 16:19:17 UTC] Automatic updates starting...
[02-Aug-2026 16:19:17 UTC]   Automatic plugin updates starting...
[02-Aug-2026 16:19:17 UTC]   Automatic plugin updates complete.
[02-Aug-2026 16:19:17 UTC]   Automatic theme updates starting...
[02-Aug-2026 16:19:17 UTC]   Automatic theme updates complete.
[02-Aug-2026 16:19:17 UTC] Automatic updates complete.
[02-Aug-2026 17:20:17 UTC] Automatic updates starting...
[02-Aug-2026 17:20:17 UTC]   Automatic plugin updates starting...
[02-Aug-2026 17:20:17 UTC]   Automatic plugin updates complete.
[02-Aug-2026 17:20:17 UTC]   Automatic theme updates starting...
[02-Aug-2026 17:20:17 UTC]   Automatic theme updates complete.
[02-Aug-2026 17:20:17 UTC] Automatic updates complete.
[02-Aug-2026 18:21:12 UTC] Automatic updates starting...
[02-Aug-2026 18:21:12 UTC]   Automatic plugin updates starting...
[02-Aug-2026 18:21:12 UTC]   Automatic plugin updates complete.
[02-Aug-2026 18:21:12 UTC]   Automatic theme updates starting...
[02-Aug-2026 18:21:12 UTC]   Automatic theme updates complete.
[02-Aug-2026 18:21:12 UTC] Automatic updates complete.
[02-Aug-2026 19:26:20 UTC] Automatic updates starting...
[02-Aug-2026 19:26:20 UTC]   Automatic plugin updates starting...
[02-Aug-2026 19:26:20 UTC]   Automatic plugin updates complete.
[02-Aug-2026 19:26:20 UTC]   Automatic theme updates starting...
[02-Aug-2026 19:26:20 UTC]   Automatic theme updates complete.
[02-Aug-2026 19:26:20 UTC] Automatic updates complete.
[02-Aug-2026 20:27:18 UTC] Automatic updates starting...
[02-Aug-2026 20:27:18 UTC]   Automatic plugin updates starting...
[02-Aug-2026 20:27:18 UTC]   Automatic plugin updates complete.
[02-Aug-2026 20:27:18 UTC]   Automatic theme updates starting...
[02-Aug-2026 20:27:18 UTC]   Automatic theme updates complete.
[02-Aug-2026 20:27:18 UTC] Automatic updates complete.
[02-Aug-2026 21:28:06 UTC] Automatic updates starting...
[02-Aug-2026 21:28:07 UTC]   Automatic plugin updates starting...
[02-Aug-2026 21:28:07 UTC]   Automatic plugin updates complete.
[02-Aug-2026 21:28:07 UTC]   Automatic theme updates starting...
[02-Aug-2026 21:28:07 UTC]   Automatic theme updates complete.
[02-Aug-2026 21:28:07 UTC] Automatic updates complete.
[02-Aug-2026 22:15:12 UTC] Automatic updates starting...
[02-Aug-2026 22:15:12 UTC]   Automatic plugin updates starting...
[02-Aug-2026 22:15:12 UTC]   Automatic plugin updates complete.
[02-Aug-2026 22:15:12 UTC]   Automatic theme updates starting...
[02-Aug-2026 22:15:12 UTC]   Automatic theme updates complete.
[02-Aug-2026 22:15:12 UTC] Automatic updates complete.
[02-Aug-2026 23:15:45 UTC] Automatic updates starting...
[02-Aug-2026 23:15:45 UTC]   Automatic plugin updates starting...
[02-Aug-2026 23:15:45 UTC]   Automatic plugin updates complete.
[02-Aug-2026 23:15:45 UTC]   Automatic theme updates starting...
[02-Aug-2026 23:15:45 UTC]   Automatic theme updates complete.
[02-Aug-2026 23:15:45 UTC] Automatic updates complete.
[03-Aug-2026 00:18:16 UTC] Automatic updates starting...
[03-Aug-2026 00:18:17 UTC]   Automatic plugin updates starting...
[03-Aug-2026 00:18:17 UTC]   Automatic plugin updates complete.
[03-Aug-2026 00:18:17 UTC]   Automatic theme updates starting...
[03-Aug-2026 00:18:17 UTC]   Automatic theme updates complete.
[03-Aug-2026 00:18:17 UTC] Automatic updates complete.
[03-Aug-2026 01:19:59 UTC] Automatic updates starting...
[03-Aug-2026 01:19:59 UTC]   Automatic plugin updates starting...
[03-Aug-2026 01:19:59 UTC]   Automatic plugin updates complete.
[03-Aug-2026 01:19:59 UTC]   Automatic theme updates starting...
[03-Aug-2026 01:19:59 UTC]   Automatic theme updates complete.
[03-Aug-2026 01:19:59 UTC] Automatic updates complete.
[03-Aug-2026 02:20:45 UTC] Automatic updates starting...
[03-Aug-2026 02:20:45 UTC]   Automatic plugin updates starting...
[03-Aug-2026 02:20:45 UTC]   Automatic plugin updates complete.
[03-Aug-2026 02:20:45 UTC]   Automatic theme updates starting...
[03-Aug-2026 02:20:45 UTC]   Automatic theme updates complete.
[03-Aug-2026 02:20:45 UTC] Automatic updates complete.
[03-Aug-2026 03:27:15 UTC] Automatic updates starting...
[03-Aug-2026 03:27:16 UTC]   Automatic plugin updates starting...
[03-Aug-2026 03:27:16 UTC]   Automatic plugin updates complete.
[03-Aug-2026 03:27:16 UTC]   Automatic theme updates starting...
[03-Aug-2026 03:27:16 UTC]   Automatic theme updates complete.
[03-Aug-2026 03:27:16 UTC] Automatic updates complete.
[03-Aug-2026 04:28:54 UTC] Automatic updates starting...
[03-Aug-2026 04:28:54 UTC]   Automatic plugin updates starting...
[03-Aug-2026 04:28:54 UTC]   Automatic plugin updates complete.
[03-Aug-2026 04:28:54 UTC]   Automatic theme updates starting...
[03-Aug-2026 04:28:54 UTC]   Automatic theme updates complete.
[03-Aug-2026 04:28:54 UTC] Automatic updates complete.
[03-Aug-2026 05:35:59 UTC] Automatic updates starting...
[03-Aug-2026 05:36:00 UTC]   Automatic plugin updates starting...
[03-Aug-2026 05:36:00 UTC]   Automatic plugin updates complete.
[03-Aug-2026 05:36:00 UTC]   Automatic theme updates starting...
[03-Aug-2026 05:36:00 UTC]   Automatic theme updates complete.
[03-Aug-2026 05:36:00 UTC] Automatic updates complete.
[03-Aug-2026 06:37:04 UTC] Automatic updates starting...
[03-Aug-2026 06:37:04 UTC]   Automatic plugin updates starting...
[03-Aug-2026 06:37:04 UTC]   Automatic plugin updates complete.
[03-Aug-2026 06:37:04 UTC]   Automatic theme updates starting...
[03-Aug-2026 06:37:04 UTC]   Automatic theme updates complete.
[03-Aug-2026 06:37:04 UTC] Automatic updates complete.
[03-Aug-2026 07:41:48 UTC] Automatic updates starting...
[03-Aug-2026 07:41:48 UTC]   Automatic plugin updates starting...
[03-Aug-2026 07:41:48 UTC]   Automatic plugin updates complete.
[03-Aug-2026 07:41:48 UTC]   Automatic theme updates starting...
[03-Aug-2026 07:41:48 UTC]   Automatic theme updates complete.
[03-Aug-2026 07:41:48 UTC] Automatic updates complete.
[03-Aug-2026 08:52:29 UTC] Automatic updates starting...
[03-Aug-2026 08:52:29 UTC]   Automatic plugin updates starting...
[03-Aug-2026 08:52:29 UTC]   Automatic plugin updates complete.
[03-Aug-2026 08:52:29 UTC]   Automatic theme updates starting...
[03-Aug-2026 08:52:29 UTC]   Automatic theme updates complete.
[03-Aug-2026 08:52:29 UTC] Automatic updates complete.
[03-Aug-2026 09:59:02 UTC] Automatic updates starting...
[03-Aug-2026 09:59:02 UTC]   Automatic plugin updates starting...
[03-Aug-2026 09:59:02 UTC]   Automatic plugin updates complete.
[03-Aug-2026 09:59:02 UTC]   Automatic theme updates starting...
[03-Aug-2026 09:59:02 UTC]   Automatic theme updates complete.
[03-Aug-2026 09:59:02 UTC] Automatic updates complete.
[03-Aug-2026 10:15:51 UTC] Automatic updates starting...
[03-Aug-2026 10:15:52 UTC]   Automatic plugin updates starting...
[03-Aug-2026 10:15:52 UTC]   Automatic plugin updates complete.
[03-Aug-2026 10:15:52 UTC]   Automatic theme updates starting...
[03-Aug-2026 10:15:52 UTC]   Automatic theme updates complete.
[03-Aug-2026 10:15:52 UTC] Automatic updates complete.
[03-Aug-2026 10:18:28 UTC] PHP Warning:  The URL https://s4.softaculous.com/a/loginizer//updates.php?version=2.0.5&checking_for_updates=1&installed_version=2.0.5&license=SOFTWP-65975-58186-61378-85147&url=https%3A%2F%2F8kiptv.co%2Ftvss does not point to a valid plugin metadata file. WP HTTP Error: cURL error 28: Operation timed out after 10002 milliseconds with 0 bytes received in /home/servpcxr/8kiptv.co/tvss/wp-content/plugins/loginizer-security/updater/plugin-update-checker.php on line 985
[03-Aug-2026 11:19:36 UTC] Automatic updates starting...
[03-Aug-2026 11:19:36 UTC]   Automatic plugin updates starting...
[03-Aug-2026 11:19:36 UTC]   Automatic plugin updates complete.
[03-Aug-2026 11:19:36 UTC]   Automatic theme updates starting...
[03-Aug-2026 11:19:36 UTC]   Automatic theme updates complete.
[03-Aug-2026 11:19:36 UTC] Automatic updates complete.
[03-Aug-2026 12:21:34 UTC] Automatic updates starting...
[03-Aug-2026 12:21:34 UTC]   Automatic plugin updates starting...
[03-Aug-2026 12:21:34 UTC]   Automatic plugin updates complete.
[03-Aug-2026 12:21:34 UTC]   Automatic theme updates starting...
[03-Aug-2026 12:21:34 UTC]   Automatic theme updates complete.
[03-Aug-2026 12:21:34 UTC] Automatic updates complete.
[03-Aug-2026 13:25:30 UTC] Automatic updates starting...
[03-Aug-2026 13:25:30 UTC]   Automatic plugin updates starting...
[03-Aug-2026 13:25:30 UTC]   Automatic plugin updates complete.
[03-Aug-2026 13:25:30 UTC]   Automatic theme updates starting...
[03-Aug-2026 13:25:30 UTC]   Automatic theme updates complete.
[03-Aug-2026 13:25:30 UTC] Automatic updates complete.
[03-Aug-2026 14:28:26 UTC] Automatic updates starting...
[03-Aug-2026 14:28:27 UTC]   Automatic plugin updates starting...
[03-Aug-2026 14:28:27 UTC]   Automatic plugin updates complete.
[03-Aug-2026 14:28:27 UTC]   Automatic theme updates starting...
[03-Aug-2026 14:28:27 UTC]   Automatic theme updates complete.
[03-Aug-2026 14:28:27 UTC] Automatic updates complete.
[03-Aug-2026 15:32:57 UTC] Automatic updates starting...
[03-Aug-2026 15:32:57 UTC]   Automatic plugin updates starting...
[03-Aug-2026 15:32:57 UTC]   Automatic plugin updates complete.
[03-Aug-2026 15:32:57 UTC]   Automatic theme updates starting...
[03-Aug-2026 15:32:57 UTC]   Automatic theme updates complete.
[03-Aug-2026 15:32:57 UTC] Automatic updates complete.
[03-Aug-2026 16:33:25 UTC] Automatic updates starting...
[03-Aug-2026 16:33:25 UTC]   Automatic plugin updates starting...
[03-Aug-2026 16:33:25 UTC]   Automatic plugin updates complete.
[03-Aug-2026 16:33:25 UTC]   Automatic theme updates starting...
[03-Aug-2026 16:33:25 UTC]   Automatic theme updates complete.
[03-Aug-2026 16:33:25 UTC] Automatic updates complete.
[03-Aug-2026 17:37:44 UTC] Automatic updates starting...
[03-Aug-2026 17:37:44 UTC]   Automatic plugin updates starting...
[03-Aug-2026 17:37:44 UTC]   Automatic plugin updates complete.
[03-Aug-2026 17:37:44 UTC]   Automatic theme updates starting...
[03-Aug-2026 17:37:44 UTC]   Automatic theme updates complete.
[03-Aug-2026 17:37:44 UTC] Automatic updates complete.
[03-Aug-2026 18:37:56 UTC] Automatic updates starting...
[03-Aug-2026 18:37:57 UTC]   Automatic plugin updates starting...
[03-Aug-2026 18:37:57 UTC]   Automatic plugin updates complete.
[03-Aug-2026 18:37:57 UTC]   Automatic theme updates starting...
[03-Aug-2026 18:37:57 UTC]   Automatic theme updates complete.
[03-Aug-2026 18:37:57 UTC] Automatic updates complete.
[03-Aug-2026 19:38:40 UTC] Automatic updates starting...
[03-Aug-2026 19:38:40 UTC]   Automatic plugin updates starting...
[03-Aug-2026 19:38:40 UTC]   Automatic plugin updates complete.
[03-Aug-2026 19:38:40 UTC]   Automatic theme updates starting...
[03-Aug-2026 19:38:40 UTC]   Automatic theme updates complete.
[03-Aug-2026 19:38:40 UTC] Automatic updates complete.
[03-Aug-2026 20:39:42 UTC] Automatic updates starting...
[03-Aug-2026 20:39:42 UTC]   Automatic plugin updates starting...
[03-Aug-2026 20:39:42 UTC]   Automatic plugin updates complete.
[03-Aug-2026 20:39:42 UTC]   Automatic theme updates starting...
[03-Aug-2026 20:39:42 UTC]   Automatic theme updates complete.
[03-Aug-2026 20:39:42 UTC] Automatic updates complete.
[03-Aug-2026 21:42:58 UTC] Automatic updates starting...
[03-Aug-2026 21:42:58 UTC]   Automatic plugin updates starting...
[03-Aug-2026 21:42:58 UTC]   Automatic plugin updates complete.
[03-Aug-2026 21:42:58 UTC]   Automatic theme updates starting...
[03-Aug-2026 21:42:58 UTC]   Automatic theme updates complete.
[03-Aug-2026 21:42:58 UTC] Automatic updates complete.
[03-Aug-2026 22:15:37 UTC] Automatic updates starting...
[03-Aug-2026 22:15:38 UTC]   Automatic plugin updates starting...
[03-Aug-2026 22:15:38 UTC]   Automatic plugin updates complete.
[03-Aug-2026 22:15:38 UTC]   Automatic theme updates starting...
[03-Aug-2026 22:15:38 UTC]   Automatic theme updates complete.
[03-Aug-2026 22:15:38 UTC] Automatic updates complete.
[03-Aug-2026 23:15:47 UTC] Automatic updates starting...
[03-Aug-2026 23:15:48 UTC]   Automatic plugin updates starting...
[03-Aug-2026 23:15:48 UTC]   Automatic plugin updates complete.
[03-Aug-2026 23:15:48 UTC]   Automatic theme updates starting...
[03-Aug-2026 23:15:48 UTC]   Automatic theme updates complete.
[03-Aug-2026 23:15:48 UTC] Automatic updates complete.
[04-Aug-2026 00:16:07 UTC] Automatic updates starting...
[04-Aug-2026 00:16:07 UTC]   Automatic plugin updates starting...
[04-Aug-2026 00:16:07 UTC]   Automatic plugin updates complete.
[04-Aug-2026 00:16:07 UTC]   Automatic theme updates starting...
[04-Aug-2026 00:16:07 UTC]   Automatic theme updates complete.
[04-Aug-2026 00:16:07 UTC] Automatic updates complete.
[04-Aug-2026 01:16:13 UTC] Automatic updates starting...
[04-Aug-2026 01:16:13 UTC]   Automatic plugin updates starting...
[04-Aug-2026 01:16:13 UTC]   Automatic plugin updates complete.
[04-Aug-2026 01:16:13 UTC]   Automatic theme updates starting...
[04-Aug-2026 01:16:13 UTC]   Automatic theme updates complete.
[04-Aug-2026 01:16:13 UTC] Automatic updates complete.
[04-Aug-2026 02:22:06 UTC] Automatic updates starting...
[04-Aug-2026 02:22:06 UTC]   Automatic plugin updates starting...
[04-Aug-2026 02:22:06 UTC]   Automatic plugin updates complete.
[04-Aug-2026 02:22:06 UTC]   Automatic theme updates starting...
[04-Aug-2026 02:22:06 UTC]   Automatic theme updates complete.
[04-Aug-2026 02:22:06 UTC] Automatic updates complete.
[04-Aug-2026 03:24:16 UTC] Automatic updates starting...
[04-Aug-2026 03:24:16 UTC]   Automatic plugin updates starting...
[04-Aug-2026 03:24:16 UTC]   Automatic plugin updates complete.
[04-Aug-2026 03:24:16 UTC]   Automatic theme updates starting...
[04-Aug-2026 03:24:16 UTC]   Automatic theme updates complete.
[04-Aug-2026 03:24:16 UTC] Automatic updates complete.
[04-Aug-2026 04:26:02 UTC] Automatic updates starting...
[04-Aug-2026 04:26:02 UTC]   Automatic plugin updates starting...
[04-Aug-2026 04:26:02 UTC]   Automatic plugin updates complete.
[04-Aug-2026 04:26:02 UTC]   Automatic theme updates starting...
[04-Aug-2026 04:26:02 UTC]   Automatic theme updates complete.
[04-Aug-2026 04:26:02 UTC] Automatic updates complete.
[04-Aug-2026 05:28:09 UTC] Automatic updates starting...
[04-Aug-2026 05:28:09 UTC]   Automatic plugin updates starting...
[04-Aug-2026 05:28:09 UTC]   Automatic plugin updates complete.
[04-Aug-2026 05:28:09 UTC]   Automatic theme updates starting...
[04-Aug-2026 05:28:09 UTC]   Automatic theme updates complete.
[04-Aug-2026 05:28:09 UTC] Automatic updates complete.
[04-Aug-2026 06:45:24 UTC] Automatic updates starting...
[04-Aug-2026 06:45:24 UTC]   Automatic plugin updates starting...
[04-Aug-2026 06:45:24 UTC]   Automatic plugin updates complete.
[04-Aug-2026 06:45:24 UTC]   Automatic theme updates starting...
[04-Aug-2026 06:45:24 UTC]   Automatic theme updates complete.
[04-Aug-2026 06:45:24 UTC] Automatic updates complete.
[04-Aug-2026 08:01:34 UTC] Automatic updates starting...
[04-Aug-2026 08:01:34 UTC]   Automatic plugin updates starting...
[04-Aug-2026 08:01:34 UTC]   Automatic plugin updates complete.
[04-Aug-2026 08:01:34 UTC]   Automatic theme updates starting...
[04-Aug-2026 08:01:34 UTC]   Automatic theme updates complete.
[04-Aug-2026 08:01:34 UTC] Automatic updates complete.
[04-Aug-2026 09:05:30 UTC] Automatic updates starting...
[04-Aug-2026 09:05:30 UTC]   Automatic plugin updates starting...
[04-Aug-2026 09:05:30 UTC]   Automatic plugin updates complete.
[04-Aug-2026 09:05:30 UTC]   Automatic theme updates starting...
[04-Aug-2026 09:05:30 UTC]   Automatic theme updates complete.
[04-Aug-2026 09:05:30 UTC] Automatic updates complete.
[04-Aug-2026 10:19:16 UTC] Automatic updates starting...
[04-Aug-2026 10:19:16 UTC]   Automatic plugin updates starting...
[04-Aug-2026 10:19:16 UTC]   Automatic plugin updates complete.
[04-Aug-2026 10:19:16 UTC]   Automatic theme updates starting...
[04-Aug-2026 10:19:16 UTC]   Automatic theme updates complete.
[04-Aug-2026 10:19:16 UTC] Automatic updates complete.
[04-Aug-2026 11:19:29 UTC] Automatic updates starting...
[04-Aug-2026 11:19:29 UTC]   Automatic plugin updates starting...
[04-Aug-2026 11:19:29 UTC]   Automatic plugin updates complete.
[04-Aug-2026 11:19:29 UTC]   Automatic theme updates starting...
[04-Aug-2026 11:19:29 UTC]   Automatic theme updates complete.
[04-Aug-2026 11:19:29 UTC] Automatic updates complete.
[04-Aug-2026 12:20:32 UTC] Automatic updates starting...
[04-Aug-2026 12:20:32 UTC]   Automatic plugin updates starting...
[04-Aug-2026 12:20:32 UTC]   Automatic plugin updates complete.
[04-Aug-2026 12:20:32 UTC]   Automatic theme updates starting...
[04-Aug-2026 12:20:32 UTC]   Automatic theme updates complete.
[04-Aug-2026 12:20:32 UTC] Automatic updates complete.
[04-Aug-2026 13:20:54 UTC] Automatic updates starting...
[04-Aug-2026 13:20:54 UTC]   Automatic plugin updates starting...
[04-Aug-2026 13:20:54 UTC]   Automatic plugin updates complete.
[04-Aug-2026 13:20:54 UTC]   Automatic theme updates starting...
[04-Aug-2026 13:20:54 UTC]   Automatic theme updates complete.
[04-Aug-2026 13:20:54 UTC] Automatic updates complete.
[04-Aug-2026 14:23:45 UTC] Automatic updates starting...
[04-Aug-2026 14:23:45 UTC]   Automatic plugin updates starting...
[04-Aug-2026 14:23:45 UTC]   Automatic plugin updates complete.
[04-Aug-2026 14:23:45 UTC]   Automatic theme updates starting...
[04-Aug-2026 14:23:45 UTC]   Automatic theme updates complete.
[04-Aug-2026 14:23:45 UTC] Automatic updates complete.
[04-Aug-2026 15:24:26 UTC] Automatic updates starting...
[04-Aug-2026 15:24:26 UTC]   Automatic plugin updates starting...
[04-Aug-2026 15:24:26 UTC]   Automatic plugin updates complete.
[04-Aug-2026 15:24:26 UTC]   Automatic theme updates starting...
[04-Aug-2026 15:24:26 UTC]   Automatic theme updates complete.
[04-Aug-2026 15:24:26 UTC] Automatic updates complete.
[04-Aug-2026 16:25:39 UTC] Automatic updates starting...
[04-Aug-2026 16:25:39 UTC]   Automatic plugin updates starting...
[04-Aug-2026 16:25:39 UTC]   Automatic plugin updates complete.
[04-Aug-2026 16:25:39 UTC]   Automatic theme updates starting...
[04-Aug-2026 16:25:39 UTC]   Automatic theme updates complete.
[04-Aug-2026 16:25:39 UTC] Automatic updates complete.
[04-Aug-2026 17:26:07 UTC] Automatic updates starting...
[04-Aug-2026 17:26:07 UTC]   Automatic plugin updates starting...
[04-Aug-2026 17:26:07 UTC]   Automatic plugin updates complete.
[04-Aug-2026 17:26:07 UTC]   Automatic theme updates starting...
[04-Aug-2026 17:26:07 UTC]   Automatic theme updates complete.
[04-Aug-2026 17:26:07 UTC] Automatic updates complete.
[04-Aug-2026 18:31:31 UTC] Automatic updates starting...
[04-Aug-2026 18:31:32 UTC]   Automatic plugin updates starting...
[04-Aug-2026 18:31:32 UTC]   Automatic plugin updates complete.
[04-Aug-2026 18:31:32 UTC]   Automatic theme updates starting...
[04-Aug-2026 18:31:32 UTC]   Automatic theme updates complete.
[04-Aug-2026 18:31:32 UTC] Automatic updates complete.
[04-Aug-2026 19:34:01 UTC] Automatic updates starting...
[04-Aug-2026 19:34:01 UTC]   Automatic plugin updates starting...
[04-Aug-2026 19:34:01 UTC]   Automatic plugin updates complete.
[04-Aug-2026 19:34:01 UTC]   Automatic theme updates starting...
[04-Aug-2026 19:34:01 UTC]   Automatic theme updates complete.
[04-Aug-2026 19:34:01 UTC] Automatic updates complete.
[04-Aug-2026 20:34:11 UTC] Automatic updates starting...
[04-Aug-2026 20:34:11 UTC]   Automatic plugin updates starting...
[04-Aug-2026 20:34:11 UTC]   Automatic plugin updates complete.
[04-Aug-2026 20:34:11 UTC]   Automatic theme updates starting...
[04-Aug-2026 20:34:11 UTC]   Automatic theme updates complete.
[04-Aug-2026 20:34:11 UTC] Automatic updates complete.
[04-Aug-2026 21:34:21 UTC] Automatic updates starting...
[04-Aug-2026 21:34:21 UTC]   Automatic plugin updates starting...
[04-Aug-2026 21:34:21 UTC]   Automatic plugin updates complete.
[04-Aug-2026 21:34:21 UTC]   Automatic theme updates starting...
[04-Aug-2026 21:34:21 UTC]   Automatic theme updates complete.
[04-Aug-2026 21:34:21 UTC] Automatic updates complete.
[04-Aug-2026 22:14:57 UTC] Automatic updates starting...
[04-Aug-2026 22:14:58 UTC]   Automatic plugin updates starting...
[04-Aug-2026 22:14:58 UTC]   Automatic plugin updates complete.
[04-Aug-2026 22:14:58 UTC]   Automatic theme updates starting...
[04-Aug-2026 22:14:58 UTC]   Automatic theme updates complete.
[04-Aug-2026 22:14:58 UTC] Automatic updates complete.
[04-Aug-2026 23:15:00 UTC] Automatic updates starting...
[04-Aug-2026 23:15:01 UTC]   Automatic plugin updates starting...
[04-Aug-2026 23:15:01 UTC]   Automatic plugin updates complete.
[04-Aug-2026 23:15:01 UTC]   Automatic theme updates starting...
[04-Aug-2026 23:15:01 UTC]   Automatic theme updates complete.
[04-Aug-2026 23:15:01 UTC] Automatic updates complete.
[05-Aug-2026 00:17:29 UTC] Automatic updates starting...
[05-Aug-2026 00:17:29 UTC]   Automatic plugin updates starting...
[05-Aug-2026 00:17:29 UTC]   Automatic plugin updates complete.
[05-Aug-2026 00:17:29 UTC]   Automatic theme updates starting...
[05-Aug-2026 00:17:29 UTC]   Automatic theme updates complete.
[05-Aug-2026 00:17:29 UTC] Automatic updates complete.
[05-Aug-2026 01:20:05 UTC] Automatic updates starting...
[05-Aug-2026 01:20:05 UTC]   Automatic plugin updates starting...
[05-Aug-2026 01:20:05 UTC]   Automatic plugin updates complete.
[05-Aug-2026 01:20:05 UTC]   Automatic theme updates starting...
[05-Aug-2026 01:20:05 UTC]   Automatic theme updates complete.
[05-Aug-2026 01:20:05 UTC] Automatic updates complete.
[05-Aug-2026 02:22:28 UTC] Automatic updates starting...
[05-Aug-2026 02:22:28 UTC]   Automatic plugin updates starting...
[05-Aug-2026 02:22:28 UTC]   Automatic plugin updates complete.
[05-Aug-2026 02:22:28 UTC]   Automatic theme updates starting...
[05-Aug-2026 02:22:28 UTC]   Automatic theme updates complete.
[05-Aug-2026 02:22:28 UTC] Automatic updates complete.
[05-Aug-2026 03:25:35 UTC] Automatic updates starting...
[05-Aug-2026 03:25:36 UTC]   Automatic plugin updates starting...
[05-Aug-2026 03:25:36 UTC]   Automatic plugin updates complete.
[05-Aug-2026 03:25:36 UTC]   Automatic theme updates starting...
[05-Aug-2026 03:25:36 UTC]   Automatic theme updates complete.
[05-Aug-2026 03:25:36 UTC] Automatic updates complete.
[05-Aug-2026 04:30:08 UTC] Automatic updates starting...
[05-Aug-2026 04:30:09 UTC]   Automatic plugin updates starting...
[05-Aug-2026 04:30:09 UTC]   Automatic plugin updates complete.
[05-Aug-2026 04:30:09 UTC]   Automatic theme updates starting...
[05-Aug-2026 04:30:09 UTC]   Automatic theme updates complete.
[05-Aug-2026 04:30:09 UTC] Automatic updates complete.
[05-Aug-2026 05:31:18 UTC] Automatic updates starting...
[05-Aug-2026 05:31:18 UTC]   Automatic plugin updates starting...
[05-Aug-2026 05:31:18 UTC]   Automatic plugin updates complete.
[05-Aug-2026 05:31:18 UTC]   Automatic theme updates starting...
[05-Aug-2026 05:31:18 UTC]   Automatic theme updates complete.
[05-Aug-2026 05:31:18 UTC] Automatic updates complete.
[05-Aug-2026 06:38:00 UTC] Automatic updates starting...
[05-Aug-2026 06:38:01 UTC]   Automatic plugin updates starting...
[05-Aug-2026 06:38:01 UTC]   Automatic plugin updates complete.
[05-Aug-2026 06:38:01 UTC]   Automatic theme updates starting...
[05-Aug-2026 06:38:01 UTC]   Automatic theme updates complete.
[05-Aug-2026 06:38:01 UTC] Automatic updates complete.
[05-Aug-2026 07:48:33 UTC] Automatic updates starting...
[05-Aug-2026 07:48:33 UTC]   Automatic plugin updates starting...
[05-Aug-2026 07:48:33 UTC]   Automatic plugin updates complete.
[05-Aug-2026 07:48:33 UTC]   Automatic theme updates starting...
[05-Aug-2026 07:48:33 UTC]   Automatic theme updates complete.
[05-Aug-2026 07:48:33 UTC] Automatic updates complete.
[05-Aug-2026 08:52:20 UTC] Automatic updates starting...
[05-Aug-2026 08:52:21 UTC]   Automatic plugin updates starting...
[05-Aug-2026 08:52:21 UTC]   Automatic plugin updates complete.
[05-Aug-2026 08:52:21 UTC]   Automatic theme updates starting...
[05-Aug-2026 08:52:21 UTC]   Automatic theme updates complete.
[05-Aug-2026 08:52:21 UTC] Automatic updates complete.
[05-Aug-2026 09:56:12 UTC] Automatic updates starting...
[05-Aug-2026 09:56:12 UTC]   Automatic plugin updates starting...
[05-Aug-2026 09:56:12 UTC]   Automatic plugin updates complete.
[05-Aug-2026 09:56:12 UTC]   Automatic theme updates starting...
[05-Aug-2026 09:56:12 UTC]   Automatic theme updates complete.
[05-Aug-2026 09:56:12 UTC] Automatic updates complete.
[05-Aug-2026 10:17:27 UTC] Automatic updates starting...
[05-Aug-2026 10:17:27 UTC]   Automatic plugin updates starting...
[05-Aug-2026 10:17:27 UTC]   Automatic plugin updates complete.
[05-Aug-2026 10:17:27 UTC]   Automatic theme updates starting...
[05-Aug-2026 10:17:27 UTC]   Automatic theme updates complete.
[05-Aug-2026 10:17:27 UTC] Automatic updates complete.
[05-Aug-2026 11:18:01 UTC] Automatic updates starting...
[05-Aug-2026 11:18:01 UTC]   Automatic plugin updates starting...
[05-Aug-2026 11:18:01 UTC]   Automatic plugin updates complete.
[05-Aug-2026 11:18:01 UTC]   Automatic theme updates starting...
[05-Aug-2026 11:18:01 UTC]   Automatic theme updates complete.
[05-Aug-2026 11:18:01 UTC] Automatic updates complete.
[05-Aug-2026 12:18:20 UTC] Automatic updates starting...
[05-Aug-2026 12:18:20 UTC]   Automatic plugin updates starting...
[05-Aug-2026 12:18:20 UTC]   Automatic plugin updates complete.
[05-Aug-2026 12:18:20 UTC]   Automatic theme updates starting...
[05-Aug-2026 12:18:20 UTC]   Automatic theme updates complete.
[05-Aug-2026 12:18:20 UTC] Automatic updates complete.
[05-Aug-2026 13:19:36 UTC] Automatic updates starting...
[05-Aug-2026 13:19:36 UTC]   Automatic plugin updates starting...
[05-Aug-2026 13:19:36 UTC]   Automatic plugin updates complete.
[05-Aug-2026 13:19:36 UTC]   Automatic theme updates starting...
[05-Aug-2026 13:19:36 UTC]   Automatic theme updates complete.
[05-Aug-2026 13:19:36 UTC] Automatic updates complete.
[05-Aug-2026 14:24:49 UTC] Automatic updates starting...
[05-Aug-2026 14:24:49 UTC]   Automatic plugin updates starting...
[05-Aug-2026 14:24:49 UTC]   Automatic plugin updates complete.
[05-Aug-2026 14:24:49 UTC]   Automatic theme updates starting...
[05-Aug-2026 14:24:49 UTC]   Automatic theme updates complete.
[05-Aug-2026 14:24:49 UTC] Automatic updates complete.
[05-Aug-2026 15:27:30 UTC] Automatic updates starting...
[05-Aug-2026 15:27:30 UTC]   Automatic plugin updates starting...
[05-Aug-2026 15:27:30 UTC]   Automatic plugin updates complete.
[05-Aug-2026 15:27:30 UTC]   Automatic theme updates starting...
[05-Aug-2026 15:27:30 UTC]   Automatic theme updates complete.
[05-Aug-2026 15:27:30 UTC] Automatic updates complete.
[05-Aug-2026 16:28:02 UTC] Automatic updates starting...
[05-Aug-2026 16:28:02 UTC]   Automatic plugin updates starting...
[05-Aug-2026 16:28:02 UTC]   Automatic plugin updates complete.
[05-Aug-2026 16:28:02 UTC]   Automatic theme updates starting...
[05-Aug-2026 16:28:02 UTC]   Automatic theme updates complete.
[05-Aug-2026 16:28:02 UTC] Automatic updates complete.
[05-Aug-2026 17:30:42 UTC] Automatic updates starting...
[05-Aug-2026 17:30:42 UTC]   Automatic plugin updates starting...
[05-Aug-2026 17:30:42 UTC]   Automatic plugin updates complete.
[05-Aug-2026 17:30:42 UTC]   Automatic theme updates starting...
[05-Aug-2026 17:30:42 UTC]   Automatic theme updates complete.
[05-Aug-2026 17:30:42 UTC] Automatic updates complete.
[05-Aug-2026 18:31:53 UTC] Automatic updates starting...
[05-Aug-2026 18:31:54 UTC]   Automatic plugin updates starting...
[05-Aug-2026 18:31:54 UTC]   Automatic plugin updates complete.
[05-Aug-2026 18:31:54 UTC]   Automatic theme updates starting...
[05-Aug-2026 18:31:54 UTC]   Automatic theme updates complete.
[05-Aug-2026 18:31:54 UTC] Automatic updates complete.
[05-Aug-2026 19:32:08 UTC] Automatic updates starting...
[05-Aug-2026 19:32:09 UTC]   Automatic plugin updates starting...
[05-Aug-2026 19:32:09 UTC]   Automatic plugin updates complete.
[05-Aug-2026 19:32:09 UTC]   Automatic theme updates starting...
[05-Aug-2026 19:32:09 UTC]   Automatic theme updates complete.
[05-Aug-2026 19:32:09 UTC] Automatic updates complete.
[05-Aug-2026 20:32:26 UTC] Automatic updates starting...
[05-Aug-2026 20:32:26 UTC]   Automatic plugin updates starting...
[05-Aug-2026 20:32:26 UTC]   Automatic plugin updates complete.
[05-Aug-2026 20:32:26 UTC]   Automatic theme updates starting...
[05-Aug-2026 20:32:26 UTC]   Automatic theme updates complete.
[05-Aug-2026 20:32:26 UTC] Automatic updates complete.
[05-Aug-2026 21:34:38 UTC] Automatic updates starting...
[05-Aug-2026 21:34:38 UTC]   Automatic plugin updates starting...
[05-Aug-2026 21:34:38 UTC]   Automatic plugin updates complete.
[05-Aug-2026 21:34:38 UTC]   Automatic theme updates starting...
[05-Aug-2026 21:34:38 UTC]   Automatic theme updates complete.
[05-Aug-2026 21:34:38 UTC] Automatic updates complete.
[05-Aug-2026 22:15:01 UTC] Automatic updates starting...
[05-Aug-2026 22:15:01 UTC]   Automatic plugin updates starting...
[05-Aug-2026 22:15:01 UTC]   Automatic plugin updates complete.
[05-Aug-2026 22:15:01 UTC]   Automatic theme updates starting...
[05-Aug-2026 22:15:01 UTC]   Automatic theme updates complete.
[05-Aug-2026 22:15:01 UTC] Automatic updates complete.
[05-Aug-2026 23:19:32 UTC] Automatic updates starting...
[05-Aug-2026 23:19:32 UTC]   Automatic plugin updates starting...
[05-Aug-2026 23:19:32 UTC]   Automatic plugin updates complete.
[05-Aug-2026 23:19:32 UTC]   Automatic theme updates starting...
[05-Aug-2026 23:19:32 UTC]   Automatic theme updates complete.
[05-Aug-2026 23:19:32 UTC] Automatic updates complete.
[06-Aug-2026 00:20:51 UTC] Automatic updates starting...
[06-Aug-2026 00:20:51 UTC]   Automatic plugin updates starting...
[06-Aug-2026 00:20:51 UTC]   Automatic plugin updates complete.
[06-Aug-2026 00:20:51 UTC]   Automatic theme updates starting...
[06-Aug-2026 00:20:51 UTC]   Automatic theme updates complete.
[06-Aug-2026 00:20:51 UTC] Automatic updates complete.
[06-Aug-2026 01:23:56 UTC] Automatic updates starting...
[06-Aug-2026 01:23:57 UTC]   Automatic plugin updates starting...
[06-Aug-2026 01:23:57 UTC]   Automatic plugin updates complete.
[06-Aug-2026 01:23:57 UTC]   Automatic theme updates starting...
[06-Aug-2026 01:23:57 UTC]   Automatic theme updates complete.
[06-Aug-2026 01:23:57 UTC] Automatic updates complete.
[06-Aug-2026 02:24:19 UTC] Automatic updates starting...
[06-Aug-2026 02:24:19 UTC]   Automatic plugin updates starting...
[06-Aug-2026 02:24:19 UTC]   Automatic plugin updates complete.
[06-Aug-2026 02:24:19 UTC]   Automatic theme updates starting...
[06-Aug-2026 02:24:19 UTC]   Automatic theme updates complete.
[06-Aug-2026 02:24:19 UTC] Automatic updates complete.
[06-Aug-2026 03:25:15 UTC] Automatic updates starting...
[06-Aug-2026 03:25:16 UTC]   Automatic plugin updates starting...
[06-Aug-2026 03:25:16 UTC]   Automatic plugin updates complete.
[06-Aug-2026 03:25:16 UTC]   Automatic theme updates starting...
[06-Aug-2026 03:25:16 UTC]   Automatic theme updates complete.
[06-Aug-2026 03:25:16 UTC] Automatic updates complete.
[06-Aug-2026 04:25:15 UTC] Automatic updates starting...
[06-Aug-2026 04:25:16 UTC]   Automatic plugin updates starting...
[06-Aug-2026 04:25:16 UTC]   Automatic plugin updates complete.
[06-Aug-2026 04:25:16 UTC]   Automatic theme updates starting...
[06-Aug-2026 04:25:16 UTC]   Automatic theme updates complete.
[06-Aug-2026 04:25:16 UTC] Automatic updates complete.
[06-Aug-2026 05:27:25 UTC] Automatic updates starting...
[06-Aug-2026 05:27:25 UTC]   Automatic plugin updates starting...
[06-Aug-2026 05:27:25 UTC]   Automatic plugin updates complete.
[06-Aug-2026 05:27:25 UTC]   Automatic theme updates starting...
[06-Aug-2026 05:27:25 UTC]   Automatic theme updates complete.
[06-Aug-2026 05:27:25 UTC] Automatic updates complete.
[06-Aug-2026 06:29:22 UTC] Automatic updates starting...
[06-Aug-2026 06:29:22 UTC]   Automatic plugin updates starting...
[06-Aug-2026 06:29:22 UTC]   Automatic plugin updates complete.
[06-Aug-2026 06:29:22 UTC]   Automatic theme updates starting...
[06-Aug-2026 06:29:22 UTC]   Automatic theme updates complete.
[06-Aug-2026 06:29:22 UTC] Automatic updates complete.
[06-Aug-2026 07:32:45 UTC] Automatic updates starting...
[06-Aug-2026 07:32:45 UTC]   Automatic plugin updates starting...
[06-Aug-2026 07:32:45 UTC]   Automatic plugin updates complete.
[06-Aug-2026 07:32:45 UTC]   Automatic theme updates starting...
[06-Aug-2026 07:32:45 UTC]   Automatic theme updates complete.
[06-Aug-2026 07:32:45 UTC] Automatic updates complete.
[06-Aug-2026 08:34:38 UTC] Automatic updates starting...
[06-Aug-2026 08:34:38 UTC]   Automatic plugin updates starting...
[06-Aug-2026 08:34:38 UTC]   Automatic plugin updates complete.
[06-Aug-2026 08:34:38 UTC]   Automatic theme updates starting...
[06-Aug-2026 08:34:38 UTC]   Automatic theme updates complete.
[06-Aug-2026 08:34:38 UTC] Automatic updates complete.
[06-Aug-2026 09:35:19 UTC] Automatic updates starting...
[06-Aug-2026 09:35:19 UTC]   Automatic plugin updates starting...
[06-Aug-2026 09:35:19 UTC]   Automatic plugin updates complete.
[06-Aug-2026 09:35:19 UTC]   Automatic theme updates starting...
[06-Aug-2026 09:35:19 UTC]   Automatic theme updates complete.
[06-Aug-2026 09:35:19 UTC] Automatic updates complete.
[06-Aug-2026 10:22:05 UTC] Automatic updates starting...
[06-Aug-2026 10:22:05 UTC]   Automatic plugin updates starting...
[06-Aug-2026 10:22:05 UTC]   Automatic plugin updates complete.
[06-Aug-2026 10:22:05 UTC]   Automatic theme updates starting...
[06-Aug-2026 10:22:05 UTC]   Automatic theme updates complete.
[06-Aug-2026 10:22:05 UTC] Automatic updates complete.
[06-Aug-2026 11:22:26 UTC] Automatic updates starting...
[06-Aug-2026 11:22:26 UTC]   Automatic plugin updates starting...
[06-Aug-2026 11:22:26 UTC]   Automatic plugin updates complete.
[06-Aug-2026 11:22:26 UTC]   Automatic theme updates starting...
[06-Aug-2026 11:22:26 UTC]   Automatic theme updates complete.
[06-Aug-2026 11:22:26 UTC] Automatic updates complete.
[06-Aug-2026 12:23:33 UTC] Automatic updates starting...
[06-Aug-2026 12:23:34 UTC]   Automatic plugin updates starting...
[06-Aug-2026 12:23:34 UTC]   Automatic plugin updates complete.
[06-Aug-2026 12:23:34 UTC]   Automatic theme updates starting...
[06-Aug-2026 12:23:34 UTC]   Automatic theme updates complete.
[06-Aug-2026 12:23:34 UTC] Automatic updates complete.
[06-Aug-2026 13:25:05 UTC] Automatic updates starting...
[06-Aug-2026 13:25:06 UTC]   Automatic plugin updates starting...
[06-Aug-2026 13:25:06 UTC]   Automatic plugin updates complete.
[06-Aug-2026 13:25:06 UTC]   Automatic theme updates starting...
[06-Aug-2026 13:25:06 UTC]   Automatic theme updates complete.
[06-Aug-2026 13:25:06 UTC] Automatic updates complete.
[06-Aug-2026 14:26:15 UTC] Automatic updates starting...
[06-Aug-2026 14:26:16 UTC]   Automatic plugin updates starting...
[06-Aug-2026 14:26:16 UTC]   Automatic plugin updates complete.
[06-Aug-2026 14:26:16 UTC]   Automatic theme updates starting...
[06-Aug-2026 14:26:16 UTC]   Automatic theme updates complete.
[06-Aug-2026 14:26:16 UTC] Automatic updates complete.
[06-Aug-2026 15:30:09 UTC] Automatic updates starting...
[06-Aug-2026 15:30:10 UTC]   Automatic plugin updates starting...
[06-Aug-2026 15:30:10 UTC]   Automatic plugin updates complete.
[06-Aug-2026 15:30:10 UTC]   Automatic theme updates starting...
[06-Aug-2026 15:30:10 UTC]   Automatic theme updates complete.
[06-Aug-2026 15:30:10 UTC] Automatic updates complete.
[06-Aug-2026 16:31:36 UTC] Automatic updates starting...
[06-Aug-2026 16:31:37 UTC]   Automatic plugin updates starting...
[06-Aug-2026 16:31:37 UTC]   Automatic plugin updates complete.
[06-Aug-2026 16:31:37 UTC]   Automatic theme updates starting...
[06-Aug-2026 16:31:37 UTC]   Automatic theme updates complete.
[06-Aug-2026 16:31:37 UTC] Automatic updates complete.
[06-Aug-2026 17:31:40 UTC] Automatic updates starting...
[06-Aug-2026 17:31:40 UTC]   Automatic plugin updates starting...
[06-Aug-2026 17:31:40 UTC]   Automatic plugin updates complete.
[06-Aug-2026 17:31:40 UTC]   Automatic theme updates starting...
[06-Aug-2026 17:31:40 UTC]   Automatic theme updates complete.
[06-Aug-2026 17:31:40 UTC] Automatic updates complete.
[06-Aug-2026 18:31:53 UTC] Automatic updates starting...
[06-Aug-2026 18:31:54 UTC]   Automatic plugin updates starting...
[06-Aug-2026 18:31:54 UTC]   Automatic plugin updates complete.
[06-Aug-2026 18:31:54 UTC]   Automatic theme updates starting...
[06-Aug-2026 18:31:54 UTC]   Automatic theme updates complete.
[06-Aug-2026 18:31:54 UTC] Automatic updates complete.
[06-Aug-2026 19:33:56 UTC] Automatic updates starting...
[06-Aug-2026 19:33:56 UTC]   Automatic plugin updates starting...
[06-Aug-2026 19:33:56 UTC]   Automatic plugin updates complete.
[06-Aug-2026 19:33:56 UTC]   Automatic theme updates starting...
[06-Aug-2026 19:33:56 UTC]   Automatic theme updates complete.
[06-Aug-2026 19:33:56 UTC] Automatic updates complete.
[06-Aug-2026 22:19:12 UTC] Automatic updates starting...
[06-Aug-2026 22:19:12 UTC]   Automatic plugin updates starting...
[06-Aug-2026 22:19:12 UTC]   Automatic plugin updates complete.
[06-Aug-2026 22:19:12 UTC]   Automatic theme updates starting...
[06-Aug-2026 22:19:12 UTC]   Automatic theme updates complete.
[06-Aug-2026 22:19:12 UTC] Automatic updates complete.
[07-Aug-2026 10:19:22 UTC] Automatic updates starting...
[07-Aug-2026 10:19:22 UTC]   Automatic plugin updates starting...
[07-Aug-2026 10:19:22 UTC]   Automatic plugin updates complete.
[07-Aug-2026 10:19:22 UTC]   Automatic theme updates starting...
[07-Aug-2026 10:19:22 UTC]   Automatic theme updates complete.
[07-Aug-2026 10:19:22 UTC] Automatic updates complete.
[07-Aug-2026 22:16:14 UTC] Automatic updates starting...
[07-Aug-2026 22:16:14 UTC]   Automatic plugin updates starting...
[07-Aug-2026 22:16:14 UTC]   Automatic plugin updates complete.
[07-Aug-2026 22:16:14 UTC]   Automatic theme updates starting...
[07-Aug-2026 22:16:14 UTC]   Automatic theme updates complete.
[07-Aug-2026 22:16:14 UTC] Automatic updates complete.
[08-Aug-2026 10:16:20 UTC] Automatic updates starting...
[08-Aug-2026 10:16:20 UTC]   Automatic plugin updates starting...
[08-Aug-2026 10:16:20 UTC]   Automatic plugin updates complete.
[08-Aug-2026 10:16:20 UTC]   Automatic theme updates starting...
[08-Aug-2026 10:16:20 UTC]   Automatic theme updates complete.
[08-Aug-2026 10:16:20 UTC] Automatic updates complete.
[08-Aug-2026 11:54:09 UTC] PHP Warning:  Invalid argument supplied for foreach() in /home/servpcxr/8kiptv.co/tvss/wp-content/plugins/userfeedback-lite/includes/admin/class-userfeedback-notifications.php on line 236
[08-Aug-2026 11:54:25 UTC] PHP Notice:  Function map_meta_cap was called <strong>incorrectly</strong>. The post type <code>product</code> is not registered, so it may not be reliable to check the capability <code>read_post</code> against a post of that type. Please see <a href="https://developer.wordpress.org/advanced-administration/debug/debug-wordpress/">Debugging in WordPress</a> for more information. (This message was added in version 4.4.0.) in /home/servpcxr/8kiptv.co/tvss/wp-includes/functions.php on line 6170
[08-Aug-2026 20:59:17 UTC] PHP Notice:  Function map_meta_cap was called <strong>incorrectly</strong>. The post type <code>product</code> is not registered, so it may not be reliable to check the capability <code>read_post</code> against a post of that type. Please see <a href="https://developer.wordpress.org/advanced-administration/debug/debug-wordpress/">Debugging in WordPress</a> for more information. (This message was added in version 4.4.0.) in /home/servpcxr/8kiptv.co/tvss/wp-includes/functions.php on line 6170
[08-Aug-2026 22:15:28 UTC] Automatic updates starting...
[08-Aug-2026 22:15:28 UTC]   Automatic plugin updates starting...
[08-Aug-2026 22:15:28 UTC]   Automatic plugin updates complete.
[08-Aug-2026 22:15:28 UTC]   Automatic theme updates starting...
[08-Aug-2026 22:15:28 UTC]   Automatic theme updates complete.
[08-Aug-2026 22:15:28 UTC] Automatic updates complete.
[09-Aug-2026 03:17:29 UTC] Cron reschedule event error for hook: action_scheduler_run_queue, Error code: could_not_set, Error message: The cron event list could not be saved., Data: {"schedule":"every_minute","args":["WP Cron"],"interval":60}
[09-Aug-2026 10:15:10 UTC] Automatic updates starting...
[09-Aug-2026 10:15:11 UTC]   Automatic plugin updates starting...
[09-Aug-2026 10:15:11 UTC]   Automatic plugin updates complete.
[09-Aug-2026 10:15:11 UTC]   Automatic theme updates starting...
[09-Aug-2026 10:15:11 UTC]   Automatic theme updates complete.
[09-Aug-2026 10:15:11 UTC] Automatic updates complete.
[09-Aug-2026 22:16:47 UTC] Automatic updates starting...
[09-Aug-2026 22:16:47 UTC]   Automatic plugin updates starting...
[09-Aug-2026 22:16:47 UTC]   Automatic plugin updates complete.
[09-Aug-2026 22:16:47 UTC]   Automatic theme updates starting...
[09-Aug-2026 22:16:47 UTC]   Automatic theme updates complete.
[09-Aug-2026 22:16:47 UTC] Automatic updates complete.
[10-Aug-2026 10:17:01 UTC] Automatic updates starting...
[10-Aug-2026 10:17:02 UTC]   Automatic plugin updates starting...
[10-Aug-2026 10:17:02 UTC]   Automatic plugin updates complete.
[10-Aug-2026 10:17:02 UTC]   Automatic theme updates starting...
[10-Aug-2026 10:17:02 UTC]   Automatic theme updates complete.
[10-Aug-2026 10:17:02 UTC] Automatic updates complete.
[10-Aug-2026 22:16:51 UTC] Automatic updates starting...
[10-Aug-2026 22:16:51 UTC]   Automatic plugin updates starting...
[10-Aug-2026 22:16:51 UTC]   Automatic plugin updates complete.
[10-Aug-2026 22:16:51 UTC]   Automatic theme updates starting...
[10-Aug-2026 22:16:51 UTC]   Automatic theme updates complete.
[10-Aug-2026 22:16:51 UTC] Automatic updates complete.
[11-Aug-2026 10:16:01 UTC] Automatic updates starting...
[11-Aug-2026 10:16:02 UTC]   Automatic plugin updates starting...
[11-Aug-2026 10:16:02 UTC]   Automatic plugin updates complete.
[11-Aug-2026 10:16:02 UTC]   Automatic theme updates starting...
[11-Aug-2026 10:16:02 UTC]   Automatic theme updates complete.
[11-Aug-2026 10:16:02 UTC] Automatic updates complete.
[11-Aug-2026 11:16:16 UTC] Automatic updates starting...
[11-Aug-2026 11:16:16 UTC]   Automatic plugin updates starting...
[11-Aug-2026 11:16:16 UTC]   Automatic plugin updates complete.
[11-Aug-2026 11:16:16 UTC]   Automatic theme updates starting...
[11-Aug-2026 11:16:16 UTC]   Automatic theme updates complete.
[11-Aug-2026 11:16:16 UTC] Automatic updates complete.
[11-Aug-2026 12:16:35 UTC] Automatic updates starting...
[11-Aug-2026 12:16:35 UTC]   Automatic plugin updates starting...
[11-Aug-2026 12:16:35 UTC]   Automatic plugin updates complete.
[11-Aug-2026 12:16:35 UTC]   Automatic theme updates starting...
[11-Aug-2026 12:16:35 UTC]   Automatic theme updates complete.
[11-Aug-2026 12:16:35 UTC] Automatic updates complete.
[11-Aug-2026 13:18:13 UTC] Automatic updates starting...
[11-Aug-2026 13:18:13 UTC]   Automatic plugin updates starting...
[11-Aug-2026 13:18:13 UTC]   Automatic plugin updates complete.
[11-Aug-2026 13:18:13 UTC]   Automatic theme updates starting...
[11-Aug-2026 13:18:13 UTC]   Automatic theme updates complete.
[11-Aug-2026 13:18:13 UTC] Automatic updates complete.
[11-Aug-2026 14:19:21 UTC] Automatic updates starting...
[11-Aug-2026 14:19:22 UTC]   Automatic plugin updates starting...
[11-Aug-2026 14:19:22 UTC]   Automatic plugin updates complete.
[11-Aug-2026 14:19:22 UTC]   Automatic theme updates starting...
[11-Aug-2026 14:19:22 UTC]   Automatic theme updates complete.
[11-Aug-2026 14:19:22 UTC] Automatic updates complete.
[11-Aug-2026 15:19:56 UTC] Automatic updates starting...
[11-Aug-2026 15:19:56 UTC]   Automatic plugin updates starting...
[11-Aug-2026 15:19:56 UTC]   Automatic plugin updates complete.
[11-Aug-2026 15:19:56 UTC]   Automatic theme updates starting...
[11-Aug-2026 15:19:56 UTC]   Automatic theme updates complete.
[11-Aug-2026 15:19:56 UTC] Automatic updates complete.
[11-Aug-2026 16:20:15 UTC] Automatic updates starting...
[11-Aug-2026 16:20:15 UTC]   Automatic plugin updates starting...
[11-Aug-2026 16:20:15 UTC]   Automatic plugin updates complete.
[11-Aug-2026 16:20:15 UTC]   Automatic theme updates starting...
[11-Aug-2026 16:20:15 UTC]   Automatic theme updates complete.
[11-Aug-2026 16:20:15 UTC] Automatic updates complete.
[11-Aug-2026 17:21:33 UTC] Automatic updates starting...
[11-Aug-2026 17:21:34 UTC]   Automatic plugin updates starting...
[11-Aug-2026 17:21:34 UTC]   Automatic plugin updates complete.
[11-Aug-2026 17:21:34 UTC]   Automatic theme updates starting...
[11-Aug-2026 17:21:34 UTC]   Automatic theme updates complete.
[11-Aug-2026 17:21:34 UTC] Automatic updates complete.
[11-Aug-2026 18:24:15 UTC] Automatic updates starting...
[11-Aug-2026 18:24:15 UTC]   Automatic plugin updates starting...
[11-Aug-2026 18:24:15 UTC]   Automatic plugin updates complete.
[11-Aug-2026 18:24:15 UTC]   Automatic theme updates starting...
[11-Aug-2026 18:24:15 UTC]   Automatic theme updates complete.
[11-Aug-2026 18:24:15 UTC] Automatic updates complete.
[11-Aug-2026 19:25:10 UTC] Automatic updates starting...
[11-Aug-2026 19:25:10 UTC]   Automatic plugin updates starting...
[11-Aug-2026 19:25:10 UTC]   Automatic plugin updates complete.
[11-Aug-2026 19:25:10 UTC]   Automatic theme updates starting...
[11-Aug-2026 19:25:10 UTC]   Automatic theme updates complete.
[11-Aug-2026 19:25:10 UTC] Automatic updates complete.
[11-Aug-2026 20:26:33 UTC] Automatic updates starting...
[11-Aug-2026 20:26:33 UTC]   Automatic plugin updates starting...
[11-Aug-2026 20:26:33 UTC]   Automatic plugin updates complete.
[11-Aug-2026 20:26:33 UTC]   Automatic theme updates starting...
[11-Aug-2026 20:26:33 UTC]   Automatic theme updates complete.
[11-Aug-2026 20:26:33 UTC] Automatic updates complete.
[11-Aug-2026 21:26:49 UTC] Automatic updates starting...
[11-Aug-2026 21:26:49 UTC]   Automatic plugin updates starting...
[11-Aug-2026 21:26:49 UTC]   Automatic plugin updates complete.
[11-Aug-2026 21:26:49 UTC]   Automatic theme updates starting...
[11-Aug-2026 21:26:49 UTC]   Automatic theme updates complete.
[11-Aug-2026 21:26:49 UTC] Automatic updates complete.
[11-Aug-2026 22:18:08 UTC] Automatic updates starting...
[11-Aug-2026 22:18:08 UTC]   Automatic plugin updates starting...
[11-Aug-2026 22:18:08 UTC]   Automatic plugin updates complete.
[11-Aug-2026 22:18:08 UTC]   Automatic theme updates starting...
[11-Aug-2026 22:18:08 UTC]   Automatic theme updates complete.
[11-Aug-2026 22:18:08 UTC] Automatic updates complete.
[11-Aug-2026 23:18:22 UTC] Automatic updates starting...
[11-Aug-2026 23:18:22 UTC]   Automatic plugin updates starting...
[11-Aug-2026 23:18:22 UTC]   Automatic plugin updates complete.
[11-Aug-2026 23:18:22 UTC]   Automatic theme updates starting...
[11-Aug-2026 23:18:22 UTC]   Automatic theme updates complete.
[11-Aug-2026 23:18:22 UTC] Automatic updates complete.
[12-Aug-2026 00:19:11 UTC] Automatic updates starting...
[12-Aug-2026 00:19:11 UTC]   Automatic plugin updates starting...
[12-Aug-2026 00:19:11 UTC]   Automatic plugin updates complete.
[12-Aug-2026 00:19:11 UTC]   Automatic theme updates starting...
[12-Aug-2026 00:19:11 UTC]   Automatic theme updates complete.
[12-Aug-2026 00:19:11 UTC] Automatic updates complete.
[12-Aug-2026 01:20:08 UTC] Automatic updates starting...
[12-Aug-2026 01:20:08 UTC]   Automatic plugin updates starting...
[12-Aug-2026 01:20:08 UTC]   Automatic plugin updates complete.
[12-Aug-2026 01:20:08 UTC]   Automatic theme updates starting...
[12-Aug-2026 01:20:08 UTC]   Automatic theme updates complete.
[12-Aug-2026 01:20:08 UTC] Automatic updates complete.
[12-Aug-2026 02:23:42 UTC] Automatic updates starting...
[12-Aug-2026 02:23:43 UTC]   Automatic plugin updates starting...
[12-Aug-2026 02:23:43 UTC]   Automatic plugin updates complete.
[12-Aug-2026 02:23:43 UTC]   Automatic theme updates starting...
[12-Aug-2026 02:23:43 UTC]   Automatic theme updates complete.
[12-Aug-2026 02:23:43 UTC] Automatic updates complete.
[12-Aug-2026 03:30:37 UTC] Automatic updates starting...
[12-Aug-2026 03:30:37 UTC]   Automatic plugin updates starting...
[12-Aug-2026 03:30:37 UTC]   Automatic plugin updates complete.
[12-Aug-2026 03:30:37 UTC]   Automatic theme updates starting...
[12-Aug-2026 03:30:37 UTC]   Automatic theme updates complete.
[12-Aug-2026 03:30:37 UTC] Automatic updates complete.
[12-Aug-2026 04:35:01 UTC] Automatic updates starting...
[12-Aug-2026 04:35:01 UTC]   Automatic plugin updates starting...
[12-Aug-2026 04:35:01 UTC]   Automatic plugin updates complete.
[12-Aug-2026 04:35:01 UTC]   Automatic theme updates starting...
[12-Aug-2026 04:35:01 UTC]   Automatic theme updates complete.
[12-Aug-2026 04:35:01 UTC] Automatic updates complete.
[12-Aug-2026 05:35:56 UTC] Automatic updates starting...
[12-Aug-2026 05:35:56 UTC]   Automatic plugin updates starting...
[12-Aug-2026 05:35:56 UTC]   Automatic plugin updates complete.
[12-Aug-2026 05:35:56 UTC]   Automatic theme updates starting...
[12-Aug-2026 05:35:56 UTC]   Automatic theme updates complete.
[12-Aug-2026 05:35:56 UTC] Automatic updates complete.
[12-Aug-2026 06:37:40 UTC] Automatic updates starting...
[12-Aug-2026 06:37:40 UTC]   Automatic plugin updates starting...
[12-Aug-2026 06:37:40 UTC]   Automatic plugin updates complete.
[12-Aug-2026 06:37:40 UTC]   Automatic theme updates starting...
[12-Aug-2026 06:37:40 UTC]   Automatic theme updates complete.
[12-Aug-2026 06:37:40 UTC] Automatic updates complete.
[12-Aug-2026 07:42:21 UTC] Automatic updates starting...
[12-Aug-2026 07:42:21 UTC]   Automatic plugin updates starting...
[12-Aug-2026 07:42:21 UTC]   Automatic plugin updates complete.
[12-Aug-2026 07:42:21 UTC]   Automatic theme updates starting...
[12-Aug-2026 07:42:21 UTC]   Automatic theme updates complete.
[12-Aug-2026 07:42:21 UTC] Automatic updates complete.
[12-Aug-2026 08:43:08 UTC] Automatic updates starting...
[12-Aug-2026 08:43:08 UTC]   Automatic plugin updates starting...
[12-Aug-2026 08:43:08 UTC]   Automatic plugin updates complete.
[12-Aug-2026 08:43:08 UTC]   Automatic theme updates starting...
[12-Aug-2026 08:43:08 UTC]   Automatic theme updates complete.
[12-Aug-2026 08:43:08 UTC] Automatic updates complete.
[12-Aug-2026 09:43:45 UTC] Automatic updates starting...
[12-Aug-2026 09:43:45 UTC]   Automatic plugin updates starting...
[12-Aug-2026 09:43:45 UTC]   Automatic plugin updates complete.
[12-Aug-2026 09:43:45 UTC]   Automatic theme updates starting...
[12-Aug-2026 09:43:45 UTC]   Automatic theme updates complete.
[12-Aug-2026 09:43:45 UTC] Automatic updates complete.
[12-Aug-2026 10:15:39 UTC] Automatic updates starting...
[12-Aug-2026 10:15:39 UTC]   Automatic plugin updates starting...
[12-Aug-2026 10:15:39 UTC]   Automatic plugin updates complete.
[12-Aug-2026 10:15:39 UTC]   Automatic theme updates starting...
[12-Aug-2026 10:15:39 UTC]   Automatic theme updates complete.
[12-Aug-2026 10:15:39 UTC] Automatic updates complete.
[12-Aug-2026 11:17:48 UTC] Automatic updates starting...
[12-Aug-2026 11:17:49 UTC]   Automatic plugin updates starting...
[12-Aug-2026 11:17:49 UTC]   Automatic plugin updates complete.
[12-Aug-2026 11:17:49 UTC]   Automatic theme updates starting...
[12-Aug-2026 11:17:49 UTC]   Automatic theme updates complete.
[12-Aug-2026 11:17:49 UTC] Automatic updates complete.
[12-Aug-2026 12:21:06 UTC] Automatic updates starting...
[12-Aug-2026 12:21:06 UTC]   Automatic plugin updates starting...
[12-Aug-2026 12:21:06 UTC]   Automatic plugin updates complete.
[12-Aug-2026 12:21:06 UTC]   Automatic theme updates starting...
[12-Aug-2026 12:21:06 UTC]   Automatic theme updates complete.
[12-Aug-2026 12:21:06 UTC] Automatic updates complete.
[12-Aug-2026 13:22:27 UTC] Automatic updates starting...
[12-Aug-2026 13:22:28 UTC]   Automatic plugin updates starting...
[12-Aug-2026 13:22:28 UTC]   Automatic plugin updates complete.
[12-Aug-2026 13:22:28 UTC]   Automatic theme updates starting...
[12-Aug-2026 13:22:28 UTC]   Automatic theme updates complete.
[12-Aug-2026 13:22:28 UTC] Automatic updates complete.
[12-Aug-2026 14:22:48 UTC] Automatic updates starting...
[12-Aug-2026 14:22:49 UTC]   Automatic plugin updates starting...
[12-Aug-2026 14:22:49 UTC]   Automatic plugin updates complete.
[12-Aug-2026 14:22:49 UTC]   Automatic theme updates starting...
[12-Aug-2026 14:22:49 UTC]   Automatic theme updates complete.
[12-Aug-2026 14:22:49 UTC] Automatic updates complete.
[12-Aug-2026 15:25:55 UTC] Automatic updates starting...
[12-Aug-2026 15:25:55 UTC]   Automatic plugin updates starting...
[12-Aug-2026 15:25:55 UTC]   Automatic plugin updates complete.
[12-Aug-2026 15:25:55 UTC]   Automatic theme updates starting...
[12-Aug-2026 15:25:55 UTC]   Automatic theme updates complete.
[12-Aug-2026 15:25:55 UTC] Automatic updates complete.
[12-Aug-2026 22:19:08 UTC] Automatic updates starting...
[12-Aug-2026 22:19:09 UTC]   Automatic plugin updates starting...
[12-Aug-2026 22:19:09 UTC]   Automatic plugin updates complete.
[12-Aug-2026 22:19:09 UTC]   Automatic theme updates starting...
[12-Aug-2026 22:19:09 UTC]   Automatic theme updates complete.
[12-Aug-2026 22:19:09 UTC] Automatic updates complete.
[13-Aug-2026 06:04:01 UTC] PHP Warning:  Invalid argument supplied for foreach() in /home/servpcxr/8kiptv.co/stream/wp-content/plugins/userfeedback-lite/includes/admin/class-userfeedback-notifications.php on line 236
[13-Aug-2026 06:19:08 UTC] PHP Notice:  Function WP_Styles::add was called <strong>incorrectly</strong>. The style with the handle "elementor-post-605" was enqueued with dependencies that are not registered: elementor-frontend. Please see <a href="https://developer.wordpress.org/advanced-administration/debug/debug-wordpress/">Debugging in WordPress</a> for more information. (This message was added in version 6.9.1.) in /home/servpcxr/8kiptv.co/stream/wp-includes/functions.php on line 6170
[13-Aug-2026 06:19:08 UTC] PHP Notice:  Function WP_Styles::add was called <strong>incorrectly</strong>. The style with the handle "elementor-post-611" was enqueued with dependencies that are not registered: elementor-frontend. Please see <a href="https://developer.wordpress.org/advanced-administration/debug/debug-wordpress/">Debugging in WordPress</a> for more information. (This message was added in version 6.9.1.) in /home/servpcxr/8kiptv.co/stream/wp-includes/functions.php on line 6170
[13-Aug-2026 06:19:08 UTC] PHP Notice:  Function WP_Styles::add was called <strong>incorrectly</strong>. The style with the handle "elementor-post-616" was enqueued with dependencies that are not registered: elementor-frontend. Please see <a href="https://developer.wordpress.org/advanced-administration/debug/debug-wordpress/">Debugging in WordPress</a> for more information. (This message was added in version 6.9.1.) in /home/servpcxr/8kiptv.co/stream/wp-includes/functions.php on line 6170
[13-Aug-2026 06:19:08 UTC] PHP Notice:  Function WP_Scripts::add was called <strong>incorrectly</strong>. The script with the handle "elementor-v2-editor-components" was enqueued with dependencies that are not registered: elementor-v2-editor-canvas, elementor-v2-editor-controls, elementor-v2-editor-editing-panel, elementor-v2-editor-elements, elementor-v2-editor-props, elementor-v2-editor-styles-repository, elementor-v2-editor-templates. Please see <a href="https://developer.wordpress.org/advanced-administration/debug/debug-wordpress/">Debugging in WordPress</a> for more information. (This message was added in version 6.9.1.) in /home/servpcxr/8kiptv.co/stream/wp-includes/functions.php on line 6170
[13-Aug-2026 06:19:46 UTC] PHP Fatal error:  Uncaught WpOrg\Requests\Exception\Http\Status403: 403 Forbidden in /home/servpcxr/8kiptv.co/stream/wp-content/plugins/elementor/modules/cloud-library/module.php:207
Stack trace:
#0 /home/servpcxr/8kiptv.co/stream/wp-content/plugins/elementor/modules/cloud-library/module.php(57): Elementor\Modules\CloudLibrary\Module->is_screenshot_proxy_mode(Array)
#1 /home/servpcxr/8kiptv.co/stream/wp-content/plugins/elementor/core/base/module.php(86): Elementor\Modules\CloudLibrary\Module->__construct()
#2 /home/servpcxr/8kiptv.co/stream/wp-content/plugins/elementor/core/modules-manager.php(64): Elementor\Core\Base\Module::instance()
#3 /home/servpcxr/8kiptv.co/stream/wp-content/plugins/elementor/includes/plugin.php(704): Elementor\Core\Modules_Manager->__construct()
#4 /home/servpcxr/8kiptv.co/stream/wp-content/plugins/elementor/includes/plugin.php(622): Elementor\Plugin->init_components()
#5 /home/servpcxr/8kiptv.co/stream/wp-includes/class-wp-hook.php(341): Elementor\Plugin->init('')
#6 /home/servpcxr/8kiptv.co/stream/wp in /home/servpcxr/8kiptv.co/stream/wp-content/plugins/elementor/modules/cloud-library/module.php on line 207
[13-Aug-2026 06:19:46 UTC] PHP Fatal error:  Uncaught WpOrg\Requests\Exception\Http\Status403: 403 Forbidden in /home/servpcxr/8kiptv.co/stream/wp-content/plugins/elementor/modules/cloud-library/module.php:207
Stack trace:
#0 /home/servpcxr/8kiptv.co/stream/wp-content/plugins/elementor/modules/cloud-library/module.php(57): Elementor\Modules\CloudLibrary\Module->is_screenshot_proxy_mode(Array)
#1 /home/servpcxr/8kiptv.co/stream/wp-content/plugins/elementor/core/base/module.php(86): Elementor\Modules\CloudLibrary\Module->__construct()
#2 /home/servpcxr/8kiptv.co/stream/wp-content/plugins/elementor/core/modules-manager.php(64): Elementor\Core\Base\Module::instance()
#3 /home/servpcxr/8kiptv.co/stream/wp-content/plugins/elementor/includes/plugin.php(704): Elementor\Core\Modules_Manager->__construct()
#4 /home/servpcxr/8kiptv.co/stream/wp-content/plugins/elementor/includes/plugin.php(622): Elementor\Plugin->init_components()
#5 /home/servpcxr/8kiptv.co/stream/wp-includes/class-wp-hook.php(341): Elementor\Plugin->init('')
#6 /home/servpcxr/8kiptv.co/stream/wp in /home/servpcxr/8kiptv.co/stream/wp-content/plugins/elementor/modules/cloud-library/module.php on line 207
[13-Aug-2026 06:19:46 UTC] PHP Fatal error:  Uncaught WpOrg\Requests\Exception\Http\Status403: 403 Forbidden in /home/servpcxr/8kiptv.co/stream/wp-content/plugins/elementor/modules/cloud-library/module.php:207
Stack trace:
#0 /home/servpcxr/8kiptv.co/stream/wp-content/plugins/elementor/modules/cloud-library/module.php(57): Elementor\Modules\CloudLibrary\Module->is_screenshot_proxy_mode(Array)
#1 /home/servpcxr/8kiptv.co/stream/wp-content/plugins/elementor/core/base/module.php(86): Elementor\Modules\CloudLibrary\Module->__construct()
#2 /home/servpcxr/8kiptv.co/stream/wp-content/plugins/elementor/core/modules-manager.php(64): Elementor\Core\Base\Module::instance()
#3 /home/servpcxr/8kiptv.co/stream/wp-content/plugins/elementor/includes/plugin.php(704): Elementor\Core\Modules_Manager->__construct()
#4 /home/servpcxr/8kiptv.co/stream/wp-content/plugins/elementor/includes/plugin.php(622): Elementor\Plugin->init_components()
#5 /home/servpcxr/8kiptv.co/stream/wp-includes/class-wp-hook.php(341): Elementor\Plugin->init('')
#6 /home/servpcxr/8kiptv.co/stream/wp in /home/servpcxr/8kiptv.co/stream/wp-content/plugins/elementor/modules/cloud-library/module.php on line 207
[13-Aug-2026 06:19:52 UTC] PHP Fatal error:  Uncaught WpOrg\Requests\Exception\Http\Status403: 403 Forbidden in /home/servpcxr/8kiptv.co/stream/wp-content/plugins/elementor/modules/cloud-library/module.php:207
Stack trace:
#0 /home/servpcxr/8kiptv.co/stream/wp-content/plugins/elementor/modules/cloud-library/module.php(57): Elementor\Modules\CloudLibrary\Module->is_screenshot_proxy_mode(Array)
#1 /home/servpcxr/8kiptv.co/stream/wp-content/plugins/elementor/core/base/module.php(86): Elementor\Modules\CloudLibrary\Module->__construct()
#2 /home/servpcxr/8kiptv.co/stream/wp-content/plugins/elementor/core/modules-manager.php(64): Elementor\Core\Base\Module::instance()
#3 /home/servpcxr/8kiptv.co/stream/wp-content/plugins/elementor/includes/plugin.php(704): Elementor\Core\Modules_Manager->__construct()
#4 /home/servpcxr/8kiptv.co/stream/wp-content/plugins/elementor/includes/plugin.php(622): Elementor\Plugin->init_components()
#5 /home/servpcxr/8kiptv.co/stream/wp-includes/class-wp-hook.php(341): Elementor\Plugin->init('')
#6 /home/servpcxr/8kiptv.co/stream/wp in /home/servpcxr/8kiptv.co/stream/wp-content/plugins/elementor/modules/cloud-library/module.php on line 207
[13-Aug-2026 06:19:52 UTC] PHP Fatal error:  Uncaught WpOrg\Requests\Exception\Http\Status403: 403 Forbidden in /home/servpcxr/8kiptv.co/stream/wp-content/plugins/elementor/modules/cloud-library/module.php:207
Stack trace:
#0 /home/servpcxr/8kiptv.co/stream/wp-content/plugins/elementor/modules/cloud-library/module.php(57): Elementor\Modules\CloudLibrary\Module->is_screenshot_proxy_mode(Array)
#1 /home/servpcxr/8kiptv.co/stream/wp-content/plugins/elementor/core/base/module.php(86): Elementor\Modules\CloudLibrary\Module->__construct()
#2 /home/servpcxr/8kiptv.co/stream/wp-content/plugins/elementor/core/modules-manager.php(64): Elementor\Core\Base\Module::instance()
#3 /home/servpcxr/8kiptv.co/stream/wp-content/plugins/elementor/includes/plugin.php(704): Elementor\Core\Modules_Manager->__construct()
#4 /home/servpcxr/8kiptv.co/stream/wp-content/plugins/elementor/includes/plugin.php(622): Elementor\Plugin->init_components()
#5 /home/servpcxr/8kiptv.co/stream/wp-includes/class-wp-hook.php(341): Elementor\Plugin->init('')
#6 /home/servpcxr/8kiptv.co/stream/wp in /home/servpcxr/8kiptv.co/stream/wp-content/plugins/elementor/modules/cloud-library/module.php on line 207
[13-Aug-2026 06:19:53 UTC] PHP Fatal error:  Uncaught WpOrg\Requests\Exception\Http\Status403: 403 Forbidden in /home/servpcxr/8kiptv.co/stream/wp-content/plugins/elementor/modules/cloud-library/module.php:207
Stack trace:
#0 /home/servpcxr/8kiptv.co/stream/wp-content/plugins/elementor/modules/cloud-library/module.php(57): Elementor\Modules\CloudLibrary\Module->is_screenshot_proxy_mode(Array)
#1 /home/servpcxr/8kiptv.co/stream/wp-content/plugins/elementor/core/base/module.php(86): Elementor\Modules\CloudLibrary\Module->__construct()
#2 /home/servpcxr/8kiptv.co/stream/wp-content/plugins/elementor/core/modules-manager.php(64): Elementor\Core\Base\Module::instance()
#3 /home/servpcxr/8kiptv.co/stream/wp-content/plugins/elementor/includes/plugin.php(704): Elementor\Core\Modules_Manager->__construct()
#4 /home/servpcxr/8kiptv.co/stream/wp-content/plugins/elementor/includes/plugin.php(622): Elementor\Plugin->init_components()
#5 /home/servpcxr/8kiptv.co/stream/wp-includes/class-wp-hook.php(341): Elementor\Plugin->init('')
#6 /home/servpcxr/8kiptv.co/stream/wp in /home/servpcxr/8kiptv.co/stream/wp-content/plugins/elementor/modules/cloud-library/module.php on line 207
[13-Aug-2026 06:19:56 UTC] PHP Fatal error:  Uncaught WpOrg\Requests\Exception\Http\Status403: 403 Forbidden in /home/servpcxr/8kiptv.co/stream/wp-content/plugins/elementor/modules/cloud-library/module.php:207
Stack trace:
#0 /home/servpcxr/8kiptv.co/stream/wp-content/plugins/elementor/modules/cloud-library/module.php(57): Elementor\Modules\CloudLibrary\Module->is_screenshot_proxy_mode(Array)
#1 /home/servpcxr/8kiptv.co/stream/wp-content/plugins/elementor/core/base/module.php(86): Elementor\Modules\CloudLibrary\Module->__construct()
#2 /home/servpcxr/8kiptv.co/stream/wp-content/plugins/elementor/core/modules-manager.php(64): Elementor\Core\Base\Module::instance()
#3 /home/servpcxr/8kiptv.co/stream/wp-content/plugins/elementor/includes/plugin.php(704): Elementor\Core\Modules_Manager->__construct()
#4 /home/servpcxr/8kiptv.co/stream/wp-content/plugins/elementor/includes/plugin.php(622): Elementor\Plugin->init_components()
#5 /home/servpcxr/8kiptv.co/stream/wp-includes/class-wp-hook.php(341): Elementor\Plugin->init('')
#6 /home/servpcxr/8kiptv.co/stream/wp in /home/servpcxr/8kiptv.co/stream/wp-content/plugins/elementor/modules/cloud-library/module.php on line 207
[13-Aug-2026 06:19:56 UTC] PHP Fatal error:  Uncaught WpOrg\Requests\Exception\Http\Status403: 403 Forbidden in /home/servpcxr/8kiptv.co/stream/wp-content/plugins/elementor/modules/cloud-library/module.php:207
Stack trace:
#0 /home/servpcxr/8kiptv.co/stream/wp-content/plugins/elementor/modules/cloud-library/module.php(57): Elementor\Modules\CloudLibrary\Module->is_screenshot_proxy_mode(Array)
#1 /home/servpcxr/8kiptv.co/stream/wp-content/plugins/elementor/core/base/module.php(86): Elementor\Modules\CloudLibrary\Module->__construct()
#2 /home/servpcxr/8kiptv.co/stream/wp-content/plugins/elementor/core/modules-manager.php(64): Elementor\Core\Base\Module::instance()
#3 /home/servpcxr/8kiptv.co/stream/wp-content/plugins/elementor/includes/plugin.php(704): Elementor\Core\Modules_Manager->__construct()
#4 /home/servpcxr/8kiptv.co/stream/wp-content/plugins/elementor/includes/plugin.php(622): Elementor\Plugin->init_components()
#5 /home/servpcxr/8kiptv.co/stream/wp-includes/class-wp-hook.php(341): Elementor\Plugin->init('')
#6 /home/servpcxr/8kiptv.co/stream/wp in /home/servpcxr/8kiptv.co/stream/wp-content/plugins/elementor/modules/cloud-library/module.php on line 207
[13-Aug-2026 06:19:57 UTC] PHP Fatal error:  Uncaught WpOrg\Requests\Exception\Http\Status403: 403 Forbidden in /home/servpcxr/8kiptv.co/stream/wp-content/plugins/elementor/modules/cloud-library/module.php:207
Stack trace:
#0 /home/servpcxr/8kiptv.co/stream/wp-content/plugins/elementor/modules/cloud-library/module.php(57): Elementor\Modules\CloudLibrary\Module->is_screenshot_proxy_mode(Array)
#1 /home/servpcxr/8kiptv.co/stream/wp-content/plugins/elementor/core/base/module.php(86): Elementor\Modules\CloudLibrary\Module->__construct()
#2 /home/servpcxr/8kiptv.co/stream/wp-content/plugins/elementor/core/modules-manager.php(64): Elementor\Core\Base\Module::instance()
#3 /home/servpcxr/8kiptv.co/stream/wp-content/plugins/elementor/includes/plugin.php(704): Elementor\Core\Modules_Manager->__construct()
#4 /home/servpcxr/8kiptv.co/stream/wp-content/plugins/elementor/includes/plugin.php(622): Elementor\Plugin->init_components()
#5 /home/servpcxr/8kiptv.co/stream/wp-includes/class-wp-hook.php(341): Elementor\Plugin->init('')
#6 /home/servpcxr/8kiptv.co/stream/wp in /home/servpcxr/8kiptv.co/stream/wp-content/plugins/elementor/modules/cloud-library/module.php on line 207
[13-Aug-2026 06:20:00 UTC] PHP Fatal error:  Uncaught WpOrg\Requests\Exception\Http\Status403: 403 Forbidden in /home/servpcxr/8kiptv.co/stream/wp-content/plugins/elementor/modules/cloud-library/module.php:207
Stack trace:
#0 /home/servpcxr/8kiptv.co/stream/wp-content/plugins/elementor/modules/cloud-library/module.php(57): Elementor\Modules\CloudLibrary\Module->is_screenshot_proxy_mode(Array)
#1 /home/servpcxr/8kiptv.co/stream/wp-content/plugins/elementor/core/base/module.php(86): Elementor\Modules\CloudLibrary\Module->__construct()
#2 /home/servpcxr/8kiptv.co/stream/wp-content/plugins/elementor/core/modules-manager.php(64): Elementor\Core\Base\Module::instance()
#3 /home/servpcxr/8kiptv.co/stream/wp-content/plugins/elementor/includes/plugin.php(704): Elementor\Core\Modules_Manager->__construct()
#4 /home/servpcxr/8kiptv.co/stream/wp-content/plugins/elementor/includes/plugin.php(622): Elementor\Plugin->init_components()
#5 /home/servpcxr/8kiptv.co/stream/wp-includes/class-wp-hook.php(341): Elementor\Plugin->init('')
#6 /home/servpcxr/8kiptv.co/stream/wp in /home/servpcxr/8kiptv.co/stream/wp-content/plugins/elementor/modules/cloud-library/module.php on line 207
[13-Aug-2026 06:20:01 UTC] PHP Fatal error:  Uncaught WpOrg\Requests\Exception\Http\Status403: 403 Forbidden in /home/servpcxr/8kiptv.co/stream/wp-content/plugins/elementor/modules/cloud-library/module.php:207
Stack trace:
#0 /home/servpcxr/8kiptv.co/stream/wp-content/plugins/elementor/modules/cloud-library/module.php(57): Elementor\Modules\CloudLibrary\Module->is_screenshot_proxy_mode(Array)
#1 /home/servpcxr/8kiptv.co/stream/wp-content/plugins/elementor/core/base/module.php(86): Elementor\Modules\CloudLibrary\Module->__construct()
#2 /home/servpcxr/8kiptv.co/stream/wp-content/plugins/elementor/core/modules-manager.php(64): Elementor\Core\Base\Module::instance()
#3 /home/servpcxr/8kiptv.co/stream/wp-content/plugins/elementor/includes/plugin.php(704): Elementor\Core\Modules_Manager->__construct()
#4 /home/servpcxr/8kiptv.co/stream/wp-content/plugins/elementor/includes/plugin.php(622): Elementor\Plugin->init_components()
#5 /home/servpcxr/8kiptv.co/stream/wp-includes/class-wp-hook.php(341): Elementor\Plugin->init('')
#6 /home/servpcxr/8kiptv.co/stream/wp in /home/servpcxr/8kiptv.co/stream/wp-content/plugins/elementor/modules/cloud-library/module.php on line 207
[13-Aug-2026 06:20:01 UTC] PHP Fatal error:  Uncaught WpOrg\Requests\Exception\Http\Status403: 403 Forbidden in /home/servpcxr/8kiptv.co/stream/wp-content/plugins/elementor/modules/cloud-library/module.php:207
Stack trace:
#0 /home/servpcxr/8kiptv.co/stream/wp-content/plugins/elementor/modules/cloud-library/module.php(57): Elementor\Modules\CloudLibrary\Module->is_screenshot_proxy_mode(Array)
#1 /home/servpcxr/8kiptv.co/stream/wp-content/plugins/elementor/core/base/module.php(86): Elementor\Modules\CloudLibrary\Module->__construct()
#2 /home/servpcxr/8kiptv.co/stream/wp-content/plugins/elementor/core/modules-manager.php(64): Elementor\Core\Base\Module::instance()
#3 /home/servpcxr/8kiptv.co/stream/wp-content/plugins/elementor/includes/plugin.php(704): Elementor\Core\Modules_Manager->__construct()
#4 /home/servpcxr/8kiptv.co/stream/wp-content/plugins/elementor/includes/plugin.php(622): Elementor\Plugin->init_components()
#5 /home/servpcxr/8kiptv.co/stream/wp-includes/class-wp-hook.php(341): Elementor\Plugin->init('')
#6 /home/servpcxr/8kiptv.co/stream/wp in /home/servpcxr/8kiptv.co/stream/wp-content/plugins/elementor/modules/cloud-library/module.php on line 207
[13-Aug-2026 06:20:03 UTC] PHP Fatal error:  Uncaught WpOrg\Requests\Exception\Http\Status403: 403 Forbidden in /home/servpcxr/8kiptv.co/stream/wp-content/plugins/elementor/modules/cloud-library/module.php:207
Stack trace:
#0 /home/servpcxr/8kiptv.co/stream/wp-content/plugins/elementor/modules/cloud-library/module.php(57): Elementor\Modules\CloudLibrary\Module->is_screenshot_proxy_mode(Array)
#1 /home/servpcxr/8kiptv.co/stream/wp-content/plugins/elementor/core/base/module.php(86): Elementor\Modules\CloudLibrary\Module->__construct()
#2 /home/servpcxr/8kiptv.co/stream/wp-content/plugins/elementor/core/modules-manager.php(64): Elementor\Core\Base\Module::instance()
#3 /home/servpcxr/8kiptv.co/stream/wp-content/plugins/elementor/includes/plugin.php(704): Elementor\Core\Modules_Manager->__construct()
#4 /home/servpcxr/8kiptv.co/stream/wp-content/plugins/elementor/includes/plugin.php(622): Elementor\Plugin->init_components()
#5 /home/servpcxr/8kiptv.co/stream/wp-includes/class-wp-hook.php(341): Elementor\Plugin->init('')
#6 /home/servpcxr/8kiptv.co/stream/wp in /home/servpcxr/8kiptv.co/stream/wp-content/plugins/elementor/modules/cloud-library/module.php on line 207
[13-Aug-2026 06:20:03 UTC] PHP Fatal error:  Uncaught WpOrg\Requests\Exception\Http\Status403: 403 Forbidden in /home/servpcxr/8kiptv.co/stream/wp-content/plugins/elementor/modules/cloud-library/module.php:207
Stack trace:
#0 /home/servpcxr/8kiptv.co/stream/wp-content/plugins/elementor/modules/cloud-library/module.php(57): Elementor\Modules\CloudLibrary\Module->is_screenshot_proxy_mode(Array)
#1 /home/servpcxr/8kiptv.co/stream/wp-content/plugins/elementor/core/base/module.php(86): Elementor\Modules\CloudLibrary\Module->__construct()
#2 /home/servpcxr/8kiptv.co/stream/wp-content/plugins/elementor/core/modules-manager.php(64): Elementor\Core\Base\Module::instance()
#3 /home/servpcxr/8kiptv.co/stream/wp-content/plugins/elementor/includes/plugin.php(704): Elementor\Core\Modules_Manager->__construct()
#4 /home/servpcxr/8kiptv.co/stream/wp-content/plugins/elementor/includes/plugin.php(622): Elementor\Plugin->init_components()
#5 /home/servpcxr/8kiptv.co/stream/wp-includes/class-wp-hook.php(341): Elementor\Plugin->init('')
#6 /home/servpcxr/8kiptv.co/stream/wp in /home/servpcxr/8kiptv.co/stream/wp-content/plugins/elementor/modules/cloud-library/module.php on line 207
[13-Aug-2026 06:20:03 UTC] PHP Fatal error:  Uncaught WpOrg\Requests\Exception\Http\Status403: 403 Forbidden in /home/servpcxr/8kiptv.co/stream/wp-content/plugins/elementor/modules/cloud-library/module.php:207
Stack trace:
#0 /home/servpcxr/8kiptv.co/stream/wp-content/plugins/elementor/modules/cloud-library/module.php(57): Elementor\Modules\CloudLibrary\Module->is_screenshot_proxy_mode(Array)
#1 /home/servpcxr/8kiptv.co/stream/wp-content/plugins/elementor/core/base/module.php(86): Elementor\Modules\CloudLibrary\Module->__construct()
#2 /home/servpcxr/8kiptv.co/stream/wp-content/plugins/elementor/core/modules-manager.php(64): Elementor\Core\Base\Module::instance()
#3 /home/servpcxr/8kiptv.co/stream/wp-content/plugins/elementor/includes/plugin.php(704): Elementor\Core\Modules_Manager->__construct()
#4 /home/servpcxr/8kiptv.co/stream/wp-content/plugins/elementor/includes/plugin.php(622): Elementor\Plugin->init_components()
#5 /home/servpcxr/8kiptv.co/stream/wp-includes/class-wp-hook.php(341): Elementor\Plugin->init('')
#6 /home/servpcxr/8kiptv.co/stream/wp in /home/servpcxr/8kiptv.co/stream/wp-content/plugins/elementor/modules/cloud-library/module.php on line 207
[13-Aug-2026 06:20:06 UTC] PHP Fatal error:  Uncaught WpOrg\Requests\Exception\Http\Status403: 403 Forbidden in /home/servpcxr/8kiptv.co/stream/wp-content/plugins/elementor/modules/cloud-library/module.php:207
Stack trace:
#0 /home/servpcxr/8kiptv.co/stream/wp-content/plugins/elementor/modules/cloud-library/module.php(57): Elementor\Modules\CloudLibrary\Module->is_screenshot_proxy_mode(Array)
#1 /home/servpcxr/8kiptv.co/stream/wp-content/plugins/elementor/core/base/module.php(86): Elementor\Modules\CloudLibrary\Module->__construct()
#2 /home/servpcxr/8kiptv.co/stream/wp-content/plugins/elementor/core/modules-manager.php(64): Elementor\Core\Base\Module::instance()
#3 /home/servpcxr/8kiptv.co/stream/wp-content/plugins/elementor/includes/plugin.php(704): Elementor\Core\Modules_Manager->__construct()
#4 /home/servpcxr/8kiptv.co/stream/wp-content/plugins/elementor/includes/plugin.php(622): Elementor\Plugin->init_components()
#5 /home/servpcxr/8kiptv.co/stream/wp-includes/class-wp-hook.php(341): Elementor\Plugin->init('')
#6 /home/servpcxr/8kiptv.co/stream/wp in /home/servpcxr/8kiptv.co/stream/wp-content/plugins/elementor/modules/cloud-library/module.php on line 207
[13-Aug-2026 06:20:06 UTC] PHP Fatal error:  Uncaught WpOrg\Requests\Exception\Http\Status403: 403 Forbidden in /home/servpcxr/8kiptv.co/stream/wp-content/plugins/elementor/modules/cloud-library/module.php:207
Stack trace:
#0 /home/servpcxr/8kiptv.co/stream/wp-content/plugins/elementor/modules/cloud-library/module.php(57): Elementor\Modules\CloudLibrary\Module->is_screenshot_proxy_mode(Array)
#1 /home/servpcxr/8kiptv.co/stream/wp-content/plugins/elementor/core/base/module.php(86): Elementor\Modules\CloudLibrary\Module->__construct()
#2 /home/servpcxr/8kiptv.co/stream/wp-content/plugins/elementor/core/modules-manager.php(64): Elementor\Core\Base\Module::instance()
#3 /home/servpcxr/8kiptv.co/stream/wp-content/plugins/elementor/includes/plugin.php(704): Elementor\Core\Modules_Manager->__construct()
#4 /home/servpcxr/8kiptv.co/stream/wp-content/plugins/elementor/includes/plugin.php(622): Elementor\Plugin->init_components()
#5 /home/servpcxr/8kiptv.co/stream/wp-includes/class-wp-hook.php(341): Elementor\Plugin->init('')
#6 /home/servpcxr/8kiptv.co/stream/wp in /home/servpcxr/8kiptv.co/stream/wp-content/plugins/elementor/modules/cloud-library/module.php on line 207
[13-Aug-2026 06:20:06 UTC] PHP Fatal error:  Uncaught WpOrg\Requests\Exception\Http\Status403: 403 Forbidden in /home/servpcxr/8kiptv.co/stream/wp-content/plugins/elementor/modules/cloud-library/module.php:207
Stack trace:
#0 /home/servpcxr/8kiptv.co/stream/wp-content/plugins/elementor/modules/cloud-library/module.php(57): Elementor\Modules\CloudLibrary\Module->is_screenshot_proxy_mode(Array)
#1 /home/servpcxr/8kiptv.co/stream/wp-content/plugins/elementor/core/base/module.php(86): Elementor\Modules\CloudLibrary\Module->__construct()
#2 /home/servpcxr/8kiptv.co/stream/wp-content/plugins/elementor/core/modules-manager.php(64): Elementor\Core\Base\Module::instance()
#3 /home/servpcxr/8kiptv.co/stream/wp-content/plugins/elementor/includes/plugin.php(704): Elementor\Core\Modules_Manager->__construct()
#4 /home/servpcxr/8kiptv.co/stream/wp-content/plugins/elementor/includes/plugin.php(622): Elementor\Plugin->init_components()
#5 /home/servpcxr/8kiptv.co/stream/wp-includes/class-wp-hook.php(341): Elementor\Plugin->init('')
#6 /home/servpcxr/8kiptv.co/stream/wp in /home/servpcxr/8kiptv.co/stream/wp-content/plugins/elementor/modules/cloud-library/module.php on line 207
[13-Aug-2026 06:20:08 UTC] PHP Fatal error:  Uncaught WpOrg\Requests\Exception\Http\Status403: 403 Forbidden in /home/servpcxr/8kiptv.co/stream/wp-content/plugins/elementor/modules/cloud-library/module.php:207
Stack trace:
#0 /home/servpcxr/8kiptv.co/stream/wp-content/plugins/elementor/modules/cloud-library/module.php(57): Elementor\Modules\CloudLibrary\Module->is_screenshot_proxy_mode(Array)
#1 /home/servpcxr/8kiptv.co/stream/wp-content/plugins/elementor/core/base/module.php(86): Elementor\Modules\CloudLibrary\Module->__construct()
#2 /home/servpcxr/8kiptv.co/stream/wp-content/plugins/elementor/core/modules-manager.php(64): Elementor\Core\Base\Module::instance()
#3 /home/servpcxr/8kiptv.co/stream/wp-content/plugins/elementor/includes/plugin.php(704): Elementor\Core\Modules_Manager->__construct()
#4 /home/servpcxr/8kiptv.co/stream/wp-content/plugins/elementor/includes/plugin.php(622): Elementor\Plugin->init_components()
#5 /home/servpcxr/8kiptv.co/stream/wp-includes/class-wp-hook.php(341): Elementor\Plugin->init('')
#6 /home/servpcxr/8kiptv.co/stream/wp in /home/servpcxr/8kiptv.co/stream/wp-content/plugins/elementor/modules/cloud-library/module.php on line 207
[13-Aug-2026 06:20:08 UTC] PHP Fatal error:  Uncaught WpOrg\Requests\Exception\Http\Status403: 403 Forbidden in /home/servpcxr/8kiptv.co/stream/wp-content/plugins/elementor/modules/cloud-library/module.php:207
Stack trace:
#0 /home/servpcxr/8kiptv.co/stream/wp-content/plugins/elementor/modules/cloud-library/module.php(57): Elementor\Modules\CloudLibrary\Module->is_screenshot_proxy_mode(Array)
#1 /home/servpcxr/8kiptv.co/stream/wp-content/plugins/elementor/core/base/module.php(86): Elementor\Modules\CloudLibrary\Module->__construct()
#2 /home/servpcxr/8kiptv.co/stream/wp-content/plugins/elementor/core/modules-manager.php(64): Elementor\Core\Base\Module::instance()
#3 /home/servpcxr/8kiptv.co/stream/wp-content/plugins/elementor/includes/plugin.php(704): Elementor\Core\Modules_Manager->__construct()
#4 /home/servpcxr/8kiptv.co/stream/wp-content/plugins/elementor/includes/plugin.php(622): Elementor\Plugin->init_components()
#5 /home/servpcxr/8kiptv.co/stream/wp-includes/class-wp-hook.php(341): Elementor\Plugin->init('')
#6 /home/servpcxr/8kiptv.co/stream/wp in /home/servpcxr/8kiptv.co/stream/wp-content/plugins/elementor/modules/cloud-library/module.php on line 207
[13-Aug-2026 06:20:08 UTC] PHP Fatal error:  Uncaught WpOrg\Requests\Exception\Http\Status403: 403 Forbidden in /home/servpcxr/8kiptv.co/stream/wp-content/plugins/elementor/modules/cloud-library/module.php:207
Stack trace:
#0 /home/servpcxr/8kiptv.co/stream/wp-content/plugins/elementor/modules/cloud-library/module.php(57): Elementor\Modules\CloudLibrary\Module->is_screenshot_proxy_mode(Array)
#1 /home/servpcxr/8kiptv.co/stream/wp-content/plugins/elementor/core/base/module.php(86): Elementor\Modules\CloudLibrary\Module->__construct()
#2 /home/servpcxr/8kiptv.co/stream/wp-content/plugins/elementor/core/modules-manager.php(64): Elementor\Core\Base\Module::instance()
#3 /home/servpcxr/8kiptv.co/stream/wp-content/plugins/elementor/includes/plugin.php(704): Elementor\Core\Modules_Manager->__construct()
#4 /home/servpcxr/8kiptv.co/stream/wp-content/plugins/elementor/includes/plugin.php(622): Elementor\Plugin->init_components()
#5 /home/servpcxr/8kiptv.co/stream/wp-includes/class-wp-hook.php(341): Elementor\Plugin->init('')
#6 /home/servpcxr/8kiptv.co/stream/wp in /home/servpcxr/8kiptv.co/stream/wp-content/plugins/elementor/modules/cloud-library/module.php on line 207
[13-Aug-2026 06:20:12 UTC] PHP Fatal error:  Uncaught WpOrg\Requests\Exception\Http\Status403: 403 Forbidden in /home/servpcxr/8kiptv.co/stream/wp-content/plugins/elementor/modules/cloud-library/module.php:207
Stack trace:
#0 /home/servpcxr/8kiptv.co/stream/wp-content/plugins/elementor/modules/cloud-library/module.php(57): Elementor\Modules\CloudLibrary\Module->is_screenshot_proxy_mode(Array)
#1 /home/servpcxr/8kiptv.co/stream/wp-content/plugins/elementor/core/base/module.php(86): Elementor\Modules\CloudLibrary\Module->__construct()
#2 /home/servpcxr/8kiptv.co/stream/wp-content/plugins/elementor/core/modules-manager.php(64): Elementor\Core\Base\Module::instance()
#3 /home/servpcxr/8kiptv.co/stream/wp-content/plugins/elementor/includes/plugin.php(704): Elementor\Core\Modules_Manager->__construct()
#4 /home/servpcxr/8kiptv.co/stream/wp-content/plugins/elementor/includes/plugin.php(622): Elementor\Plugin->init_components()
#5 /home/servpcxr/8kiptv.co/stream/wp-includes/class-wp-hook.php(341): Elementor\Plugin->init('')
#6 /home/servpcxr/8kiptv.co/stream/wp in /home/servpcxr/8kiptv.co/stream/wp-content/plugins/elementor/modules/cloud-library/module.php on line 207
[13-Aug-2026 06:20:12 UTC] PHP Fatal error:  Uncaught WpOrg\Requests\Exception\Http\Status403: 403 Forbidden in /home/servpcxr/8kiptv.co/stream/wp-content/plugins/elementor/modules/cloud-library/module.php:207
Stack trace:
#0 /home/servpcxr/8kiptv.co/stream/wp-content/plugins/elementor/modules/cloud-library/module.php(57): Elementor\Modules\CloudLibrary\Module->is_screenshot_proxy_mode(Array)
#1 /home/servpcxr/8kiptv.co/stream/wp-content/plugins/elementor/core/base/module.php(86): Elementor\Modules\CloudLibrary\Module->__construct()
#2 /home/servpcxr/8kiptv.co/stream/wp-content/plugins/elementor/core/modules-manager.php(64): Elementor\Core\Base\Module::instance()
#3 /home/servpcxr/8kiptv.co/stream/wp-content/plugins/elementor/includes/plugin.php(704): Elementor\Core\Modules_Manager->__construct()
#4 /home/servpcxr/8kiptv.co/stream/wp-content/plugins/elementor/includes/plugin.php(622): Elementor\Plugin->init_components()
#5 /home/servpcxr/8kiptv.co/stream/wp-includes/class-wp-hook.php(341): Elementor\Plugin->init('')
#6 /home/servpcxr/8kiptv.co/stream/wp in /home/servpcxr/8kiptv.co/stream/wp-content/plugins/elementor/modules/cloud-library/module.php on line 207
[13-Aug-2026 06:20:12 UTC] PHP Fatal error:  Uncaught WpOrg\Requests\Exception\Http\Status403: 403 Forbidden in /home/servpcxr/8kiptv.co/stream/wp-content/plugins/elementor/modules/cloud-library/module.php:207
Stack trace:
#0 /home/servpcxr/8kiptv.co/stream/wp-content/plugins/elementor/modules/cloud-library/module.php(57): Elementor\Modules\CloudLibrary\Module->is_screenshot_proxy_mode(Array)
#1 /home/servpcxr/8kiptv.co/stream/wp-content/plugins/elementor/core/base/module.php(86): Elementor\Modules\CloudLibrary\Module->__construct()
#2 /home/servpcxr/8kiptv.co/stream/wp-content/plugins/elementor/core/modules-manager.php(64): Elementor\Core\Base\Module::instance()
#3 /home/servpcxr/8kiptv.co/stream/wp-content/plugins/elementor/includes/plugin.php(704): Elementor\Core\Modules_Manager->__construct()
#4 /home/servpcxr/8kiptv.co/stream/wp-content/plugins/elementor/includes/plugin.php(622): Elementor\Plugin->init_components()
#5 /home/servpcxr/8kiptv.co/stream/wp-includes/class-wp-hook.php(341): Elementor\Plugin->init('')
#6 /home/servpcxr/8kiptv.co/stream/wp in /home/servpcxr/8kiptv.co/stream/wp-content/plugins/elementor/modules/cloud-library/module.php on line 207
[13-Aug-2026 06:20:14 UTC] PHP Fatal error:  Uncaught WpOrg\Requests\Exception\Http\Status403: 403 Forbidden in /home/servpcxr/8kiptv.co/stream/wp-content/plugins/elementor/modules/cloud-library/module.php:207
Stack trace:
#0 /home/servpcxr/8kiptv.co/stream/wp-content/plugins/elementor/modules/cloud-library/module.php(57): Elementor\Modules\CloudLibrary\Module->is_screenshot_proxy_mode(Array)
#1 /home/servpcxr/8kiptv.co/stream/wp-content/plugins/elementor/core/base/module.php(86): Elementor\Modules\CloudLibrary\Module->__construct()
#2 /home/servpcxr/8kiptv.co/stream/wp-content/plugins/elementor/core/modules-manager.php(64): Elementor\Core\Base\Module::instance()
#3 /home/servpcxr/8kiptv.co/stream/wp-content/plugins/elementor/includes/plugin.php(704): Elementor\Core\Modules_Manager->__construct()
#4 /home/servpcxr/8kiptv.co/stream/wp-content/plugins/elementor/includes/plugin.php(622): Elementor\Plugin->init_components()
#5 /home/servpcxr/8kiptv.co/stream/wp-includes/class-wp-hook.php(341): Elementor\Plugin->init('')
#6 /home/servpcxr/8kiptv.co/stream/wp in /home/servpcxr/8kiptv.co/stream/wp-content/plugins/elementor/modules/cloud-library/module.php on line 207
[13-Aug-2026 06:20:14 UTC] PHP Fatal error:  Uncaught WpOrg\Requests\Exception\Http\Status403: 403 Forbidden in /home/servpcxr/8kiptv.co/stream/wp-content/plugins/elementor/modules/cloud-library/module.php:207
Stack trace:
#0 /home/servpcxr/8kiptv.co/stream/wp-content/plugins/elementor/modules/cloud-library/module.php(57): Elementor\Modules\CloudLibrary\Module->is_screenshot_proxy_mode(Array)
#1 /home/servpcxr/8kiptv.co/stream/wp-content/plugins/elementor/core/base/module.php(86): Elementor\Modules\CloudLibrary\Module->__construct()
#2 /home/servpcxr/8kiptv.co/stream/wp-content/plugins/elementor/core/modules-manager.php(64): Elementor\Core\Base\Module::instance()
#3 /home/servpcxr/8kiptv.co/stream/wp-content/plugins/elementor/includes/plugin.php(704): Elementor\Core\Modules_Manager->__construct()
#4 /home/servpcxr/8kiptv.co/stream/wp-content/plugins/elementor/includes/plugin.php(622): Elementor\Plugin->init_components()
#5 /home/servpcxr/8kiptv.co/stream/wp-includes/class-wp-hook.php(341): Elementor\Plugin->init('')
#6 /home/servpcxr/8kiptv.co/stream/wp in /home/servpcxr/8kiptv.co/stream/wp-content/plugins/elementor/modules/cloud-library/module.php on line 207
[13-Aug-2026 06:20:14 UTC] PHP Fatal error:  Uncaught WpOrg\Requests\Exception\Http\Status403: 403 Forbidden in /home/servpcxr/8kiptv.co/stream/wp-content/plugins/elementor/modules/cloud-library/module.php:207
Stack trace:
#0 /home/servpcxr/8kiptv.co/stream/wp-content/plugins/elementor/modules/cloud-library/module.php(57): Elementor\Modules\CloudLibrary\Module->is_screenshot_proxy_mode(Array)
#1 /home/servpcxr/8kiptv.co/stream/wp-content/plugins/elementor/core/base/module.php(86): Elementor\Modules\CloudLibrary\Module->__construct()
#2 /home/servpcxr/8kiptv.co/stream/wp-content/plugins/elementor/core/modules-manager.php(64): Elementor\Core\Base\Module::instance()
#3 /home/servpcxr/8kiptv.co/stream/wp-content/plugins/elementor/includes/plugin.php(704): Elementor\Core\Modules_Manager->__construct()
#4 /home/servpcxr/8kiptv.co/stream/wp-content/plugins/elementor/includes/plugin.php(622): Elementor\Plugin->init_components()
#5 /home/servpcxr/8kiptv.co/stream/wp-includes/class-wp-hook.php(341): Elementor\Plugin->init('')
#6 /home/servpcxr/8kiptv.co/stream/wp in /home/servpcxr/8kiptv.co/stream/wp-content/plugins/elementor/modules/cloud-library/module.php on line 207
[13-Aug-2026 06:20:17 UTC] PHP Fatal error:  Uncaught WpOrg\Requests\Exception\Http\Status403: 403 Forbidden in /home/servpcxr/8kiptv.co/stream/wp-content/plugins/elementor/modules/cloud-library/module.php:207
Stack trace:
#0 /home/servpcxr/8kiptv.co/stream/wp-content/plugins/elementor/modules/cloud-library/module.php(57): Elementor\Modules\CloudLibrary\Module->is_screenshot_proxy_mode(Array)
#1 /home/servpcxr/8kiptv.co/stream/wp-content/plugins/elementor/core/base/module.php(86): Elementor\Modules\CloudLibrary\Module->__construct()
#2 /home/servpcxr/8kiptv.co/stream/wp-content/plugins/elementor/core/modules-manager.php(64): Elementor\Core\Base\Module::instance()
#3 /home/servpcxr/8kiptv.co/stream/wp-content/plugins/elementor/includes/plugin.php(704): Elementor\Core\Modules_Manager->__construct()
#4 /home/servpcxr/8kiptv.co/stream/wp-content/plugins/elementor/includes/plugin.php(622): Elementor\Plugin->init_components()
#5 /home/servpcxr/8kiptv.co/stream/wp-includes/class-wp-hook.php(341): Elementor\Plugin->init('')
#6 /home/servpcxr/8kiptv.co/stream/wp in /home/servpcxr/8kiptv.co/stream/wp-content/plugins/elementor/modules/cloud-library/module.php on line 207
[13-Aug-2026 06:20:17 UTC] PHP Fatal error:  Uncaught WpOrg\Requests\Exception\Http\Status403: 403 Forbidden in /home/servpcxr/8kiptv.co/stream/wp-content/plugins/elementor/modules/cloud-library/module.php:207
Stack trace:
#0 /home/servpcxr/8kiptv.co/stream/wp-content/plugins/elementor/modules/cloud-library/module.php(57): Elementor\Modules\CloudLibrary\Module->is_screenshot_proxy_mode(Array)
#1 /home/servpcxr/8kiptv.co/stream/wp-content/plugins/elementor/core/base/module.php(86): Elementor\Modules\CloudLibrary\Module->__construct()
#2 /home/servpcxr/8kiptv.co/stream/wp-content/plugins/elementor/core/modules-manager.php(64): Elementor\Core\Base\Module::instance()
#3 /home/servpcxr/8kiptv.co/stream/wp-content/plugins/elementor/includes/plugin.php(704): Elementor\Core\Modules_Manager->__construct()
#4 /home/servpcxr/8kiptv.co/stream/wp-content/plugins/elementor/includes/plugin.php(622): Elementor\Plugin->init_components()
#5 /home/servpcxr/8kiptv.co/stream/wp-includes/class-wp-hook.php(341): Elementor\Plugin->init('')
#6 /home/servpcxr/8kiptv.co/stream/wp in /home/servpcxr/8kiptv.co/stream/wp-content/plugins/elementor/modules/cloud-library/module.php on line 207
[13-Aug-2026 06:20:17 UTC] PHP Fatal error:  Uncaught WpOrg\Requests\Exception\Http\Status403: 403 Forbidden in /home/servpcxr/8kiptv.co/stream/wp-content/plugins/elementor/modules/cloud-library/module.php:207
Stack trace:
#0 /home/servpcxr/8kiptv.co/stream/wp-content/plugins/elementor/modules/cloud-library/module.php(57): Elementor\Modules\CloudLibrary\Module->is_screenshot_proxy_mode(Array)
#1 /home/servpcxr/8kiptv.co/stream/wp-content/plugins/elementor/core/base/module.php(86): Elementor\Modules\CloudLibrary\Module->__construct()
#2 /home/servpcxr/8kiptv.co/stream/wp-content/plugins/elementor/core/modules-manager.php(64): Elementor\Core\Base\Module::instance()
#3 /home/servpcxr/8kiptv.co/stream/wp-content/plugins/elementor/includes/plugin.php(704): Elementor\Core\Modules_Manager->__construct()
#4 /home/servpcxr/8kiptv.co/stream/wp-content/plugins/elementor/includes/plugin.php(622): Elementor\Plugin->init_components()
#5 /home/servpcxr/8kiptv.co/stream/wp-includes/class-wp-hook.php(341): Elementor\Plugin->init('')
#6 /home/servpcxr/8kiptv.co/stream/wp in /home/servpcxr/8kiptv.co/stream/wp-content/plugins/elementor/modules/cloud-library/module.php on line 207
[13-Aug-2026 06:20:20 UTC] PHP Fatal error:  Uncaught WpOrg\Requests\Exception\Http\Status403: 403 Forbidden in /home/servpcxr/8kiptv.co/stream/wp-content/plugins/elementor/modules/cloud-library/module.php:207
Stack trace:
#0 /home/servpcxr/8kiptv.co/stream/wp-content/plugins/elementor/modules/cloud-library/module.php(57): Elementor\Modules\CloudLibrary\Module->is_screenshot_proxy_mode(Array)
#1 /home/servpcxr/8kiptv.co/stream/wp-content/plugins/elementor/core/base/module.php(86): Elementor\Modules\CloudLibrary\Module->__construct()
#2 /home/servpcxr/8kiptv.co/stream/wp-content/plugins/elementor/core/modules-manager.php(64): Elementor\Core\Base\Module::instance()
#3 /home/servpcxr/8kiptv.co/stream/wp-content/plugins/elementor/includes/plugin.php(704): Elementor\Core\Modules_Manager->__construct()
#4 /home/servpcxr/8kiptv.co/stream/wp-content/plugins/elementor/includes/plugin.php(622): Elementor\Plugin->init_components()
#5 /home/servpcxr/8kiptv.co/stream/wp-includes/class-wp-hook.php(341): Elementor\Plugin->init('')
#6 /home/servpcxr/8kiptv.co/stream/wp in /home/servpcxr/8kiptv.co/stream/wp-content/plugins/elementor/modules/cloud-library/module.php on line 207
[13-Aug-2026 06:20:20 UTC] PHP Fatal error:  Uncaught WpOrg\Requests\Exception\Http\Status403: 403 Forbidden in /home/servpcxr/8kiptv.co/stream/wp-content/plugins/elementor/modules/cloud-library/module.php:207
Stack trace:
#0 /home/servpcxr/8kiptv.co/stream/wp-content/plugins/elementor/modules/cloud-library/module.php(57): Elementor\Modules\CloudLibrary\Module->is_screenshot_proxy_mode(Array)
#1 /home/servpcxr/8kiptv.co/stream/wp-content/plugins/elementor/core/base/module.php(86): Elementor\Modules\CloudLibrary\Module->__construct()
#2 /home/servpcxr/8kiptv.co/stream/wp-content/plugins/elementor/core/modules-manager.php(64): Elementor\Core\Base\Module::instance()
#3 /home/servpcxr/8kiptv.co/stream/wp-content/plugins/elementor/includes/plugin.php(704): Elementor\Core\Modules_Manager->__construct()
#4 /home/servpcxr/8kiptv.co/stream/wp-content/plugins/elementor/includes/plugin.php(622): Elementor\Plugin->init_components()
#5 /home/servpcxr/8kiptv.co/stream/wp-includes/class-wp-hook.php(341): Elementor\Plugin->init('')
#6 /home/servpcxr/8kiptv.co/stream/wp in /home/servpcxr/8kiptv.co/stream/wp-content/plugins/elementor/modules/cloud-library/module.php on line 207
[13-Aug-2026 06:20:20 UTC] PHP Fatal error:  Uncaught WpOrg\Requests\Exception\Http\Status403: 403 Forbidden in /home/servpcxr/8kiptv.co/stream/wp-content/plugins/elementor/modules/cloud-library/module.php:207
Stack trace:
#0 /home/servpcxr/8kiptv.co/stream/wp-content/plugins/elementor/modules/cloud-library/module.php(57): Elementor\Modules\CloudLibrary\Module->is_screenshot_proxy_mode(Array)
#1 /home/servpcxr/8kiptv.co/stream/wp-content/plugins/elementor/core/base/module.php(86): Elementor\Modules\CloudLibrary\Module->__construct()
#2 /home/servpcxr/8kiptv.co/stream/wp-content/plugins/elementor/core/modules-manager.php(64): Elementor\Core\Base\Module::instance()
#3 /home/servpcxr/8kiptv.co/stream/wp-content/plugins/elementor/includes/plugin.php(704): Elementor\Core\Modules_Manager->__construct()
#4 /home/servpcxr/8kiptv.co/stream/wp-content/plugins/elementor/includes/plugin.php(622): Elementor\Plugin->init_components()
#5 /home/servpcxr/8kiptv.co/stream/wp-includes/class-wp-hook.php(341): Elementor\Plugin->init('')
#6 /home/servpcxr/8kiptv.co/stream/wp in /home/servpcxr/8kiptv.co/stream/wp-content/plugins/elementor/modules/cloud-library/module.php on line 207
[13-Aug-2026 06:20:22 UTC] PHP Fatal error:  Uncaught WpOrg\Requests\Exception\Http\Status403: 403 Forbidden in /home/servpcxr/8kiptv.co/stream/wp-content/plugins/elementor/modules/cloud-library/module.php:207
Stack trace:
#0 /home/servpcxr/8kiptv.co/stream/wp-content/plugins/elementor/modules/cloud-library/module.php(57): Elementor\Modules\CloudLibrary\Module->is_screenshot_proxy_mode(Array)
#1 /home/servpcxr/8kiptv.co/stream/wp-content/plugins/elementor/core/base/module.php(86): Elementor\Modules\CloudLibrary\Module->__construct()
#2 /home/servpcxr/8kiptv.co/stream/wp-content/plugins/elementor/core/modules-manager.php(64): Elementor\Core\Base\Module::instance()
#3 /home/servpcxr/8kiptv.co/stream/wp-content/plugins/elementor/includes/plugin.php(704): Elementor\Core\Modules_Manager->__construct()
#4 /home/servpcxr/8kiptv.co/stream/wp-content/plugins/elementor/includes/plugin.php(622): Elementor\Plugin->init_components()
#5 /home/servpcxr/8kiptv.co/stream/wp-includes/class-wp-hook.php(341): Elementor\Plugin->init('')
#6 /home/servpcxr/8kiptv.co/stream/wp in /home/servpcxr/8kiptv.co/stream/wp-content/plugins/elementor/modules/cloud-library/module.php on line 207
[13-Aug-2026 06:20:22 UTC] PHP Fatal error:  Uncaught WpOrg\Requests\Exception\Http\Status403: 403 Forbidden in /home/servpcxr/8kiptv.co/stream/wp-content/plugins/elementor/modules/cloud-library/module.php:207
Stack trace:
#0 /home/servpcxr/8kiptv.co/stream/wp-content/plugins/elementor/modules/cloud-library/module.php(57): Elementor\Modules\CloudLibrary\Module->is_screenshot_proxy_mode(Array)
#1 /home/servpcxr/8kiptv.co/stream/wp-content/plugins/elementor/core/base/module.php(86): Elementor\Modules\CloudLibrary\Module->__construct()
#2 /home/servpcxr/8kiptv.co/stream/wp-content/plugins/elementor/core/modules-manager.php(64): Elementor\Core\Base\Module::instance()
#3 /home/servpcxr/8kiptv.co/stream/wp-content/plugins/elementor/includes/plugin.php(704): Elementor\Core\Modules_Manager->__construct()
#4 /home/servpcxr/8kiptv.co/stream/wp-content/plugins/elementor/includes/plugin.php(622): Elementor\Plugin->init_components()
#5 /home/servpcxr/8kiptv.co/stream/wp-includes/class-wp-hook.php(341): Elementor\Plugin->init('')
#6 /home/servpcxr/8kiptv.co/stream/wp in /home/servpcxr/8kiptv.co/stream/wp-content/plugins/elementor/modules/cloud-library/module.php on line 207
[13-Aug-2026 06:20:23 UTC] PHP Fatal error:  Uncaught WpOrg\Requests\Exception\Http\Status403: 403 Forbidden in /home/servpcxr/8kiptv.co/stream/wp-content/plugins/elementor/modules/cloud-library/module.php:207
Stack trace:
#0 /home/servpcxr/8kiptv.co/stream/wp-content/plugins/elementor/modules/cloud-library/module.php(57): Elementor\Modules\CloudLibrary\Module->is_screenshot_proxy_mode(Array)
#1 /home/servpcxr/8kiptv.co/stream/wp-content/plugins/elementor/core/base/module.php(86): Elementor\Modules\CloudLibrary\Module->__construct()
#2 /home/servpcxr/8kiptv.co/stream/wp-content/plugins/elementor/core/modules-manager.php(64): Elementor\Core\Base\Module::instance()
#3 /home/servpcxr/8kiptv.co/stream/wp-content/plugins/elementor/includes/plugin.php(704): Elementor\Core\Modules_Manager->__construct()
#4 /home/servpcxr/8kiptv.co/stream/wp-content/plugins/elementor/includes/plugin.php(622): Elementor\Plugin->init_components()
#5 /home/servpcxr/8kiptv.co/stream/wp-includes/class-wp-hook.php(341): Elementor\Plugin->init('')
#6 /home/servpcxr/8kiptv.co/stream/wp in /home/servpcxr/8kiptv.co/stream/wp-content/plugins/elementor/modules/cloud-library/module.php on line 207
[13-Aug-2026 06:20:27 UTC] PHP Fatal error:  Uncaught WpOrg\Requests\Exception\Http\Status403: 403 Forbidden in /home/servpcxr/8kiptv.co/stream/wp-content/plugins/elementor/modules/cloud-library/module.php:207
Stack trace:
#0 /home/servpcxr/8kiptv.co/stream/wp-content/plugins/elementor/modules/cloud-library/module.php(57): Elementor\Modules\CloudLibrary\Module->is_screenshot_proxy_mode(Array)
#1 /home/servpcxr/8kiptv.co/stream/wp-content/plugins/elementor/core/base/module.php(86): Elementor\Modules\CloudLibrary\Module->__construct()
#2 /home/servpcxr/8kiptv.co/stream/wp-content/plugins/elementor/core/modules-manager.php(64): Elementor\Core\Base\Module::instance()
#3 /home/servpcxr/8kiptv.co/stream/wp-content/plugins/elementor/includes/plugin.php(704): Elementor\Core\Modules_Manager->__construct()
#4 /home/servpcxr/8kiptv.co/stream/wp-content/plugins/elementor/includes/plugin.php(622): Elementor\Plugin->init_components()
#5 /home/servpcxr/8kiptv.co/stream/wp-includes/class-wp-hook.php(341): Elementor\Plugin->init('')
#6 /home/servpcxr/8kiptv.co/stream/wp in /home/servpcxr/8kiptv.co/stream/wp-content/plugins/elementor/modules/cloud-library/module.php on line 207
[13-Aug-2026 06:20:28 UTC] PHP Fatal error:  Uncaught WpOrg\Requests\Exception\Http\Status403: 403 Forbidden in /home/servpcxr/8kiptv.co/stream/wp-content/plugins/elementor/modules/cloud-library/module.php:207
Stack trace:
#0 /home/servpcxr/8kiptv.co/stream/wp-content/plugins/elementor/modules/cloud-library/module.php(57): Elementor\Modules\CloudLibrary\Module->is_screenshot_proxy_mode(Array)
#1 /home/servpcxr/8kiptv.co/stream/wp-content/plugins/elementor/core/base/module.php(86): Elementor\Modules\CloudLibrary\Module->__construct()
#2 /home/servpcxr/8kiptv.co/stream/wp-content/plugins/elementor/core/modules-manager.php(64): Elementor\Core\Base\Module::instance()
#3 /home/servpcxr/8kiptv.co/stream/wp-content/plugins/elementor/includes/plugin.php(704): Elementor\Core\Modules_Manager->__construct()
#4 /home/servpcxr/8kiptv.co/stream/wp-content/plugins/elementor/includes/plugin.php(622): Elementor\Plugin->init_components()
#5 /home/servpcxr/8kiptv.co/stream/wp-includes/class-wp-hook.php(341): Elementor\Plugin->init('')
#6 /home/servpcxr/8kiptv.co/stream/wp in /home/servpcxr/8kiptv.co/stream/wp-content/plugins/elementor/modules/cloud-library/module.php on line 207
[13-Aug-2026 06:20:28 UTC] PHP Fatal error:  Uncaught WpOrg\Requests\Exception\Http\Status403: 403 Forbidden in /home/servpcxr/8kiptv.co/stream/wp-content/plugins/elementor/modules/cloud-library/module.php:207
Stack trace:
#0 /home/servpcxr/8kiptv.co/stream/wp-content/plugins/elementor/modules/cloud-library/module.php(57): Elementor\Modules\CloudLibrary\Module->is_screenshot_proxy_mode(Array)
#1 /home/servpcxr/8kiptv.co/stream/wp-content/plugins/elementor/core/base/module.php(86): Elementor\Modules\CloudLibrary\Module->__construct()
#2 /home/servpcxr/8kiptv.co/stream/wp-content/plugins/elementor/core/modules-manager.php(64): Elementor\Core\Base\Module::instance()
#3 /home/servpcxr/8kiptv.co/stream/wp-content/plugins/elementor/includes/plugin.php(704): Elementor\Core\Modules_Manager->__construct()
#4 /home/servpcxr/8kiptv.co/stream/wp-content/plugins/elementor/includes/plugin.php(622): Elementor\Plugin->init_components()
#5 /home/servpcxr/8kiptv.co/stream/wp-includes/class-wp-hook.php(341): Elementor\Plugin->init('')
#6 /home/servpcxr/8kiptv.co/stream/wp in /home/servpcxr/8kiptv.co/stream/wp-content/plugins/elementor/modules/cloud-library/module.php on line 207
[13-Aug-2026 06:20:37 UTC] PHP Fatal error:  Uncaught WpOrg\Requests\Exception\Http\Status403: 403 Forbidden in /home/servpcxr/8kiptv.co/stream/wp-content/plugins/elementor/modules/cloud-library/module.php:207
Stack trace:
#0 /home/servpcxr/8kiptv.co/stream/wp-content/plugins/elementor/modules/cloud-library/module.php(57): Elementor\Modules\CloudLibrary\Module->is_screenshot_proxy_mode(Array)
#1 /home/servpcxr/8kiptv.co/stream/wp-content/plugins/elementor/core/base/module.php(86): Elementor\Modules\CloudLibrary\Module->__construct()
#2 /home/servpcxr/8kiptv.co/stream/wp-content/plugins/elementor/core/modules-manager.php(64): Elementor\Core\Base\Module::instance()
#3 /home/servpcxr/8kiptv.co/stream/wp-content/plugins/elementor/includes/plugin.php(704): Elementor\Core\Modules_Manager->__construct()
#4 /home/servpcxr/8kiptv.co/stream/wp-content/plugins/elementor/includes/plugin.php(622): Elementor\Plugin->init_components()
#5 /home/servpcxr/8kiptv.co/stream/wp-includes/class-wp-hook.php(341): Elementor\Plugin->init('')
#6 /home/servpcxr/8kiptv.co/stream/wp in /home/servpcxr/8kiptv.co/stream/wp-content/plugins/elementor/modules/cloud-library/module.php on line 207
[13-Aug-2026 06:20:37 UTC] PHP Fatal error:  Uncaught WpOrg\Requests\Exception\Http\Status403: 403 Forbidden in /home/servpcxr/8kiptv.co/stream/wp-content/plugins/elementor/modules/cloud-library/module.php:207
Stack trace:
#0 /home/servpcxr/8kiptv.co/stream/wp-content/plugins/elementor/modules/cloud-library/module.php(57): Elementor\Modules\CloudLibrary\Module->is_screenshot_proxy_mode(Array)
#1 /home/servpcxr/8kiptv.co/stream/wp-content/plugins/elementor/core/base/module.php(86): Elementor\Modules\CloudLibrary\Module->__construct()
#2 /home/servpcxr/8kiptv.co/stream/wp-content/plugins/elementor/core/modules-manager.php(64): Elementor\Core\Base\Module::instance()
#3 /home/servpcxr/8kiptv.co/stream/wp-content/plugins/elementor/includes/plugin.php(704): Elementor\Core\Modules_Manager->__construct()
#4 /home/servpcxr/8kiptv.co/stream/wp-content/plugins/elementor/includes/plugin.php(622): Elementor\Plugin->init_components()
#5 /home/servpcxr/8kiptv.co/stream/wp-includes/class-wp-hook.php(341): Elementor\Plugin->init('')
#6 /home/servpcxr/8kiptv.co/stream/wp in /home/servpcxr/8kiptv.co/stream/wp-content/plugins/elementor/modules/cloud-library/module.php on line 207
[13-Aug-2026 06:20:37 UTC] PHP Fatal error:  Uncaught WpOrg\Requests\Exception\Http\Status403: 403 Forbidden in /home/servpcxr/8kiptv.co/stream/wp-content/plugins/elementor/modules/cloud-library/module.php:207
Stack trace:
#0 /home/servpcxr/8kiptv.co/stream/wp-content/plugins/elementor/modules/cloud-library/module.php(57): Elementor\Modules\CloudLibrary\Module->is_screenshot_proxy_mode(Array)
#1 /home/servpcxr/8kiptv.co/stream/wp-content/plugins/elementor/core/base/module.php(86): Elementor\Modules\CloudLibrary\Module->__construct()
#2 /home/servpcxr/8kiptv.co/stream/wp-content/plugins/elementor/core/modules-manager.php(64): Elementor\Core\Base\Module::instance()
#3 /home/servpcxr/8kiptv.co/stream/wp-content/plugins/elementor/includes/plugin.php(704): Elementor\Core\Modules_Manager->__construct()
#4 /home/servpcxr/8kiptv.co/stream/wp-content/plugins/elementor/includes/plugin.php(622): Elementor\Plugin->init_components()
#5 /home/servpcxr/8kiptv.co/stream/wp-includes/class-wp-hook.php(341): Elementor\Plugin->init('')
#6 /home/servpcxr/8kiptv.co/stream/wp in /home/servpcxr/8kiptv.co/stream/wp-content/plugins/elementor/modules/cloud-library/module.php on line 207
[13-Aug-2026 06:23:08 UTC] PHP Notice:  Function map_meta_cap was called <strong>incorrectly</strong>. The post type <code>shop_order</code> is not registered, so it may not be reliable to check the capability <code>edit_post</code> against a post of that type. Please see <a href="https://developer.wordpress.org/advanced-administration/debug/debug-wordpress/">Debugging in WordPress</a> for more information. (This message was added in version 4.4.0.) in /home/servpcxr/8kiptv.co/stream/wp-includes/functions.php on line 6170
[13-Aug-2026 06:23:08 UTC] PHP Notice:  Function map_meta_cap was called <strong>incorrectly</strong>. The post type <code>shop_order</code> is not registered, so it may not be reliable to check the capability <code>edit_post</code> against a post of that type. Please see <a href="https://developer.wordpress.org/advanced-administration/debug/debug-wordpress/">Debugging in WordPress</a> for more information. (This message was added in version 4.4.0.) in /home/servpcxr/8kiptv.co/stream/wp-includes/functions.php on line 6170
[13-Aug-2026 06:23:08 UTC] PHP Notice:  Function map_meta_cap was called <strong>incorrectly</strong>. The post type <code>shop_order</code> is not registered, so it may not be reliable to check the capability <code>edit_post</code> against a post of that type. Please see <a href="https://developer.wordpress.org/advanced-administration/debug/debug-wordpress/">Debugging in WordPress</a> for more information. (This message was added in version 4.4.0.) in /home/servpcxr/8kiptv.co/stream/wp-includes/functions.php on line 6170
[13-Aug-2026 06:23:08 UTC] PHP Notice:  Function map_meta_cap was called <strong>incorrectly</strong>. The post type <code>shop_order</code> is not registered, so it may not be reliable to check the capability <code>edit_post</code> against a post of that type. Please see <a href="https://developer.wordpress.org/advanced-administration/debug/debug-wordpress/">Debugging in WordPress</a> for more information. (This message was added in version 4.4.0.) in /home/servpcxr/8kiptv.co/stream/wp-includes/functions.php on line 6170
[13-Aug-2026 06:23:08 UTC] PHP Notice:  Function map_meta_cap was called <strong>incorrectly</strong>. The post type <code>shop_order</code> is not registered, so it may not be reliable to check the capability <code>edit_post</code> against a post of that type. Please see <a href="https://developer.wordpress.org/advanced-administration/debug/debug-wordpress/">Debugging in WordPress</a> for more information. (This message was added in version 4.4.0.) in /home/servpcxr/8kiptv.co/stream/wp-includes/functions.php on line 6170
[13-Aug-2026 06:23:08 UTC] PHP Notice:  Function map_meta_cap was called <strong>incorrectly</strong>. The post type <code>shop_order</code> is not registered, so it may not be reliable to check the capability <code>edit_post</code> against a post of that type. Please see <a href="https://developer.wordpress.org/advanced-administration/debug/debug-wordpress/">Debugging in WordPress</a> for more information. (This message was added in version 4.4.0.) in /home/servpcxr/8kiptv.co/stream/wp-includes/functions.php on line 6170
[13-Aug-2026 06:23:14 UTC] PHP Notice:  Function map_meta_cap was called <strong>incorrectly</strong>. The post type <code>shop_order</code> is not registered, so it may not be reliable to check the capability <code>edit_post</code> against a post of that type. Please see <a href="https://developer.wordpress.org/advanced-administration/debug/debug-wordpress/">Debugging in WordPress</a> for more information. (This message was added in version 4.4.0.) in /home/servpcxr/8kiptv.co/stream/wp-includes/functions.php on line 6170
[13-Aug-2026 06:23:14 UTC] PHP Notice:  Function map_meta_cap was called <strong>incorrectly</strong>. The post type <code>shop_order</code> is not registered, so it may not be reliable to check the capability <code>edit_post</code> against a post of that type. Please see <a href="https://developer.wordpress.org/advanced-administration/debug/debug-wordpress/">Debugging in WordPress</a> for more information. (This message was added in version 4.4.0.) in /home/servpcxr/8kiptv.co/stream/wp-includes/functions.php on line 6170
[13-Aug-2026 06:23:14 UTC] PHP Notice:  Function map_meta_cap was called <strong>incorrectly</strong>. The post type <code>shop_order</code> is not registered, so it may not be reliable to check the capability <code>edit_post</code> against a post of that type. Please see <a href="https://developer.wordpress.org/advanced-administration/debug/debug-wordpress/">Debugging in WordPress</a> for more information. (This message was added in version 4.4.0.) in /home/servpcxr/8kiptv.co/stream/wp-includes/functions.php on line 6170
[13-Aug-2026 06:23:14 UTC] PHP Notice:  Function map_meta_cap was called <strong>incorrectly</strong>. The post type <code>shop_order</code> is not registered, so it may not be reliable to check the capability <code>edit_post</code> against a post of that type. Please see <a href="https://developer.wordpress.org/advanced-administration/debug/debug-wordpress/">Debugging in WordPress</a> for more information. (This message was added in version 4.4.0.) in /home/servpcxr/8kiptv.co/stream/wp-includes/functions.php on line 6170
[13-Aug-2026 06:23:14 UTC] PHP Notice:  Function map_meta_cap was called <strong>incorrectly</strong>. The post type <code>shop_order</code> is not registered, so it may not be reliable to check the capability <code>edit_post</code> against a post of that type. Please see <a href="https://developer.wordpress.org/advanced-administration/debug/debug-wordpress/">Debugging in WordPress</a> for more information. (This message was added in version 4.4.0.) in /home/servpcxr/8kiptv.co/stream/wp-includes/functions.php on line 6170
[13-Aug-2026 06:23:14 UTC] PHP Notice:  Function map_meta_cap was called <strong>incorrectly</strong>. The post type <code>shop_order</code> is not registered, so it may not be reliable to check the capability <code>edit_post</code> against a post of that type. Please see <a href="https://developer.wordpress.org/advanced-administration/debug/debug-wordpress/">Debugging in WordPress</a> for more information. (This message was added in version 4.4.0.) in /home/servpcxr/8kiptv.co/stream/wp-includes/functions.php on line 6170
[13-Aug-2026 06:25:09 UTC] PHP Notice:  Function map_meta_cap was called <strong>incorrectly</strong>. The post type <code>shop_order</code> is not registered, so it may not be reliable to check the capability <code>edit_post</code> against a post of that type. Please see <a href="https://developer.wordpress.org/advanced-administration/debug/debug-wordpress/">Debugging in WordPress</a> for more information. (This message was added in version 4.4.0.) in /home/servpcxr/8kiptv.co/stream/wp-includes/functions.php on line 6170
[13-Aug-2026 06:25:09 UTC] PHP Notice:  Function map_meta_cap was called <strong>incorrectly</strong>. The post type <code>shop_order</code> is not registered, so it may not be reliable to check the capability <code>edit_post</code> against a post of that type. Please see <a href="https://developer.wordpress.org/advanced-administration/debug/debug-wordpress/">Debugging in WordPress</a> for more information. (This message was added in version 4.4.0.) in /home/servpcxr/8kiptv.co/stream/wp-includes/functions.php on line 6170
[13-Aug-2026 06:25:09 UTC] PHP Notice:  Function map_meta_cap was called <strong>incorrectly</strong>. The post type <code>shop_order</code> is not registered, so it may not be reliable to check the capability <code>edit_post</code> against a post of that type. Please see <a href="https://developer.wordpress.org/advanced-administration/debug/debug-wordpress/">Debugging in WordPress</a> for more information. (This message was added in version 4.4.0.) in /home/servpcxr/8kiptv.co/stream/wp-includes/functions.php on line 6170
[13-Aug-2026 06:25:09 UTC] PHP Notice:  Function map_meta_cap was called <strong>incorrectly</strong>. The post type <code>shop_order</code> is not registered, so it may not be reliable to check the capability <code>edit_post</code> against a post of that type. Please see <a href="https://developer.wordpress.org/advanced-administration/debug/debug-wordpress/">Debugging in WordPress</a> for more information. (This message was added in version 4.4.0.) in /home/servpcxr/8kiptv.co/stream/wp-includes/functions.php on line 6170
[13-Aug-2026 06:25:09 UTC] PHP Notice:  Function map_meta_cap was called <strong>incorrectly</strong>. The post type <code>shop_order</code> is not registered, so it may not be reliable to check the capability <code>edit_post</code> against a post of that type. Please see <a href="https://developer.wordpress.org/advanced-administration/debug/debug-wordpress/">Debugging in WordPress</a> for more information. (This message was added in version 4.4.0.) in /home/servpcxr/8kiptv.co/stream/wp-includes/functions.php on line 6170
[13-Aug-2026 06:25:09 UTC] PHP Notice:  Function map_meta_cap was called <strong>incorrectly</strong>. The post type <code>shop_order</code> is not registered, so it may not be reliable to check the capability <code>edit_post</code> against a post of that type. Please see <a href="https://developer.wordpress.org/advanced-administration/debug/debug-wordpress/">Debugging in WordPress</a> for more information. (This message was added in version 4.4.0.) in /home/servpcxr/8kiptv.co/stream/wp-includes/functions.php on line 6170
[13-Aug-2026 06:25:12 UTC] PHP Notice:  Function map_meta_cap was called <strong>incorrectly</strong>. The post type <code>shop_order</code> is not registered, so it may not be reliable to check the capability <code>edit_post</code> against a post of that type. Please see <a href="https://developer.wordpress.org/advanced-administration/debug/debug-wordpress/">Debugging in WordPress</a> for more information. (This message was added in version 4.4.0.) in /home/servpcxr/8kiptv.co/stream/wp-includes/functions.php on line 6170
[13-Aug-2026 06:25:12 UTC] PHP Notice:  Function map_meta_cap was called <strong>incorrectly</strong>. The post type <code>shop_order</code> is not registered, so it may not be reliable to check the capability <code>edit_post</code> against a post of that type. Please see <a href="https://developer.wordpress.org/advanced-administration/debug/debug-wordpress/">Debugging in WordPress</a> for more information. (This message was added in version 4.4.0.) in /home/servpcxr/8kiptv.co/stream/wp-includes/functions.php on line 6170
[13-Aug-2026 06:25:12 UTC] PHP Notice:  Function map_meta_cap was called <strong>incorrectly</strong>. The post type <code>shop_order</code> is not registered, so it may not be reliable to check the capability <code>edit_post</code> against a post of that type. Please see <a href="https://developer.wordpress.org/advanced-administration/debug/debug-wordpress/">Debugging in WordPress</a> for more information. (This message was added in version 4.4.0.) in /home/servpcxr/8kiptv.co/stream/wp-includes/functions.php on line 6170
[13-Aug-2026 06:25:12 UTC] PHP Notice:  Function map_meta_cap was called <strong>incorrectly</strong>. The post type <code>shop_order</code> is not registered, so it may not be reliable to check the capability <code>edit_post</code> against a post of that type. Please see <a href="https://developer.wordpress.org/advanced-administration/debug/debug-wordpress/">Debugging in WordPress</a> for more information. (This message was added in version 4.4.0.) in /home/servpcxr/8kiptv.co/stream/wp-includes/functions.php on line 6170
[13-Aug-2026 06:25:12 UTC] PHP Notice:  Function map_meta_cap was called <strong>incorrectly</strong>. The post type <code>shop_order</code> is not registered, so it may not be reliable to check the capability <code>edit_post</code> against a post of that type. Please see <a href="https://developer.wordpress.org/advanced-administration/debug/debug-wordpress/">Debugging in WordPress</a> for more information. (This message was added in version 4.4.0.) in /home/servpcxr/8kiptv.co/stream/wp-includes/functions.php on line 6170
[13-Aug-2026 06:25:12 UTC] PHP Notice:  Function map_meta_cap was called <strong>incorrectly</strong>. The post type <code>shop_order</code> is not registered, so it may not be reliable to check the capability <code>edit_post</code> against a post of that type. Please see <a href="https://developer.wordpress.org/advanced-administration/debug/debug-wordpress/">Debugging in WordPress</a> for more information. (This message was added in version 4.4.0.) in /home/servpcxr/8kiptv.co/stream/wp-includes/functions.php on line 6170
[13-Aug-2026 06:34:10 UTC] PHP Notice:  Function map_meta_cap was called <strong>incorrectly</strong>. The post type <code>product</code> is not registered, so it may not be reliable to check the capability <code>read_post</code> against a post of that type. Please see <a href="https://developer.wordpress.org/advanced-administration/debug/debug-wordpress/">Debugging in WordPress</a> for more information. (This message was added in version 4.4.0.) in /home/servpcxr/8kiptv.co/stream/wp-includes/functions.php on line 6170
[13-Aug-2026 06:34:43 UTC] PHP Notice:  Function map_meta_cap was called <strong>incorrectly</strong>. The post type <code>product</code> is not registered, so it may not be reliable to check the capability <code>read_post</code> against a post of that type. Please see <a href="https://developer.wordpress.org/advanced-administration/debug/debug-wordpress/">Debugging in WordPress</a> for more information. (This message was added in version 4.4.0.) in /home/servpcxr/8kiptv.co/stream/wp-includes/functions.php on line 6170
[13-Aug-2026 10:15:13 UTC] Automatic updates starting...
[13-Aug-2026 10:15:13 UTC]   Automatic plugin updates starting...
[13-Aug-2026 10:15:13 UTC]   Automatic plugin updates complete.
[13-Aug-2026 10:15:13 UTC]   Automatic theme updates starting...
[13-Aug-2026 10:15:13 UTC]   Automatic theme updates complete.
[13-Aug-2026 10:15:13 UTC] Automatic updates complete.
[13-Aug-2026 23:07:17 UTC] Automatic updates starting...
[13-Aug-2026 23:07:18 UTC]   Automatic plugin updates starting...
[13-Aug-2026 23:07:18 UTC]   Automatic plugin updates complete.
[13-Aug-2026 23:07:18 UTC]   Automatic theme updates starting...
[13-Aug-2026 23:07:18 UTC]   Automatic theme updates complete.
[13-Aug-2026 23:07:18 UTC] Automatic updates complete.
[13-Aug-2026 23:30:44 UTC] PHP Notice:  Function map_meta_cap was called <strong>incorrectly</strong>. The post type <code>product</code> is not registered, so it may not be reliable to check the capability <code>read_post</code> against a post of that type. Please see <a href="https://developer.wordpress.org/advanced-administration/debug/debug-wordpress/">Debugging in WordPress</a> for more information. (This message was added in version 4.4.0.) in /home/servpcxr/8kiptv.co/stream/wp-includes/functions.php on line 6170
[14-Aug-2026 02:11:47 UTC] Cron reschedule event error for hook: action_scheduler_run_queue, Error code: could_not_set, Error message: The cron event list could not be saved., Data: {"schedule":"every_minute","args":["WP Cron"],"interval":60}
[14-Aug-2026 10:15:23 UTC] Automatic updates starting...
[14-Aug-2026 10:15:23 UTC]   Automatic plugin updates starting...
[14-Aug-2026 10:15:23 UTC]   Automatic plugin updates complete.
[14-Aug-2026 10:15:23 UTC]   Automatic theme updates starting...
[14-Aug-2026 10:15:23 UTC]   Automatic theme updates complete.
[14-Aug-2026 10:15:23 UTC] Automatic updates complete.
[14-Aug-2026 11:07:05 UTC] PHP Warning:  Invalid argument supplied for foreach() in /home/servpcxr/8kiptv.co/stream/wp-content/plugins/userfeedback-lite/includes/admin/class-userfeedback-notifications.php on line 236
[14-Aug-2026 22:15:23 UTC] Automatic updates starting...
[14-Aug-2026 22:15:23 UTC]   Automatic plugin updates starting...
[14-Aug-2026 22:15:23 UTC]   Automatic plugin updates complete.
[14-Aug-2026 22:15:23 UTC]   Automatic theme updates starting...
[14-Aug-2026 22:15:23 UTC]   Automatic theme updates complete.
[14-Aug-2026 22:15:23 UTC] Automatic updates complete.
[15-Aug-2026 10:15:48 UTC] PHP Warning:  wp_version_check(): An unexpected error occurred. Something may be wrong with WordPress.org or this server&#8217;s configuration. If you continue to have problems, please try the <a href="https://wordpress.org/support/forums/">support forums</a>. (WordPress could not establish a secure connection to WordPress.org. Please contact your server administrator.) in /home/servpcxr/8kiptv.co/stream/wp-includes/functions.php on line 6170
[15-Aug-2026 10:15:49 UTC] Automatic updates starting...
[15-Aug-2026 10:15:49 UTC]   Automatic plugin updates starting...
[15-Aug-2026 10:15:49 UTC]   Automatic plugin updates complete.
[15-Aug-2026 10:15:49 UTC]   Automatic theme updates starting...
[15-Aug-2026 10:15:49 UTC]   Automatic theme updates complete.
[15-Aug-2026 10:15:49 UTC] Automatic updates complete.
[15-Aug-2026 22:15:03 UTC] Automatic updates starting...
[15-Aug-2026 22:15:03 UTC]   Automatic plugin updates starting...
[15-Aug-2026 22:15:03 UTC]   Automatic plugin updates complete.
[15-Aug-2026 22:15:03 UTC]   Automatic theme updates starting...
[15-Aug-2026 22:15:03 UTC]   Automatic theme updates complete.
[15-Aug-2026 22:15:03 UTC] Automatic updates complete.
[16-Aug-2026 10:16:14 UTC] Automatic updates starting...
[16-Aug-2026 10:16:15 UTC]   Automatic plugin updates starting...
[16-Aug-2026 10:16:15 UTC]   Automatic plugin updates complete.
[16-Aug-2026 10:16:15 UTC]   Automatic theme updates starting...
[16-Aug-2026 10:16:15 UTC]   Automatic theme updates complete.
[16-Aug-2026 10:16:15 UTC] Automatic updates complete.
[16-Aug-2026 22:16:16 UTC] Automatic updates starting...
[16-Aug-2026 22:16:16 UTC]   Automatic plugin updates starting...
[16-Aug-2026 22:16:16 UTC]   Automatic plugin updates complete.
[16-Aug-2026 22:16:16 UTC]   Automatic theme updates starting...
[16-Aug-2026 22:16:16 UTC]   Automatic theme updates complete.
[16-Aug-2026 22:16:16 UTC] Automatic updates complete.
[17-Aug-2026 10:15:14 UTC] Automatic updates starting...
[17-Aug-2026 10:15:15 UTC]   Automatic plugin updates starting...
[17-Aug-2026 10:15:15 UTC]   Automatic plugin updates complete.
[17-Aug-2026 10:15:15 UTC]   Automatic theme updates starting...
[17-Aug-2026 10:15:15 UTC]   Automatic theme updates complete.
[17-Aug-2026 10:15:15 UTC] Automatic updates complete.
[17-Aug-2026 22:16:09 UTC] Automatic updates starting...
[17-Aug-2026 22:16:10 UTC]   Automatic plugin updates starting...
[17-Aug-2026 22:16:10 UTC]   Automatic plugin updates complete.
[17-Aug-2026 22:16:10 UTC]   Automatic theme updates starting...
[17-Aug-2026 22:16:10 UTC]   Automatic theme updates complete.
[17-Aug-2026 22:16:10 UTC] Automatic updates complete.
[18-Aug-2026 10:15:03 UTC] Automatic updates starting...
[18-Aug-2026 10:15:03 UTC]   Automatic plugin updates starting...
[18-Aug-2026 10:15:03 UTC]   Automatic plugin updates complete.
[18-Aug-2026 10:15:03 UTC]   Automatic theme updates starting...
[18-Aug-2026 10:15:03 UTC]   Automatic theme updates complete.
[18-Aug-2026 10:15:03 UTC] Automatic updates complete.
[18-Aug-2026 12:46:07 UTC] PHP Warning:  Invalid argument supplied for foreach() in /home/servpcxr/8kiptv.co/stream/wp-content/plugins/userfeedback-lite/includes/admin/class-userfeedback-notifications.php on line 236
[18-Aug-2026 20:32:07 UTC] PHP Notice:  Function WP_Styles::add was called <strong>incorrectly</strong>. The style with the handle "elementor-post-605" was enqueued with dependencies that are not registered: elementor-frontend. Please see <a href="https://developer.wordpress.org/advanced-administration/debug/debug-wordpress/">Debugging in WordPress</a> for more information. (This message was added in version 6.9.1.) in /home/servpcxr/8kiptv.co/stream/wp-includes/functions.php on line 6170
[18-Aug-2026 20:32:07 UTC] PHP Notice:  Function WP_Styles::add was called <strong>incorrectly</strong>. The style with the handle "elementor-post-611" was enqueued with dependencies that are not registered: elementor-frontend. Please see <a href="https://developer.wordpress.org/advanced-administration/debug/debug-wordpress/">Debugging in WordPress</a> for more information. (This message was added in version 6.9.1.) in /home/servpcxr/8kiptv.co/stream/wp-includes/functions.php on line 6170
[18-Aug-2026 20:32:07 UTC] PHP Notice:  Function WP_Styles::add was called <strong>incorrectly</strong>. The style with the handle "elementor-post-616" was enqueued with dependencies that are not registered: elementor-frontend. Please see <a href="https://developer.wordpress.org/advanced-administration/debug/debug-wordpress/">Debugging in WordPress</a> for more information. (This message was added in version 6.9.1.) in /home/servpcxr/8kiptv.co/stream/wp-includes/functions.php on line 6170
[18-Aug-2026 20:32:12 UTC] PHP Notice:  Function WP_Styles::add was called <strong>incorrectly</strong>. The style with the handle "elementor-post-605" was enqueued with dependencies that are not registered: elementor-frontend. Please see <a href="https://developer.wordpress.org/advanced-administration/debug/debug-wordpress/">Debugging in WordPress</a> for more information. (This message was added in version 6.9.1.) in /home/servpcxr/8kiptv.co/stream/wp-includes/functions.php on line 6170
[18-Aug-2026 20:32:12 UTC] PHP Notice:  Function WP_Styles::add was called <strong>incorrectly</strong>. The style with the handle "elementor-post-611" was enqueued with dependencies that are not registered: elementor-frontend. Please see <a href="https://developer.wordpress.org/advanced-administration/debug/debug-wordpress/">Debugging in WordPress</a> for more information. (This message was added in version 6.9.1.) in /home/servpcxr/8kiptv.co/stream/wp-includes/functions.php on line 6170
[18-Aug-2026 20:32:12 UTC] PHP Notice:  Function WP_Styles::add was called <strong>incorrectly</strong>. The style with the handle "elementor-post-616" was enqueued with dependencies that are not registered: elementor-frontend. Please see <a href="https://developer.wordpress.org/advanced-administration/debug/debug-wordpress/">Debugging in WordPress</a> for more information. (This message was added in version 6.9.1.) in /home/servpcxr/8kiptv.co/stream/wp-includes/functions.php on line 6170
[18-Aug-2026 20:33:41 UTC] PHP Notice:  Function map_meta_cap was called <strong>incorrectly</strong>. The post type <code>product</code> is not registered, so it may not be reliable to check the capability <code>read_post</code> against a post of that type. Please see <a href="https://developer.wordpress.org/advanced-administration/debug/debug-wordpress/">Debugging in WordPress</a> for more information. (This message was added in version 4.4.0.) in /home/servpcxr/8kiptv.co/stream/wp-includes/functions.php on line 6170
[18-Aug-2026 20:33:41 UTC] PHP Notice:  Function map_meta_cap was called <strong>incorrectly</strong>. The post type <code>product</code> is not registered, so it may not be reliable to check the capability <code>read_post</code> against a post of that type. Please see <a href="https://developer.wordpress.org/advanced-administration/debug/debug-wordpress/">Debugging in WordPress</a> for more information. (This message was added in version 4.4.0.) in /home/servpcxr/8kiptv.co/stream/wp-includes/functions.php on line 6170
[18-Aug-2026 20:57:52 UTC] PHP Notice:  Function WP_Styles::add was called <strong>incorrectly</strong>. The style with the handle "elementor-post-605" was enqueued with dependencies that are not registered: elementor-frontend. Please see <a href="https://developer.wordpress.org/advanced-administration/debug/debug-wordpress/">Debugging in WordPress</a> for more information. (This message was added in version 6.9.1.) in /home/servpcxr/8kiptv.co/stream/wp-includes/functions.php on line 6170
[18-Aug-2026 20:57:52 UTC] PHP Notice:  Function WP_Styles::add was called <strong>incorrectly</strong>. The style with the handle "elementor-post-611" was enqueued with dependencies that are not registered: elementor-frontend. Please see <a href="https://developer.wordpress.org/advanced-administration/debug/debug-wordpress/">Debugging in WordPress</a> for more information. (This message was added in version 6.9.1.) in /home/servpcxr/8kiptv.co/stream/wp-includes/functions.php on line 6170
[18-Aug-2026 20:57:52 UTC] PHP Notice:  Function WP_Styles::add was called <strong>incorrectly</strong>. The style with the handle "elementor-post-616" was enqueued with dependencies that are not registered: elementor-frontend. Please see <a href="https://developer.wordpress.org/advanced-administration/debug/debug-wordpress/">Debugging in WordPress</a> for more information. (This message was added in version 6.9.1.) in /home/servpcxr/8kiptv.co/stream/wp-includes/functions.php on line 6170
[18-Aug-2026 20:57:56 UTC] PHP Notice:  Function WP_Styles::add was called <strong>incorrectly</strong>. The style with the handle "elementor-post-605" was enqueued with dependencies that are not registered: elementor-frontend. Please see <a href="https://developer.wordpress.org/advanced-administration/debug/debug-wordpress/">Debugging in WordPress</a> for more information. (This message was added in version 6.9.1.) in /home/servpcxr/8kiptv.co/stream/wp-includes/functions.php on line 6170
[18-Aug-2026 20:57:56 UTC] PHP Notice:  Function WP_Styles::add was called <strong>incorrectly</strong>. The style with the handle "elementor-post-611" was enqueued with dependencies that are not registered: elementor-frontend. Please see <a href="https://developer.wordpress.org/advanced-administration/debug/debug-wordpress/">Debugging in WordPress</a> for more information. (This message was added in version 6.9.1.) in /home/servpcxr/8kiptv.co/stream/wp-includes/functions.php on line 6170
[18-Aug-2026 20:57:56 UTC] PHP Notice:  Function WP_Styles::add was called <strong>incorrectly</strong>. The style with the handle "elementor-post-616" was enqueued with dependencies that are not registered: elementor-frontend. Please see <a href="https://developer.wordpress.org/advanced-administration/debug/debug-wordpress/">Debugging in WordPress</a> for more information. (This message was added in version 6.9.1.) in /home/servpcxr/8kiptv.co/stream/wp-includes/functions.php on line 6170
[18-Aug-2026 21:02:36 UTC] PHP Notice:  Function WP_Styles::add was called <strong>incorrectly</strong>. The style with the handle "elementor-post-605" was enqueued with dependencies that are not registered: elementor-frontend. Please see <a href="https://developer.wordpress.org/advanced-administration/debug/debug-wordpress/">Debugging in WordPress</a> for more information. (This message was added in version 6.9.1.) in /home/servpcxr/8kiptv.co/stream/wp-includes/functions.php on line 6170
[18-Aug-2026 21:02:36 UTC] PHP Notice:  Function WP_Styles::add was called <strong>incorrectly</strong>. The style with the handle "elementor-post-611" was enqueued with dependencies that are not registered: elementor-frontend. Please see <a href="https://developer.wordpress.org/advanced-administration/debug/debug-wordpress/">Debugging in WordPress</a> for more information. (This message was added in version 6.9.1.) in /home/servpcxr/8kiptv.co/stream/wp-includes/functions.php on line 6170
[18-Aug-2026 21:02:36 UTC] PHP Notice:  Function WP_Styles::add was called <strong>incorrectly</strong>. The style with the handle "elementor-post-616" was enqueued with dependencies that are not registered: elementor-frontend. Please see <a href="https://developer.wordpress.org/advanced-administration/debug/debug-wordpress/">Debugging in WordPress</a> for more information. (This message was added in version 6.9.1.) in /home/servpcxr/8kiptv.co/stream/wp-includes/functions.php on line 6170
[18-Aug-2026 21:02:40 UTC] PHP Notice:  Function WP_Styles::add was called <strong>incorrectly</strong>. The style with the handle "elementor-post-605" was enqueued with dependencies that are not registered: elementor-frontend. Please see <a href="https://developer.wordpress.org/advanced-administration/debug/debug-wordpress/">Debugging in WordPress</a> for more information. (This message was added in version 6.9.1.) in /home/servpcxr/8kiptv.co/stream/wp-includes/functions.php on line 6170
[18-Aug-2026 21:02:40 UTC] PHP Notice:  Function WP_Styles::add was called <strong>incorrectly</strong>. The style with the handle "elementor-post-611" was enqueued with dependencies that are not registered: elementor-frontend. Please see <a href="https://developer.wordpress.org/advanced-administration/debug/debug-wordpress/">Debugging in WordPress</a> for more information. (This message was added in version 6.9.1.) in /home/servpcxr/8kiptv.co/stream/wp-includes/functions.php on line 6170
[18-Aug-2026 21:02:40 UTC] PHP Notice:  Function WP_Styles::add was called <strong>incorrectly</strong>. The style with the handle "elementor-post-616" was enqueued with dependencies that are not registered: elementor-frontend. Please see <a href="https://developer.wordpress.org/advanced-administration/debug/debug-wordpress/">Debugging in WordPress</a> for more information. (This message was added in version 6.9.1.) in /home/servpcxr/8kiptv.co/stream/wp-includes/functions.php on line 6170
[18-Aug-2026 21:03:09 UTC] PHP Notice:  Function map_meta_cap was called <strong>incorrectly</strong>. The post type <code>product</code> is not registered, so it may not be reliable to check the capability <code>read_post</code> against a post of that type. Please see <a href="https://developer.wordpress.org/advanced-administration/debug/debug-wordpress/">Debugging in WordPress</a> for more information. (This message was added in version 4.4.0.) in /home/servpcxr/8kiptv.co/stream/wp-includes/functions.php on line 6170
[18-Aug-2026 21:03:09 UTC] PHP Notice:  Function map_meta_cap was called <strong>incorrectly</strong>. The post type <code>product</code> is not registered, so it may not be reliable to check the capability <code>read_post</code> against a post of that type. Please see <a href="https://developer.wordpress.org/advanced-administration/debug/debug-wordpress/">Debugging in WordPress</a> for more information. (This message was added in version 4.4.0.) in /home/servpcxr/8kiptv.co/stream/wp-includes/functions.php on line 6170
[18-Aug-2026 21:06:31 UTC] PHP Notice:  Function map_meta_cap was called <strong>incorrectly</strong>. The post type <code>shop_order</code> is not registered, so it may not be reliable to check the capability <code>edit_post</code> against a post of that type. Please see <a href="https://developer.wordpress.org/advanced-administration/debug/debug-wordpress/">Debugging in WordPress</a> for more information. (This message was added in version 4.4.0.) in /home/servpcxr/8kiptv.co/stream/wp-includes/functions.php on line 6170
[18-Aug-2026 21:06:31 UTC] PHP Notice:  Function map_meta_cap was called <strong>incorrectly</strong>. The post type <code>shop_order</code> is not registered, so it may not be reliable to check the capability <code>edit_post</code> against a post of that type. Please see <a href="https://developer.wordpress.org/advanced-administration/debug/debug-wordpress/">Debugging in WordPress</a> for more information. (This message was added in version 4.4.0.) in /home/servpcxr/8kiptv.co/stream/wp-includes/functions.php on line 6170
[18-Aug-2026 21:06:31 UTC] PHP Notice:  Function map_meta_cap was called <strong>incorrectly</strong>. The post type <code>shop_order</code> is not registered, so it may not be reliable to check the capability <code>edit_post</code> against a post of that type. Please see <a href="https://developer.wordpress.org/advanced-administration/debug/debug-wordpress/">Debugging in WordPress</a> for more information. (This message was added in version 4.4.0.) in /home/servpcxr/8kiptv.co/stream/wp-includes/functions.php on line 6170
[18-Aug-2026 21:06:31 UTC] PHP Notice:  Function map_meta_cap was called <strong>incorrectly</strong>. The post type <code>shop_order</code> is not registered, so it may not be reliable to check the capability <code>edit_post</code> against a post of that type. Please see <a href="https://developer.wordpress.org/advanced-administration/debug/debug-wordpress/">Debugging in WordPress</a> for more information. (This message was added in version 4.4.0.) in /home/servpcxr/8kiptv.co/stream/wp-includes/functions.php on line 6170
[18-Aug-2026 21:06:31 UTC] PHP Notice:  Function map_meta_cap was called <strong>incorrectly</strong>. The post type <code>shop_order</code> is not registered, so it may not be reliable to check the capability <code>edit_post</code> against a post of that type. Please see <a href="https://developer.wordpress.org/advanced-administration/debug/debug-wordpress/">Debugging in WordPress</a> for more information. (This message was added in version 4.4.0.) in /home/servpcxr/8kiptv.co/stream/wp-includes/functions.php on line 6170
[18-Aug-2026 21:06:31 UTC] PHP Notice:  Function map_meta_cap was called <strong>incorrectly</strong>. The post type <code>shop_order</code> is not registered, so it may not be reliable to check the capability <code>edit_post</code> against a post of that type. Please see <a href="https://developer.wordpress.org/advanced-administration/debug/debug-wordpress/">Debugging in WordPress</a> for more information. (This message was added in version 4.4.0.) in /home/servpcxr/8kiptv.co/stream/wp-includes/functions.php on line 6170
[18-Aug-2026 21:07:09 UTC] PHP Notice:  Function WP_Styles::add was called <strong>incorrectly</strong>. The style with the handle "elementor-post-605" was enqueued with dependencies that are not registered: elementor-frontend. Please see <a href="https://developer.wordpress.org/advanced-administration/debug/debug-wordpress/">Debugging in WordPress</a> for more information. (This message was added in version 6.9.1.) in /home/servpcxr/8kiptv.co/stream/wp-includes/functions.php on line 6170
[18-Aug-2026 21:07:09 UTC] PHP Notice:  Function WP_Styles::add was called <strong>incorrectly</strong>. The style with the handle "elementor-post-611" was enqueued with dependencies that are not registered: elementor-frontend. Please see <a href="https://developer.wordpress.org/advanced-administration/debug/debug-wordpress/">Debugging in WordPress</a> for more information. (This message was added in version 6.9.1.) in /home/servpcxr/8kiptv.co/stream/wp-includes/functions.php on line 6170
[18-Aug-2026 21:07:09 UTC] PHP Notice:  Function WP_Styles::add was called <strong>incorrectly</strong>. The style with the handle "elementor-post-616" was enqueued with dependencies that are not registered: elementor-frontend. Please see <a href="https://developer.wordpress.org/advanced-administration/debug/debug-wordpress/">Debugging in WordPress</a> for more information. (This message was added in version 6.9.1.) in /home/servpcxr/8kiptv.co/stream/wp-includes/functions.php on line 6170
[18-Aug-2026 21:07:12 UTC] PHP Notice:  Function WP_Styles::add was called <strong>incorrectly</strong>. The style with the handle "elementor-post-605" was enqueued with dependencies that are not registered: elementor-frontend. Please see <a href="https://developer.wordpress.org/advanced-administration/debug/debug-wordpress/">Debugging in WordPress</a> for more information. (This message was added in version 6.9.1.) in /home/servpcxr/8kiptv.co/stream/wp-includes/functions.php on line 6170
[18-Aug-2026 21:07:12 UTC] PHP Notice:  Function WP_Styles::add was called <strong>incorrectly</strong>. The style with the handle "elementor-post-611" was enqueued with dependencies that are not registered: elementor-frontend. Please see <a href="https://developer.wordpress.org/advanced-administration/debug/debug-wordpress/">Debugging in WordPress</a> for more information. (This message was added in version 6.9.1.) in /home/servpcxr/8kiptv.co/stream/wp-includes/functions.php on line 6170
[18-Aug-2026 21:07:12 UTC] PHP Notice:  Function WP_Styles::add was called <strong>incorrectly</strong>. The style with the handle "elementor-post-616" was enqueued with dependencies that are not registered: elementor-frontend. Please see <a href="https://developer.wordpress.org/advanced-administration/debug/debug-wordpress/">Debugging in WordPress</a> for more information. (This message was added in version 6.9.1.) in /home/servpcxr/8kiptv.co/stream/wp-includes/functions.php on line 6170
[18-Aug-2026 22:15:06 UTC] Automatic updates starting...
[18-Aug-2026 22:15:06 UTC]   Automatic plugin updates starting...
[18-Aug-2026 22:15:06 UTC]   Automatic plugin updates complete.
[18-Aug-2026 22:15:06 UTC]   Automatic theme updates starting...
[18-Aug-2026 22:15:06 UTC]   Automatic theme updates complete.
[18-Aug-2026 22:15:06 UTC] Automatic updates complete.
[19-Aug-2026 10:15:05 UTC] Automatic updates starting...
[19-Aug-2026 10:15:05 UTC]   Automatic plugin updates starting...
[19-Aug-2026 10:15:05 UTC]   Automatic plugin updates complete.
[19-Aug-2026 10:15:05 UTC]   Automatic theme updates starting...
[19-Aug-2026 10:15:05 UTC]   Automatic theme updates complete.
[19-Aug-2026 10:15:05 UTC] Automatic updates complete.
[19-Aug-2026 22:15:09 UTC] Automatic updates starting...
[19-Aug-2026 22:15:09 UTC]   Automatic plugin updates starting...
[19-Aug-2026 22:15:09 UTC]   Automatic plugin updates complete.
[19-Aug-2026 22:15:09 UTC]   Automatic theme updates starting...
[19-Aug-2026 22:15:09 UTC]   Automatic theme updates complete.
[19-Aug-2026 22:15:09 UTC] Automatic updates complete.
[19-Aug-2026 23:16:29 UTC] Automatic updates starting...
[19-Aug-2026 23:16:29 UTC]   Automatic plugin updates starting...
[19-Aug-2026 23:16:29 UTC]   Automatic plugin updates complete.
[19-Aug-2026 23:16:29 UTC]   Automatic theme updates starting...
[19-Aug-2026 23:16:29 UTC]   Automatic theme updates complete.
[19-Aug-2026 23:16:29 UTC] Automatic updates complete.
[20-Aug-2026 00:16:30 UTC] Automatic updates starting...
[20-Aug-2026 00:16:31 UTC]   Automatic plugin updates starting...
[20-Aug-2026 00:16:31 UTC]   Automatic plugin updates complete.
[20-Aug-2026 00:16:31 UTC]   Automatic theme updates starting...
[20-Aug-2026 00:16:31 UTC]   Automatic theme updates complete.
[20-Aug-2026 00:16:31 UTC] Automatic updates complete.
[20-Aug-2026 01:18:52 UTC] Automatic updates starting...
[20-Aug-2026 01:18:52 UTC]   Automatic plugin updates starting...
[20-Aug-2026 01:18:52 UTC]     Upgrading plugin 'google-analytics-for-wordpress'...
[20-Aug-2026 01:18:54 UTC]     Plugin 'google-analytics-for-wordpress' has been upgraded.
[20-Aug-2026 01:18:56 UTC]     Scraping home page...
[20-Aug-2026 01:18:58 UTC] '###### wp_scraping_result_start:59b53b24dfddd6773a9b147f6cf92454 ######
true
###### wp_scraping_result_end:59b53b24dfddd6773a9b147f6cf92454 ######
'
[20-Aug-2026 01:18:58 UTC]     The update for 'google-analytics-for-wordpress' has no fatal errors.
[20-Aug-2026 01:18:58 UTC]   Automatic plugin updates complete.
[20-Aug-2026 01:18:58 UTC]   Automatic theme updates starting...
[20-Aug-2026 01:18:58 UTC]   Automatic theme updates complete.
[20-Aug-2026 01:18:58 UTC] Automatic updates complete.
[20-Aug-2026 02:20:09 UTC] Automatic updates starting...
[20-Aug-2026 02:20:09 UTC]   Automatic plugin updates starting...
[20-Aug-2026 02:20:09 UTC]   Automatic plugin updates complete.
[20-Aug-2026 02:20:09 UTC]   Automatic theme updates starting...
[20-Aug-2026 02:20:09 UTC]   Automatic theme updates complete.
[20-Aug-2026 02:20:09 UTC] Automatic updates complete.
[20-Aug-2026 03:22:09 UTC] Automatic updates starting...
[20-Aug-2026 03:22:09 UTC]   Automatic plugin updates starting...
[20-Aug-2026 03:22:09 UTC]   Automatic plugin updates complete.
[20-Aug-2026 03:22:09 UTC]   Automatic theme updates starting...
[20-Aug-2026 03:22:09 UTC]   Automatic theme updates complete.
[20-Aug-2026 03:22:09 UTC] Automatic updates complete.
[20-Aug-2026 04:22:29 UTC] Automatic updates starting...
[20-Aug-2026 04:22:29 UTC]   Automatic plugin updates starting...
[20-Aug-2026 04:22:29 UTC]   Automatic plugin updates complete.
[20-Aug-2026 04:22:29 UTC]   Automatic theme updates starting...
[20-Aug-2026 04:22:29 UTC]   Automatic theme updates complete.
[20-Aug-2026 04:22:29 UTC] Automatic updates complete.
[20-Aug-2026 05:24:27 UTC] Automatic updates starting...
[20-Aug-2026 05:24:27 UTC]   Automatic plugin updates starting...
[20-Aug-2026 05:24:27 UTC]   Automatic plugin updates complete.
[20-Aug-2026 05:24:27 UTC]   Automatic theme updates starting...
[20-Aug-2026 05:24:27 UTC]   Automatic theme updates complete.
[20-Aug-2026 05:24:27 UTC] Automatic updates complete.
[20-Aug-2026 10:15:38 UTC] Automatic updates starting...
[20-Aug-2026 10:15:39 UTC]   Automatic plugin updates starting...
[20-Aug-2026 10:15:39 UTC]   Automatic plugin updates complete.
[20-Aug-2026 10:15:39 UTC]   Automatic theme updates starting...
[20-Aug-2026 10:15:39 UTC]   Automatic theme updates complete.
[20-Aug-2026 10:15:39 UTC] Automatic updates complete.
[20-Aug-2026 22:15:07 UTC] Automatic updates starting...
[20-Aug-2026 22:15:07 UTC]   Automatic plugin updates starting...
[20-Aug-2026 22:15:07 UTC]   Automatic plugin updates complete.
[20-Aug-2026 22:15:07 UTC]   Automatic theme updates starting...
[20-Aug-2026 22:15:07 UTC]   Automatic theme updates complete.
[20-Aug-2026 22:15:07 UTC] Automatic updates complete.
[21-Aug-2026 10:15:05 UTC] Automatic updates starting...
[21-Aug-2026 10:15:05 UTC]   Automatic plugin updates starting...
[21-Aug-2026 10:15:05 UTC]   Automatic plugin updates complete.
[21-Aug-2026 10:15:05 UTC]   Automatic theme updates starting...
[21-Aug-2026 10:15:05 UTC]   Automatic theme updates complete.
[21-Aug-2026 10:15:05 UTC] Automatic updates complete.
[21-Aug-2026 22:15:09 UTC] Automatic updates starting...
[21-Aug-2026 22:15:09 UTC]   Automatic plugin updates starting...
[21-Aug-2026 22:15:09 UTC]   Automatic plugin updates complete.
[21-Aug-2026 22:15:09 UTC]   Automatic theme updates starting...
[21-Aug-2026 22:15:09 UTC]   Automatic theme updates complete.
[21-Aug-2026 22:15:09 UTC] Automatic updates complete.
